HIERARCHY
ROOT Root
{
  OFFSET 0.0 0.0 0.0
  CHANNELS 6 Xposition Yposition Zposition Zrotation Yrotation Xrotation
  JOINT Hips
  {
    OFFSET 0.0 100.0 0.0
    CHANNELS 6 Xposition Yposition Zposition Zrotation Yrotation Xrotation
    JOINT Spine1
    {
      OFFSET 5.003913 -0.037094 -0.013727
      CHANNELS 3 Zrotation Yrotation Xrotation
      JOINT Spine2
      {
        OFFSET 7.125363 -1e-06 0.0
        CHANNELS 3 Zrotation Yrotation Xrotation
        JOINT Chest
        {
          OFFSET 7.594027 1e-06 0.0
          CHANNELS 3 Zrotation Yrotation Xrotation
          JOINT Neck1
          {
            OFFSET 26.313086 -0.460272 -0.181672
            CHANNELS 3 Zrotation Yrotation Xrotation
            JOINT Neck2
            {
              OFFSET 8.045911 0.0 0.0
              CHANNELS 3 Zrotation Yrotation Xrotation
              JOINT Head
              {
                OFFSET 6.432774 0.0 0.0
                CHANNELS 3 Zrotation Yrotation Xrotation
                JOINT HeadEnd
                {
                  OFFSET 16.169773 0.06451 0.00362
                  CHANNELS 3 Zrotation Yrotation Xrotation
                }
                JOINT Jaw
                {
                  OFFSET 0.108741 3.12938 0.002639
                  CHANNELS 3 Zrotation Yrotation Xrotation
                }
                JOINT LeftEye
                {
                  OFFSET 4.45173 8.166359 3.206392
                  CHANNELS 3 Zrotation Yrotation Xrotation
                }
                JOINT RightEye
                {
                  OFFSET 4.436895 8.135758 -3.222429
                  CHANNELS 3 Zrotation Yrotation Xrotation
                }
              }
            }
          }
          JOINT LeftShoulder
          {
            OFFSET 23.218927 5.195579 1.621656
            CHANNELS 3 Zrotation Yrotation Xrotation
            JOINT LeftArm
            {
              OFFSET 15.902118 2e-06 -2e-06
              CHANNELS 3 Zrotation Yrotation Xrotation
              JOINT LeftForeArm
              {
                OFFSET 28.739307 0.0 -1e-06
                CHANNELS 3 Zrotation Yrotation Xrotation
                JOINT LeftHand
                {
                  OFFSET 27.093981 -4e-06 0.0
                  CHANNELS 3 Zrotation Yrotation Xrotation
                  JOINT LeftHandThumb1
                  {
                    OFFSET 2.276781 3.380274 0.83384
                    CHANNELS 3 Zrotation Yrotation Xrotation
                    JOINT LeftHandThumb2
                    {
                      OFFSET 4.705309 -1e-06 -1e-06
                      CHANNELS 3 Zrotation Yrotation Xrotation
                      JOINT LeftHandThumb3
                      {
                        OFFSET 2.798515 0.0 3e-06
                        CHANNELS 3 Zrotation Yrotation Xrotation
                        JOINT LeftHandThumbEnd
                        {
                          OFFSET 3.180793 4e-06 -4e-06
                          CHANNELS 3 Zrotation Yrotation Xrotation
                        }
                      }
                    }
                  }
                  JOINT LeftHandIndex1
                  {
                    OFFSET 3.247786 2.352677 0.137192
                    CHANNELS 3 Zrotation Yrotation Xrotation
                    JOINT LeftHandIndex2
                    {
                      OFFSET 6.367095 1e-06 0.0
                      CHANNELS 3 Zrotation Yrotation Xrotation
                      JOINT LeftHandIndex3
                      {
                        OFFSET 3.662364 0.0 0.0
                        CHANNELS 3 Zrotation Yrotation Xrotation
                        JOINT LeftHandIndex4
                        {
                          OFFSET 2.329242 4e-06 -4e-06
                          CHANNELS 3 Zrotation Yrotation Xrotation
                          JOINT LeftHandIndexEnd
                          {
                            OFFSET 2.767823 1e-06 0.0
                            CHANNELS 3 Zrotation Yrotation Xrotation
                          }
                        }
                      }
                    }
                  }
                  JOINT LeftHandMiddle1
                  {
                    OFFSET 3.163612 0.945023 -0.406112
                    CHANNELS 3 Zrotation Yrotation Xrotation
                    JOINT LeftHandMiddle2
                    {
                      OFFSET 6.276789 3e-06 0.0
                      CHANNELS 3 Zrotation Yrotation Xrotation
                      JOINT LeftHandMiddle3
                      {
                        OFFSET 4.35652 -1e-06 4e-06
                        CHANNELS 3 Zrotation Yrotation Xrotation
                        JOINT LeftHandMiddle4
                        {
                          OFFSET 2.996877 0.0 8e-06
                          CHANNELS 3 Zrotation Yrotation Xrotation
                          JOINT LeftHandMiddleEnd
                          {
                            OFFSET 2.323256 3e-06 -4e-06
                            CHANNELS 3 Zrotation Yrotation Xrotation
                          }
                        }
                      }
                    }
                  }
                  JOINT LeftHandRing1
                  {
                    OFFSET 2.882606 -0.309162 0.107445
                    CHANNELS 3 Zrotation Yrotation Xrotation
                    JOINT LeftHandRing2
                    {
                      OFFSET 6.033198 0.0 4e-06
                      CHANNELS 3 Zrotation Yrotation Xrotation
                      JOINT LeftHandRing3
                      {
                        OFFSET 4.350578 3e-06 0.0
                        CHANNELS 3 Zrotation Yrotation Xrotation
                        JOINT LeftHandRing4
                        {
                          OFFSET 2.651321 2e-06 -7e-06
                          CHANNELS 3 Zrotation Yrotation Xrotation
                          JOINT LeftHandRingEnd
                          {
                            OFFSET 1.937663 1e-06 -4e-06
                            CHANNELS 3 Zrotation Yrotation Xrotation
                          }
                        }
                      }
                    }
                  }
                  JOINT LeftHandPinky1
                  {
                    OFFSET 2.865315 -1.525436 0.575687
                    CHANNELS 3 Zrotation Yrotation Xrotation
                    JOINT LeftHandPinky2
                    {
                      OFFSET 5.54936 1e-06 -8e-06
                      CHANNELS 3 Zrotation Yrotation Xrotation
                      JOINT LeftHandPinky3
                      {
                        OFFSET 3.070974 0.0 -4e-06
                        CHANNELS 3 Zrotation Yrotation Xrotation
                        JOINT LeftHandPinky4
                        {
                          OFFSET 1.549672 1e-06 0.0
                          CHANNELS 3 Zrotation Yrotation Xrotation
                          JOINT LeftHandPinkyEnd
                          {
                            OFFSET 1.952123 0.0 0.0
                            CHANNELS 3 Zrotation Yrotation Xrotation
                          }
                        }
                      }
                    }
                  }
                }
              }
            }
          }
          JOINT RightShoulder
          {
            OFFSET 23.161716 5.296122 -1.380114
            CHANNELS 3 Zrotation Yrotation Xrotation
            JOINT RightArm
            {
              OFFSET -16.027195 -2e-06 1.1e-05
              CHANNELS 3 Zrotation Yrotation Xrotation
              JOINT RightForeArm
              {
                OFFSET -28.736639 4e-06 2e-06
                CHANNELS 3 Zrotation Yrotation Xrotation
                JOINT RightHand
                {
                  OFFSET -27.133619 6e-06 0.0
                  CHANNELS 3 Zrotation Yrotation Xrotation
                  JOINT RightHandThumb1
                  {
                    OFFSET -2.274328 -3.351035 -0.83067
                    CHANNELS 3 Zrotation Yrotation Xrotation
                    JOINT RightHandThumb2
                    {
                      OFFSET -4.703594 -3e-06 2e-06
                      CHANNELS 3 Zrotation Yrotation Xrotation
                      JOINT RightHandThumb3
                      {
                        OFFSET -2.794935 -4e-06 -3e-06
                        CHANNELS 3 Zrotation Yrotation Xrotation
                        JOINT RightHandThumbEnd
                        {
                          OFFSET -3.183852 4e-06 1e-06
                          CHANNELS 3 Zrotation Yrotation Xrotation
                        }
                      }
                    }
                  }
                  JOINT RightHandIndex1
                  {
                    OFFSET -3.253496 -2.33755 -0.127667
                    CHANNELS 3 Zrotation Yrotation Xrotation
                    JOINT RightHandIndex2
                    {
                      OFFSET -6.344434 0.0 0.0
                      CHANNELS 3 Zrotation Yrotation Xrotation
                      JOINT RightHandIndex3
                      {
                        OFFSET -3.654871 0.0 -8e-06
                        CHANNELS 3 Zrotation Yrotation Xrotation
                        JOINT RightHandIndex4
                        {
                          OFFSET -2.327586 -1e-06 0.0
                          CHANNELS 3 Zrotation Yrotation Xrotation
                          JOINT RightHandIndexEnd
                          {
                            OFFSET -2.770001 3e-06 8e-06
                            CHANNELS 3 Zrotation Yrotation Xrotation
                          }
                        }
                      }
                    }
                  }
                  JOINT RightHandMiddle1
                  {
                    OFFSET -3.168223 -0.944764 0.411762
                    CHANNELS 3 Zrotation Yrotation Xrotation
                    JOINT RightHandMiddle2
                    {
                      OFFSET -6.266691 -1e-06 -4e-06
                      CHANNELS 3 Zrotation Yrotation Xrotation
                      JOINT RightHandMiddle3
                      {
                        OFFSET -4.348901 0.0 0.0
                        CHANNELS 3 Zrotation Yrotation Xrotation
                        JOINT RightHandMiddle4
                        {
                          OFFSET -3.00024 2e-06 -4e-06
                          CHANNELS 3 Zrotation Yrotation Xrotation
                          JOINT RightHandMiddleEnd
                          {
                            OFFSET -2.321477 -4e-06 -4e-06
                            CHANNELS 3 Zrotation Yrotation Xrotation
                          }
                        }
                      }
                    }
                  }
                  JOINT RightHandRing1
                  {
                    OFFSET -2.885654 0.293261 -0.119232
                    CHANNELS 3 Zrotation Yrotation Xrotation
                    JOINT RightHandRing2
                    {
                      OFFSET -6.032835 -1e-06 -4e-06
                      CHANNELS 3 Zrotation Yrotation Xrotation
                      JOINT RightHandRing3
                      {
                        OFFSET -4.33881 0.0 -4e-06
                        CHANNELS 3 Zrotation Yrotation Xrotation
                        JOINT RightHandRing4
                        {
                          OFFSET -2.654903 -4e-06 -4e-06
                          CHANNELS 3 Zrotation Yrotation Xrotation
                          JOINT RightHandRingEnd
                          {
                            OFFSET -1.935122 0.0 4e-06
                            CHANNELS 3 Zrotation Yrotation Xrotation
                          }
                        }
                      }
                    }
                  }
                  JOINT RightHandPinky1
                  {
                    OFFSET -2.866241 1.503904 -0.60527
                    CHANNELS 3 Zrotation Yrotation Xrotation
                    JOINT RightHandPinky2
                    {
                      OFFSET -5.553177 -2e-06 0.0
                      CHANNELS 3 Zrotation Yrotation Xrotation
                      JOINT RightHandPinky3
                      {
                        OFFSET -3.062664 -1e-06 -4e-06
                        CHANNELS 3 Zrotation Yrotation Xrotation
                        JOINT RightHandPinky4
                        {
                          OFFSET -1.546529 2e-06 4e-06
                          CHANNELS 3 Zrotation Yrotation Xrotation
                          JOINT RightHandPinkyEnd
                          {
                            OFFSET -1.952341 0.0 -4e-06
                            CHANNELS 3 Zrotation Yrotation Xrotation
                          }
                        }
                      }
                    }
                  }
                }
              }
            }
          }
        }
      }
    }
    JOINT LeftLeg
    {
      OFFSET -8.443107 2.567604 10.043214
      CHANNELS 3 Zrotation Yrotation Xrotation
      JOINT LeftShin
      {
        OFFSET 43.229198 1e-06 -1e-06
        CHANNELS 3 Zrotation Yrotation Xrotation
        JOINT LeftFoot
        {
          OFFSET 42.298611 1e-06 1e-06
          CHANNELS 3 Zrotation Yrotation Xrotation
          JOINT LeftToeBase
          {
            OFFSET 14.165858 1e-06 0.0
            CHANNELS 3 Zrotation Yrotation Xrotation
            JOINT LeftToeEnd
            {
              OFFSET 6.7141 -0.234461 0.0
              CHANNELS 3 Zrotation Yrotation Xrotation
            }
          }
        }
      }
    }
    JOINT RightLeg
    {
      OFFSET -8.303923 2.592729 -10.047278
      CHANNELS 3 Zrotation Yrotation Xrotation
      JOINT RightShin
      {
        OFFSET -43.369682 0.0 1e-06
        CHANNELS 3 Zrotation Yrotation Xrotation
        JOINT RightFoot
        {
          OFFSET -42.260784 4e-06 2e-06
          CHANNELS 3 Zrotation Yrotation Xrotation
          JOINT RightToeBase
          {
            OFFSET -14.222245 -2e-06 -1e-06
            CHANNELS 3 Zrotation Yrotation Xrotation
            JOINT RightToeEnd
            {
              OFFSET -6.660062 0.232574 -2e-06
              CHANNELS 3 Zrotation Yrotation Xrotation
            }
          }
        }
      }
    }
  }
}
MOTION
Frames: 180
Frame Time: 0.03333333333333333
0.0 0.0 0.0 0.0 -0.0 0.0 0.19609 100.009033 -1.156823 89.849716 1.934322 90.472183 -1.074115 1.918742 -0.064653 -11.041172 0.070573 -0.179676 16.086288 -1.176813 -1.744803 25.477055 -1.188334 2.396899 -2.668931 -0.502172 -1.380825 -35.723251 -1.671365 -0.602624 6e-06 -0.0 0.0 0.079357 -0.013214 -0.05166 0.138516 -0.034338 -0.080272 0.16302 0.003475 -0.016803 -131.313538 -68.321098 147.738922 41.681675 -57.647549 -21.844437 27.632416 -0.170531 -0.120499 -2.388639 20.720224 3.240029 17.636627 -26.322756 52.411156 -19.466579 -14.395607 29.410343 -0.0 -8.774819 -5e-06 15.573669 -18.36673 6.117043 -0.609777 -1.795644 -3.889319 -4.807086 -11.046766 -2.937836 1e-06 -20.97595 3.1e-05 -5.019984 -25.033491 -4.031852 5e-06 -1e-06 -1e-06 -10.634527 -5.68695 -3.56558 10.573259 -17.92289 -3.113869 -4e-06 -13.821175 2.7e-05 -0.501823 -31.181458 -4.026948 -11.209323 -59.035156 6.62668 -13.982701 -7.150173 -2.875036 13.772716 -8.401464 -3.218226 0.347703 -34.211472 0.771728 -0.963055 -17.733368 2.621062 1e-06 1e-06 -0.0 -17.346407 -20.095144 -4.201768 21.75754 -1.638379 3.866429 -0.0 -6.338808 1.3e-05 -1.697603 -22.591698 -6.193971 -1e-06 -3e-06 -2e-06 64.486275 -75.593506 128.486755 38.876213 -64.010185 -11.635265 32.677792 -0.015828 0.004554 0.672126 16.001656 19.144817 22.182119 -20.375912 49.933243 -16.701668 -16.74349 28.476412 1.4e-05 -12.690565 -1.1e-05 15.328635 -18.012304 3.003304 -0.105923 -1.513841 -4.275869 -5.039034 -5.612844 -2.953547 -6e-06 -11.020478 2e-05 -6.111303 -15.895278 -3.840463 1e-06 0.0 -1e-06 -10.283358 -5.680268 -4.341831 11.028255 -11.302342 -2.372596 -1.384287 -14.238515 -6.320091 -0.625476 -26.924089 -3.827557 -4.372322 -49.554256 -3.403416 -13.708506 -7.363451 -3.720936 18.141083 -14.052662 -3.242616 -2.4e-05 -18.787197 4.1e-05 -0.429727 -8.45603 2.555526 -1e-06 0.0 -1e-06 -15.923524 -20.0944 -5.473563 30.419125 -7.190782 1.735967 -6e-06 -8.1629 1.9e-05 -1.861942 -22.86141 -6.16788 0.0 -1e-06 -3e-06 -174.472275 -1.920777 -12.04673 5.346825 0.032372 0.04468 -77.559982 -1.759311 -5.406531 -4.746636 1.487456 2.161789 -0.999997 0.0 0.0 5.635223 -3.547282 -3.311329 5.516495 -0.055536 0.312829 -78.942245 1.734802 -6.525642 -4.124826 0.695086 1.697282 -1.000004 0.0 -0.0 
0.0 0.0 0.0 0.0 -0.0 0.0 0.157599 100.023666 -1.149387 89.856018 2.005804 90.466446 -1.088355 1.885565 -0.063733 -11.067389 0.07103 -0.188551 16.169701 -1.169529 -1.79407 25.511292 -1.108952 2.389589 -2.655083 -0.568264 -1.36313 -35.665421 -1.715142 -0.661762 6e-06 -0.0 0.0 0.082883 -0.001361 -0.020111 0.157522 -0.029294 -0.043361 0.176127 0.02191 0.009359 -131.37236 -68.264229 147.888626 41.914745 -57.845589 -21.348608 26.980328 -0.23968 -0.165951 -2.507468 20.650053 3.529206 17.636625 -26.322718 52.411163 -19.466692 -14.395616 29.410402 1e-06 -8.774838 -2e-06 15.635635 -18.337393 6.139134 -0.609773 -1.795655 -3.889329 -4.8071 -11.046827 -2.937851 4e-06 -20.976067 -1.1e-05 -5.019974 -25.033653 -4.031908 6e-06 -1e-06 -0.0 -10.634544 -5.686981 -3.56558 10.573285 -17.922968 -3.113913 3e-06 -13.821237 -6e-06 -0.501759 -31.181631 -4.02705 -11.249783 -59.115383 6.800467 -13.98273 -7.150208 -2.875032 13.772747 -8.4015 -3.218251 0.34774 -34.211643 0.771639 -0.963026 -17.733448 2.621022 1e-06 -1e-06 -2e-06 -17.346449 -20.095243 -4.201765 21.757593 -1.638368 3.866422 -0.0 -6.338836 -2e-06 -1.697588 -22.591837 -6.194042 -1e-06 -2e-06 -2e-06 64.156265 -75.447052 128.938019 38.647156 -64.459709 -10.71331 32.294769 -0.021735 0.018006 0.584604 15.578605 18.891565 22.182127 -20.375858 49.933167 -16.701775 -16.74354 28.476435 1e-06 -12.690614 -4e-06 15.372108 -18.007376 2.936398 -0.105916 -1.513849 -4.27587 -5.039044 -5.612861 -2.953542 2e-06 -11.020517 8e-06 -6.111311 -15.895332 -3.840453 0.0 0.0 -2e-06 -10.283372 -5.68028 -4.341818 11.028293 -11.302382 -2.372622 -1.38428 -14.238564 -6.320093 -0.625441 -26.924191 -3.827579 -4.305082 -49.459835 -3.507468 -13.708528 -7.363467 -3.720921 18.141146 -14.052714 -3.242656 4e-06 -18.787262 8e-06 -0.429706 -8.456054 2.555504 -2e-06 -1e-06 -1e-06 -15.923552 -20.094454 -5.47355 30.419222 -7.190814 1.735938 5e-06 -8.162922 1e-06 -1.861909 -22.8615 -6.167939 2e-06 -3e-06 -1e-06 -174.402512 -1.93664 -12.016382 5.377405 0.037717 0.068493 -77.572136 -1.883925 -5.402561 -4.786368 1.490968 2.160908 -1.000003 0.0 -0.0 5.755804 -3.546321 -3.265512 5.46844 -0.047648 0.263439 -78.970039 1.697339 -6.530011 -4.22859 0.696692 1.694502 -1.000003 0.0 -0.0 
0.0 0.0 0.0 0.0 -0.0 0.0 0.145763 100.015701 -1.145042 89.857887 2.056245 90.507065 -1.132737 1.865128 -0.060154 -11.100786 0.053016 -0.21551 16.265993 -1.177282 -1.856577 25.557606 -0.992924 2.390796 -2.64437 -0.612522 -1.325947 -35.685368 -1.742056 -0.675029 5e-06 -0.0 -0.0 0.087369 0.003331 -0.015866 0.165125 -0.034038 -0.037542 0.183564 0.035516 0.011998 -131.449249 -68.178757 148.002792 41.974785 -58.061111 -20.328186 26.176899 -0.263687 -0.176171 -2.888734 20.511618 3.892945 17.636606 -26.322659 52.411057 -19.466665 -14.395565 29.410355 -4e-06 -8.77482 -4e-06 15.670213 -18.338608 6.176039 -0.609774 -1.795654 -3.889321 -4.807082 -11.046817 -2.937852 1.6e-05 -20.976063 -1.6e-05 -5.019952 -25.033674 -4.031907 5e-06 -1e-06 -1e-06 -10.634515 -5.686967 -3.565581 10.573269 -17.922962 -3.113909 1.1e-05 -13.821239 -7e-06 -0.501739 -31.181662 -4.027049 -11.237047 -59.145199 6.911417 -13.982687 -7.150192 -2.875037 13.772712 -8.401498 -3.21824 0.347761 -34.211636 0.771629 -0.963016 -17.733459 2.621025 0.0 1e-06 -0.0 -17.346386 -20.095201 -4.201776 21.757532 -1.638375 3.866423 4e-06 -6.338837 -3e-06 -1.697561 -22.59186 -6.19405 -3e-06 -2e-06 -3e-06 63.520412 -75.250275 129.701965 38.217896 -64.949837 -9.44599 31.804899 -0.027339 0.027429 0.53853 14.974236 18.587303 22.182079 -20.375858 49.9333 -16.701851 -16.743507 28.476559 -1.9e-05 -12.690592 6e-06 15.421459 -17.99225 2.8628 -0.105918 -1.513859 -4.275883 -5.039028 -5.612869 -2.953562 2.1e-05 -11.020544 -1.7e-05 -6.111254 -15.895386 -3.840504 1e-06 1e-06 -1e-06 -10.283357 -5.680283 -4.341839 11.028296 -11.302415 -2.372646 -1.384242 -14.238599 -6.320145 -0.625358 -26.924286 -3.827651 -4.238723 -49.380085 -3.601993 -13.708507 -7.363471 -3.720943 18.14115 -14.052755 -3.242694 3.9e-05 -18.787292 -2.2e-05 -0.429697 -8.456068 2.555505 1e-06 0.0 3e-06 -15.9235 -20.094477 -5.473596 30.419174 -7.190846 1.7359 1.5e-05 -8.162926 -8e-06 -1.861829 -22.861507 -6.167976 -2e-06 -4e-06 -2e-06 -174.355164 -1.943279 -12.038513 5.421295 0.03412 0.088367 -77.624565 -1.919734 -5.433031 -4.724814 1.492417 2.161361 -1.0 -0.0 -0.0 5.844817 -3.536647 -3.207025 5.459703 -0.045198 0.235618 -78.941422 1.675349 -6.502506 -4.269855 0.684461 1.686906 -1.000001 0.0 -0.0 
0.0 0.0 0.0 0.0 -0.0 0.0 0.147343 99.982788 -1.113508 89.865555 2.110958 90.564377 -1.174213 1.837592 -0.068202 -11.124591 0.03109 -0.234253 16.358353 -1.181544 -1.9452 25.56802 -0.854657 2.399503 -2.624999 -0.632197 -1.300227 -35.732052 -1.779995 -0.70579 6e-06 -0.0 0.0 0.088894 0.006759 -0.01474 0.166944 -0.039602 -0.034409 0.184708 0.047645 0.011423 -131.522186 -68.13942 148.121368 42.012104 -58.293396 -18.946108 25.193497 -0.259663 -0.173458 -3.391232 20.300953 4.374448 17.636551 -26.322548 52.410854 -19.466499 -14.39555 29.410164 3e-06 -8.774779 -5e-06 15.705252 -18.361736 6.222254 -0.609773 -1.795639 -3.889304 -4.807068 -11.046721 -2.937822 3e-06 -20.975826 9e-06 -5.019939 -25.033316 -4.031851 5e-06 1e-06 -0.0 -10.634494 -5.686934 -3.565561 10.573213 -17.922802 -3.113867 -1e-06 -13.821091 9e-06 -0.501795 -31.181217 -4.026959 -11.194512 -59.154678 6.976466 -13.982663 -7.150153 -2.875017 13.772662 -8.401423 -3.218216 0.347717 -34.211235 0.771676 -0.963027 -17.733238 2.621013 -0.0 1e-06 -0.0 -17.346359 -20.095083 -4.201745 21.757467 -1.638362 3.866405 1e-06 -6.338772 4e-06 -1.697591 -22.59156 -6.193953 -1e-06 -5e-06 -1e-06 62.767746 -75.006615 130.61084 37.720863 -65.411453 -8.030258 31.116293 -0.062301 0.013453 0.551468 14.175076 18.281836 22.182056 -20.375813 49.93317 -16.701738 -16.743498 28.476433 1e-06 -12.690571 2e-06 15.499378 -17.986372 2.788499 -0.105919 -1.51385 -4.275869 -5.03903 -5.612852 -2.953544 2e-06 -11.020483 -6e-06 -6.111279 -15.895291 -3.840476 -0.0 -0.0 1e-06 -10.283351 -5.680272 -4.341822 11.028261 -11.302348 -2.372623 -1.384272 -14.23852 -6.320108 -0.625427 -26.924089 -3.827603 -4.193387 -49.378098 -3.653466 -13.708504 -7.36346 -3.720922 18.141096 -14.05267 -3.242661 1e-06 -18.787199 -3e-06 -0.429711 -8.456024 2.555502 1e-06 -0.0 -1e-06 -15.923517 -20.094418 -5.473556 30.419142 -7.190779 1.735927 1e-06 -8.162893 -2e-06 -1.861899 -22.861406 -6.167936 1e-06 -3e-06 -2e-06 -174.306015 -1.940616 -12.097812 5.466296 0.028697 0.102463 -77.696671 -1.906506 -5.475424 -4.605185 1.494 2.164297 -1.000003 -1e-06 -1e-06 5.942973 -3.53945 -3.178512 5.463075 -0.042317 0.222101 -78.939102 1.653001 -6.502769 -4.270279 0.673272 1.680573 -1.000007 0.0 -0.0 
0.0 0.0 0.0 0.0 -0.0 0.0 0.158428 99.937477 -1.057652 89.880669 2.164462 90.663887 -1.223537 1.795949 -0.087804 -11.14119 0.001166 -0.261553 16.446312 -1.169151 -2.03537 25.574989 -0.691153 2.391863 -2.609024 -0.637774 -1.279888 -35.772766 -1.799309 -0.77 6e-06 0.0 0.0 0.087515 0.011965 -0.00099 0.171137 -0.040818 -0.016944 0.187356 0.059108 0.021736 -131.591797 -68.138359 148.263718 42.028507 -58.508072 -17.3713 24.124792 -0.287845 -0.173947 -3.940859 19.916441 5.059807 17.636795 -26.322989 52.411594 -19.466888 -14.395667 29.410658 -1.8e-05 -8.774897 -1e-05 15.753364 -18.382271 6.275221 -0.609779 -1.795669 -3.889357 -4.807106 -11.046922 -2.937886 4.4e-05 -20.976297 -5e-06 -5.019969 -25.033953 -4.031922 5e-06 4e-06 -0.0 -10.634592 -5.687009 -3.565624 10.57338 -17.923162 -3.113937 2.9e-05 -13.821389 1e-06 -0.501709 -31.182041 -4.027059 -11.191525 -59.194492 7.06545 -13.98279 -7.150248 -2.875075 13.772836 -8.401603 -3.218267 0.347811 -34.212067 0.77165 -0.963013 -17.733665 2.62108 1e-06 -2e-06 0.0 -17.346502 -20.095385 -4.20183 21.7577 -1.638422 3.866465 1.5e-05 -6.338905 0.0 -1.697537 -22.592108 -6.194102 -0.0 -3e-06 -3e-06 61.936356 -74.704491 131.61937 37.041557 -65.816788 -6.528239 30.316082 -0.110301 -0.016138 0.551359 13.350486 17.94231 22.182331 -20.37616 49.9338 -16.702131 -16.743692 28.476934 -5.1e-05 -12.690768 3e-06 15.562757 -17.973793 2.739878 -0.105917 -1.513877 -4.275924 -5.039076 -5.612936 -2.953598 4.6e-05 -11.020723 -1.3e-05 -6.11132 -15.895673 -3.840543 1e-06 -1e-06 -0.0 -10.283445 -5.680329 -4.341886 11.028448 -11.302596 -2.372679 -1.384224 -14.238831 -6.320228 -0.625336 -26.924839 -3.827673 -4.179172 -49.425095 -3.671353 -13.708627 -7.363528 -3.720985 18.141396 -14.052993 -3.242744 7.8e-05 -18.787617 -1.1e-05 -0.429689 -8.456238 2.555557 -0.0 0.0 1e-06 -15.923621 -20.094675 -5.473662 30.419525 -7.19101 1.735904 3.3e-05 -8.16307 -9e-06 -1.861818 -22.861992 -6.168065 2e-06 -4e-06 -1e-06 -174.247223 -1.928354 -12.158988 5.497159 0.023281 0.120224 -77.784042 -1.869751 -5.491253 -4.467787 1.497451 2.169604 -0.999998 0.0 0.0 6.05723 -3.552025 -3.199212 5.461898 -0.043169 0.211827 -78.953789 1.611344 -6.535789 -4.271628 0.66324 1.675565 -1.000005 -0.0 0.0 
0.0 0.0 0.0 0.0 -0.0 0.0 0.178103 99.894646 -0.989442 89.896233 2.210369 90.809494 -1.281285 1.74719 -0.104995 -11.158973 -0.029772 -0.308348 16.53648 -1.143811 -2.121073 25.573269 -0.50733 2.354855 -2.595782 -0.630112 -1.258179 -35.786049 -1.794922 -0.868575 6e-06 0.0 0.0 0.083714 0.018115 0.023357 0.173037 -0.038434 0.010973 0.1862 0.068959 0.042511 -131.640259 -68.132996 148.416077 41.958302 -58.66531 -15.578693 23.121887 -0.3637 -0.184977 -4.517628 19.264654 6.027222 17.636623 -26.322767 52.411312 -19.466642 -14.395548 29.410446 -8e-06 -8.774803 -4e-06 15.802013 -18.367376 6.328465 -0.609779 -1.795651 -3.88933 -4.807073 -11.0468 -2.937867 2.1e-05 -20.976028 -1e-06 -5.019925 -25.033617 -4.031904 6e-06 2e-06 -1e-06 -10.634505 -5.68696 -3.565608 10.573255 -17.922943 -3.113894 1.2e-05 -13.821221 7e-06 -0.501745 -31.181601 -4.027014 -11.240234 -59.277927 7.189951 -13.982677 -7.150186 -2.875068 13.772696 -8.401494 -3.218231 0.347748 -34.21159 0.77168 -0.963038 -17.733435 2.621058 -0.0 1e-06 1e-06 -17.346352 -20.095184 -4.201823 21.757494 -1.638387 3.866441 7e-06 -6.338827 2e-06 -1.697552 -22.591793 -6.194035 -0.0 -4e-06 -3e-06 61.05603 -74.358421 132.681808 36.08144 -66.185593 -4.959064 29.462263 -0.143842 -0.042002 0.473672 12.635642 17.554174 22.182093 -20.375952 49.933323 -16.7017 -16.743402 28.476442 -2.2e-05 -12.690498 -1.4e-05 15.60132 -17.937153 2.720619 -0.105924 -1.513846 -4.275873 -5.039007 -5.612836 -2.953559 2.3e-05 -11.020478 8e-06 -6.111212 -15.895263 -3.840469 -1e-06 1e-06 0.0 -10.283315 -5.680247 -4.341855 11.028229 -11.302366 -2.3726 -1.384232 -14.238502 -6.320098 -0.625395 -26.924076 -3.827543 -4.189254 -49.485218 -3.661046 -13.708447 -7.363426 -3.720965 18.141035 -14.052704 -3.242623 3e-05 -18.787189 3.6e-05 -0.42971 -8.456024 2.55553 2e-06 -1e-06 -2e-06 -15.923416 -20.09437 -5.473621 30.418985 -7.190839 1.735942 1.2e-05 -8.162898 2.1e-05 -1.861856 -22.86138 -6.167859 -1e-06 -2e-06 -1e-06 -174.193192 -1.915101 -12.186646 5.522063 0.016706 0.143266 -77.868996 -1.808369 -5.475626 -4.324307 1.496227 2.173718 -1.000001 -0.0 0.0 6.173726 -3.565146 -3.239391 5.45938 -0.048368 0.206091 -78.962379 1.509561 -6.567372 -4.27462 0.656957 1.674149 -1.000002 0.0 0.0 
0.0 0.0 0.0 0.0 -0.0 0.0 0.205501 99.863976 -0.913878 89.919624 2.249307 90.994263 -1.339157 1.696251 -0.109237 -11.182087 -0.057775 -0.371995 16.64045 -1.116747 -2.197422 25.553623 -0.291455 2.301213 -2.583858 -0.625167 -1.26322 -35.801765 -1.773389 -0.994332 6e-06 0.0 0.0 0.080274 0.023372 0.047698 0.166543 -0.035635 0.036709 0.175192 0.076838 0.065599 -131.631805 -68.09745 148.527237 41.769764 -58.779003 -13.637053 22.358061 -0.440052 -0.200742 -5.074187 18.441093 7.260465 17.636593 -26.322691 52.411114 -19.466646 -14.395551 29.410364 -1.1e-05 -8.774799 -3e-06 15.855243 -18.32832 6.375553 -0.609773 -1.79565 -3.889323 -4.807065 -11.0468 -2.937855 2.8e-05 -20.976032 -4e-06 -5.019925 -25.033615 -4.03188 6e-06 0.0 1e-06 -10.6345 -5.686955 -3.565587 10.573258 -17.922945 -3.113897 1.6e-05 -13.821218 3e-06 -0.501736 -31.181593 -4.027008 -11.303874 -59.400993 7.308134 -13.982669 -7.15018 -2.875046 13.772697 -8.401497 -3.218236 0.347768 -34.21159 0.771652 -0.96302 -17.733427 2.621044 1e-06 0.0 -0.0 -17.34635 -20.095177 -4.201788 21.757498 -1.638387 3.866421 8e-06 -6.338828 1e-06 -1.697549 -22.591803 -6.194019 -1e-06 -5e-06 -3e-06 60.277164 -73.995201 133.676651 34.883976 -66.509605 -3.398719 28.630375 -0.139212 -0.043262 0.341193 12.121522 17.112307 22.182055 -20.37586 49.933266 -16.70183 -16.743471 28.476538 -3.3e-05 -12.690567 3e-06 15.627021 -17.871004 2.718815 -0.105917 -1.513856 -4.275875 -5.039014 -5.612857 -2.953565 3.1e-05 -11.020526 -1.4e-05 -6.111222 -15.895356 -3.840503 0.0 0.0 -1e-06 -10.283332 -5.680267 -4.341842 11.02828 -11.302406 -2.37264 -1.384222 -14.238574 -6.320142 -0.625338 -26.92425 -3.827627 -4.197531 -49.553974 -3.630138 -13.708472 -7.36345 -3.720948 18.141119 -14.05275 -3.242686 5.3e-05 -18.78727 -9e-06 -0.429695 -8.456061 2.555517 1e-06 -0.0 -3e-06 -15.92345 -20.094429 -5.473607 30.419123 -7.190863 1.735898 2e-05 -8.162928 0.0 -1.861821 -22.861509 -6.167951 0.0 -1e-06 0.0 -174.141434 -1.888011 -12.153675 5.530508 0.012891 0.164228 -77.938766 -1.722873 -5.440477 -4.19942 1.480373 2.173539 -0.999997 0.0 0.0 6.292286 -3.583173 -3.294311 5.457498 -0.05671 0.2063 -78.974953 1.346167 -6.576851 -4.26463 0.657192 1.676377 -1.000002 -0.0 0.0 
0.0 0.0 0.0 0.0 -0.0 0.0 0.233624 99.843559 -0.836778 89.953682 2.280929 91.183594 -1.387812 1.648024 -0.107071 -11.210073 -0.078602 -0.418447 16.74921 -1.093038 -2.265718 25.524576 -0.070893 2.248927 -2.578101 -0.631735 -1.289249 -35.826359 -1.760299 -1.127319 5e-06 -0.0 -0.0 0.078629 0.027267 0.067099 0.153502 -0.032604 0.056098 0.157358 0.081885 0.085407 -131.535873 -68.027557 148.561554 41.493698 -58.881039 -11.809873 21.907568 -0.488434 -0.20923 -5.5342 17.674746 8.345855 17.636614 -26.32272 52.411137 -19.466696 -14.395613 29.410395 -4e-06 -8.774831 -0.0 15.919499 -18.281906 6.400237 -0.609773 -1.795658 -3.889326 -4.807087 -11.046821 -2.937849 1.4e-05 -20.976051 -7e-06 -5.019961 -25.033632 -4.031894 7e-06 -0.0 -0.0 -10.634538 -5.686976 -3.565582 10.573288 -17.922977 -3.113911 9e-06 -13.821229 -3e-06 -0.501756 -31.181601 -4.027026 -11.373038 -59.525948 7.419333 -13.982718 -7.150202 -2.875033 13.772739 -8.401505 -3.218249 0.347753 -34.211613 0.771643 -0.963019 -17.733429 2.621027 1e-06 0.0 -2e-06 -17.346426 -20.095238 -4.201766 21.75757 -1.638379 3.866414 4e-06 -6.338834 -4e-06 -1.697566 -22.591816 -6.194032 0.0 -4e-06 -3e-06 59.64212 -73.687355 134.542191 33.53381 -66.793182 -1.968751 27.845028 -0.127702 -0.030106 0.170575 11.77088 16.74045 22.182098 -20.375847 49.933174 -16.701817 -16.743546 28.476471 -5e-06 -12.69061 7e-06 15.645899 -17.802919 2.717901 -0.105916 -1.513855 -4.27587 -5.039041 -5.612873 -2.953545 6e-06 -11.020537 2e-06 -6.111307 -15.895371 -3.840458 0.0 -0.0 1e-06 -10.283371 -5.680287 -4.34182 11.0283 -11.302404 -2.372631 -1.384272 -14.238588 -6.3201 -0.625443 -26.924234 -3.827583 -4.195566 -49.596428 -3.613564 -13.708526 -7.36347 -3.720917 18.141163 -14.052744 -3.242676 1e-05 -18.787302 2e-06 -0.429707 -8.456069 2.55551 1e-06 1e-06 -2e-06 -15.923545 -20.094482 -5.47355 30.419235 -7.190827 1.735915 4e-06 -8.162937 -4e-06 -1.861896 -22.861536 -6.167952 -0.0 -3e-06 -0.0 -174.086746 -1.843992 -12.085578 5.52032 0.010529 0.183972 -77.986496 -1.62628 -5.377843 -4.102978 1.465107 2.173183 -1.000002 1e-06 0.0 6.410336 -3.610221 -3.36454 5.452633 -0.062344 0.208096 -78.994499 1.187426 -6.563843 -4.250882 0.655692 1.679102 -1.000004 -0.0 0.0 
0.0 0.0 0.0 0.0 -0.0 0.0 0.267645 99.833641 -0.756399 89.993546 2.295809 91.38694 -1.432888 1.6075 -0.098774 -11.233877 -0.089911 -0.448456 16.839287 -1.074078 -2.312884 25.474344 0.122272 2.21393 -2.576506 -0.63644 -1.347211 -35.864548 -1.765284 -1.273476 6e-06 -0.0 0.0 0.081214 0.030276 0.081401 0.146447 -0.030026 0.071026 0.145863 0.085736 0.099583 -131.411774 -67.922585 148.546936 41.056126 -59.003258 -10.201616 21.766356 -0.503301 -0.207443 -5.829132 17.11525 9.139532 17.6366 -26.322733 52.411243 -19.466623 -14.395652 29.410419 1.8e-05 -8.774857 -2e-06 15.984255 -18.257746 6.402312 -0.609779 -1.795651 -3.889329 -4.80712 -11.046804 -2.937841 -3e-05 -20.976006 3e-06 -5.020023 -25.033598 -4.031924 5e-06 1e-06 2e-06 -10.634556 -5.686981 -3.565579 10.573267 -17.922915 -3.113895 -2.1e-05 -13.821211 6e-06 -0.50183 -31.18158 -4.027039 -11.399655 -59.622189 7.484316 -13.982745 -7.150206 -2.875031 13.772749 -8.40146 -3.218243 0.347661 -34.211552 0.771682 -0.963068 -17.733408 2.621031 1e-06 -1e-06 0.0 -17.346481 -20.095219 -4.201759 21.757618 -1.638341 3.866432 -1.1e-05 -6.338823 6e-06 -1.697641 -22.591778 -6.194035 0.0 -4e-06 -5e-06 59.125259 -73.429962 135.266541 31.978523 -67.041176 -0.550111 27.094965 -0.135619 -0.021891 0.005717 11.522491 16.517668 22.182055 -20.375784 49.933136 -16.701704 -16.743498 28.476385 1.8e-05 -12.690576 -1e-06 15.668539 -17.734648 2.710949 -0.10592 -1.51385 -4.275866 -5.039039 -5.612854 -2.953541 -1.2e-05 -11.020479 1e-06 -6.111307 -15.895295 -3.840466 -0.0 0.0 1e-06 -10.283357 -5.680281 -4.341815 11.02825 -11.302337 -2.372615 -1.384291 -14.238519 -6.320096 -0.625455 -26.924084 -3.827602 -4.192936 -49.617287 -3.598644 -13.708508 -7.363467 -3.720915 18.141081 -14.052648 -3.242647 -2.3e-05 -18.787188 1e-06 -0.429719 -8.456016 2.555497 0.0 0.0 -4e-06 -15.923538 -20.094429 -5.473545 30.419146 -7.190751 1.735944 -7e-06 -8.162891 -1e-06 -1.861923 -22.861399 -6.167944 -2e-06 -1e-06 -0.0 -174.044479 -1.792396 -11.97207 5.501231 0.009021 0.200764 -78.032234 -1.531179 -5.314357 -4.044262 1.452798 2.171606 -0.999999 0.0 -0.0 6.519355 -3.644566 -3.445678 5.442392 -0.062168 0.202128 -79.028526 1.045963 -6.556065 -4.225623 0.651853 1.680772 -1.000004 0.0 -0.0 
0.0 0.0 0.0 0.0 -0.0 0.0 0.298543 99.827255 -0.68198 90.035179 2.281529 91.570572 -1.473463 1.58055 -0.087632 -11.250613 -0.094719 -0.454929 16.897556 -1.062397 -2.326442 25.381084 0.268287 2.19639 -2.574687 -0.620334 -1.438386 -35.890961 -1.778414 -1.393697 5e-06 -0.0 0.0 0.086253 0.030237 0.080309 0.143157 -0.028903 0.07008 0.137981 0.085083 0.098633 -131.243057 -67.808075 148.453476 40.507324 -59.12767 -8.988258 21.851583 -0.511113 -0.201054 -5.917138 16.850756 9.594881 17.63661 -26.322725 52.411304 -19.466574 -14.395613 29.410406 2.3e-05 -8.774839 -7e-06 16.024982 -18.265364 6.397158 -0.609781 -1.795646 -3.889327 -4.807122 -11.046791 -2.937847 -4.2e-05 -20.975973 5e-06 -5.020027 -25.033564 -4.031938 6e-06 -1e-06 1e-06 -10.634553 -5.686976 -3.565591 10.57324 -17.92288 -3.113883 -2.9e-05 -13.821182 4e-06 -0.50184 -31.181501 -4.02705 -11.426449 -59.685936 7.533698 -13.982737 -7.150206 -2.875043 13.772723 -8.401443 -3.218234 0.347647 -34.211494 0.771684 -0.963071 -17.733385 2.621025 -1e-06 1e-06 -2e-06 -17.34647 -20.0952 -4.201781 21.757587 -1.638333 3.866452 -1.3e-05 -6.338814 6e-06 -1.697651 -22.591751 -6.19404 0.0 -1e-06 -5e-06 58.715027 -73.214455 135.842758 30.332533 -67.215576 0.862746 26.42091 -0.1449 -0.025787 -0.1237 11.322628 16.464628 22.182123 -20.375912 49.933353 -16.701738 -16.743593 28.476519 4.2e-05 -12.690653 1e-06 15.691872 -17.686834 2.708034 -0.105924 -1.51385 -4.27588 -5.03907 -5.612884 -2.95355 -3.2e-05 -11.020544 1.2e-05 -6.111389 -15.895416 -3.840476 -0.0 -0.0 2e-06 -10.283401 -5.680306 -4.341829 11.028287 -11.302373 -2.37262 -1.384327 -14.238605 -6.320122 -0.625531 -26.924278 -3.827618 -4.178832 -49.644665 -3.58484 -13.708565 -7.363504 -3.720922 18.141153 -14.052689 -3.242658 -6.2e-05 -18.787312 1.3e-05 -0.429741 -8.456082 2.555512 1e-06 -1e-06 -1e-06 -15.923625 -20.094509 -5.473547 30.419287 -7.190742 1.73596 -2.3e-05 -8.162938 4e-06 -1.861996 -22.86157 -6.167977 -1e-06 -1e-06 -2e-06 -174.034775 -1.739281 -11.826193 5.489301 0.004876 0.2117 -78.086845 -1.45619 -5.269753 -4.012347 1.448737 2.169781 -0.999998 0.0 0.0 6.586909 -3.688368 -3.526085 5.440373 -0.06129 0.194531 -79.082619 0.926109 -6.567724 -4.215029 0.641831 1.680124 -1.000003 0.0 -0.0 
0.0 0.0 0.0 0.0 -0.0 0.0 0.337728 99.820618 -0.617226 90.073372 2.232098 91.73954 -1.507345 1.562442 -0.072738 -11.257176 -0.099205 -0.458463 16.914165 -1.04192 -2.306996 25.224747 0.348589 2.202816 -2.578405 -0.59288 -1.549229 -35.949268 -1.806501 -1.501464 6e-06 -0.0 -0.0 0.092368 0.03042 0.079952 0.140576 -0.027637 0.06934 0.133088 0.084691 0.098758 -131.107681 -67.676872 148.338181 39.769093 -59.229576 -8.107152 22.119808 -0.518361 -0.190248 -5.829146 16.811144 9.899507 17.636669 -26.322794 52.411362 -19.466732 -14.395628 29.410515 7e-06 -8.774867 -6e-06 16.06114 -18.288898 6.386862 -0.60978 -1.795661 -3.889338 -4.807116 -11.046865 -2.937866 -7e-06 -20.97616 -1.3e-05 -5.020001 -25.033819 -4.031944 6e-06 -1e-06 1e-06 -10.634567 -5.686999 -3.565598 10.573298 -17.923027 -3.113918 -4e-06 -13.821304 -9e-06 -0.501767 -31.18186 -4.02709 -11.458935 -59.750385 7.571754 -13.982759 -7.15023 -2.87505 13.772774 -8.40152 -3.218253 0.347719 -34.211819 0.771639 -0.96304 -17.733562 2.621033 0.0 -0.0 -2e-06 -17.346487 -20.095299 -4.20179 21.757641 -1.638363 3.866454 -3e-06 -6.338865 -3e-06 -1.697594 -22.591982 -6.194099 0.0 -0.0 -5e-06 58.332939 -73.02343 136.330856 28.564665 -67.323578 2.272454 25.8419 -0.146355 -0.039885 -0.203076 11.207084 16.511269 22.182129 -20.375875 49.933323 -16.701811 -16.74353 28.47653 1e-06 -12.690618 -5e-06 15.70427 -17.658516 2.713158 -0.105919 -1.513854 -4.27588 -5.039051 -5.612877 -2.953559 0.0 -11.020545 -5e-06 -6.111313 -15.895401 -3.840496 -0.0 -0.0 1e-06 -10.283381 -5.680297 -4.341838 11.028296 -11.302402 -2.37263 -1.384275 -14.238606 -6.32014 -0.625426 -26.924292 -3.82763 -4.17457 -49.697987 -3.556008 -13.708538 -7.363488 -3.720939 18.141155 -14.052737 -3.242671 5e-06 -18.787302 -9e-06 -0.429709 -8.456077 2.555511 1e-06 -2e-06 0.0 -15.923563 -20.094498 -5.47358 30.419235 -7.190814 1.735945 2e-06 -8.162935 -3e-06 -1.861895 -22.861546 -6.167982 -1e-06 -4e-06 2e-06 -174.058975 -1.688018 -11.67137 5.479432 0.001673 0.221036 -78.15329 -1.393333 -5.262163 -3.992932 1.447734 2.167933 -1.000003 1e-06 -0.0 6.607404 -3.730972 -3.577791 5.441864 -0.060393 0.182508 -79.142334 0.786847 -6.598392 -4.199632 0.633106 1.678682 -1.000003 0.0 -0.0 
0.0 0.0 0.0 0.0 -0.0 0.0 0.380477 99.81765 -0.570237 90.104118 2.139861 91.899834 -1.524175 1.548631 -0.05412 -11.257304 -0.102138 -0.455551 16.888422 -1.008197 -2.284665 24.970932 0.371362 2.221906 -2.583457 -0.57859 -1.641091 -36.046455 -1.841262 -1.62263 6e-06 0.0 0.0 0.097385 0.030358 0.079431 0.142404 -0.026162 0.06958 0.134832 0.0835 0.097737 -131.030655 -67.53299 148.232697 38.917721 -59.271896 -7.507363 22.482117 -0.513942 -0.175024 -5.649898 16.961061 10.105887 17.636688 -26.32283 52.41135 -19.466722 -14.395656 29.410477 -4e-06 -8.774863 -5e-06 16.104725 -18.303368 6.369542 -0.609777 -1.795656 -3.889337 -4.807104 -11.046835 -2.937857 2e-05 -20.976088 4e-06 -5.019976 -25.033672 -4.031902 7e-06 -1e-06 1e-06 -10.634568 -5.686978 -3.565596 10.573321 -17.922997 -3.113911 1.1e-05 -13.821254 9e-06 -0.501764 -31.181662 -4.027014 -11.461392 -59.800697 7.585249 -13.982758 -7.150212 -2.875048 13.77278 -8.401513 -3.21825 0.347749 -34.21167 0.771674 -0.963035 -17.733459 2.621058 2e-06 -3e-06 -1e-06 -17.346468 -20.095259 -4.201791 21.757637 -1.638393 3.86644 5e-06 -6.338846 4e-06 -1.697581 -22.591864 -6.19404 0.0 -3e-06 -2e-06 57.959202 -72.855087 136.745255 26.837875 -67.368782 3.473796 25.421278 -0.1362 -0.053171 -0.201987 11.197628 16.434319 22.182209 -20.376068 49.93364 -16.70187 -16.743601 28.476717 -1e-05 -12.690656 3e-06 15.698401 -17.646923 2.720639 -0.105923 -1.513859 -4.275902 -5.039059 -5.61289 -2.953578 1.1e-05 -11.020582 4e-06 -6.111305 -15.895447 -3.840518 0.0 1e-06 -1e-06 -10.283405 -5.680304 -4.341865 11.028336 -11.302447 -2.372638 -1.384262 -14.238643 -6.320169 -0.625415 -26.924385 -3.827624 -4.172457 -49.761517 -3.530912 -13.70857 -7.363497 -3.720965 18.141218 -14.052794 -3.24268 6e-06 -18.787365 2.2e-05 -0.429723 -8.456106 2.555552 0.0 -0.0 0.0 -15.923586 -20.094549 -5.473624 30.41931 -7.190861 1.735935 3e-06 -8.162971 1.6e-05 -1.861904 -22.861629 -6.167951 -0.0 -1e-06 0.0 -174.129547 -1.645175 -11.540474 5.466087 0.000219 0.229923 -78.207214 -1.332193 -5.272889 -3.986367 1.445674 2.167295 -1.0 0.0 -0.0 6.569722 -3.761865 -3.605353 5.446263 -0.063656 0.168677 -79.196823 0.622827 -6.653591 -4.165769 0.6266 1.6776 -1.000007 0.0 -0.0 
0.0 0.0 0.0 0.0 -0.0 0.0 0.417412 99.824539 -0.541932 90.125366 1.994234 92.026978 -1.531417 1.532919 -0.038466 -11.257554 -0.102165 -0.443806 16.830153 -0.96506 -2.272822 24.606779 0.357254 2.242964 -2.583758 -0.577856 -1.681833 -36.196911 -1.87527 -1.744979 5e-06 -0.0 -0.0 0.099371 0.030631 0.081744 0.151459 -0.02315 0.074654 0.145498 0.081216 0.097233 -130.987076 -67.390457 148.120712 37.971092 -59.255157 -7.033322 22.878468 -0.493311 -0.15445 -5.462656 17.236851 10.087712 17.636593 -26.322649 52.411064 -19.466631 -14.395609 29.41033 6e-06 -8.774833 -2e-06 16.11903 -18.309237 6.358589 -0.609775 -1.795653 -3.889318 -4.807096 -11.046795 -2.937838 -5e-06 -20.975996 -3e-06 -5.019987 -25.033566 -4.031889 6e-06 -1e-06 1e-06 -10.63453 -5.686967 -3.565573 10.57326 -17.922913 -3.113897 -4e-06 -13.821195 -1e-06 -0.501786 -31.181528 -4.027025 -11.441369 -59.801922 7.563411 -13.98271 -7.15019 -2.875025 13.772722 -8.40147 -3.218243 0.347716 -34.21151 0.771651 -0.963032 -17.733381 2.621018 -0.0 0.0 -1e-06 -17.346428 -20.095196 -4.201752 21.757565 -1.638357 3.866414 -3e-06 -6.338817 -1e-06 -1.697603 -22.591751 -6.194017 0.0 -3e-06 -2e-06 57.569527 -72.719521 137.119705 25.297907 -67.34626 4.321022 25.190905 -0.119625 -0.061834 -0.110069 11.280604 16.231268 22.18211 -20.375868 49.933285 -16.701809 -16.743526 28.476515 -1e-06 -12.690616 -1e-06 15.680579 -17.62977 2.720338 -0.105922 -1.513856 -4.275879 -5.039044 -5.612876 -2.953557 5e-06 -11.020544 -3e-06 -6.111303 -15.895394 -3.840487 0.0 1e-06 -1e-06 -10.283371 -5.68029 -4.341834 11.028293 -11.302404 -2.372632 -1.384269 -14.238599 -6.320127 -0.625422 -26.924278 -3.827617 -4.16537 -49.790901 -3.534011 -13.708525 -7.363479 -3.720934 18.141148 -14.052739 -3.242672 9e-06 -18.787302 -6e-06 -0.429708 -8.456073 2.555511 -1e-06 -1e-06 2e-06 -15.923547 -20.094484 -5.473577 30.419218 -7.190819 1.735933 4e-06 -8.162937 -3e-06 -1.861888 -22.861555 -6.167978 -0.0 1e-06 -1e-06 -174.267456 -1.61231 -11.452546 5.463939 -0.001131 0.234373 -78.228432 -1.263001 -5.290638 -3.993488 1.449905 2.168765 -0.999998 -1e-06 -0.0 6.45616 -3.783967 -3.614438 5.450172 -0.070454 0.166671 -79.229767 0.477409 -6.718524 -4.136585 0.624868 1.677886 -0.999999 0.0 0.0 
0.0 0.0 0.0 0.0 -0.0 0.0 0.445388 99.841087 -0.529025 90.134933 1.790783 92.126305 -1.525574 1.519662 -0.030504 -11.247539 -0.097771 -0.42014 16.734993 -0.919389 -2.270685 24.07793 0.326692 2.265108 -2.577973 -0.587922 -1.708054 -36.444157 -1.920746 -1.85985 6e-06 -0.0 -0.0 0.098749 0.031065 0.085438 0.164427 -0.016428 0.081921 0.160744 0.07549 0.097123 -131.02037 -67.278023 148.048676 36.948311 -59.180202 -6.576552 23.248316 -0.444869 -0.136414 -5.293478 17.573223 9.953997 17.636602 -26.322689 52.411091 -19.466608 -14.395548 29.410334 -2e-06 -8.7748 -6e-06 16.135363 -18.315628 6.347788 -0.609776 -1.795648 -3.88932 -4.807071 -11.046787 -2.937847 1.1e-05 -20.976004 5e-06 -5.019951 -25.033588 -4.031882 7e-06 -1e-06 -0.0 -10.634501 -5.686954 -3.565587 10.573243 -17.92292 -3.113889 7e-06 -13.821197 7e-06 -0.501764 -31.181528 -4.026998 -11.402673 -59.770523 7.512084 -13.982666 -7.150178 -2.875044 13.772686 -8.401481 -3.218226 0.347738 -34.211529 0.77167 -0.963033 -17.733398 2.621039 -1e-06 -2e-06 -1e-06 -17.346355 -20.095167 -4.201786 21.757488 -1.638378 3.866426 4e-06 -6.338818 4e-06 -1.69757 -22.591759 -6.194006 -1e-06 -3e-06 -3e-06 57.196152 -72.617546 137.455414 24.077183 -67.261635 4.75402 25.134333 -0.093226 -0.065718 0.043848 11.451679 15.902186 22.18207 -20.375883 49.933258 -16.701855 -16.743427 28.476543 -4.5e-05 -12.690541 -1e-06 15.660268 -17.604219 2.716143 -0.105919 -1.513859 -4.275878 -5.039007 -5.612867 -2.953566 4.1e-05 -11.020557 -1.7e-05 -6.111197 -15.895406 -3.840496 -1e-06 1e-06 -0.0 -10.283321 -5.680268 -4.341849 11.028273 -11.30244 -2.372636 -1.384204 -14.238612 -6.320143 -0.625316 -26.924343 -3.827628 -4.17759 -49.80336 -3.527699 -13.708453 -7.363444 -3.720959 18.141106 -14.052794 -3.242685 7.4e-05 -18.787319 -1.3e-05 -0.429684 -8.456093 2.555515 -0.0 0.0 3e-06 -15.923418 -20.094439 -5.473619 30.419067 -7.190898 1.735898 3e-05 -8.162945 -4e-06 -1.861779 -22.861561 -6.167964 -1e-06 -1e-06 0.0 -174.485458 -1.590124 -11.41215 5.465936 -0.002652 0.238603 -78.232117 -1.186328 -5.304546 -4.009331 1.456728 2.170748 -0.999998 1e-06 0.0 6.25303 -3.79523 -3.621432 5.461098 -0.074381 0.178528 -79.233719 0.364309 -6.771802 -4.088639 0.627033 1.680898 -1.000002 0.0 0.0 
0.0 0.0 0.0 0.0 -0.0 0.0 0.463239 99.860123 -0.53866 90.126472 1.533192 92.184822 -1.499064 1.512564 -0.033975 -11.224396 -0.090499 -0.387102 16.600561 -0.881197 -2.273387 23.373394 0.300023 2.299741 -2.565625 -0.612112 -1.74595 -36.801899 -1.963327 -1.966793 6e-06 -0.0 0.0 0.096102 0.030868 0.085776 0.17679 -0.007137 0.085838 0.176539 0.065895 0.093609 -131.117416 -67.229454 148.006302 35.885654 -59.055988 -6.071533 23.57366 -0.392575 -0.125525 -5.20202 17.889174 9.812091 17.636507 -26.322523 52.410797 -19.466501 -14.395524 29.410147 4e-06 -8.774765 1e-06 16.160471 -18.318748 6.33052 -0.60977 -1.795642 -3.889302 -4.807064 -11.046738 -2.937818 -9e-06 -20.975874 8e-06 -5.019959 -25.033411 -4.031844 7e-06 -3e-06 1e-06 -10.634474 -5.686938 -3.565557 10.573195 -17.922821 -3.113869 -4e-06 -13.821118 3e-06 -0.501797 -31.181313 -4.026974 -11.372317 -59.74379 7.459401 -13.982632 -7.150154 -2.875011 13.772639 -8.401424 -3.218217 0.347703 -34.211304 0.771663 -0.96303 -17.733284 2.621004 -0.0 0.0 -3e-06 -17.346327 -20.095089 -4.201737 21.757427 -1.638351 3.866393 -4e-06 -6.338784 3e-06 -1.6976 -22.591614 -6.193954 -0.0 -2e-06 -2e-06 56.810722 -72.57357 137.779465 23.250549 -67.136902 4.768393 25.211187 -0.079183 -0.071109 0.231372 11.662611 15.543859 22.181995 -20.37578 49.933067 -16.701666 -16.743475 28.476355 1.3e-05 -12.690547 3e-06 15.648385 -17.571539 2.699682 -0.105921 -1.513843 -4.275858 -5.039021 -5.612837 -2.953535 -7e-06 -11.020447 4e-06 -6.111282 -15.895233 -3.840451 0.0 0.0 -2e-06 -10.28333 -5.680261 -4.341812 11.028228 -11.302313 -2.372613 -1.384279 -14.238479 -6.320076 -0.625455 -26.923998 -3.827572 -4.195344 -49.784939 -3.520431 -13.708471 -7.363442 -3.720914 18.141048 -14.05262 -3.242645 -2.3e-05 -18.78714 1.4e-05 -0.429723 -8.455998 2.5555 -1e-06 2e-06 2e-06 -15.923487 -20.09437 -5.473546 30.419077 -7.190746 1.735929 -8e-06 -8.162872 7e-06 -1.86193 -22.861334 -6.167898 -1e-06 1e-06 -2e-06 -174.782455 -1.587088 -11.420448 5.482254 -0.006459 0.248459 -78.235718 -1.128517 -5.316946 -4.029844 1.466834 2.172341 -0.999998 -0.0 -0.0 5.960961 -3.789081 -3.607924 5.481377 -0.073769 0.197718 -79.220955 0.278244 -6.798218 -4.031623 0.625059 1.683645 -0.999999 0.0 -0.0 
0.0 0.0 0.0 0.0 -0.0 0.0 0.466692 99.883263 -0.57274 90.107201 1.234251 92.199959 -1.450935 1.502759 -0.040943 -11.18497 -0.084363 -0.356746 16.438095 -0.85164 -2.285419 22.510723 0.279387 2.359709 -2.550923 -0.642141 -1.808637 -37.30687 -2.007692 -2.057847 6e-06 0.0 0.0 0.091327 0.030627 0.081872 0.181695 0.004131 0.085287 0.186028 0.054261 0.086311 -131.218796 -67.270142 147.944611 34.885441 -58.890568 -5.420148 23.806715 -0.327865 -0.1198 -5.264766 18.013672 9.793685 17.636538 -26.322662 52.411118 -19.466566 -14.395662 29.410347 2.5e-05 -8.774844 5e-06 16.242939 -18.322243 6.287988 -0.609776 -1.795647 -3.889321 -4.807118 -11.046778 -2.937828 -4.7e-05 -20.975935 1.1e-05 -5.020049 -25.033497 -4.031903 6e-06 0.0 0.0 -10.634548 -5.68697 -3.565563 10.573246 -17.92285 -3.113891 -3.3e-05 -13.821149 6e-06 -0.501866 -31.181389 -4.027025 -11.360314 -59.769516 7.425461 -13.982736 -7.150203 -2.875011 13.772735 -8.401426 -3.218246 0.347631 -34.211414 0.771686 -0.963074 -17.733326 2.621006 -1e-06 -1e-06 -1e-06 -17.346478 -20.095181 -4.201732 21.757603 -1.638324 3.86641 -1.6e-05 -6.3388 7e-06 -1.697668 -22.591677 -6.194002 -0.0 -1e-06 -3e-06 56.420799 -72.608986 138.070099 22.863615 -66.979401 4.474427 25.383307 -0.077423 -0.075256 0.410865 11.896483 15.297275 22.18202 -20.375774 49.933128 -16.701696 -16.743525 28.476393 2.2e-05 -12.690576 5e-06 15.641154 -17.545321 2.685374 -0.105919 -1.513847 -4.275867 -5.039037 -5.61285 -2.953533 -1.7e-05 -11.020462 2e-06 -6.111314 -15.895259 -3.840456 1e-06 2e-06 -2e-06 -10.283357 -5.680279 -4.341812 11.028248 -11.30232 -2.372624 -1.384295 -14.238497 -6.320089 -0.625471 -26.924021 -3.8276 -4.215783 -49.747814 -3.494606 -13.708508 -7.363463 -3.720909 18.141085 -14.052623 -3.242657 -3.1e-05 -18.787157 0.0 -0.429724 -8.456 2.555491 1e-06 -0.0 2e-06 -15.923545 -20.094418 -5.473536 30.419157 -7.190729 1.73593 -1.4e-05 -8.162876 1e-06 -1.861953 -22.861338 -6.167919 -0.0 -3e-06 -2e-06 -175.13916 -1.596771 -11.46428 5.499793 -0.010141 0.259732 -78.23008 -1.091399 -5.356196 -4.045918 1.475258 2.174305 -0.999996 -0.0 0.0 5.600646 -3.772806 -3.583417 5.503771 -0.067144 0.211487 -79.197365 0.224942 -6.789655 -3.973817 0.62 1.685612 -1.000001 0.0 0.0 
0.0 0.0 0.0 0.0 -0.0 0.0 0.451823 99.9076 -0.626521 90.084351 0.927799 92.171043 -1.389723 1.489586 -0.039738 -11.139955 -0.081249 -0.333085 16.284998 -0.841108 -2.311142 21.59012 0.272305 2.420279 -2.535642 -0.665879 -1.860508 -37.873348 -2.043191 -2.132769 6e-06 -0.0 -0.0 0.086571 0.029756 0.073225 0.178598 0.01483 0.078805 0.188033 0.041886 0.075533 -131.327133 -67.400269 147.887253 34.064724 -58.646267 -4.663756 23.890738 -0.290789 -0.125417 -5.487568 17.913475 9.925955 17.636602 -26.322721 52.41127 -19.466589 -14.395662 29.410406 2.6e-05 -8.774856 0.0 16.355116 -18.310999 6.235756 -0.609781 -1.795649 -3.889328 -4.807133 -11.046792 -2.937839 -5.2e-05 -20.975971 1e-05 -5.020052 -25.033558 -4.031931 5e-06 -0.0 0.0 -10.634571 -5.686986 -3.565578 10.573255 -17.92288 -3.113888 -3.4e-05 -13.821184 7e-06 -0.501856 -31.181501 -4.027047 -11.368774 -59.829342 7.428006 -13.982763 -7.150215 -2.875027 13.772752 -8.401435 -3.218241 0.34763 -34.211479 0.771689 -0.963079 -17.733366 2.621025 -0.0 1e-06 -2e-06 -17.346518 -20.095219 -4.201752 21.757637 -1.638323 3.866437 -1.7e-05 -6.338812 8e-06 -1.697668 -22.591736 -6.194029 0.0 -3e-06 -3e-06 56.070915 -72.713951 138.277313 22.919342 -66.779305 3.983509 25.650841 -0.059779 -0.071799 0.55508 12.133169 15.191078 22.18214 -20.375904 49.933426 -16.701754 -16.743618 28.47657 3.6e-05 -12.690663 0.0 15.641089 -17.529089 2.675589 -0.105921 -1.51385 -4.275884 -5.039074 -5.612875 -2.953554 -2.6e-05 -11.020519 6e-06 -6.111374 -15.89537 -3.8405 0.0 0.0 0.0 -10.283413 -5.680307 -4.341831 11.028303 -11.302361 -2.372627 -1.384318 -14.238579 -6.320137 -0.625496 -26.924208 -3.827636 -4.205359 -49.706711 -3.483418 -13.708583 -7.363503 -3.720929 18.141174 -14.05267 -3.242662 -5.4e-05 -18.787268 1.1e-05 -0.42974 -8.456059 2.55552 -1e-06 2e-06 1e-06 -15.923645 -20.094505 -5.473563 30.419321 -7.190744 1.735962 -2.1e-05 -8.162925 9e-06 -1.86199 -22.861515 -6.167974 0.0 -4e-06 -1e-06 -175.512283 -1.614145 -11.53642 5.511202 -0.015208 0.266332 -78.194656 -1.070702 -5.416875 -4.073093 1.483112 2.176151 -1.000002 -0.0 -0.0 5.219418 -3.750968 -3.568193 5.520747 -0.060092 0.229305 -79.171921 0.195578 -6.768982 -3.946346 0.610913 1.68596 -1.000006 0.0 0.0 
0.0 0.0 0.0 0.0 -0.0 0.0 0.424525 99.93309 -0.681658 90.064369 0.659401 92.118927 -1.331666 1.472742 -0.029872 -11.098592 -0.085751 -0.33252 16.166719 -0.850398 -2.335724 20.781404 0.275944 2.459089 -2.522712 -0.679224 -1.877274 -38.36655 -2.067712 -2.194841 6e-06 -0.0 -0.0 0.083002 0.028638 0.065852 0.170626 0.024411 0.071952 0.184695 0.030141 0.067661 -131.447403 -67.583977 147.86705 33.545864 -58.313465 -3.955831 23.761166 -0.294057 -0.139958 -5.822721 17.626787 10.24005 17.636709 -26.322817 52.411282 -19.46681 -14.395583 29.410498 -2.3e-05 -8.774841 -7e-06 16.448147 -18.280518 6.197431 -0.609775 -1.795663 -3.889338 -4.807073 -11.04687 -2.937874 5.9e-05 -20.9762 -1.6e-05 -5.019918 -25.033833 -4.031896 6e-06 -1e-06 -0.0 -10.634536 -5.686979 -3.565605 10.573334 -17.923092 -3.113929 3.9e-05 -13.821328 -4e-06 -0.50168 -31.181881 -4.027035 -11.40903 -59.89423 7.467798 -13.982714 -7.15021 -2.875062 13.772764 -8.401575 -3.218251 0.347838 -34.211884 0.771625 -0.962991 -17.733582 2.621059 1e-06 -1e-06 -0.0 -17.346394 -20.095282 -4.201816 21.757574 -1.638426 3.86644 1.8e-05 -6.338874 -4e-06 -1.697509 -22.591995 -6.194073 0.0 -4e-06 -3e-06 55.862431 -72.857552 138.304886 23.398136 -66.541893 3.326581 25.993052 -0.019052 -0.063212 0.653508 12.389112 15.227579 22.182106 -20.375895 49.933296 -16.701899 -16.743526 28.47658 -3e-05 -12.690603 6e-06 15.639245 -17.537329 2.671483 -0.105916 -1.513861 -4.275887 -5.039028 -5.612879 -2.95356 2.7e-05 -11.020558 -1.7e-05 -6.111253 -15.895395 -3.840493 0.0 -0.0 0.0 -10.283362 -5.680288 -4.341843 11.028317 -11.302447 -2.372652 -1.384233 -14.238626 -6.320143 -0.62536 -26.924337 -3.827632 -4.176597 -49.671944 -3.495719 -13.708512 -7.363473 -3.720943 18.14118 -14.052797 -3.242702 4.6e-05 -18.787327 -1.9e-05 -0.429695 -8.456082 2.55551 1e-06 -1e-06 -2e-06 -15.923498 -20.094501 -5.473595 30.41921 -7.190876 1.735891 2.1e-05 -8.162944 -8e-06 -1.861827 -22.861553 -6.167979 0.0 -3e-06 -1e-06 -175.838547 -1.635435 -11.624435 5.51072 -0.01964 0.259723 -78.127899 -1.051526 -5.456366 -4.099317 1.489377 2.178535 -0.999998 -0.0 -0.0 4.876837 -3.726465 -3.578223 5.524307 -0.057987 0.248463 -79.136017 0.199085 -6.73615 -3.929008 0.595739 1.683318 -1.000003 -0.0 0.0 
0.0 0.0 0.0 0.0 -0.0 0.0 0.394008 99.953041 -0.723575 90.046547 0.462238 92.071556 -1.278206 1.459756 -0.019694 -11.062328 -0.093111 -0.341723 16.069208 -0.871258 -2.356019 20.207365 0.277729 2.497472 -2.5174 -0.688303 -1.899589 -38.712147 -2.085545 -2.24092 6e-06 0.0 0.0 0.078279 0.028829 0.061882 0.161129 0.032445 0.067813 0.179211 0.02251 0.064047 -131.621429 -67.76799 147.935669 33.310547 -57.948635 -3.461268 23.459465 -0.331745 -0.151917 -6.213376 17.277248 10.686809 17.636597 -26.322744 52.411316 -19.46664 -14.395624 29.410471 1e-05 -8.774841 -3e-06 16.526814 -18.230114 6.170891 -0.609779 -1.795649 -3.88933 -4.807105 -11.046803 -2.937855 -1.2e-05 -20.976015 -4e-06 -5.019986 -25.033607 -4.031935 6e-06 0.0 -1e-06 -10.63454 -5.686974 -3.565591 10.573268 -17.92292 -3.113901 -1e-05 -13.82121 5e-06 -0.501795 -31.18157 -4.027049 -11.458645 -59.955784 7.52879 -13.982723 -7.150201 -2.875045 13.772736 -8.401468 -3.218244 0.347699 -34.211559 0.771669 -0.963056 -17.733419 2.621037 -2e-06 1e-06 2e-06 -17.346439 -20.095203 -4.201789 21.757587 -1.638357 3.866436 -5e-06 -6.338823 5e-06 -1.697613 -22.591789 -6.194051 0.0 -2e-06 -4e-06 55.821774 -73.027359 138.152786 24.24011 -66.280388 2.419024 26.352848 0.00484 -0.062648 0.751499 12.678579 15.461212 22.182114 -20.375875 49.933304 -16.701769 -16.743488 28.476498 -3e-06 -12.690578 -9e-06 15.623981 -17.55513 2.679836 -0.105923 -1.513856 -4.275878 -5.039037 -5.612865 -2.953557 7e-06 -11.02052 -6e-06 -6.11128 -15.895356 -3.840492 0.0 0.0 -2e-06 -10.28336 -5.680281 -4.341841 11.028275 -11.302385 -2.372623 -1.384266 -14.238571 -6.320122 -0.625419 -26.924225 -3.827612 -4.150909 -49.636971 -3.509453 -13.70851 -7.363467 -3.720944 18.141119 -14.052715 -3.242657 1e-05 -18.787262 0.0 -0.429708 -8.456057 2.555512 0.0 0.0 1e-06 -15.923515 -20.094458 -5.473592 30.419159 -7.190821 1.735943 6e-06 -8.162921 1e-06 -1.861874 -22.8615 -6.167954 -0.0 -2e-06 -0.0 -176.076416 -1.659649 -11.698524 5.501501 -0.020329 0.240031 -78.07058 -1.043272 -5.472124 -4.103481 1.490054 2.181227 -1.000004 0.0 -0.0 4.624147 -3.700299 -3.607352 5.510557 -0.059997 0.254055 -79.11248 0.24648 -6.714739 -3.921655 0.582897 1.680235 -1.000006 -0.0 0.0 
0.0 0.0 0.0 0.0 -0.0 0.0 0.360452 99.963501 -0.753428 90.029068 0.334159 92.033737 -1.240005 1.457564 -0.01676 -11.036201 -0.105384 -0.348984 15.990523 -0.899154 -2.367189 19.915079 0.284563 2.536186 -2.519565 -0.709012 -1.93146 -38.914715 -2.085309 -2.264402 6e-06 -0.0 0.0 0.075063 0.02905 0.058017 0.1557 0.038662 0.064118 0.17558 0.016821 0.060136 -131.815063 -67.9244 148.062729 33.379517 -57.591228 -3.304375 23.033993 -0.409085 -0.164777 -6.601245 16.973833 11.244997 17.636656 -26.322817 52.411289 -19.466778 -14.395717 29.410524 1e-05 -8.774902 5e-06 16.604416 -18.178457 6.145464 -0.609776 -1.795661 -3.889339 -4.807134 -11.046883 -2.937849 -2.3e-05 -20.976192 2e-06 -5.020062 -25.033852 -4.031923 6e-06 1e-06 1e-06 -10.634592 -5.687006 -3.565577 10.573331 -17.92305 -3.113928 -1.6e-05 -13.821322 -2e-06 -0.501814 -31.18189 -4.027081 -11.498218 -60.009258 7.57279 -13.982793 -7.150244 -2.875024 13.772821 -8.401524 -3.218272 0.347691 -34.211876 0.771657 -0.963055 -17.733582 2.621033 1e-06 -1e-06 -0.0 -17.346542 -20.095331 -4.201746 21.757721 -1.638355 3.866426 -8e-06 -6.338874 -1e-06 -1.697639 -22.592016 -6.194082 0.0 -3e-06 -4e-06 55.914246 -73.203545 137.876816 25.411072 -65.966972 1.229121 26.721115 -0.005677 -0.067197 0.852891 13.005508 15.909925 22.182171 -20.37591 49.933319 -16.70183 -16.743643 28.476557 2e-05 -12.690693 0.0 15.60584 -17.577486 2.691357 -0.105918 -1.513856 -4.275886 -5.039074 -5.612889 -2.953548 -1.4e-05 -11.020562 1e-05 -6.111384 -15.895425 -3.840474 -0.0 0.0 1e-06 -10.283418 -5.680307 -4.341826 11.028337 -11.302415 -2.372633 -1.38431 -14.238631 -6.320125 -0.625494 -26.924337 -3.827609 -4.155937 -49.60746 -3.519854 -13.70859 -7.363504 -3.720916 18.141232 -14.052745 -3.242675 -3.1e-05 -18.787344 9e-06 -0.429724 -8.456095 2.555517 -0.0 1e-06 -0.0 -15.923649 -20.09454 -5.473544 30.419388 -7.190799 1.735945 -1e-05 -8.162953 0.0 -1.861971 -22.861614 -6.167982 0.0 -2e-06 -3e-06 -176.233017 -1.687403 -11.766091 5.485618 -0.018716 0.218052 -78.016945 -1.042075 -5.458589 -4.089322 1.491435 2.185467 -1.000001 -0.0 0.0 4.462535 -3.667657 -3.632663 5.484999 -0.064918 0.250768 -79.098816 0.290525 -6.696311 -3.915741 0.574722 1.67784 -1.000003 0.0 0.0 
0.0 0.0 0.0 0.0 -0.0 0.0 0.327433 99.967941 -0.773524 90.012611 0.268012 91.995003 -1.224067 1.465241 -0.021382 -11.020393 -0.11736 -0.353332 15.932755 -0.941745 -2.366386 19.893978 0.282905 2.558985 -2.530635 -0.725668 -1.945836 -38.963444 -2.071465 -2.261858 6e-06 0.0 0.0 0.072235 0.027222 0.049249 0.151259 0.040647 0.055294 0.171178 0.011242 0.051308 -131.974243 -68.056587 148.191849 33.683327 -57.269714 -3.384546 22.583685 -0.493841 -0.174147 -6.953361 16.776194 11.765006 17.636641 -26.322771 52.411224 -19.466713 -14.395621 29.41045 -6e-06 -8.774843 -2e-06 16.653158 -18.131468 6.128515 -0.609775 -1.795658 -3.889332 -4.807092 -11.046838 -2.937854 1.5e-05 -20.976118 -0.0 -5.019973 -25.03373 -4.031889 5e-06 1e-06 -0.0 -10.634542 -5.686979 -3.565589 10.573298 -17.923004 -3.11391 1e-05 -13.821272 3e-06 -0.501755 -31.181744 -4.027022 -11.521086 -60.034153 7.593245 -13.982728 -7.150207 -2.875043 13.772757 -8.401522 -3.218251 0.347754 -34.211742 0.771661 -0.963029 -17.733505 2.621053 -0.0 -0.0 -2e-06 -17.346436 -20.095249 -4.201776 21.757591 -1.638382 3.866428 5e-06 -6.338851 1e-06 -1.697574 -22.591898 -6.194043 -0.0 -1e-06 -3e-06 56.120918 -73.376869 137.462509 26.76395 -65.609215 -0.079142 27.136559 -0.027486 -0.070513 0.959008 13.348186 16.531513 22.182087 -20.375875 49.933289 -16.701817 -16.743542 28.476532 -5e-06 -12.690603 6e-06 15.59637 -17.618826 2.704436 -0.105918 -1.513857 -4.275879 -5.039042 -5.61287 -2.953556 5e-06 -11.020532 -5e-06 -6.111295 -15.895367 -3.840485 0.0 0.0 -2e-06 -10.28337 -5.680288 -4.341829 11.028295 -11.302398 -2.372641 -1.384265 -14.23859 -6.320128 -0.625419 -26.924252 -3.827622 -4.160185 -49.580872 -3.54883 -13.708525 -7.363478 -3.720929 18.14115 -14.052731 -3.242685 6e-06 -18.787279 -2e-06 -0.429713 -8.456059 2.555509 1e-06 -2e-06 1e-06 -15.923543 -20.094479 -5.473567 30.41921 -7.190812 1.735914 2e-06 -8.162927 0.0 -1.861893 -22.861502 -6.167962 0.0 -5e-06 1e-06 -176.315308 -1.716564 -11.813757 5.472113 -0.014996 0.198762 -77.961632 -1.067298 -5.450703 -4.075117 1.497477 2.190505 -1.000001 0.0 0.0 4.377549 -3.633907 -3.64179 5.461298 -0.06899 0.243771 -79.094498 0.326636 -6.688946 -3.896614 0.573016 1.676834 -1.000004 0.0 0.0 
0.0 0.0 0.0 0.0 -0.0 0.0 0.294835 99.975487 -0.775011 89.997665 0.263749 91.955925 -1.2238 1.475166 -0.026742 -11.016917 -0.122313 -0.351148 15.893352 -0.992071 -2.358584 20.117865 0.271021 2.555008 -2.537144 -0.733337 -1.928833 -38.832542 -2.0474 -2.247169 6e-06 -0.0 0.0 0.071048 0.025817 0.043926 0.149072 0.03936 0.049245 0.168553 0.009715 0.046376 -132.034348 -68.148247 148.23526 34.105198 -57.050831 -3.638009 22.229332 -0.54686 -0.180761 -7.160866 16.699722 12.156782 17.636572 -26.322592 52.410969 -19.466537 -14.395527 29.410252 -4e-06 -8.774776 -7e-06 16.661102 -18.119122 6.12711 -0.609774 -1.795645 -3.88931 -4.807061 -11.04674 -2.937838 1.7e-05 -20.975887 2e-06 -5.019917 -25.033403 -4.031865 8e-06 4e-06 2e-06 -10.634488 -5.686937 -3.565575 10.573224 -17.922848 -3.113876 1.1e-05 -13.821128 1.1e-05 -0.501759 -31.18133 -4.026969 -11.54791 -60.027977 7.592831 -13.982651 -7.150156 -2.875037 13.772661 -8.401448 -3.218218 0.347747 -34.211338 0.771671 -0.963026 -17.733294 2.621039 -0.0 1e-06 -0.0 -17.346333 -20.095102 -4.201777 21.75745 -1.638377 3.866419 6e-06 -6.338788 5e-06 -1.69756 -22.591621 -6.193978 -0.0 -4e-06 -2e-06 56.420506 -73.549522 136.957642 28.154831 -65.246643 -1.382484 27.607512 -0.030895 -0.066567 1.044916 13.658237 17.069572 22.182037 -20.375847 49.933178 -16.701765 -16.743464 28.476456 -1.7e-05 -12.690542 5e-06 15.594451 -17.681694 2.716302 -0.105918 -1.513853 -4.275869 -5.039015 -5.612854 -2.953549 1.6e-05 -11.02051 -0.0 -6.111241 -15.895326 -3.840466 -0.0 0.0 -0.0 -10.28333 -5.680265 -4.341828 11.028255 -11.302387 -2.372627 -1.384243 -14.238555 -6.320105 -0.6254 -26.9242 -3.827586 -4.167691 -49.558826 -3.589095 -13.70847 -7.363446 -3.720933 18.141081 -14.052717 -3.242663 2.3e-05 -18.787241 6e-06 -0.429706 -8.456049 2.555513 -1e-06 2e-06 0.0 -15.923461 -20.094416 -5.473578 30.419085 -7.190825 1.73591 1.1e-05 -8.162915 3e-06 -1.861862 -22.861479 -6.167921 -1e-06 -3e-06 -3e-06 -176.321198 -1.748708 -11.818322 5.465045 -0.009299 0.183566 -77.921082 -1.118616 -5.458382 -4.081255 1.507433 2.195089 -0.999995 -0.0 0.0 4.36438 -3.601747 -3.647748 5.451589 -0.071855 0.238959 -79.101334 0.360507 -6.686569 -3.871917 0.579747 1.678292 -1.000001 0.0 0.0 
0.0 0.0 0.0 0.0 -0.0 0.0 0.265575 99.978592 -0.756485 89.987007 0.315896 91.926086 -1.236238 1.483958 -0.030863 -11.020194 -0.119575 -0.333144 15.862218 -1.050738 -2.346864 20.575781 0.265721 2.537216 -2.541392 -0.728743 -1.907776 -38.538689 -1.994333 -2.21941 5e-06 0.0 -0.0 0.07147 0.024598 0.041595 0.145495 0.0335 0.044817 0.164565 0.01313 0.04583 -131.988617 -68.202927 148.184814 34.633667 -56.945255 -4.025462 22.003044 -0.551191 -0.185979 -7.233818 16.727768 12.43637 17.636625 -26.322721 52.411137 -19.466698 -14.395582 29.41041 -7e-06 -8.774829 -3e-06 16.648396 -18.13283 6.140369 -0.609774 -1.795655 -3.889323 -4.80708 -11.046829 -2.937856 2e-05 -20.976091 -8e-06 -5.019948 -25.033705 -4.031898 6e-06 -1e-06 0.0 -10.634521 -5.686972 -3.565583 10.57328 -17.922995 -3.113907 1.3e-05 -13.821262 -2e-06 -0.501736 -31.181726 -4.027038 -11.596538 -60.020164 7.603519 -13.982697 -7.150198 -2.87504 13.772728 -8.401519 -3.218245 0.347768 -34.211727 0.771642 -0.963017 -17.733513 2.621042 0.0 -1e-06 -1e-06 -17.346394 -20.095224 -4.201776 21.757551 -1.638386 3.866427 8e-06 -6.338848 0.0 -1.697557 -22.591898 -6.194049 1e-06 -4e-06 -2e-06 56.794094 -73.72728 136.393204 29.581419 -64.874825 -2.729511 28.111273 -0.026458 -0.060417 1.156213 13.962884 17.539228 22.182074 -20.375822 49.933231 -16.701822 -16.743498 28.476522 -1.5e-05 -12.690588 1e-06 15.590282 -17.752846 2.7273 -0.105918 -1.513857 -4.275874 -5.039031 -5.612867 -2.953558 1.7e-05 -11.020536 -1.3e-05 -6.11126 -15.89538 -3.840501 -0.0 1e-06 -1e-06 -10.28335 -5.680279 -4.341833 11.028285 -11.302405 -2.372642 -1.384244 -14.238589 -6.320139 -0.625372 -26.924271 -3.827634 -4.199923 -49.519253 -3.612515 -13.708496 -7.363462 -3.720936 18.14113 -14.052739 -3.242681 3.4e-05 -18.787281 -1.4e-05 -0.429699 -8.456068 2.555511 -1e-06 -1e-06 -0.0 -15.923498 -20.094452 -5.473583 30.419159 -7.190835 1.735915 1.3e-05 -8.162929 -6e-06 -1.861838 -22.861532 -6.167978 -2e-06 -1e-06 -5e-06 -176.255875 -1.781173 -11.785436 5.458573 -0.003214 0.176302 -77.903152 -1.184015 -5.481475 -4.096565 1.514106 2.198017 -0.999998 0.0 0.0 4.417806 -3.574561 -3.662303 5.452887 -0.071992 0.228443 -79.122711 0.408578 -6.694949 -3.837279 0.5935 1.682513 -1.000003 0.0 0.0 
0.0 0.0 0.0 0.0 -0.0 0.0 0.242081 99.975502 -0.727841 89.98658 0.406739 91.930473 -1.26213 1.486584 -0.025831 -11.030561 -0.113845 -0.310827 15.831535 -1.115187 -2.324659 21.228031 0.279269 2.525244 -2.552277 -0.713081 -1.904293 -38.062626 -1.901335 -2.212342 6e-06 0.0 0.0 0.073024 0.023848 0.043397 0.141573 0.026696 0.044608 0.159463 0.018441 0.049563 -131.871719 -68.240875 148.072327 35.235939 -56.954765 -4.560441 21.929684 -0.537109 -0.192886 -7.200825 16.838774 12.644482 17.636721 -26.32284 52.411343 -19.46682 -14.395587 29.410528 -2.8e-05 -8.774845 -6e-06 16.616013 -18.162235 6.173315 -0.609776 -1.795666 -3.889342 -4.807067 -11.046868 -2.937878 7.1e-05 -20.976204 -1.8e-05 -5.019896 -25.033838 -4.031899 8e-06 2e-06 1e-06 -10.634536 -5.686977 -3.565614 10.573338 -17.923094 -3.113929 4.6e-05 -13.82133 -2e-06 -0.501659 -31.1819 -4.027032 -11.653095 -60.015358 7.620261 -13.982716 -7.150203 -2.875072 13.772765 -8.401579 -3.218258 0.347854 -34.211891 0.771627 -0.962989 -17.733597 2.621072 0.0 -0.0 1e-06 -17.34639 -20.095278 -4.201828 21.757578 -1.638436 3.866442 2.3e-05 -6.338876 -3e-06 -1.697493 -22.592007 -6.194074 0.0 -2e-06 -3e-06 57.257591 -73.891846 135.749069 30.96846 -64.53685 -4.168653 28.582207 -0.05729 -0.065984 1.313733 14.296701 18.040432 22.182121 -20.375879 49.933304 -16.701899 -16.743454 28.476557 -5.3e-05 -12.690556 -3e-06 15.557209 -17.807198 2.75164 -0.105918 -1.513865 -4.275883 -5.03901 -5.612861 -2.953568 5e-05 -11.020535 -2.2e-05 -6.111181 -15.895338 -3.840501 1e-06 -0.0 -1e-06 -10.283343 -5.680272 -4.341856 11.028302 -11.302443 -2.372643 -1.384199 -14.238583 -6.320142 -0.625296 -26.924242 -3.827618 -4.262406 -49.452522 -3.60277 -13.708485 -7.363451 -3.720962 18.141146 -14.052801 -3.242693 9.4e-05 -18.787279 -2.2e-05 -0.429674 -8.456056 2.555512 -0.0 -0.0 1e-06 -15.923444 -20.09446 -5.473629 30.419123 -7.190919 1.735895 3.7e-05 -8.162927 -8e-06 -1.861759 -22.861475 -6.167947 -1e-06 -0.0 1e-06 -176.14415 -1.808691 -11.708538 5.458667 0.003945 0.169835 -77.904671 -1.239523 -5.506627 -4.10702 1.512438 2.196866 -1.000003 0.0 0.0 4.53014 -3.558224 -3.718781 5.456213 -0.068842 0.209229 -79.155296 0.459536 -6.712236 -3.807989 0.61171 1.687548 -1.000002 -0.0 0.0 
0.0 0.0 0.0 0.0 -0.0 0.0 0.217186 99.972649 -0.696749 89.996017 0.51335 91.972832 -1.302022 1.490659 -0.016497 -11.051869 -0.108134 -0.285399 15.809023 -1.187824 -2.292534 22.012218 0.322351 2.507413 -2.572445 -0.703043 -1.877691 -37.431458 -1.765123 -2.246205 5e-06 0.0 -0.0 0.073952 0.021306 0.043863 0.142185 0.019498 0.045805 0.158045 0.020501 0.049291 -131.666794 -68.253517 147.897629 35.927082 -57.049423 -5.260902 22.016113 -0.527734 -0.200924 -7.078761 16.980871 12.683621 17.636623 -26.322739 52.411148 -19.466722 -14.395689 29.41044 1.6e-05 -8.774883 4e-06 16.536081 -18.195591 6.220839 -0.609777 -1.795658 -3.889329 -4.807126 -11.046858 -2.937838 -3e-05 -20.976124 2e-06 -5.020057 -25.033754 -4.031913 7e-06 2e-06 0.0 -10.634575 -5.686998 -3.565567 10.573303 -17.923 -3.113919 -1.8e-05 -13.821279 -5e-06 -0.501818 -31.181765 -4.027067 -11.692385 -59.990284 7.617311 -13.982771 -7.150231 -2.87501 13.77279 -8.4015 -3.218266 0.34768 -34.211769 0.771648 -0.96305 -17.733528 2.621013 -0.0 -1e-06 2e-06 -17.346521 -20.095291 -4.201727 21.757675 -1.638345 3.866418 -1e-05 -6.338854 -3e-06 -1.697646 -22.591923 -6.194055 -0.0 -3e-06 -2e-06 57.794205 -74.028885 135.044876 32.275078 -64.254082 -5.615605 29.003183 -0.093435 -0.075349 1.475958 14.615915 18.504732 22.182137 -20.375887 49.933331 -16.701857 -16.743578 28.476564 6e-06 -12.69065 6e-06 15.499772 -17.843605 2.794176 -0.105917 -1.513859 -4.275888 -5.039056 -5.612889 -2.953555 -1e-06 -11.020564 -5e-06 -6.111321 -15.895427 -3.840491 0.0 0.0 1e-06 -10.283396 -5.680309 -4.341833 11.028319 -11.302424 -2.372646 -1.38428 -14.238639 -6.320142 -0.625433 -26.924356 -3.827649 -4.338201 -49.383247 -3.563907 -13.70856 -7.363498 -3.72093 18.141195 -14.05276 -3.242692 0.0 -18.78734 -1.7e-05 -0.429712 -8.456089 2.555503 -1e-06 -1e-06 1e-06 -15.923595 -20.094536 -5.473572 30.419306 -7.190818 1.735924 1e-06 -8.162951 -9e-06 -1.861908 -22.861601 -6.168001 1e-06 -4e-06 -1e-06 -176.020477 -1.83448 -11.619969 5.473921 0.011227 0.163571 -77.895103 -1.250784 -5.515475 -4.12993 1.511315 2.193436 -1.000001 0.0 -0.0 4.670543 -3.549164 -3.803618 5.468253 -0.066237 0.194926 -79.186569 0.480975 -6.730155 -3.814916 0.628438 1.691268 -1.000001 -0.0 0.0 
0.0 0.0 0.0 0.0 -0.0 0.0 0.190532 99.97699 -0.663478 90.011154 0.622458 92.056099 -1.341164 1.494465 -0.006223 -11.075124 -0.09742 -0.251595 15.7745 -1.263292 -2.252193 22.862093 0.395663 2.492413 -2.598548 -0.694115 -1.848801 -36.716507 -1.581862 -2.304852 6e-06 -0.0 -0.0 0.075025 0.017204 0.039809 0.138362 0.011055 0.042764 0.15392 0.020492 0.0443 -131.397903 -68.244781 147.675735 36.661217 -57.247108 -6.08023 22.239477 -0.507516 -0.202547 -6.833255 17.162231 12.533908 17.63649 -26.322498 52.410923 -19.466339 -14.395408 29.410126 1.5e-05 -8.774705 -1.4e-05 16.444195 -18.232592 6.255355 -0.60978 -1.795633 -3.889299 -4.807052 -11.046673 -2.937834 -2.3e-05 -20.975719 6e-06 -5.0199 -25.033207 -4.031876 6e-06 1e-06 -0.0 -10.634442 -5.686923 -3.565581 10.573108 -17.922701 -3.113833 -1.8e-05 -13.821017 1.3e-05 -0.501807 -31.181047 -4.026968 -11.685023 -59.944439 7.588905 -13.982589 -7.15014 -2.87505 13.772548 -8.401367 -3.218181 0.347662 -34.211029 0.771697 -0.96306 -17.733133 2.621016 -1e-06 2e-06 1e-06 -17.346262 -20.095011 -4.20179 21.757299 -1.638333 3.866428 -7e-06 -6.338739 1e-05 -1.697584 -22.591421 -6.19395 -1e-06 -0.0 -4e-06 58.419647 -74.164154 134.295746 33.520416 -64.06485 -7.096065 29.385466 -0.130613 -0.085435 1.627833 14.926378 18.844542 22.182003 -20.37579 49.933094 -16.701607 -16.743431 28.47632 1.9e-05 -12.690516 -5e-06 15.441999 -17.873438 2.837196 -0.105925 -1.513839 -4.275856 -5.039019 -5.612829 -2.953536 -1.4e-05 -11.020432 1.2e-05 -6.111284 -15.895222 -3.840454 -0.0 -0.0 1e-06 -10.283319 -5.680253 -4.341817 11.028201 -11.302295 -2.372599 -1.384288 -14.238461 -6.320078 -0.625473 -26.923965 -3.827577 -4.393966 -49.313995 -3.527666 -13.708455 -7.363433 -3.720923 18.140999 -14.052594 -3.24262 -3.5e-05 -18.787121 2e-05 -0.429729 -8.45599 2.555501 1e-06 1e-06 -2e-06 -15.923471 -20.094345 -5.473551 30.419003 -7.190725 1.73595 -1.1e-05 -8.162863 1e-05 -1.86193 -22.861311 -6.167893 -1e-06 -2e-06 -1e-06 -175.900726 -1.854836 -11.505421 5.497297 0.019671 0.154913 -77.885597 -1.236528 -5.504348 -4.163111 1.506066 2.187371 -0.999998 -1e-06 -0.0 4.824158 -3.541593 -3.907267 5.478589 -0.062219 0.179247 -79.218651 0.485963 -6.741194 -3.836215 0.64789 1.695367 -1.0 -0.0 0.0 
0.0 0.0 0.0 0.0 -0.0 0.0 0.166814 99.980934 -0.629338 90.025635 0.721693 92.159103 -1.380682 1.498918 0.004888 -11.103395 -0.079258 -0.209091 15.745907 -1.339591 -2.203605 23.691034 0.494053 2.485267 -2.621373 -0.684276 -1.826146 -36.02243 -1.377143 -2.358624 6e-06 -0.0 -0.0 0.078082 0.013798 0.033365 0.128223 0.004436 0.036006 0.145224 0.019923 0.038371 -131.105469 -68.223923 147.407257 37.346733 -57.530464 -6.890069 22.55356 -0.480484 -0.203053 -6.457683 17.372292 12.268037 17.63657 -26.322725 52.41119 -19.466497 -14.395578 29.410328 1e-05 -8.774799 -4e-06 16.359829 -18.274914 6.27058 -0.609777 -1.795639 -3.889319 -4.807086 -11.046742 -2.937835 -2.1e-05 -20.975901 3.8e-05 -5.019992 -25.033447 -4.031856 5e-06 -3e-06 -0.0 -10.634507 -5.686944 -3.565585 10.573216 -17.92284 -3.113858 -1.6e-05 -13.821141 2.8e-05 -0.501844 -31.181385 -4.026949 -11.640707 -59.89259 7.55379 -13.982677 -7.150169 -2.875045 13.772676 -8.401432 -3.218217 0.347651 -34.211361 0.771753 -0.963087 -17.73332 2.621066 -0.0 -2e-06 -1e-06 -17.346376 -20.095112 -4.201778 21.75749 -1.638355 3.866431 -7e-06 -6.338794 1.9e-05 -1.697626 -22.591644 -6.19396 -0.0 -2e-06 -3e-06 59.059574 -74.305046 133.570328 34.652962 -63.966007 -8.403341 29.696703 -0.157103 -0.086035 1.722921 15.183768 19.047333 22.182064 -20.375883 49.933224 -16.701691 -16.743464 28.476431 -1e-06 -12.690545 -5e-06 15.395553 -17.913319 2.871207 -0.105921 -1.513842 -4.275867 -5.03902 -5.612839 -2.953549 5e-06 -11.020481 1.1e-05 -6.111264 -15.895287 -3.840467 -1e-06 1e-06 -1e-06 -10.283333 -5.680258 -4.341832 11.028242 -11.302348 -2.372604 -1.384263 -14.238509 -6.320096 -0.625442 -26.924101 -3.827567 -4.400175 -49.256302 -3.529418 -13.70847 -7.363438 -3.720938 18.14106 -14.052672 -3.242629 -2e-06 -18.787193 2.8e-05 -0.429718 -8.456028 2.555521 -0.0 -0.0 -0.0 -15.92347 -20.094376 -5.473579 30.419064 -7.190794 1.735942 3e-06 -8.1629 1.5e-05 -1.861902 -22.861427 -6.167897 0.0 -2e-06 -1e-06 -175.795868 -1.87388 -11.379969 5.520878 0.028021 0.151841 -77.890068 -1.221122 -5.482442 -4.206212 1.495134 2.179989 -0.999997 1e-06 0.0 4.969859 -3.531651 -4.006049 5.488532 -0.059483 0.165185 -79.272354 0.484616 -6.755052 -3.848035 0.664358 1.698299 -1.000003 -0.0 -0.0 
0.0 0.0 0.0 0.0 -0.0 0.0 0.141855 99.978889 -0.593984 90.037994 0.818667 92.276215 -1.41484 1.508065 0.011762 -11.130095 -0.058434 -0.158892 15.73142 -1.411644 -2.152257 24.446852 0.603432 2.473354 -2.642859 -0.674483 -1.805234 -35.414318 -1.166952 -2.391859 6e-06 0.0 -0.0 0.08042 0.012557 0.032036 0.112094 0.000193 0.033146 0.130689 0.02126 0.038755 -130.808319 -68.177109 147.114517 37.957104 -57.84074 -7.595648 22.900738 -0.450284 -0.204515 -6.05589 17.5956 11.963495 17.63658 -26.322718 52.411304 -19.46656 -14.395606 29.41041 2.5e-05 -8.774828 -5e-06 16.283514 -18.311628 6.27502 -0.609785 -1.795645 -3.889328 -4.80712 -11.046783 -2.937845 -4.9e-05 -20.975952 5e-06 -5.020022 -25.033539 -4.031935 6e-06 1e-06 1e-06 -10.634548 -5.686979 -3.565588 10.573229 -17.922871 -3.113884 -3.3e-05 -13.821177 5e-06 -0.501839 -31.181488 -4.027053 -11.601373 -59.831684 7.529725 -13.982733 -7.150209 -2.875042 13.772715 -8.401431 -3.218235 0.347631 -34.211464 0.771689 -0.963079 -17.733368 2.621024 0.0 1e-06 1e-06 -17.34647 -20.095201 -4.201775 21.757574 -1.638323 3.866446 -1.6e-05 -6.338807 6e-06 -1.69765 -22.591713 -6.194035 -0.0 -0.0 -3e-06 59.614376 -74.449394 132.962769 35.630917 -63.924084 -9.38927 29.910618 -0.167096 -0.078256 1.740089 15.292961 19.146772 22.182161 -20.375975 49.933411 -16.701714 -16.743563 28.476517 2.4e-05 -12.690623 -5e-06 15.360954 -17.950085 2.890187 -0.105928 -1.513846 -4.275883 -5.039056 -5.612864 -2.953554 -1.6e-05 -11.020509 1.7e-05 -6.111338 -15.895332 -3.840476 -0.0 1e-06 -2e-06 -10.283392 -5.680289 -4.341842 11.028279 -11.302362 -2.372608 -1.384309 -14.238556 -6.320112 -0.625499 -26.924177 -3.827586 -4.375013 -49.192215 -3.56279 -13.708551 -7.363479 -3.720941 18.14113 -14.052679 -3.242631 -4.5e-05 -18.787258 3.9e-05 -0.429739 -8.45606 2.555532 0.0 -1e-06 0.0 -15.923591 -20.094467 -5.473575 30.419231 -7.190766 1.735971 -1.3e-05 -8.162922 1.8e-05 -1.861979 -22.861488 -6.167915 -0.0 -2e-06 -2e-06 -175.688232 -1.894035 -11.262427 5.529752 0.030318 0.153866 -77.897369 -1.19596 -5.455604 -4.25033 1.484779 2.172802 -1.000001 0.0 -0.0 5.121308 -3.52048 -4.105543 5.489639 -0.057542 0.153355 -79.32991 0.489911 -6.761114 -3.844801 0.671639 1.699032 -1.000005 0.0 -0.0 
0.0 0.0 0.0 0.0 -0.0 0.0 0.111213 99.971405 -0.559042 90.050728 0.902766 92.408722 -1.459638 1.520382 0.023174 -11.155905 -0.039812 -0.107009 15.730812 -1.483265 -2.10926 25.144289 0.723207 2.456906 -2.667666 -0.66063 -1.777787 -34.85442 -0.955433 -2.416434 6e-06 0.0 -0.0 0.080062 0.01199 0.033735 0.093536 -0.003221 0.033566 0.114259 0.023011 0.041508 -130.468506 -68.100433 146.767746 38.548862 -58.15213 -8.14893 23.235415 -0.399473 -0.205041 -5.729064 17.800529 11.628263 17.636612 -26.322687 52.411053 -19.466648 -14.395565 29.410343 -1.3e-05 -8.774803 -3e-06 16.193682 -18.349728 6.286772 -0.609773 -1.795652 -3.889321 -4.807065 -11.046788 -2.937848 3.4e-05 -20.976004 3e-06 -5.019924 -25.033564 -4.031866 4e-06 -1e-06 1e-06 -10.634504 -5.686951 -3.565583 10.573266 -17.922934 -3.113897 2e-05 -13.821199 7e-06 -0.501737 -31.181528 -4.026985 -11.58057 -59.773102 7.517193 -13.982674 -7.150176 -2.87504 13.772704 -8.401497 -3.218235 0.34778 -34.211544 0.77166 -0.963017 -17.733402 2.621051 -0.0 -0.0 -2e-06 -17.346355 -20.095169 -4.201783 21.757502 -1.638398 3.866419 1e-05 -6.33882 2e-06 -1.697541 -22.591755 -6.194006 -0.0 -1e-06 -4e-06 60.019203 -74.5718 132.518448 36.453377 -63.890102 -10.046908 30.015379 -0.199372 -0.077943 1.705524 15.239289 19.222885 22.182034 -20.375751 49.933102 -16.701828 -16.743412 28.47644 -3.4e-05 -12.690528 -1e-06 15.338329 -17.983011 2.900605 -0.105916 -1.51386 -4.275866 -5.039007 -5.612856 -2.953554 3.1e-05 -11.020514 -2.6e-05 -6.111207 -15.895332 -3.840493 -0.0 0.0 1e-06 -10.28332 -5.680268 -4.341831 11.02826 -11.302402 -2.372644 -1.38422 -14.238565 -6.320124 -0.625326 -26.924208 -3.827636 -4.331636 -49.131336 -3.612357 -13.708458 -7.36345 -3.720936 18.141087 -14.052742 -3.242682 6.5e-05 -18.787237 -3.7e-05 -0.429681 -8.456042 2.555491 1e-06 -1e-06 3e-06 -15.923433 -20.094425 -5.473592 30.419058 -7.190858 1.7359 2.7e-05 -8.162907 -1.5e-05 -1.861778 -22.861458 -6.16797 0.0 -3e-06 -1e-06 -175.593704 -1.912596 -11.152456 5.533374 0.025236 0.153016 -77.879349 -1.160789 -5.42833 -4.283457 1.486459 2.169221 -0.999998 0.0 -0.0 5.255887 -3.50567 -4.219592 5.494605 -0.057578 0.152027 -79.36338 0.488798 -6.754557 -3.845838 0.668666 1.697203 -1.000001 -0.0 -0.0 
0.0 0.0 0.0 0.0 -0.0 0.0 0.079398 99.962021 -0.531437 90.059982 0.977096 92.530304 -1.500326 1.528806 0.033802 -11.179712 -0.023638 -0.062079 15.733542 -1.540449 -2.052217 25.756281 0.838544 2.444604 -2.690006 -0.63621 -1.763366 -34.386261 -0.763851 -2.443778 5e-06 0.0 0.0 0.08105 0.012898 0.043817 0.08396 -0.006179 0.043212 0.106568 0.027346 0.051752 -130.150055 -68.025589 146.44397 39.105431 -58.446209 -8.691183 23.492409 -0.367735 -0.20543 -5.470191 18.01156 11.362967 17.636801 -26.322939 52.41151 -19.467079 -14.395753 29.410753 -2.2e-05 -8.77496 3e-06 16.125231 -18.384212 6.290153 -0.609773 -1.795685 -3.889363 -4.807129 -11.046997 -2.937893 6.3e-05 -20.976477 -4.9e-05 -5.019986 -25.03422 -4.031975 6e-06 -1e-06 1e-06 -10.634634 -5.687041 -3.565605 10.573465 -17.923283 -3.113997 4.4e-05 -13.821502 -3.2e-05 -0.501651 -31.182386 -4.027158 -11.560829 -59.735245 7.503753 -13.982846 -7.150281 -2.875049 13.772928 -8.40166 -3.218314 0.347876 -34.212364 0.771551 -0.962972 -17.733829 2.621046 -2e-06 1e-06 1e-06 -17.346582 -20.095488 -4.201797 21.757835 -1.638429 3.866444 1.6e-05 -6.338952 -1.9e-05 -1.697518 -22.592339 -6.194194 1e-06 -4e-06 -2e-06 60.293556 -74.656342 132.235214 37.169659 -63.862003 -10.497835 29.986351 -0.25085 -0.091204 1.666496 15.088479 19.360912 22.182213 -20.375961 49.933594 -16.702089 -16.743702 28.476831 -1.5e-05 -12.690761 1.7e-05 15.337965 -17.995762 2.896566 -0.105911 -1.513876 -4.275915 -5.039084 -5.612938 -2.953579 1.3e-05 -11.020675 -2.8e-05 -6.111362 -15.895602 -3.84054 -0.0 0.0 -2e-06 -10.283449 -5.680346 -4.341855 11.028421 -11.302537 -2.372697 -1.384263 -14.238781 -6.320213 -0.625368 -26.924669 -3.827723 -4.305309 -49.100349 -3.630971 -13.708631 -7.363546 -3.720944 18.141363 -14.052903 -3.242768 3.9e-05 -18.787516 -5.2e-05 -0.4297 -8.456171 2.555516 -1e-06 0.0 1e-06 -15.923664 -20.094688 -5.473608 30.419542 -7.19091 1.735889 1.2e-05 -8.163019 -2.3e-05 -1.861861 -22.861834 -6.168104 1e-06 -2e-06 2e-06 -175.509384 -1.933288 -11.063497 5.533278 0.019387 0.150868 -77.866997 -1.141419 -5.422444 -4.296376 1.487489 2.165555 -1.000001 -1e-06 0.0 5.38096 -3.485476 -4.311964 5.492213 -0.058155 0.155282 -79.36808 0.47034 -6.72125 -3.846126 0.656014 1.69184 -1.000004 -0.0 0.0 
0.0 0.0 0.0 0.0 -0.0 0.0 0.050276 99.946747 -0.505575 90.063629 1.043477 92.644798 -1.535674 1.530359 0.04783 -11.203443 -0.013288 -0.026357 15.744267 -1.575215 -1.986842 26.282494 0.954224 2.445353 -2.697385 -0.598725 -1.778387 -34.005604 -0.592017 -2.462213 6e-06 0.0 0.0 0.082719 0.013748 0.051674 0.079882 -0.010073 0.050994 0.103284 0.032625 0.059757 -129.875748 -67.96698 146.161819 39.595657 -58.720612 -9.251698 23.65671 -0.376175 -0.209396 -5.262137 18.227875 11.259448 17.636673 -26.322836 52.411366 -19.466631 -14.395736 29.410471 3.3e-05 -8.774912 -4e-06 16.08773 -18.393223 6.284868 -0.609783 -1.79565 -3.889335 -4.807164 -11.046838 -2.937833 -7.2e-05 -20.976089 3.5e-05 -5.020131 -25.033739 -4.031924 6e-06 1e-06 -1e-06 -10.634611 -5.687001 -3.565575 10.573296 -17.922945 -3.113883 -4.7e-05 -13.821261 1.8e-05 -0.501918 -31.181719 -4.027041 -11.52775 -59.723209 7.48546 -13.982816 -7.150235 -2.87502 13.772815 -8.401459 -3.218247 0.347584 -34.211712 0.771736 -0.963104 -17.7335 2.621042 0.0 1e-06 2e-06 -17.346598 -20.095278 -4.201738 21.757748 -1.63832 3.866459 -2.3e-05 -6.33885 1.2e-05 -1.697717 -22.591906 -6.194041 1e-06 -4e-06 -3e-06 60.432564 -74.707367 132.106018 37.804592 -63.850903 -10.829044 29.841486 -0.310524 -0.122092 1.635672 14.912786 19.516459 22.182167 -20.375927 49.933266 -16.701647 -16.743559 28.476406 4.6e-05 -12.690619 -1.4e-05 15.348439 -17.995079 2.887822 -0.105927 -1.513843 -4.27587 -5.039066 -5.612863 -2.953538 -3.5e-05 -11.020493 2.9e-05 -6.111375 -15.895314 -3.840449 -1e-06 0.0 -0.0 -10.283401 -5.680295 -4.341823 11.028263 -11.302336 -2.372593 -1.384338 -14.238534 -6.320085 -0.625556 -26.924114 -3.827561 -4.301314 -49.094883 -3.618137 -13.708566 -7.363488 -3.720918 18.141106 -14.052641 -3.24261 -7.2e-05 -18.787226 3.6e-05 -0.429744 -8.456038 2.555516 -0.0 1e-06 3e-06 -15.923628 -20.094467 -5.47353 30.419222 -7.190724 1.735995 -2.5e-05 -8.162912 1.5e-05 -1.862015 -22.861458 -6.167916 -0.0 -2e-06 -1e-06 -175.434265 -1.961025 -10.989445 5.534834 0.018378 0.149586 -77.876701 -1.132458 -5.415821 -4.303179 1.480905 2.161612 -1.000004 -0.0 -1e-06 5.496481 -3.457884 -4.36056 5.489022 -0.057972 0.154072 -79.372643 0.414826 -6.691278 -3.850885 0.640776 1.685702 -1.000003 0.0 -0.0 
0.0 0.0 0.0 0.0 -0.0 0.0 0.022326 99.930122 -0.4741 90.067337 1.110821 92.758911 -1.569151 1.526229 0.060342 -11.226253 -0.011812 0.001981 15.767927 -1.593214 -1.930807 26.743019 1.071973 2.452776 -2.697879 -0.568144 -1.784968 -33.693298 -0.426466 -2.493513 6e-06 -0.0 -0.0 0.08254 0.014332 0.055349 0.075112 -0.013212 0.054688 0.098283 0.036697 0.063609 -129.615814 -67.930901 145.895798 39.997017 -58.961369 -9.700194 23.724676 -0.392489 -0.215038 -5.140769 18.410301 11.331649 17.63656 -26.322573 52.410912 -19.466524 -14.395546 29.410198 5e-06 -8.774781 -5e-06 16.082148 -18.390497 6.275443 -0.609774 -1.795644 -3.889308 -4.807071 -11.046743 -2.937827 -3e-06 -20.975874 1.1e-05 -5.019953 -25.03339 -4.031853 6e-06 0.0 1e-06 -10.634495 -5.686947 -3.565568 10.57322 -17.922846 -3.113873 -3e-06 -13.821128 8e-06 -0.501802 -31.181324 -4.026972 -11.47543 -59.712849 7.459454 -13.982661 -7.150162 -2.875023 13.772665 -8.401438 -3.218217 0.34771 -34.211327 0.771676 -0.963036 -17.733276 2.621016 1e-06 -1e-06 -1e-06 -17.346355 -20.095118 -4.201758 21.757467 -1.638362 3.866409 0.0 -6.338785 5e-06 -1.697596 -22.5916 -6.193962 -0.0 -3e-06 -3e-06 60.432167 -74.730782 132.146866 38.362617 -63.870003 -11.021636 29.606623 -0.34464 -0.149822 1.633501 14.769712 19.66194 22.182085 -20.375851 49.933281 -16.701815 -16.743498 28.476519 -1.3e-05 -12.690585 -1e-06 15.34459 -17.980183 2.882918 -0.105919 -1.513857 -4.275879 -5.03903 -5.612861 -2.953559 1.7e-05 -11.02052 -1.1e-05 -6.111271 -15.895356 -3.840495 -1e-06 0.0 0.0 -10.283351 -5.680282 -4.341843 11.028288 -11.302402 -2.372633 -1.384248 -14.238577 -6.320133 -0.625383 -26.924231 -3.827623 -4.300521 -49.074032 -3.616708 -13.708497 -7.363464 -3.720945 18.141136 -14.052734 -3.242679 3.1e-05 -18.787262 -1.2e-05 -0.429701 -8.456056 2.555512 0.0 -1e-06 1e-06 -15.923495 -20.094456 -5.473596 30.419167 -7.190838 1.735916 1.4e-05 -8.162917 0.0 -1.861855 -22.861483 -6.167954 0.0 -0.0 -3e-06 -175.354752 -1.991473 -10.919823 5.534589 0.021347 0.145938 -77.895912 -1.106652 -5.400999 -4.301907 1.477519 2.160444 -0.999999 0.0 0.0 5.609173 -3.426281 -4.391603 5.493175 -0.056297 0.145444 -79.390076 0.323224 -6.658098 -3.855676 0.626977 1.681286 -1.000002 -0.0 0.0 
0.0 0.0 0.0 0.0 -0.0 0.0 -0.008721 99.917625 -0.439243 90.0728 1.183952 92.869225 -1.605657 1.518484 0.064139 -11.247948 -0.013199 0.026405 15.806294 -1.607032 -1.886505 27.170687 1.203737 2.436752 -2.703402 -0.553649 -1.75805 -33.424175 -0.279141 -2.526744 7e-06 0.0 -0.0 0.080073 0.01544 0.060557 0.068904 -0.014029 0.060211 0.091797 0.03944 0.068707 -129.376907 -67.904427 145.659714 40.281784 -59.142365 -9.991265 23.70772 -0.40815 -0.224837 -5.111102 18.559139 11.499073 17.636564 -26.32268 52.411087 -19.466516 -14.395555 29.410278 2e-06 -8.774784 -5e-06 16.100317 -18.383572 6.264517 -0.609779 -1.795641 -3.889314 -4.807071 -11.046739 -2.937836 -3e-06 -20.975874 2.2e-05 -5.019958 -25.033398 -4.031862 6e-06 -2e-06 1e-06 -10.634492 -5.686941 -3.565582 10.573218 -17.922834 -3.113866 -2e-06 -13.821123 1.9e-05 -0.501803 -31.181313 -4.026955 -11.431581 -59.703587 7.441881 -13.982657 -7.150158 -2.875041 13.772666 -8.401438 -3.218216 0.347699 -34.211323 0.771713 -0.963054 -17.733284 2.621048 2e-06 -0.0 0.0 -17.346344 -20.095102 -4.20178 21.757467 -1.63837 3.866421 -1e-06 -6.338788 1.2e-05 -1.697597 -22.591616 -6.193964 1e-06 -4e-06 -3e-06 60.331676 -74.709526 132.315491 38.786522 -63.929798 -11.091786 29.373219 -0.35695 -0.159425 1.633601 14.666849 19.78425 22.182005 -20.375757 49.933018 -16.701626 -16.743383 28.476263 -3e-06 -12.690469 -7e-06 15.339596 -17.949327 2.871568 -0.105922 -1.513843 -4.275855 -5.039 -5.612814 -2.953536 6e-06 -11.020398 -0.0 -6.111215 -15.895135 -3.840444 0.0 -0.0 1e-06 -10.283312 -5.680243 -4.341818 11.028197 -11.302294 -2.372598 -1.384256 -14.23841 -6.320058 -0.625423 -26.92383 -3.827548 -4.283573 -49.045128 -3.637353 -13.70844 -7.36342 -3.720925 18.140985 -14.052605 -3.242626 7e-06 -18.78706 8e-06 -0.429707 -8.455947 2.555484 3e-06 0.0 -1e-06 -15.923429 -20.094328 -5.473565 30.418945 -7.190765 1.735932 4e-06 -8.162835 7e-06 -1.861882 -22.861191 -6.167858 1e-06 1e-06 -2e-06 -175.261078 -2.020273 -10.865965 5.532456 0.023742 0.147151 -77.92749 -1.079646 -5.39307 -4.295402 1.481107 2.161255 -0.999994 -0.0 0.0 5.734947 -3.39623 -4.426556 5.493279 -0.053915 0.134065 -79.420998 0.233159 -6.646591 -3.864822 0.622313 1.68098 -1.000002 -0.0 0.0 
0.0 0.0 0.0 0.0 -0.0 0.0 -0.045173 99.908127 -0.396555 90.07766 1.262089 92.973373 -1.645064 1.506395 0.062248 -11.268408 -0.013664 0.042871 15.857881 -1.62123 -1.850081 27.585371 1.342957 2.40541 -2.715903 -0.546406 -1.714955 -33.186039 -0.156229 -2.563673 6e-06 -0.0 0.0 0.076596 0.016628 0.066803 0.059234 -0.014278 0.066058 0.081678 0.041759 0.075336 -129.209976 -67.874641 145.491104 40.409557 -59.251312 -10.122817 23.613916 -0.430342 -0.232923 -5.128953 18.682461 11.613415 17.63669 -26.32279 52.411308 -19.466805 -14.395555 29.410522 -3e-05 -8.774826 -1e-05 16.113918 -18.382624 6.259067 -0.609777 -1.795663 -3.889338 -4.807056 -11.046854 -2.937883 7.8e-05 -20.976175 -2.8e-05 -5.019874 -25.033802 -4.031912 6e-06 2e-06 -0.0 -10.634514 -5.68697 -3.565613 10.57332 -17.923065 -3.113932 5.2e-05 -13.821304 -9e-06 -0.501633 -31.181831 -4.027049 -11.40609 -59.684174 7.442758 -13.982687 -7.150193 -2.875075 13.772741 -8.401574 -3.218252 0.347874 -34.211838 0.771611 -0.962981 -17.733562 2.621068 -0.0 3e-06 -1e-06 -17.346346 -20.095251 -4.201838 21.757532 -1.638437 3.866439 2.3e-05 -6.338866 -5e-06 -1.69747 -22.591965 -6.194085 -1e-06 -1e-06 -4e-06 60.147499 -74.64669 132.592819 39.062122 -64.025032 -11.028193 29.162457 -0.351909 -0.155735 1.632897 14.579144 19.841139 22.182112 -20.375875 49.933365 -16.701986 -16.743523 28.47665 -5e-05 -12.690619 8e-06 15.334401 -17.921833 2.8494 -0.105913 -1.513867 -4.275891 -5.039028 -5.61289 -2.953573 4.3e-05 -11.020597 -3e-05 -6.111236 -15.895464 -3.840517 -1e-06 1e-06 -1e-06 -10.283363 -5.680292 -4.341853 11.028336 -11.302485 -2.372668 -1.384211 -14.238667 -6.320168 -0.625307 -26.92444 -3.827663 -4.245429 -49.019409 -3.664015 -13.70851 -7.363474 -3.720954 18.141216 -14.05285 -3.242729 8.5e-05 -18.787384 -4.2e-05 -0.429676 -8.456115 2.555513 -2e-06 2e-06 -1e-06 -15.923481 -20.094522 -5.47363 30.419239 -7.190928 1.735875 3.1e-05 -8.162963 -1.7e-05 -1.861775 -22.861643 -6.168016 -0.0 -0.0 -3e-06 -175.156128 -2.049293 -10.83535 5.531237 0.022953 0.150642 -77.96772 -1.053509 -5.392779 -4.272812 1.482779 2.161875 -0.999997 -0.0 1e-06 5.874028 -3.368592 -4.469626 5.490587 -0.050843 0.122593 -79.472313 0.18206 -6.644704 -3.869116 0.624266 1.6837 -1.000001 -0.0 0.0 
0.0 0.0 0.0 0.0 -0.0 0.0 -0.084242 99.892471 -0.347699 90.081223 1.354676 93.079796 -1.675151 1.492652 0.059616 -11.283834 -0.021311 0.049971 15.918765 -1.632599 -1.819336 27.97488 1.484813 2.377358 -2.725501 -0.543744 -1.680597 -32.988182 -0.06544 -2.622307 6e-06 -0.0 0.0 0.074577 0.017273 0.071022 0.049639 -0.015563 0.06947 0.071274 0.044164 0.080294 -129.171692 -67.85257 145.436798 40.330536 -59.305462 -10.123483 23.469421 -0.457508 -0.233268 -5.171525 18.767347 11.63359 17.636644 -26.322731 52.411251 -19.466658 -14.395537 29.41041 -9e-06 -8.774798 -1.1e-05 16.124805 -18.383663 6.256768 -0.609778 -1.795654 -3.889329 -4.80707 -11.046802 -2.937865 2.9e-05 -20.976017 -1.2e-05 -5.019901 -25.033581 -4.031903 7e-06 -1e-06 -0.0 -10.634517 -5.686964 -3.565603 10.573261 -17.922955 -3.113902 2e-05 -13.821216 -1e-06 -0.501712 -31.18158 -4.027023 -11.39828 -59.658779 7.452957 -13.982687 -7.150189 -2.875061 13.772695 -8.4015 -3.218231 0.347777 -34.211563 0.77164 -0.963014 -17.733404 2.621037 0.0 0.0 -0.0 -17.346373 -20.095203 -4.201816 21.757498 -1.638392 3.866442 9e-06 -6.338825 -2e-06 -1.69753 -22.591776 -6.194041 0.0 -1e-06 -5e-06 59.893532 -74.540909 132.991043 39.223362 -64.122612 -10.840715 28.955143 -0.328858 -0.144071 1.609403 14.487472 19.765139 22.182121 -20.375937 49.933418 -16.701775 -16.743523 28.476562 0.0 -12.690593 -4e-06 15.34101 -17.896336 2.823483 -0.105926 -1.513852 -4.275883 -5.039041 -5.612865 -2.953564 0.0 -11.020515 1e-06 -6.111293 -15.895341 -3.840503 0.0 0.0 -1e-06 -10.283373 -5.680286 -4.341845 11.028283 -11.302386 -2.372627 -1.384269 -14.238566 -6.320135 -0.625426 -26.924192 -3.827618 -4.206435 -49.004246 -3.69473 -13.708527 -7.363475 -3.720953 18.141136 -14.05272 -3.242666 -4e-06 -18.78727 1.1e-05 -0.429721 -8.456061 2.555527 1e-06 1e-06 -3e-06 -15.923534 -20.094469 -5.473598 30.419189 -7.190809 1.735938 -0.0 -8.162921 1.1e-05 -1.861909 -22.861492 -6.167941 2e-06 -4e-06 0.0 -175.03447 -2.078785 -10.802227 5.528967 0.021141 0.153984 -78.018349 -1.032177 -5.396592 -4.236542 1.483729 2.163038 -0.999998 1e-06 -0.0 6.031541 -3.336539 -4.486908 5.484149 -0.045832 0.112599 -79.532631 0.116235 -6.629106 -3.857124 0.627458 1.686909 -1.000001 -0.0 0.0 
0.0 0.0 0.0 0.0 -0.0 0.0 -0.126011 99.873375 -0.294137 90.082047 1.448458 93.177971 -1.702063 1.47631 0.056381 -11.301752 -0.033275 0.051877 15.98867 -1.639664 -1.798954 28.343859 1.620871 2.353632 -2.729897 -0.547112 -1.6664 -32.851185 0.01065 -2.690598 6e-06 -0.0 -0.0 0.075966 0.017304 0.071346 0.046797 -0.017683 0.069656 0.067805 0.046239 0.080785 -129.178253 -67.82399 145.443359 40.135143 -59.306854 -10.036498 23.296061 -0.472313 -0.228258 -5.250018 18.79348 11.540132 17.636629 -26.322718 52.411148 -19.466608 -14.39543 29.410316 -3.6e-05 -8.774728 -1.5e-05 16.131149 -18.369886 6.25414 -0.609776 -1.79565 -3.88932 -4.807006 -11.046757 -2.937865 9e-05 -20.975964 -5e-06 -5.019792 -25.033482 -4.031835 6e-06 -0.0 0.0 -10.634447 -5.686922 -3.565615 10.573231 -17.922928 -3.11388 5.7e-05 -13.821168 1.2e-05 -0.501641 -31.181425 -4.026937 -11.369903 -59.636635 7.44706 -13.982597 -7.150137 -2.875084 13.772625 -8.401514 -3.218208 0.347869 -34.21146 0.771662 -0.962982 -17.733353 2.621076 1e-06 0.0 -2e-06 -17.346209 -20.095108 -4.201852 21.757336 -1.638442 3.866428 2.9e-05 -6.338805 4e-06 -1.697442 -22.591677 -6.193977 -0.0 -3e-06 -4e-06 59.592628 -74.399628 133.449402 39.212551 -64.234215 -10.496737 28.734303 -0.327038 -0.130541 1.570214 14.357481 19.644167 22.182024 -20.375784 49.933064 -16.701769 -16.743332 28.476355 -6.3e-05 -12.690454 -1e-05 15.356654 -17.865782 2.805931 -0.105918 -1.513852 -4.27586 -5.038972 -5.612817 -2.953553 5.8e-05 -11.020453 -2.1e-05 -6.111127 -15.895205 -3.840466 0.0 -0.0 1e-06 -10.283275 -5.680223 -4.341837 11.028227 -11.302376 -2.372622 -1.384178 -14.238474 -6.32009 -0.62528 -26.924025 -3.827563 -4.166697 -49.008286 -3.717521 -13.708395 -7.363391 -3.720955 18.141027 -14.052721 -3.242661 0.000107 -18.787136 -1.6e-05 -0.429661 -8.455993 2.5555 0.0 -0.0 -1e-06 -15.923323 -20.094309 -5.473621 30.418911 -7.1909 1.735895 4.3e-05 -8.162868 -2e-06 -1.861726 -22.86129 -6.167883 2e-06 -2e-06 -1e-06 -174.905991 -2.113975 -10.753817 5.530049 0.018694 0.159767 -78.080627 -1.014617 -5.409636 -4.199503 1.488208 2.165291 -1.000001 1e-06 0.0 6.193904 -3.297553 -4.480769 5.475265 -0.044237 0.105248 -79.581215 0.027846 -6.615123 -3.846696 0.629101 1.689351 -1.0 -0.0 0.0 
0.0 0.0 0.0 0.0 -0.0 0.0 -0.166305 99.857864 -0.236205 90.083298 1.531572 93.27713 -1.738485 1.453455 0.054439 -11.322405 -0.048003 0.046999 16.063099 -1.643753 -1.795344 28.715269 1.759063 2.326615 -2.735859 -0.549385 -1.680556 -32.764038 0.071036 -2.755379 6e-06 -0.0 0.0 0.077954 0.016782 0.068762 0.049506 -0.021442 0.068057 0.068712 0.048984 0.077453 -129.190918 -67.768547 145.480347 39.896862 -59.24855 -9.900641 23.077463 -0.495326 -0.22709 -5.349418 18.775925 11.457205 17.636726 -26.322752 52.411278 -19.466782 -14.395542 29.410488 -2.6e-05 -8.774827 -1.6e-05 16.129896 -18.343258 6.266195 -0.609776 -1.795661 -3.889337 -4.807063 -11.046843 -2.937886 7.8e-05 -20.976135 -3.8e-05 -5.019855 -25.033737 -4.031936 6e-06 1e-06 2e-06 -10.634528 -5.686975 -3.565615 10.57332 -17.923042 -3.113926 5.2e-05 -13.821282 -1.5e-05 -0.501622 -31.181765 -4.027063 -11.346522 -59.62534 7.448519 -13.9827 -7.150196 -2.875076 13.772741 -8.401558 -3.218244 0.34787 -34.211754 0.771602 -0.962975 -17.733509 2.621057 0.0 -2e-06 1e-06 -17.346367 -20.095253 -4.201845 21.75754 -1.638431 3.866455 2.4e-05 -6.338852 -8e-06 -1.69747 -22.591898 -6.194092 -0.0 -2e-06 -2e-06 59.253532 -74.220497 133.933701 38.975548 -64.380135 -9.926361 28.502605 -0.338675 -0.121583 1.516514 14.180232 19.487627 22.182138 -20.375929 49.933372 -16.701893 -16.743517 28.47661 -3.4e-05 -12.690604 4e-06 15.377584 -17.837568 2.796972 -0.105916 -1.513861 -4.275887 -5.039029 -5.612878 -2.95357 3e-05 -11.02057 -1.3e-05 -6.111253 -15.89542 -3.840502 -0.0 -1e-06 0.0 -10.283364 -5.680285 -4.34185 11.028317 -11.302451 -2.372648 -1.38423 -14.238635 -6.320151 -0.625359 -26.924383 -3.827623 -4.152587 -49.019943 -3.719897 -13.70851 -7.363469 -3.720954 18.141184 -14.052814 -3.242695 5.5e-05 -18.787359 -8e-06 -0.429694 -8.456106 2.55553 1e-06 0.0 -2e-06 -15.923498 -20.094494 -5.473612 30.419207 -7.190895 1.735904 2.4e-05 -8.162961 -0.0 -1.861819 -22.86162 -6.167972 -1e-06 -1e-06 -0.0 -174.786469 -2.149536 -10.705333 5.539553 0.016435 0.169708 -78.132401 -0.984876 -5.429053 -4.184257 1.490086 2.166206 -1.000001 0.0 0.0 6.350173 -3.258606 -4.479924 5.465835 -0.043462 0.096625 -79.617058 -0.052252 -6.600023 -3.857687 0.632152 1.690799 -1.000005 0.0 0.0 
0.0 0.0 0.0 0.0 -0.0 0.0 -0.201161 99.842125 -0.173376 90.082314 1.602932 93.380814 -1.785337 1.431091 0.051042 -11.346166 -0.064 0.038966 16.144855 -1.648884 -1.801022 29.079094 1.892054 2.296935 -2.736174 -0.545649 -1.721682 -32.689388 0.112666 -2.834249 6e-06 -0.0 0.0 0.079498 0.01637 0.066876 0.05296 -0.024062 0.066735 0.068591 0.051024 0.075226 -129.236237 -67.683868 145.583527 39.675079 -59.131081 -9.785648 22.797319 -0.525873 -0.223954 -5.447567 18.71979 11.380839 17.63658 -26.322676 52.411163 -19.466505 -14.395541 29.410313 9e-06 -8.774786 -9e-06 16.125154 -18.312778 6.286646 -0.60978 -1.795641 -3.889319 -4.80708 -11.046744 -2.937843 -1.2e-05 -20.975887 1.4e-05 -5.019954 -25.033419 -4.031892 6e-06 1e-06 -1e-06 -10.634501 -5.686946 -3.565588 10.573206 -17.922831 -3.113865 -9e-06 -13.821124 1.5e-05 -0.501806 -31.18133 -4.026986 -11.330494 -59.621616 7.457547 -13.982671 -7.150169 -2.875049 13.772663 -8.40143 -3.21821 0.347681 -34.21133 0.771709 -0.963063 -17.733288 2.621046 -1e-06 -0.0 -0.0 -17.346367 -20.095119 -4.201788 21.757473 -1.638355 3.866438 -4e-06 -6.338789 1e-05 -1.6976 -22.591621 -6.193989 -0.0 -5e-06 -2e-06 58.920708 -74.017731 134.422211 38.605438 -64.567039 -9.192703 28.23237 -0.326599 -0.111744 1.418828 13.965303 19.341887 22.182085 -20.375881 49.933254 -16.701647 -16.743444 28.4764 3e-06 -12.690521 -1.1e-05 15.405024 -17.808514 2.794131 -0.105925 -1.513844 -4.275868 -5.039023 -5.612835 -2.953548 1e-06 -11.020453 7e-06 -6.111264 -15.895239 -3.84047 -0.0 1e-06 -1e-06 -10.28334 -5.68026 -4.341838 11.028226 -11.302325 -2.372599 -1.384269 -14.238476 -6.320092 -0.625445 -26.924004 -3.827563 -4.155119 -49.057827 -3.698197 -13.708477 -7.363439 -3.720945 18.141039 -14.052641 -3.24262 -1.2e-05 -18.787146 3.2e-05 -0.429721 -8.456002 2.555516 1e-06 -1e-06 1e-06 -15.923478 -20.09437 -5.473588 30.419033 -7.190774 1.73596 -3e-06 -8.162874 2e-05 -1.861913 -22.86132 -6.167875 1e-06 -3e-06 -1e-06 -174.683899 -2.18858 -10.657251 5.55713 0.01562 0.179078 -78.195633 -0.929864 -5.460286 -4.186446 1.490397 2.166128 -0.999998 -0.0 0.0 6.491168 -3.215435 -4.470826 5.458236 -0.041713 0.094275 -79.637856 -0.156469 -6.595311 -3.879288 0.638267 1.692664 -1.0 -0.0 -0.0 
0.0 0.0 0.0 0.0 -0.0 0.0 -0.234966 99.820755 -0.109044 90.085716 1.669646 93.482079 -1.836545 1.406755 0.03989 -11.374669 -0.079982 0.029577 16.239189 -1.657528 -1.81305 29.429277 2.020781 2.266637 -2.732444 -0.545638 -1.787273 -32.618843 0.133807 -2.913526 6e-06 0.0 -0.0 0.079914 0.015584 0.063865 0.055645 -0.026021 0.063826 0.065974 0.051868 0.072498 -129.296844 -67.564682 145.726471 39.497826 -58.988064 -9.736478 22.442949 -0.54342 -0.223846 -5.526014 18.621723 11.319126 17.636576 -26.322598 52.41098 -19.466507 -14.395541 29.410231 9e-06 -8.774788 -1.1e-05 16.125336 -18.290131 6.307167 -0.609776 -1.795642 -3.889309 -4.80708 -11.046745 -2.937834 -1.3e-05 -20.975887 1.2e-05 -5.019961 -25.033424 -4.031881 6e-06 2e-06 0.0 -10.634501 -5.686946 -3.565571 10.573207 -17.922831 -3.113864 -1e-05 -13.821129 1e-05 -0.501805 -31.181347 -4.026992 -11.333785 -59.630775 7.474991 -13.982668 -7.150168 -2.875031 13.772663 -8.401428 -3.218211 0.347691 -34.21133 0.771687 -0.963047 -17.733288 2.621029 0.0 -1e-06 -0.0 -17.346371 -20.095114 -4.201761 21.757477 -1.638352 3.866426 -4e-06 -6.338789 7e-06 -1.697599 -22.591631 -6.193985 1e-06 -4e-06 -3e-06 58.556454 -73.80088 134.972946 38.113876 -64.760696 -8.309658 27.934196 -0.309433 -0.095869 1.249818 13.709636 19.193562 22.182076 -20.375843 49.933216 -16.701757 -16.743526 28.47648 1.1e-05 -12.690602 -1e-06 15.446765 -17.778904 2.786276 -0.105921 -1.513852 -4.275874 -5.039045 -5.61287 -2.953547 -7e-06 -11.020524 -2e-06 -6.111323 -15.895377 -3.840485 -0.0 -0.0 -1e-06 -10.283363 -5.680287 -4.341824 11.028274 -11.302371 -2.372627 -1.384287 -14.238576 -6.320123 -0.625455 -26.924227 -3.827622 -4.160844 -49.124329 -3.679048 -13.708512 -7.363473 -3.720926 18.141115 -14.052691 -3.242661 -1.7e-05 -18.787262 -2e-06 -0.429721 -8.456057 2.555506 1e-06 -1e-06 -0.0 -15.923543 -20.094454 -5.473559 30.419193 -7.190777 1.735936 -8e-06 -8.162926 0.0 -1.861924 -22.861525 -6.167968 0.0 -3e-06 -3e-06 -174.584 -2.224047 -10.628432 5.57323 0.015966 0.185827 -78.267349 -0.841754 -5.477999 -4.177993 1.491432 2.166471 -0.999999 0.0 -0.0 6.630195 -3.177058 -4.46969 5.451266 -0.038985 0.095243 -79.671463 -0.25762 -6.596228 -3.910315 0.638926 1.693006 -1.000003 0.0 0.0 
0.0 0.0 0.0 0.0 -0.0 0.0 -0.265125 99.798393 -0.041111 90.093086 1.732444 93.573448 -1.884637 1.380446 0.028179 -11.397448 -0.095024 0.019151 16.331146 -1.672923 -1.818785 29.768324 2.150876 2.231966 -2.727668 -0.538585 -1.885756 -32.559734 0.129176 -2.99122 6e-06 0.0 -0.0 0.079971 0.015404 0.059172 0.06049 -0.028414 0.058962 0.063862 0.05455 0.068254 -129.402542 -67.438683 145.93573 39.30946 -58.856125 -9.771569 22.085085 -0.555011 -0.224735 -5.564819 18.518423 11.29413 17.636599 -26.322786 52.411312 -19.466631 -14.395587 29.410458 -3e-06 -8.774821 -3e-06 16.127726 -18.282604 6.326192 -0.609778 -1.795649 -3.88933 -4.807082 -11.046794 -2.937856 8e-06 -20.976028 9e-06 -5.019961 -25.033623 -4.031895 6e-06 2e-06 1e-06 -10.634515 -5.686956 -3.565599 10.573262 -17.922934 -3.113894 3e-06 -13.821221 1.2e-05 -0.501774 -31.181618 -4.027008 -11.34974 -59.654736 7.495853 -13.982688 -7.150185 -2.875057 13.772711 -8.401487 -3.218235 0.347725 -34.211594 0.771694 -0.963051 -17.733444 2.621062 0.0 -2e-06 -1e-06 -17.346376 -20.095175 -4.201804 21.757524 -1.638381 3.866432 3e-06 -6.338829 8e-06 -1.697574 -22.591812 -6.194024 -1e-06 -2e-06 -1e-06 58.204372 -73.566849 135.543274 37.505779 -64.934311 -7.382726 27.657452 -0.325053 -0.083449 1.047508 13.407074 18.982618 22.18214 -20.376036 49.933475 -16.701708 -16.743488 28.476549 -2e-06 -12.690567 -1.1e-05 15.497933 -17.750771 2.773833 -0.105927 -1.513848 -4.275884 -5.039033 -5.612855 -2.953569 4e-06 -11.020515 2e-05 -6.111284 -15.895339 -3.840484 0.0 0.0 -2e-06 -10.283353 -5.680268 -4.341862 11.028255 -11.302382 -2.3726 -1.384263 -14.238552 -6.320121 -0.625456 -26.924194 -3.827563 -4.166668 -49.219746 -3.661174 -13.708498 -7.363457 -3.720965 18.14109 -14.052716 -3.24263 -1.1e-05 -18.787266 5.1e-05 -0.429732 -8.456067 2.555553 2e-06 -2e-06 -1e-06 -15.923493 -20.094425 -5.473612 30.419106 -7.190816 1.735961 -4e-06 -8.162933 3.2e-05 -1.861928 -22.861513 -6.167887 1e-06 -5e-06 -0.0 -174.477615 -2.249588 -10.620777 5.571599 0.016543 0.193018 -78.343109 -0.753752 -5.482135 -4.148937 1.4878 2.165647 -0.999996 1e-06 -0.0 6.772626 -3.149218 -4.485729 5.438313 -0.035869 0.097554 -79.727943 -0.321346 -6.607881 -3.943861 0.63655 1.692125 -0.999999 -0.0 -0.0 
0.0 0.0 0.0 0.0 -0.0 0.0 -0.283703 99.778481 0.02795 90.100937 1.781706 93.650269 -1.937415 1.358558 0.017147 -11.418948 -0.108489 0.009657 16.424994 -1.694592 -1.821179 30.101027 2.275953 2.188342 -2.727509 -0.528289 -1.99644 -32.504875 0.123936 -3.056907 6e-06 0.0 0.0 0.079224 0.015498 0.055267 0.065763 -0.030462 0.054924 0.063457 0.057439 0.064386 -129.511688 -67.283478 146.143417 39.060417 -58.740292 -9.806831 21.767654 -0.571561 -0.226517 -5.580131 18.377016 11.217608 17.636539 -26.322481 52.410786 -19.466461 -14.395345 29.410101 -2.4e-05 -8.774684 -1.9e-05 16.107439 -18.270664 6.33777 -0.609773 -1.795641 -3.889296 -4.807 -11.046693 -2.937846 6.2e-05 -20.975807 -9e-06 -5.019791 -25.033285 -4.031832 6e-06 -1e-06 -0.0 -10.634404 -5.686907 -3.565587 10.57315 -17.9228 -3.113858 4.1e-05 -13.821074 -1e-06 -0.501664 -31.18119 -4.026939 -11.35561 -59.652515 7.486685 -13.982538 -7.150116 -2.875061 13.77254 -8.401445 -3.218184 0.347831 -34.211197 0.771633 -0.96298 -17.733221 2.621031 1e-06 -2e-06 -1e-06 -17.346153 -20.095011 -4.201818 21.757233 -1.638405 3.866417 2.1e-05 -6.338761 0.0 -1.697463 -22.591511 -6.193952 0.0 -2e-06 -3e-06 57.863697 -73.320358 136.112335 36.752216 -65.081932 -6.365685 27.417929 -0.36864 -0.07684 0.852516 13.070297 18.732311 22.181902 -20.375704 49.932953 -16.701668 -16.743269 28.476274 -4.6e-05 -12.690392 -1e-06 15.533968 -17.740572 2.768663 -0.10592 -1.513847 -4.275847 -5.03896 -5.612803 -2.953542 4.3e-05 -11.020406 -2.2e-05 -6.11111 -15.89515 -3.840463 0.0 1e-06 -1e-06 -10.283243 -5.680217 -4.341825 11.028168 -11.302317 -2.372611 -1.384184 -14.238417 -6.320076 -0.625297 -26.923887 -3.827568 -4.170434 -49.317383 -3.653168 -13.708352 -7.363384 -3.720942 18.14093 -14.052643 -3.242647 7.5e-05 -18.787056 -1.3e-05 -0.429679 -8.455957 2.555488 -0.0 -1e-06 -0.0 -15.92328 -20.094257 -5.473604 30.418774 -7.190827 1.735889 2.9e-05 -8.162834 -1e-06 -1.861748 -22.861181 -6.16786 -1e-06 -2e-06 -3e-06 -174.378525 -2.26667 -10.62617 5.564768 0.012468 0.20615 -78.415466 -0.681277 -5.493805 -4.133506 1.479884 2.162537 -0.999995 0.0 0.0 6.897462 -3.131526 -4.508965 5.426882 -0.033922 0.098229 -79.798996 -0.364761 -6.639511 -3.988367 0.631758 1.690472 -0.999996 -0.0 -0.0 
0.0 0.0 0.0 0.0 -0.0 0.0 -0.289004 99.764397 0.097467 90.107239 1.825361 93.694138 -1.986163 1.340519 0.009048 -11.439769 -0.118445 -0.003252 16.516369 -1.709599 -1.809516 30.432728 2.380795 2.137544 -2.732534 -0.515142 -2.102 -32.479481 0.119081 -3.107998 6e-06 0.0 -0.0 0.0791 0.015803 0.055788 0.066498 -0.032168 0.055339 0.06112 0.06031 0.064819 -129.620087 -67.117104 146.342453 38.765171 -58.676838 -9.835306 21.502089 -0.586291 -0.225838 -5.55445 18.208096 11.146542 17.636597 -26.322668 52.411068 -19.466606 -14.395541 29.410311 -6e-06 -8.774791 -4e-06 16.101675 -18.264212 6.342843 -0.609774 -1.795651 -3.889319 -4.807069 -11.046783 -2.937844 1.7e-05 -20.975981 1e-06 -5.019928 -25.033543 -4.03187 6e-06 1e-06 1e-06 -10.634502 -5.686957 -3.565583 10.573241 -17.922915 -3.113891 1.1e-05 -13.821191 1e-06 -0.501747 -31.181511 -4.027002 -11.337127 -59.641281 7.455599 -13.982672 -7.150178 -2.875041 13.772685 -8.401479 -3.218231 0.347754 -34.211514 0.771653 -0.963018 -17.733381 2.621033 1e-06 -1e-06 -1e-06 -17.346361 -20.095167 -4.201781 21.757484 -1.638379 3.86642 6e-06 -6.338816 -0.0 -1.697556 -22.591749 -6.194005 -1e-06 -3e-06 -1e-06 57.645123 -73.08828 136.576035 35.981632 -65.24025 -5.358035 27.205372 -0.397954 -0.07001 0.691717 12.802932 18.436598 22.182102 -20.375937 49.933319 -16.701756 -16.743458 28.47649 -2.4e-05 -12.690536 -0.0 15.559248 -17.723438 2.767399 -0.105924 -1.513852 -4.275878 -5.039018 -5.612851 -2.95356 2.3e-05 -11.020505 1e-06 -6.111229 -15.895307 -3.840472 0.0 1e-06 2e-06 -10.283342 -5.680264 -4.341848 11.02826 -11.302388 -2.372617 -1.384236 -14.238539 -6.320112 -0.625396 -26.924154 -3.827564 -4.18255 -49.404747 -3.638429 -13.708486 -7.363448 -3.720953 18.14109 -14.052726 -3.242651 3.1e-05 -18.787237 2.1e-05 -0.429704 -8.456045 2.555525 1e-06 1e-06 2e-06 -15.923466 -20.094421 -5.473604 30.419081 -7.190843 1.735926 1.2e-05 -8.162917 1.5e-05 -1.861854 -22.861454 -6.167896 1e-06 -4e-06 -0.0 -174.282059 -2.27421 -10.634918 5.555602 0.00669 0.229449 -78.494522 -0.656188 -5.519632 -4.128953 1.468748 2.158696 -1.0 1e-06 0.0 7.008174 -3.119469 -4.512708 5.419722 -0.03214 0.094637 -79.874084 -0.42139 -6.653584 -4.028159 0.627069 1.689543 -1.0 -0.0 0.0 
0.0 0.0 0.0 0.0 -0.0 0.0 -0.289007 99.751106 0.166774 90.114693 1.85799 93.712708 -2.029532 1.325401 0.011823 -11.462816 -0.125698 -0.017031 16.606409 -1.724144 -1.818527 30.765953 2.484428 2.083657 -2.738956 -0.506003 -2.193453 -32.470867 0.105576 -3.167539 6e-06 0.0 0.0 0.079637 0.015679 0.0577 0.058071 -0.033651 0.055722 0.050261 0.062095 0.068027 -129.720901 -66.938477 146.521317 38.430698 -58.649033 -9.858028 21.28513 -0.62472 -0.222558 -5.505483 18.002676 11.104305 17.636625 -26.32272 52.411194 -19.466663 -14.395656 29.410412 1e-05 -8.774858 -1e-06 16.106495 -18.249407 6.345253 -0.609776 -1.795651 -3.889328 -4.807113 -11.046818 -2.937845 -1.5e-05 -20.976042 4e-06 -5.020018 -25.033638 -4.031911 6e-06 1e-06 0.0 -10.63456 -5.686979 -3.565578 10.573288 -17.922941 -3.113902 -1.1e-05 -13.821227 3e-06 -0.501807 -31.18162 -4.027043 -11.335225 -59.64682 7.449758 -13.98275 -7.150212 -2.875026 13.772763 -8.401476 -3.21825 0.347698 -34.211613 0.771669 -0.963045 -17.733437 2.621028 -0.0 -1e-06 -1e-06 -17.346483 -20.095232 -4.201758 21.757631 -1.638356 3.86643 -5e-06 -6.338832 1e-06 -1.697622 -22.591816 -6.19404 0.0 -2e-06 -4e-06 57.51432 -72.885674 136.926682 35.153591 -65.439796 -4.329284 27.047184 -0.395243 -0.065145 0.577377 12.615437 18.086555 22.182203 -20.37602 49.933552 -16.701841 -16.743639 28.476673 2.2e-05 -12.690699 4e-06 15.58569 -17.697817 2.759949 -0.105922 -1.513856 -4.275896 -5.039079 -5.612903 -2.953567 -1.6e-05 -11.020596 1.1e-05 -6.111384 -15.895492 -3.840504 -0.0 1e-06 0.0 -10.283424 -5.680321 -4.34185 11.028339 -11.302437 -2.372632 -1.384308 -14.238677 -6.320162 -0.625498 -26.924461 -3.827632 -4.194086 -49.473186 -3.633714 -13.708596 -7.36352 -3.720943 18.141228 -14.052771 -3.242678 -3.9e-05 -18.787405 1.6e-05 -0.429738 -8.456132 2.555537 -0.0 -1e-06 -0.0 -15.923649 -20.094572 -5.473579 30.419378 -7.190803 1.735956 -1.6e-05 -8.162984 9e-06 -1.861976 -22.861706 -6.167999 0.0 -3e-06 -3e-06 -174.194977 -2.270822 -10.64999 5.547301 0.000688 0.250662 -78.578514 -0.645413 -5.533736 -4.132777 1.45969 2.155569 -1.000002 0.0 -1e-06 7.100373 -3.115825 -4.513068 5.41268 -0.030453 0.091354 -79.939384 -0.460043 -6.659297 -4.055835 0.623302 1.689228 -1.000001 -0.0 -0.0 
0.0 0.0 0.0 0.0 -0.0 0.0 -0.286972 99.738205 0.229964 90.119781 1.879236 93.723671 -2.063726 1.317626 0.019168 -11.492623 -0.128485 -0.028459 16.695112 -1.743966 -1.854234 31.09457 2.591986 2.037073 -2.739146 -0.51043 -2.256771 -32.49593 0.08239 -3.26038 6e-06 0.0 -0.0 0.081694 0.014717 0.060043 0.051429 -0.034774 0.057082 0.04096 0.061853 0.071285 -129.798187 -66.757187 146.685165 38.106632 -58.629307 -9.834601 21.11389 -0.663776 -0.216497 -5.499893 17.744034 11.050103 17.636616 -26.322683 52.411152 -19.466568 -14.395606 29.410328 1.4e-05 -8.774827 -7e-06 16.11165 -18.215296 6.347404 -0.609779 -1.795645 -3.889321 -4.807104 -11.046774 -2.93784 -2.1e-05 -20.975941 1e-05 -5.019997 -25.033497 -4.031901 5e-06 1e-06 -0.0 -10.63454 -5.686966 -3.565578 10.573247 -17.922874 -3.113878 -1.5e-05 -13.821164 8e-06 -0.501821 -31.181429 -4.027008 -11.344355 -59.664928 7.477697 -13.982725 -7.150193 -2.875033 13.77272 -8.401446 -3.218229 0.347682 -34.21143 0.771686 -0.963055 -17.733335 2.621029 -1e-06 -1e-06 1e-06 -17.346445 -20.095175 -4.201767 21.757565 -1.638349 3.866436 -6e-06 -6.338804 5e-06 -1.697628 -22.591688 -6.194004 -0.0 -3e-06 -1e-06 57.458202 -72.701675 137.146942 34.227768 -65.677139 -3.242663 26.983759 -0.364747 -0.062241 0.50654 12.503625 17.710173 22.182184 -20.375933 49.933422 -16.701811 -16.743595 28.476583 2.4e-05 -12.690666 -2e-06 15.613866 -17.66136 2.746278 -0.105923 -1.513855 -4.27589 -5.039073 -5.612893 -2.953561 -1.7e-05 -11.020567 2e-06 -6.11137 -15.895449 -3.840495 0.0 0.0 2e-06 -10.283414 -5.680314 -4.341842 11.028316 -11.302411 -2.37263 -1.384306 -14.238635 -6.320148 -0.625476 -26.924345 -3.827644 -4.186954 -49.505985 -3.646249 -13.708582 -7.36351 -3.720936 18.141195 -14.052739 -3.24267 -3.3e-05 -18.787348 2e-06 -0.429724 -8.456099 2.555521 -3e-06 1e-06 0.0 -15.923634 -20.094551 -5.473574 30.419334 -7.190791 1.73596 -1.1e-05 -8.162959 2e-06 -1.861953 -22.861622 -6.168003 -1e-06 -2e-06 -0.0 -174.119186 -2.266323 -10.657262 5.540658 -0.004319 0.265279 -78.649437 -0.626081 -5.533807 -4.144394 1.458265 2.154841 -1.000003 1e-06 -0.0 7.171358 -3.110376 -4.49717 5.411111 -0.030132 0.092486 -80.004387 -0.508842 -6.664641 -4.057562 0.622484 1.688815 -1.000003 0.0 -0.0 
0.0 0.0 0.0 0.0 -0.0 0.0 -0.287755 99.725082 0.281975 90.121521 1.880981 93.715218 -2.098801 1.314817 0.023598 -11.524532 -0.130441 -0.038664 16.778812 -1.766399 -1.902799 31.396269 2.707243 2.00053 -2.734598 -0.523318 -2.291172 -32.540184 0.06371 -3.355497 6e-06 -0.0 -0.0 0.08339 0.013297 0.056961 0.047536 -0.03546 0.053281 0.034853 0.060179 0.068992 -129.854691 -66.585434 146.825165 37.812107 -58.622421 -9.792286 20.966143 -0.702366 -0.204626 -5.531951 17.471497 10.988349 17.636675 -26.322756 52.411255 -19.466722 -14.395664 29.410458 8e-06 -8.774879 -2e-06 16.098518 -18.178642 6.356483 -0.609778 -1.79566 -3.889333 -4.80712 -11.046845 -2.937854 -7e-06 -20.976109 -3e-06 -5.02002 -25.033735 -4.031926 6e-06 1e-06 -0.0 -10.634578 -5.686991 -3.565585 10.573313 -17.922997 -3.113914 -4e-06 -13.821266 -5e-06 -0.501784 -31.181726 -4.027068 -11.359832 -59.679981 7.513175 -13.982769 -7.150223 -2.875035 13.772789 -8.401505 -3.218255 0.347717 -34.21172 0.771648 -0.96304 -17.733496 2.621033 -0.0 -2e-06 0.0 -17.346506 -20.095276 -4.201769 21.757671 -1.638368 3.866441 -2e-06 -6.33885 -1e-06 -1.697613 -22.591902 -6.194068 -1e-06 -4e-06 -1e-06 57.451447 -72.526588 137.272385 33.269382 -65.898773 -2.16758 27.029154 -0.328321 -0.058685 0.473618 12.417115 17.379744 22.182171 -20.375923 49.933384 -16.701832 -16.743584 28.47657 1.4e-05 -12.690659 -3e-06 15.617584 -17.625988 2.747158 -0.10592 -1.513857 -4.275888 -5.039066 -5.612891 -2.953557 -1e-05 -11.020562 -3e-06 -6.111353 -15.895428 -3.840489 0.0 -0.0 0.0 -10.283407 -5.680311 -4.341836 11.028319 -11.302418 -2.372634 -1.384296 -14.23864 -6.32014 -0.625462 -26.924351 -3.827641 -4.160351 -49.514172 -3.672544 -13.708572 -7.363505 -3.720931 18.141197 -14.052753 -3.242679 -1.5e-05 -18.78734 -3e-06 -0.429719 -8.456092 2.555515 -0.0 -1e-06 1e-06 -15.923613 -20.094543 -5.473572 30.419321 -7.19081 1.735945 -2e-06 -8.162957 -4e-06 -1.861923 -22.861614 -6.167998 0.0 -1e-06 -1e-06 -174.062424 -2.263948 -10.649135 5.53481 -0.006703 0.273255 -78.710136 -0.597454 -5.537155 -4.151807 1.462634 2.156173 -0.999998 1e-06 0.0 7.215655 -3.107594 -4.475897 5.411638 -0.032805 0.100552 -80.065445 -0.53838 -6.690974 -4.057332 0.626612 1.688602 -1.000002 0.0 0.0 
0.0 0.0 0.0 0.0 -0.0 0.0 -0.285816 99.710442 0.335829 90.115669 1.870207 93.683411 -2.133448 1.313826 0.019182 -11.551243 -0.133267 -0.048317 16.853432 -1.787046 -1.946142 31.675037 2.838013 1.966721 -2.729916 -0.537828 -2.310739 -32.600052 0.048547 -3.458081 6e-06 0.0 -0.0 0.085929 0.0124 0.054527 0.044607 -0.035631 0.049756 0.029849 0.05901 0.067979 -129.923874 -66.441986 146.983658 37.560905 -58.645905 -9.809806 20.832823 -0.736587 -0.192128 -5.57661 17.228031 10.979312 17.636721 -26.322914 52.411442 -19.466747 -14.395609 29.410528 -1.3e-05 -8.774848 -8e-06 16.085766 -18.149837 6.366817 -0.609782 -1.795657 -3.889343 -4.80709 -11.046861 -2.937865 2.7e-05 -20.976171 1.7e-05 -5.019965 -25.033796 -4.031885 5e-06 -2e-06 1e-06 -10.634554 -5.686983 -3.565611 10.573317 -17.923059 -3.113901 1.7e-05 -13.821312 1.6e-05 -0.501751 -31.181843 -4.027002 -11.364588 -59.684681 7.538054 -13.982739 -7.150212 -2.875067 13.772771 -8.401549 -3.218242 0.347763 -34.211849 0.771695 -0.963037 -17.733574 2.621083 -1e-06 0.0 0.0 -17.346436 -20.095282 -4.201812 21.757603 -1.638407 3.866454 1e-05 -6.338873 5e-06 -1.697556 -22.591986 -6.194046 -0.0 -3e-06 -2e-06 57.501991 -72.34713 137.337784 32.353672 -66.075516 -1.135984 27.16223 -0.298123 -0.052526 0.44431 12.343538 17.107996 22.182226 -20.376028 49.93359 -16.701914 -16.743576 28.476698 -1.7e-05 -12.690656 -3e-06 15.602951 -17.6049 2.764847 -0.105921 -1.513863 -4.275902 -5.03906 -5.612899 -2.953579 1.7e-05 -11.020605 -9e-06 -6.111308 -15.89549 -3.840525 -0.0 -0.0 -1e-06 -10.283404 -5.680305 -4.34187 11.028346 -11.302471 -2.372645 -1.384254 -14.23868 -6.320178 -0.625393 -26.924471 -3.827649 -4.141606 -49.524143 -3.683373 -13.708569 -7.363499 -3.72097 18.141235 -14.052829 -3.242692 2.8e-05 -18.787405 -1e-06 -0.429707 -8.456129 2.555537 -0.0 0.0 3e-06 -15.923577 -20.094564 -5.473631 30.419321 -7.190888 1.735937 1.2e-05 -8.162981 3e-06 -1.86187 -22.861681 -6.168001 -2e-06 -1e-06 -1e-06 -174.018204 -2.268717 -10.637808 5.529034 -0.006688 0.279645 -78.771538 -0.576952 -5.551654 -4.142223 1.465621 2.158009 -1.0 0.0 0.0 7.245896 -3.101713 -4.451894 5.409312 -0.035787 0.115514 -80.119308 -0.541467 -6.716576 -4.069557 0.635778 1.689415 -1.0 -0.0 0.0 
0.0 0.0 0.0 0.0 -0.0 0.0 -0.277712 99.70018 0.398149 90.107925 1.849366 93.645889 -2.164768 1.307412 0.0159 -11.565148 -0.140336 -0.063149 16.905661 -1.80025 -1.979821 31.929379 2.96885 1.94845 -2.734312 -0.522863 -2.360267 -32.694004 0.020658 -3.533988 6e-06 0.0 -0.0 0.088119 0.012402 0.052676 0.038258 -0.036683 0.046038 0.022576 0.060456 0.068398 -130.02861 -66.346947 147.167648 37.344627 -58.732761 -9.880039 20.716663 -0.750064 -0.190879 -5.596823 17.017958 11.03471 17.636543 -26.322557 52.410862 -19.466579 -14.395515 29.410221 -1e-05 -8.774773 -2e-06 16.104856 -18.140732 6.359753 -0.609772 -1.79565 -3.889307 -4.807055 -11.046759 -2.937837 2.5e-05 -20.975925 -8e-06 -5.019909 -25.03347 -4.031863 6e-06 0.0 -0.0 -10.634475 -5.686942 -3.565569 10.573223 -17.922878 -3.113891 1.6e-05 -13.821155 -2e-06 -0.501732 -31.181416 -4.026994 -11.347592 -59.686073 7.535969 -13.982635 -7.150161 -2.875027 13.772656 -8.401464 -3.218227 0.347769 -34.211411 0.771633 -0.963005 -17.73332 2.621015 -0.0 0.0 -1e-06 -17.346312 -20.095119 -4.201762 21.757437 -1.638377 3.8664 7e-06 -6.338797 -3e-06 -1.697547 -22.591669 -6.193987 -1e-06 -2e-06 -3e-06 57.59409 -72.176079 137.377502 31.584366 -66.206985 -0.266612 27.32159 -0.281694 -0.045087 0.396919 12.315015 16.894951 22.182039 -20.37582 49.93314 -16.701756 -16.743433 28.476414 -1.9e-05 -12.690536 -4e-06 15.591338 -17.603159 2.783742 -0.105921 -1.513853 -4.275866 -5.039011 -5.61285 -2.953548 1.8e-05 -11.020504 -4e-06 -6.11124 -15.895322 -3.840463 -0.0 -0.0 2e-06 -10.283323 -5.680262 -4.341831 11.028248 -11.302379 -2.372618 -1.384242 -14.238545 -6.320104 -0.625392 -26.924177 -3.827589 -4.143737 -49.554844 -3.670909 -13.70846 -7.363442 -3.720934 18.141069 -14.052714 -3.242656 3.3e-05 -18.787226 -2e-06 -0.429698 -8.456038 2.555504 1e-06 -1e-06 4e-06 -15.923442 -20.094398 -5.473578 30.419054 -7.190829 1.735919 1.2e-05 -8.162905 -1e-06 -1.861856 -22.861446 -6.167919 -1e-06 -3e-06 -3e-06 -173.991989 -2.270813 -10.64865 5.519532 -0.005556 0.287707 -78.824905 -0.559591 -5.581244 -4.124775 1.457722 2.15632 -0.999996 0.0 0.0 7.257109 -3.097261 -4.40491 5.408548 -0.033793 0.128592 -80.157356 -0.548932 -6.722627 -4.082667 0.640421 1.689382 -1.0 -0.0 0.0 
0.0 0.0 0.0 0.0 -0.0 0.0 -0.267489 99.698029 0.45179 90.097519 1.817685 93.608269 -2.186672 1.294268 0.013705 -11.568274 -0.145717 -0.087156 16.933743 -1.809157 -1.998966 32.122326 3.078355 1.938276 -2.745262 -0.49216 -2.413624 -32.784088 0.012016 -3.565587 6e-06 0.0 0.0 0.089273 0.01252 0.049322 0.03453 -0.035848 0.041491 0.020269 0.060042 0.066146 -130.12381 -66.310555 147.316971 37.163486 -58.862217 -9.860003 20.647678 -0.746327 -0.193408 -5.616773 16.827826 11.060811 17.636694 -26.322836 52.411358 -19.466742 -14.395674 29.410511 5e-06 -8.774883 -3e-06 16.116793 -18.124159 6.33906 -0.609777 -1.795659 -3.88934 -4.807121 -11.046864 -2.937858 -6e-06 -20.976166 7e-06 -5.020021 -25.033804 -4.03192 5e-06 -0.0 1e-06 -10.634583 -5.686998 -3.565592 10.573323 -17.923033 -3.11391 -6e-06 -13.821307 6e-06 -0.5018 -31.181835 -4.027053 -11.315309 -59.651176 7.502776 -13.982779 -7.15023 -2.87504 13.772803 -8.401521 -3.218256 0.34771 -34.21183 0.771676 -0.96305 -17.733561 2.621055 -0.0 -1e-06 -2e-06 -17.346518 -20.095299 -4.201774 21.757683 -1.638372 3.866448 -2e-06 -6.338867 3e-06 -1.697614 -22.591974 -6.194069 0.0 -6e-06 -3e-06 57.669666 -72.008362 137.407578 30.926661 -66.306564 0.449712 27.47636 -0.267759 -0.033281 0.339385 12.303104 16.754421 22.182159 -20.375898 49.933304 -16.701752 -16.743563 28.476484 2.7e-05 -12.690634 -1e-05 15.580816 -17.611094 2.802461 -0.105924 -1.513852 -4.275879 -5.039062 -5.612877 -2.953548 -2.2e-05 -11.020535 1.2e-05 -6.111366 -15.895389 -3.840471 -0.0 1e-06 -2e-06 -10.283396 -5.680302 -4.341829 11.028295 -11.302385 -2.372618 -1.384314 -14.238599 -6.320117 -0.62551 -26.924259 -3.827603 -4.148635 -49.594669 -3.656098 -13.708559 -7.363494 -3.720927 18.141153 -14.052709 -3.242645 -3.9e-05 -18.787302 1.5e-05 -0.42973 -8.456075 2.555515 -1e-06 1e-06 2e-06 -15.923604 -20.094505 -5.473557 30.419262 -7.190781 1.735965 -1.3e-05 -8.162938 3e-06 -1.861965 -22.861551 -6.167958 0.0 -6e-06 -0.0 -173.986938 -2.27309 -10.684039 5.513102 -0.005774 0.293825 -78.874016 -0.551843 -5.616179 -4.121552 1.448538 2.151922 -1.000001 -0.0 -0.0 7.246713 -3.095281 -4.366432 5.408927 -0.031517 0.141218 -80.176613 -0.536869 -6.722538 -4.115212 0.645194 1.689964 -1.000003 0.0 0.0 
0.0 0.0 0.0 0.0 -0.0 0.0 -0.258266 99.701004 0.48956 90.086777 1.77617 93.573051 -2.20011 1.274956 0.010529 -11.570322 -0.148224 -0.110857 16.947685 -1.822799 -2.019567 32.256363 3.179066 1.931569 -2.755092 -0.475708 -2.437161 -32.848042 0.032154 -3.5618 6e-06 0.0 0.0 0.087275 0.012574 0.041593 0.035827 -0.033914 0.034139 0.023016 0.05835 0.057611 -130.168579 -66.322098 147.414978 37.097057 -59.001495 -9.828179 20.619553 -0.742897 -0.190614 -5.611423 16.670378 11.105689 17.636681 -26.322809 52.41127 -19.466797 -14.395678 29.410505 -6e-06 -8.77488 2e-06 16.094069 -18.105423 6.326816 -0.609776 -1.795663 -3.889338 -4.807109 -11.046876 -2.937859 2e-05 -20.976183 -1e-05 -5.019992 -25.033825 -4.03192 5e-06 -0.0 1e-06 -10.634575 -5.686996 -3.565586 10.573344 -17.923061 -3.113931 1.3e-05 -13.821319 -9e-06 -0.501741 -31.181864 -4.027064 -11.297398 -59.597969 7.470352 -13.982768 -7.150226 -2.875034 13.77281 -8.401546 -3.21827 0.347768 -34.211857 0.771631 -0.963017 -17.733566 2.621042 2e-06 -1e-06 -1e-06 -17.346493 -20.095306 -4.201768 21.757673 -1.638389 3.866428 6e-06 -6.33887 -5e-06 -1.697574 -22.591976 -6.194073 -0.0 -2e-06 -2e-06 57.697552 -71.851913 137.447342 30.396633 -66.385071 0.98538 27.601173 -0.254703 -0.0173 0.302229 12.29298 16.705372 22.18222 -20.376011 49.933521 -16.701971 -16.743628 28.476725 -1.6e-05 -12.690699 6e-06 15.588729 -17.620279 2.806794 -0.105918 -1.513868 -4.275903 -5.039066 -5.612913 -2.95357 1.5e-05 -11.020641 -6e-06 -6.111331 -15.895546 -3.840509 -0.0 1e-06 -1e-06 -10.283419 -5.680321 -4.341856 11.028372 -11.302502 -2.372655 -1.384263 -14.238729 -6.320178 -0.625408 -26.924589 -3.827646 -4.138568 -49.630466 -3.651209 -13.708591 -7.363514 -3.72095 18.141281 -14.052864 -3.242711 2.6e-05 -18.787476 -1e-05 -0.429707 -8.456161 2.555533 -0.0 -3e-06 3e-06 -15.923612 -20.09461 -5.473602 30.419403 -7.190897 1.735919 9e-06 -8.163011 -6e-06 -1.861877 -22.861795 -6.168032 -2e-06 0.0 0.0 -174.004379 -2.27529 -10.698912 5.516866 -0.006708 0.299176 -78.912399 -0.567265 -5.653269 -4.133295 1.444002 2.148111 -1.000002 1e-06 0.0 7.222484 -3.096464 -4.351074 5.407528 -0.029025 0.154146 -80.210144 -0.51388 -6.715341 -4.167967 0.649643 1.690493 -1.000004 0.0 -0.0 
0.0 0.0 0.0 0.0 -0.0 0.0 -0.244375 99.704529 0.519295 90.071983 1.728237 93.534126 -2.20857 1.252442 0.009011 -11.576221 -0.152167 -0.133062 16.95916 -1.83507 -2.046974 32.338612 3.277249 1.937918 -2.765274 -0.466416 -2.445701 -32.921608 0.055681 -3.528057 6e-06 -0.0 -0.0 0.084196 0.013089 0.036511 0.034325 -0.03336 0.028768 0.022543 0.059026 0.052563 -130.163422 -66.358025 147.460556 37.142239 -59.161892 -9.804502 20.645006 -0.728375 -0.186081 -5.575694 16.545427 11.175582 17.636623 -26.322742 52.411144 -19.466679 -14.395537 29.410368 -2e-05 -8.774792 -3e-06 16.067499 -18.100304 6.322142 -0.609774 -1.795655 -3.889324 -4.807055 -11.046808 -2.937856 4.6e-05 -20.976048 -3e-06 -5.019899 -25.033613 -4.031862 6e-06 -1e-06 -1e-06 -10.634497 -5.686959 -3.565593 10.57327 -17.922977 -3.113901 2.9e-05 -13.821226 2e-06 -0.501708 -31.181593 -4.02699 -11.302754 -59.544983 7.465744 -13.982665 -7.150178 -2.875052 13.772695 -8.401522 -3.218238 0.347804 -34.211628 0.771647 -0.963002 -17.733438 2.621045 1e-06 1e-06 -2e-06 -17.346334 -20.0952 -4.201799 21.757479 -1.638406 3.86642 1.4e-05 -6.338831 -0.0 -1.69752 -22.591797 -6.194011 -0.0 -2e-06 -1e-06 57.717884 -71.712425 137.489655 30.039825 -66.43824 1.285455 27.677324 -0.261868 -0.01131 0.332952 12.32471 16.712507 22.182129 -20.375996 49.93343 -16.701878 -16.743525 28.476639 -3.9e-05 -12.690603 5e-06 15.597987 -17.617632 2.805809 -0.10592 -1.513857 -4.275888 -5.039027 -5.612871 -2.953571 3.3e-05 -11.020572 -3e-06 -6.111248 -15.895421 -3.840498 -0.0 1e-06 -0.0 -10.283353 -5.680272 -4.341859 11.028311 -11.302451 -2.372638 -1.384224 -14.238624 -6.320148 -0.625362 -26.924368 -3.827602 -4.135944 -49.635052 -3.641154 -13.708499 -7.363458 -3.720966 18.141172 -14.05281 -3.242683 4.7e-05 -18.787355 1.3e-05 -0.429703 -8.456105 2.555537 1e-06 -3e-06 3e-06 -15.923476 -20.094471 -5.473621 30.419189 -7.190898 1.735904 1.9e-05 -8.162962 8e-06 -1.861842 -22.86162 -6.167943 -0.0 -3e-06 -1e-06 -174.031967 -2.280746 -10.705681 5.518636 -0.004214 0.303647 -78.935951 -0.583264 -5.682099 -4.131324 1.44081 2.14543 -0.999994 0.0 0.0 7.191366 -3.094673 -4.342942 5.399348 -0.027334 0.160401 -80.245407 -0.479173 -6.706957 -4.217366 0.652492 1.688836 -1.0 -0.0 -0.0 
0.0 0.0 0.0 0.0 -0.0 0.0 -0.229016 99.707291 0.538477 90.061386 1.676749 93.496094 -2.210645 1.230044 0.012179 -11.58653 -0.157885 -0.158187 16.972118 -1.8449 -2.072484 32.360264 3.346631 1.942645 -2.77431 -0.469124 -2.418731 -32.980827 0.082336 -3.507535 6e-06 -0.0 -0.0 0.081037 0.013238 0.036946 0.035284 -0.032984 0.029432 0.024336 0.059123 0.052524 -130.100906 -66.386253 147.442184 37.309875 -59.294155 -9.778452 20.712372 -0.719846 -0.190475 -5.533652 16.457829 11.241857 17.636581 -26.322702 52.411118 -19.466631 -14.395509 29.410358 -1.8e-05 -8.774777 -4e-06 16.030111 -18.104933 6.32726 -0.609775 -1.795649 -3.889319 -4.807046 -11.046785 -2.937858 4e-05 -20.976017 -2e-06 -5.019891 -25.033594 -4.031867 6e-06 -1e-06 0.0 -10.634475 -5.686944 -3.565595 10.573241 -17.922945 -3.113894 2.4e-05 -13.821211 4e-06 -0.501711 -31.181583 -4.026993 -11.329983 -59.495544 7.484792 -13.982635 -7.150167 -2.875058 13.772662 -8.4015 -3.218229 0.347786 -34.211571 0.771664 -0.963016 -17.733419 2.621056 -0.0 1e-06 -2e-06 -17.346294 -20.09515 -4.201806 21.757429 -1.638397 3.866421 1.2e-05 -6.338823 2e-06 -1.697514 -22.591778 -6.194016 -0.0 -2e-06 -0.0 57.744816 -71.605103 137.500244 29.785145 -66.47448 1.453155 27.753923 -0.28032 -0.012566 0.394665 12.365352 16.713682 22.182016 -20.37579 49.933029 -16.701693 -16.743378 28.476322 -2.7e-05 -12.69048 -7e-06 15.602157 -17.610155 2.79632 -0.105919 -1.513847 -4.275857 -5.038993 -5.612823 -2.953541 2.7e-05 -11.020448 -3e-06 -6.111195 -15.895215 -3.840453 0.0 1e-06 -1e-06 -10.283297 -5.680239 -4.341826 11.028219 -11.302342 -2.372604 -1.384228 -14.238477 -6.320078 -0.625375 -26.924021 -3.827548 -4.130277 -49.611004 -3.661124 -13.708422 -7.36341 -3.720933 18.14102 -14.05267 -3.242635 4.2e-05 -18.787138 9e-06 -0.429691 -8.455995 2.555502 1e-06 -2e-06 3e-06 -15.923384 -20.094326 -5.473576 30.418955 -7.190828 1.735919 1.8e-05 -8.162869 6e-06 -1.86183 -22.861307 -6.167876 -0.0 -3e-06 -2e-06 -174.073868 -2.284329 -10.71887 5.52635 -0.004511 0.305258 -78.921623 -0.569563 -5.70854 -4.132051 1.436768 2.143463 -0.999998 0.0 0.0 7.146627 -3.097371 -4.359901 5.39195 -0.03098 0.172886 -80.267097 -0.434939 -6.718251 -4.245128 0.649006 1.686166 -0.999999 0.0 -0.0 
0.0 0.0 0.0 0.0 -0.0 0.0 -0.211544 99.708679 0.545005 90.05262 1.629057 93.458466 -2.20103 1.21261 0.016104 -11.592508 -0.167578 -0.177686 16.976574 -1.85264 -2.10247 32.341114 3.38513 1.947642 -2.780955 -0.478118 -2.379984 -33.028862 0.113516 -3.488509 6e-06 -0.0 -0.0 0.077378 0.01299 0.040984 0.032682 -0.031285 0.032997 0.020975 0.057149 0.056916 -130.040421 -66.426315 147.401169 37.530357 -59.414852 -9.721899 20.82205 -0.709088 -0.188418 -5.488503 16.409985 11.278318 17.636578 -26.322657 52.411053 -19.466619 -14.395652 29.410337 1.8e-05 -8.77485 5e-06 16.016148 -18.115984 6.33014 -0.609773 -1.795651 -3.889319 -4.807116 -11.0468 -2.937828 -3.6e-05 -20.975988 5e-06 -5.020038 -25.033571 -4.031901 6e-06 -0.0 0.0 -10.63455 -5.686976 -3.565558 10.573263 -17.922905 -3.113898 -2.4e-05 -13.821197 1e-06 -0.501839 -31.181524 -4.027037 -11.35196 -59.481052 7.505949 -13.982739 -7.150208 -2.875007 13.772747 -8.401451 -3.218247 0.347659 -34.211529 0.771668 -0.963058 -17.733387 2.621006 0.0 -0.0 -1e-06 -17.346485 -20.095213 -4.201727 21.757618 -1.638335 3.866415 -1.2e-05 -6.33882 2e-06 -1.697656 -22.591766 -6.194019 -0.0 -4e-06 -4e-06 57.776871 -71.537743 137.485321 29.619665 -66.495796 1.568559 27.834372 -0.295774 -0.024614 0.471306 12.423259 16.70228 22.18207 -20.375784 49.933102 -16.701685 -16.74353 28.476362 2.9e-05 -12.690588 1e-06 15.622198 -17.609989 2.777307 -0.105919 -1.513848 -4.275865 -5.039046 -5.612855 -2.953531 -2e-05 -11.020471 9e-06 -6.111325 -15.895267 -3.840449 -1e-06 0.0 0.0 -10.283375 -5.680286 -4.341805 11.028259 -11.302332 -2.372612 -1.38431 -14.238513 -6.320082 -0.625498 -26.924051 -3.827582 -4.144532 -49.58102 -3.681059 -13.708529 -7.363478 -3.720902 18.141098 -14.05264 -3.242643 -3.9e-05 -18.787189 7e-06 -0.429723 -8.456015 2.555496 1e-06 -0.0 -1e-06 -15.923575 -20.094442 -5.47352 30.419188 -7.190732 1.735947 -1.2e-05 -8.162887 -0.0 -1.861957 -22.861366 -6.167921 -2e-06 -0.0 -2e-06 -174.115005 -2.285434 -10.725752 5.532341 -0.004696 0.298623 -78.889931 -0.5511 -5.724707 -4.116845 1.432296 2.141964 -0.999998 -0.0 -0.0 7.098805 -3.102711 -4.395772 5.383842 -0.036806 0.189289 -80.280647 -0.368052 -6.736457 -4.244854 0.644715 1.684618 -1.000002 0.0 -0.0 
0.0 0.0 0.0 0.0 -0.0 0.0 -0.197769 99.706627 0.542569 90.042496 1.588084 93.4244 -2.190135 1.201553 0.016674 -11.591518 -0.178112 -0.194334 16.973845 -1.857927 -2.123362 32.294968 3.39555 1.955786 -2.780939 -0.493669 -2.341585 -33.067028 0.152803 -3.471603 6e-06 -0.0 -0.0 0.075917 0.01278 0.047121 0.028003 -0.028137 0.0378 0.015419 0.053747 0.064552 -130.004562 -66.48262 147.360397 37.771915 -59.516376 -9.61969 20.964144 -0.685762 -0.181543 -5.434811 16.404331 11.311587 17.636608 -26.322657 52.411053 -19.466665 -14.395559 29.410355 -1.1e-05 -8.77481 -5e-06 16.014059 -18.126888 6.33602 -0.609774 -1.795655 -3.88932 -4.807067 -11.046797 -2.937855 3.3e-05 -20.976025 -1.3e-05 -5.019917 -25.033611 -4.031895 6e-06 -2e-06 -0.0 -10.634504 -5.686956 -3.565582 10.573266 -17.922943 -3.113906 2e-05 -13.821211 -4e-06 -0.501721 -31.181576 -4.027022 -11.364067 -59.49424 7.523324 -13.982672 -7.150178 -2.875039 13.772702 -8.401497 -3.218239 0.347781 -34.211555 0.771636 -0.96301 -17.733404 2.621032 1e-06 -1e-06 -1e-06 -17.346355 -20.095177 -4.201784 21.757502 -1.63839 3.866419 1e-05 -6.338822 -4e-06 -1.697535 -22.59178 -6.194034 -1e-06 -2e-06 -2e-06 57.783512 -71.50576 137.461151 29.511387 -66.495506 1.706573 27.903021 -0.283273 -0.028642 0.5359 12.482236 16.674055 22.18202 -20.375751 49.932991 -16.701685 -16.743423 28.476301 -5e-06 -12.690513 -5e-06 15.637595 -17.61219 2.764615 -0.105919 -1.513846 -4.275858 -5.039011 -5.612836 -2.953533 7e-06 -11.020454 -1e-06 -6.111246 -15.895235 -3.840446 0.0 0.0 -1e-06 -10.28332 -5.680255 -4.341812 11.02823 -11.302331 -2.37261 -1.384262 -14.238481 -6.320071 -0.625424 -26.924007 -3.827564 -4.159373 -49.538559 -3.688655 -13.708456 -7.363431 -3.720917 18.141035 -14.052651 -3.242639 1e-05 -18.787146 1e-06 -0.429702 -8.455998 2.555492 -2e-06 -1e-06 0.0 -15.923459 -20.09437 -5.473549 30.419033 -7.190784 1.735928 5e-06 -8.162874 -0.0 -1.861881 -22.861336 -6.167902 1e-06 -4e-06 -2e-06 -174.148071 -2.283818 -10.712827 5.530614 -0.003827 0.289125 -78.863411 -0.553967 -5.727836 -4.093994 1.427824 2.14204 -0.999998 -0.0 -0.0 7.055384 -3.106057 -4.435025 5.371631 -0.043785 0.205829 -80.295273 -0.298163 -6.750304 -4.215564 0.644398 1.684703 -1.000001 -0.0 0.0 
0.0 0.0 0.0 0.0 -0.0 0.0 -0.190176 99.705902 0.537445 90.036858 1.549178 93.39724 -2.177437 1.190963 0.012853 -11.586109 -0.189773 -0.200018 16.963444 -1.860012 -2.133947 32.204823 3.361197 1.967529 -2.776365 -0.502467 -2.313005 -33.118359 0.193149 -3.440968 6e-06 0.0 -1e-06 0.078555 0.012517 0.050818 0.031937 -0.024479 0.041322 0.018761 0.049678 0.068653 -129.958755 -66.559982 147.29364 38.050865 -59.591808 -9.554336 21.12505 -0.673667 -0.177738 -5.353584 16.462646 11.400693 17.636721 -26.322832 52.411331 -19.466803 -14.395671 29.410522 -7e-06 -8.774889 -7e-06 16.025326 -18.144535 6.339649 -0.609777 -1.795661 -3.889339 -4.807111 -11.04687 -2.937864 2.4e-05 -20.97617 -5e-06 -5.019989 -25.033792 -4.031918 6e-06 -4e-06 0.0 -10.634579 -5.686993 -3.565592 10.573351 -17.923065 -3.113928 1.7e-05 -13.821314 -3e-06 -0.501743 -31.181843 -4.027053 -11.376823 -59.516624 7.53094 -13.982776 -7.150225 -2.875044 13.772815 -8.40155 -3.218264 0.347778 -34.211853 0.771646 -0.963014 -17.733566 2.62105 -0.0 -2e-06 -2e-06 -17.346495 -20.095308 -4.201785 21.757685 -1.638398 3.866442 8e-06 -6.33887 -1e-06 -1.697571 -22.591969 -6.194074 -0.0 -3e-06 -3e-06 57.809097 -71.506409 137.398819 29.519812 -66.481346 1.742894 27.943588 -0.277904 -0.036312 0.596546 12.554332 16.722288 22.182182 -20.375954 49.93351 -16.701994 -16.74361 28.476734 -2.4e-05 -12.690682 7e-06 15.624319 -17.606106 2.774543 -0.105917 -1.513868 -4.275902 -5.03906 -5.61291 -2.953575 2.1e-05 -11.020634 -1.9e-05 -6.111305 -15.895535 -3.840531 -0.0 0.0 0.0 -10.28341 -5.68032 -4.341857 11.028369 -11.302499 -2.372669 -1.384247 -14.238724 -6.320189 -0.625362 -26.924566 -3.827686 -4.176647 -49.506771 -3.6832 -13.708577 -7.363513 -3.720953 18.141272 -14.05286 -3.242731 4.4e-05 -18.787457 -2.8e-05 -0.429698 -8.456151 2.555525 -3e-06 4e-06 1e-06 -15.923593 -20.094603 -5.473613 30.419382 -7.1909 1.7359 1.7e-05 -8.162998 -1.5e-05 -1.861837 -22.861757 -6.168054 -2e-06 -3e-06 -2e-06 -174.185684 -2.273728 -10.666883 5.526603 -0.003917 0.284335 -78.839188 -0.592646 -5.72496 -4.06507 1.42956 2.144299 -1.000002 0.0 0.0 7.011239 -3.116289 -4.466373 5.359475 -0.048717 0.216066 -80.305122 -0.235327 -6.764346 -4.195898 0.647864 1.685203 -1.000007 -0.0 -0.0 
0.0 0.0 0.0 0.0 -0.0 0.0 -0.183554 99.712029 0.533482 90.038742 1.504657 93.367149 -2.161536 1.172294 0.006642 -11.577158 -0.199964 -0.201163 16.936562 -1.858583 -2.135186 32.066189 3.291069 1.98954 -2.773342 -0.510082 -2.296602 -33.200745 0.211879 -3.386894 6e-06 0.0 1e-06 0.08195 0.012547 0.054974 0.040986 -0.0235 0.045904 0.027799 0.048754 0.072581 -129.897385 -66.63633 147.209045 38.341236 -59.635044 -9.557155 21.285568 -0.672166 -0.169129 -5.233038 16.599913 11.477195 17.636625 -26.322742 52.411278 -19.466669 -14.395626 29.41045 1e-05 -8.774853 -3e-06 16.025005 -18.153704 6.340647 -0.609778 -1.795653 -3.889331 -4.807112 -11.046831 -2.937855 -1.7e-05 -20.976074 -4e-06 -5.02 -25.033689 -4.031929 5e-06 4e-06 -0.0 -10.634558 -5.686987 -3.565588 10.573277 -17.922962 -3.113906 -1.2e-05 -13.821253 -1e-06 -0.501794 -31.1817 -4.027064 -11.391023 -59.510277 7.53568 -13.982743 -7.150218 -2.875039 13.772748 -8.401486 -3.218245 0.347699 -34.21167 0.771656 -0.963048 -17.733469 2.621032 1e-06 -0.0 -2e-06 -17.346476 -20.095261 -4.201776 21.757614 -1.638355 3.866442 -6e-06 -6.338842 -2e-06 -1.697608 -22.591871 -6.194063 0.0 -4e-06 -2e-06 57.831978 -71.539024 137.326355 29.616774 -66.461502 1.64874 27.972383 -0.289317 -0.046085 0.658725 12.634981 16.811357 22.182116 -20.37587 49.933334 -16.701792 -16.743586 28.476534 2.3e-05 -12.690645 4e-06 15.59489 -17.602995 2.7926 -0.10592 -1.513853 -4.275883 -5.039065 -5.612883 -2.953549 -1.8e-05 -11.020536 3e-06 -6.111359 -15.895391 -3.840487 -0.0 0.0 0.0 -10.283401 -5.680309 -4.341831 11.028304 -11.302386 -2.372636 -1.384303 -14.238603 -6.320132 -0.625473 -26.924265 -3.827635 -4.19419 -49.487453 -3.671103 -13.708564 -7.363501 -3.720925 18.141174 -14.052708 -3.242676 -3.1e-05 -18.787298 -6e-06 -0.429727 -8.45607 2.555505 -2e-06 1e-06 -1e-06 -15.923612 -20.094517 -5.47356 30.419296 -7.190773 1.735941 -1.2e-05 -8.162935 -2e-06 -1.861949 -22.861553 -6.167988 -1e-06 0.0 -3e-06 -174.229828 -2.251594 -10.622193 5.517031 -0.004701 0.284736 -78.812027 -0.640164 -5.719788 -4.03787 1.433168 2.147605 -1.000001 1e-06 -0.0 6.95958 -3.135122 -4.46218 5.350525 -0.05108 0.215973 -80.31321 -0.194745 -6.776184 -4.193686 0.653391 1.685863 -1.000003 0.0 -0.0 
0.0 0.0 0.0 0.0 -0.0 0.0 -0.171567 99.725174 0.528551 90.043373 1.450667 93.327896 -2.137714 1.151986 0.004997 -11.56566 -0.209288 -0.206544 16.888 -1.856023 -2.138263 31.877384 3.184758 2.022829 -2.774004 -0.518599 -2.278449 -33.291195 0.213211 -3.310617 6e-06 0.0 1e-06 0.082308 0.01267 0.057991 0.047949 -0.025257 0.049254 0.03474 0.050624 0.075274 -129.855255 -66.700218 147.122192 38.578407 -59.642803 -9.558377 21.443363 -0.68065 -0.164713 -5.11313 16.821022 11.501104 17.636608 -26.322699 52.411221 -19.466648 -14.395559 29.410406 -6e-06 -8.774815 -7e-06 16.007065 -18.166483 6.348003 -0.609778 -1.795651 -3.889327 -4.807077 -11.046795 -2.93786 2.3e-05 -20.976015 -9e-06 -5.019925 -25.033596 -4.031907 6e-06 -1e-06 -0.0 -10.634517 -5.686959 -3.565599 10.573263 -17.922932 -3.113903 1.3e-05 -13.821213 0.0 -0.501735 -31.181572 -4.027028 -11.425541 -59.495094 7.562182 -13.982687 -7.150186 -2.875056 13.772709 -8.401489 -3.218234 0.347763 -34.211559 0.771646 -0.96302 -17.733412 2.621039 -0.0 2e-06 0.0 -17.346376 -20.095184 -4.201809 21.757523 -1.638381 3.866436 6e-06 -6.338825 1e-06 -1.697559 -22.591799 -6.194039 -0.0 -2e-06 -1e-06 57.829128 -71.610527 137.275452 29.78503 -66.438217 1.458778 28.018705 -0.306725 -0.058723 0.740768 12.743464 16.89558 22.18211 -20.375914 49.933388 -16.701832 -16.7435 28.476583 -2e-05 -12.690593 -2e-06 15.561544 -17.612228 2.812563 -0.105923 -1.513858 -4.275884 -5.039031 -5.612868 -2.95357 2e-05 -11.020545 -1.3e-05 -6.11126 -15.895394 -3.840517 0.0 0.0 -2e-06 -10.283358 -5.680281 -4.341852 11.028295 -11.302421 -2.372635 -1.384241 -14.238607 -6.320157 -0.625368 -26.924318 -3.827642 -4.196437 -49.489811 -3.652998 -13.708504 -7.363465 -3.720958 18.141144 -14.052761 -3.242676 3.5e-05 -18.787304 -4e-06 -0.429702 -8.45608 2.555523 1e-06 -1e-06 2e-06 -15.923495 -20.094463 -5.473616 30.419176 -7.190857 1.735924 1.6e-05 -8.16294 1e-06 -1.861845 -22.861559 -6.16797 2e-06 -4e-06 -0.0 -174.283081 -2.224187 -10.602339 5.499755 -0.004008 0.288636 -78.774963 -0.664588 -5.705097 -4.022587 1.437742 2.151914 -0.999998 0.0 0.0 6.892455 -3.159708 -4.439404 5.347787 -0.052648 0.208351 -80.327141 -0.165411 -6.788294 -4.210647 0.655464 1.685498 -0.999999 -0.0 0.0 
0.0 0.0 0.0 0.0 -0.0 0.0 -0.15399 99.738861 0.514557 90.048256 1.380356 93.2938 -2.11742 1.137187 0.006214 -11.559264 -0.215832 -0.218947 16.838392 -1.861722 -2.140819 31.611208 3.037392 2.052428 -2.771856 -0.523474 -2.233105 -33.370026 0.201829 -3.235149 6e-06 -0.0 0.0 0.077932 0.012202 0.056815 0.049818 -0.026161 0.048344 0.037117 0.050311 0.073805 -129.867996 -66.76622 147.062897 38.745377 -59.610519 -9.567416 21.596243 -0.694286 -0.172651 -5.014684 17.064276 11.485168 17.636507 -26.322468 52.410725 -19.466518 -14.395529 29.410143 3e-06 -8.774776 -1e-06 15.974489 -18.191587 6.366528 -0.609771 -1.795643 -3.889299 -4.807062 -11.04673 -2.937827 8e-06 -20.975859 -5e-06 -5.019928 -25.033371 -4.031861 6e-06 -3e-06 0.0 -10.634473 -5.686934 -3.565552 10.573202 -17.922812 -3.113881 2e-06 -13.821098 -3e-06 -0.50177 -31.181244 -4.026991 -11.469369 -59.487965 7.602114 -13.982638 -7.150155 -2.875011 13.772648 -8.401429 -3.218221 0.347736 -34.211288 0.771637 -0.963015 -17.733265 2.621 1e-06 1e-06 1e-06 -17.346327 -20.095083 -4.201735 21.757441 -1.638358 3.866395 1e-06 -6.338774 -3e-06 -1.69758 -22.591578 -6.193967 0.0 -3e-06 -3e-06 57.831608 -71.706673 137.22876 30.067739 -66.420784 1.159333 28.084391 -0.314497 -0.071926 0.83797 12.889329 16.949348 22.181973 -20.375711 49.933018 -16.70174 -16.74345 28.476387 -6e-06 -12.690542 9e-06 15.533787 -17.62038 2.827617 -0.105916 -1.513849 -4.275857 -5.039013 -5.612846 -2.953539 6e-06 -11.020478 -1.2e-05 -6.111252 -15.895289 -3.840473 -0.0 1e-06 -2e-06 -10.283317 -5.68026 -4.34181 11.028234 -11.302341 -2.372628 -1.384255 -14.238509 -6.320107 -0.625396 -26.924072 -3.827625 -4.193473 -49.482944 -3.643941 -13.708453 -7.363442 -3.720915 18.141054 -14.052664 -3.24267 1.3e-05 -18.787182 -2e-05 -0.429705 -8.456015 2.555491 -2e-06 3e-06 -1e-06 -15.923454 -20.094383 -5.47355 30.419054 -7.190779 1.735902 4e-06 -8.162882 -9e-06 -1.861865 -22.861385 -6.167944 0.0 -4e-06 0.0 -174.360031 -2.201581 -10.59778 5.48565 -0.001655 0.292997 -78.731079 -0.669963 -5.700727 -4.024276 1.439713 2.154115 -0.999997 0.0 0.0 6.798506 -3.190926 -4.429581 5.356692 -0.052303 0.202205 -80.343452 -0.128029 -6.796375 -4.23655 0.651399 1.683493 -0.999997 -0.0 0.0 
0.0 0.0 0.0 0.0 -0.0 0.0 -0.133386 99.750633 0.487498 90.054413 1.292513 93.270187 -2.105392 1.130547 0.006718 -11.553285 -0.214566 -0.219027 16.788479 -1.875927 -2.16178 31.269405 2.860854 2.083259 -2.767407 -0.533539 -2.16542 -33.425373 0.19015 -3.159233 6e-06 0.0 -0.0 0.071894 0.011118 0.052742 0.04579 -0.025222 0.043427 0.034468 0.046859 0.070616 -129.935913 -66.837036 147.035172 38.861111 -59.532291 -9.537554 21.702957 -0.711649 -0.184048 -4.960063 17.294298 11.397881 17.636566 -26.32268 52.411182 -19.466599 -14.395574 29.410368 -0.0 -8.774801 -1e-06 15.937029 -18.221165 6.387477 -0.609775 -1.795646 -3.889324 -4.807074 -11.046767 -2.937852 1.4e-05 -20.975935 -6e-06 -5.019933 -25.033478 -4.031896 6e-06 -1e-06 -0.0 -10.634501 -5.686951 -3.565591 10.573242 -17.922882 -3.113893 7e-06 -13.82116 -0.0 -0.501754 -31.181433 -4.02701 -11.490785 -59.481476 7.62763 -13.982673 -7.150175 -2.875049 13.772691 -8.401464 -3.218237 0.347741 -34.211433 0.771661 -0.963031 -17.733339 2.621035 1e-06 -1e-06 -1e-06 -17.346359 -20.095146 -4.201797 21.7575 -1.638371 3.866418 3e-06 -6.338801 2e-06 -1.697572 -22.591681 -6.194011 -1e-06 -3e-06 -1e-06 57.827415 -71.821648 137.165726 30.331068 -66.425987 0.90633 28.212803 -0.299109 -0.073232 0.912513 13.024666 17.012085 22.182112 -20.375956 49.933422 -16.701777 -16.743494 28.476562 -1.4e-05 -12.690578 -3e-06 15.522959 -17.627592 2.835444 -0.105923 -1.513851 -4.275884 -5.03903 -5.612859 -2.953568 1.4e-05 -11.020517 -1e-06 -6.11126 -15.895339 -3.840505 0.0 -1e-06 -0.0 -10.283352 -5.680271 -4.341856 11.028275 -11.302392 -2.37262 -1.384248 -14.238561 -6.32014 -0.625397 -26.924208 -3.827607 -4.180192 -49.472614 -3.644728 -13.708495 -7.363456 -3.720962 18.141113 -14.052727 -3.242659 1.8e-05 -18.787256 1.7e-05 -0.429711 -8.456057 2.555527 0.0 -1e-06 -0.0 -15.923487 -20.09444 -5.47362 30.419136 -7.190835 1.735937 6e-06 -8.162925 1.3e-05 -1.861882 -22.86149 -6.167928 1e-06 -4e-06 -0.0 -174.464203 -2.182401 -10.599019 5.478589 0.001903 0.292135 -78.685539 -0.659025 -5.70247 -4.044075 1.443555 2.155465 -0.999996 -1e-06 0.0 6.676213 -3.224058 -4.445202 5.376371 -0.051486 0.201684 -80.360489 -0.072843 -6.797596 -4.250786 0.646331 1.682073 -0.999996 -0.0 0.0 
0.0 0.0 0.0 0.0 -0.0 0.0 -0.117597 99.763504 0.450941 90.062653 1.204567 93.26506 -2.090577 1.131002 0.005703 -11.539541 -0.206631 -0.203762 16.734966 -1.89956 -2.185773 30.867064 2.672564 2.11534 -2.76475 -0.546964 -2.079339 -33.468414 0.16945 -3.077157 6e-06 -0.0 -0.0 0.066389 0.009763 0.048608 0.043656 -0.023389 0.039441 0.034345 0.041914 0.066238 -130.020767 -66.92215 147.023529 38.976456 -59.422981 -9.487748 21.753454 -0.711886 -0.19651 -4.94778 17.509409 11.255257 17.636541 -26.322657 52.411144 -19.466543 -14.39557 29.410347 1.4e-05 -8.774803 -2e-06 15.912459 -18.254728 6.402467 -0.609778 -1.795645 -3.889318 -4.807091 -11.046766 -2.937845 -2.5e-05 -20.975939 4e-06 -5.019976 -25.033516 -4.031907 7e-06 1e-06 1e-06 -10.634512 -5.686955 -3.56558 10.573212 -17.922855 -3.113879 -1.9e-05 -13.821159 6e-06 -0.501811 -31.181454 -4.027022 -11.471779 -59.480759 7.6237 -13.982685 -7.150185 -2.875037 13.772678 -8.401435 -3.218227 0.347664 -34.21143 0.771686 -0.963068 -17.733353 2.62103 1e-06 4e-06 -1e-06 -17.346397 -20.09515 -4.201771 21.757504 -1.63834 3.866429 -8e-06 -6.338802 5e-06 -1.69761 -22.591707 -6.194016 -1e-06 -3e-06 -3e-06 57.821289 -71.936592 137.096207 30.57481 -66.44516 0.704971 28.381899 -0.268763 -0.062226 0.985072 13.134842 17.096798 22.18203 -20.375799 49.933128 -16.701632 -16.743469 28.476341 2.2e-05 -12.690538 -3e-06 15.520342 -17.630651 2.831344 -0.105922 -1.513842 -4.275862 -5.03903 -5.612834 -2.953534 -1.6e-05 -11.020437 1e-05 -6.111295 -15.895213 -3.840451 -0.0 0.0 1e-06 -10.283346 -5.680267 -4.341815 11.028221 -11.3023 -2.372602 -1.384293 -14.238461 -6.320079 -0.625482 -26.92395 -3.827563 -4.161941 -49.459743 -3.657332 -13.708491 -7.363451 -3.720915 18.141041 -14.052603 -3.242627 -3.3e-05 -18.787127 1.9e-05 -0.429724 -8.455984 2.555498 0.0 1e-06 2e-06 -15.923517 -20.094381 -5.473543 30.419077 -7.190727 1.735955 -1.3e-05 -8.162869 1e-05 -1.861951 -22.8613 -6.167888 -0.0 -6e-06 3e-06 -174.579041 -2.16368 -10.589999 5.483062 0.004457 0.284485 -78.642159 -0.647056 -5.698045 -4.059257 1.450665 2.157046 -0.999994 -1e-06 0.0 6.549469 -3.250518 -4.458959 5.401597 -0.051563 0.206407 -80.368782 -0.039325 -6.787879 -4.242635 0.643212 1.682014 -1.000004 0.0 0.0 
0.0 0.0 0.0 0.0 -0.0 0.0 -0.109313 99.771255 0.417865 90.072899 1.123913 93.279289 -2.066121 1.132035 0.002366 -11.517078 -0.195291 -0.175273 16.674725 -1.917697 -2.212864 30.429834 2.463513 2.14659 -2.763357 -0.564919 -1.998209 -33.486607 0.143462 -2.985066 6e-06 -0.0 0.0 0.061535 0.00856 0.047251 0.041939 -0.020997 0.03897 0.034668 0.036732 0.063679 -130.10881 -67.016052 147.028259 39.118317 -59.294136 -9.477601 21.767097 -0.692241 -0.209108 -4.947125 17.718054 11.112882 17.636646 -26.322706 52.41114 -19.466665 -14.395582 29.410372 -4e-06 -8.774826 -6e-06 15.902592 -18.28417 6.41232 -0.609775 -1.795655 -3.889324 -4.807086 -11.046813 -2.937851 1.7e-05 -20.976051 -2e-06 -5.019953 -25.03364 -4.031891 5e-06 -1e-06 -0.0 -10.634534 -5.686972 -3.565587 10.573275 -17.922958 -3.113897 1.1e-05 -13.821226 1e-06 -0.501748 -31.181614 -4.027021 -11.455059 -59.492599 7.618437 -13.982712 -7.150198 -2.875042 13.772731 -8.401497 -3.218238 0.347755 -34.21162 0.771652 -0.96302 -17.733437 2.621035 0.0 -1e-06 -1e-06 -17.346418 -20.095217 -4.201783 21.757557 -1.638381 3.866436 5e-06 -6.33883 -0.0 -1.697568 -22.591812 -6.194031 -0.0 -2e-06 -2e-06 57.800743 -72.067375 137.030182 30.788839 -66.458641 0.578262 28.557533 -0.245648 -0.049053 1.061646 13.206632 17.263073 22.182058 -20.375834 49.933216 -16.701752 -16.743525 28.47646 2e-06 -12.690582 6e-06 15.508915 -17.639128 2.827402 -0.105918 -1.513849 -4.275869 -5.039035 -5.612854 -2.953549 -0.0 -11.020485 -4e-06 -6.111288 -15.895289 -3.840479 -0.0 1e-06 -0.0 -10.28336 -5.680277 -4.341824 11.028269 -11.302354 -2.372624 -1.384269 -14.238519 -6.32011 -0.625422 -26.924084 -3.827607 -4.133892 -49.447319 -3.679196 -13.70851 -7.363466 -3.720923 18.141115 -14.052674 -3.24267 -6e-06 -18.787201 3e-06 -0.429715 -8.456022 2.555503 0.0 0.0 1e-06 -15.923528 -20.094433 -5.473566 30.419167 -7.190784 1.735924 -2e-06 -8.162893 1e-06 -1.861905 -22.861387 -6.16793 1e-06 -2e-06 -0.0 -174.697495 -2.143996 -10.585277 5.496122 0.004862 0.271217 -78.604469 -0.631559 -5.663062 -4.08144 1.46146 2.160046 -0.999997 0.0 -0.0 6.428433 -3.270735 -4.459466 5.429533 -0.051985 0.208715 -80.362526 -0.030994 -6.775746 -4.223592 0.641602 1.682833 -0.999998 0.0 -0.0 
0.0 0.0 0.0 0.0 -0.0 0.0 -0.103601 99.779022 0.391257 90.079063 1.053671 93.319077 -2.033563 1.134703 -0.002047 -11.487424 -0.186685 -0.151763 16.604809 -1.920964 -2.227164 29.989523 2.236557 2.166932 -2.761825 -0.57384 -1.931021 -33.501747 0.108451 -2.886245 5e-06 -0.0 0.0 0.058416 0.009243 0.057691 0.046842 -0.018219 0.051615 0.041434 0.035047 0.071707 -130.195877 -67.126625 147.054688 39.264069 -59.168591 -9.514846 21.768238 -0.655092 -0.220747 -4.931962 17.919252 10.996613 17.636707 -26.322844 52.411324 -19.466825 -14.395643 29.410545 -1.5e-05 -8.774873 -5e-06 15.888964 -18.314669 6.430175 -0.609778 -1.795666 -3.889341 -4.807096 -11.046886 -2.937872 3.7e-05 -20.976236 -8e-06 -5.019973 -25.033899 -4.031908 6e-06 -3e-06 -0.0 -10.634562 -5.686991 -3.565599 10.573347 -17.923098 -3.11393 2.7e-05 -13.821343 -7e-06 -0.50171 -31.181952 -4.027055 -11.463839 -59.518673 7.619207 -13.982753 -7.150222 -2.875052 13.7728 -8.401573 -3.218264 0.347801 -34.211948 0.77164 -0.963011 -17.733627 2.621062 1e-06 -0.0 -3e-06 -17.346455 -20.095312 -4.201797 21.757647 -1.638409 3.866442 1.2e-05 -6.338886 -3e-06 -1.697539 -22.592052 -6.194088 -1e-06 -3e-06 -2e-06 57.791039 -72.184097 136.950287 31.013359 -66.449562 0.466655 28.683899 -0.243405 -0.029977 1.147321 13.25321 17.485371 22.182194 -20.376007 49.933491 -16.701946 -16.743587 28.476694 -3.1e-05 -12.690662 5e-06 15.500465 -17.648855 2.816405 -0.105918 -1.513865 -4.275897 -5.039052 -5.612898 -2.953576 2.7e-05 -11.020622 -8e-06 -6.111297 -15.89551 -3.840509 0.0 1e-06 1e-06 -10.283396 -5.6803 -4.341859 11.028354 -11.30249 -2.372652 -1.38424 -14.238695 -6.320168 -0.625377 -26.924519 -3.827634 -4.103315 -49.425526 -3.701327 -13.708556 -7.36349 -3.720957 18.141249 -14.052854 -3.242702 4.2e-05 -18.787434 0.0 -0.429702 -8.456142 2.555541 1e-06 -1e-06 -1e-06 -15.923556 -20.094551 -5.473616 30.419331 -7.19091 1.735911 1.7e-05 -8.162994 -1e-06 -1.861849 -22.861736 -6.167996 0.0 -2e-06 0.0 -174.81218 -2.13275 -10.558648 5.507431 0.007519 0.253681 -78.568863 -0.626795 -5.623366 -4.105365 1.471672 2.163752 -0.999997 -0.0 0.0 6.324053 -3.277484 -4.451118 5.451005 -0.052971 0.20951 -80.343903 -0.060229 -6.784629 -4.200299 0.643702 1.684124 -0.999999 0.0 0.0 
0.0 0.0 0.0 0.0 -0.0 0.0 -0.099056 99.787018 0.364658 90.083977 0.994894 93.380165 -1.988603 1.135041 -0.005575 -11.456257 -0.187607 -0.139016 16.524038 -1.908665 -2.227213 29.575132 2.025465 2.18964 -2.763974 -0.579396 -1.881694 -33.529694 0.06659 -2.779206 6e-06 -0.0 0.0 0.055228 0.011354 0.072111 0.053178 -0.016065 0.067648 0.048288 0.036941 0.084337 -130.247253 -67.254166 147.05246 39.362247 -59.078041 -9.589469 21.791819 -0.619649 -0.225096 -4.871626 18.092916 10.91397 17.636629 -26.322571 52.410877 -19.466648 -14.395531 29.410255 -6e-06 -8.7748 -1e-05 15.874791 -18.337048 6.453024 -0.609773 -1.795655 -3.889314 -4.807075 -11.046797 -2.937844 2.6e-05 -20.976006 -1.9e-05 -5.019918 -25.033581 -4.031897 6e-06 -0.0 -0.0 -10.634513 -5.686965 -3.565571 10.573259 -17.922941 -3.113902 2e-05 -13.821203 -1.5e-05 -0.50171 -31.181549 -4.027044 -11.47644 -59.540646 7.624528 -13.982687 -7.150187 -2.875028 13.772699 -8.401492 -3.218231 0.347789 -34.211544 0.771603 -0.96299 -17.733393 2.621005 0.0 -0.0 -1e-06 -17.34638 -20.095188 -4.201762 21.757502 -1.63838 3.866421 8e-06 -6.338818 -9e-06 -1.697539 -22.591763 -6.194031 -1e-06 -1e-06 -1e-06 57.805607 -72.287918 136.850342 31.262156 -66.437019 0.308809 28.733673 -0.261884 -0.017729 1.238796 13.274381 17.693825 22.182077 -20.375782 49.933136 -16.701832 -16.743536 28.476475 -6e-06 -12.690614 7e-06 15.491632 -17.663181 2.811649 -0.105917 -1.513858 -4.275873 -5.039042 -5.612872 -2.953549 7e-06 -11.020531 -1.5e-05 -6.111299 -15.895377 -3.840485 -0.0 -0.0 -1e-06 -10.283368 -5.680289 -4.341819 11.0283 -11.302402 -2.372645 -1.384265 -14.238593 -6.320128 -0.625399 -26.924261 -3.827638 -4.086155 -49.40461 -3.707472 -13.708526 -7.363475 -3.720914 18.141163 -14.052728 -3.242691 1.8e-05 -18.787271 -2.5e-05 -0.4297 -8.456059 2.555495 2e-06 -2e-06 4e-06 -15.923541 -20.094473 -5.473553 30.419239 -7.19082 1.735909 9e-06 -8.162926 -1.1e-05 -1.861869 -22.861511 -6.167985 -1e-06 -0.0 -2e-06 -174.914108 -2.125367 -10.506135 5.511982 0.011335 0.243627 -78.531303 -0.62603 -5.593822 -4.103397 1.476704 2.166921 -1.0 -0.0 0.0 6.238965 -3.279997 -4.456549 5.457726 -0.052821 0.204647 -80.315666 -0.091837 -6.80166 -4.164316 0.647636 1.685619 -1.000005 0.0 -0.0 
0.0 0.0 0.0 0.0 -0.0 0.0 -0.096029 99.796638 0.335631 90.086983 0.9363 93.453178 -1.946153 1.133055 -0.003878 -11.427518 -0.195458 -0.13443 16.444654 -1.881941 -2.223844 29.17865 1.834906 2.219583 -2.76268 -0.578927 -1.849791 -33.565559 0.021234 -2.662445 6e-06 -0.0 -0.0 0.053829 0.014061 0.083558 0.060481 -0.013724 0.079703 0.056751 0.039802 0.094968 -130.259598 -67.381569 147.020126 39.44136 -59.009926 -9.691907 21.832867 -0.584601 -0.227623 -4.790805 18.234413 10.806712 17.636656 -26.322763 52.411201 -19.466757 -14.395645 29.41046 -2e-06 -8.774867 0.0 15.86898 -18.347271 6.472464 -0.609776 -1.79566 -3.889333 -4.807105 -11.046863 -2.937854 4e-06 -20.976168 -4e-06 -5.020009 -25.033819 -4.031905 6e-06 0.0 -1e-06 -10.63456 -5.686989 -3.565585 10.573316 -17.923042 -3.113921 6e-06 -13.821316 -7e-06 -0.50176 -31.181881 -4.027061 -11.497643 -59.562904 7.647907 -13.982744 -7.150221 -2.875035 13.772779 -8.401529 -3.218261 0.347744 -34.21183 0.771637 -0.963028 -17.733562 2.621032 -0.0 -2e-06 2e-06 -17.34646 -20.09528 -4.201766 21.757631 -1.638378 3.866428 2e-06 -6.338867 -4e-06 -1.697582 -22.591986 -6.194068 -1e-06 -0.0 -2e-06 57.793987 -72.393478 136.782959 31.517229 -66.408798 0.102013 28.729019 -0.294823 -0.02131 1.310532 13.269652 17.825956 22.182072 -20.375795 49.933174 -16.701807 -16.743509 28.476456 -1e-06 -12.690592 3e-06 15.476032 -17.676054 2.817518 -0.105918 -1.513857 -4.27587 -5.039035 -5.612865 -2.953545 4e-06 -11.020514 -1e-05 -6.111289 -15.895341 -3.840471 -1e-06 0.0 1e-06 -10.28336 -5.680288 -4.341821 11.028278 -11.302388 -2.372638 -1.384266 -14.23857 -6.320109 -0.625414 -26.924191 -3.82762 -4.07482 -49.385098 -3.709059 -13.708515 -7.363475 -3.72092 18.14113 -14.052718 -3.242684 1e-05 -18.787254 -2.2e-05 -0.429702 -8.456045 2.55549 -1e-06 -1e-06 5e-06 -15.923532 -20.094477 -5.473559 30.419176 -7.190809 1.735917 5e-06 -8.162912 -1.1e-05 -1.861876 -22.861462 -6.167966 1e-06 -4e-06 2e-06 -175.016449 -2.118523 -10.46369 5.517504 0.015306 0.242645 -78.493713 -0.612022 -5.564418 -4.085633 1.477418 2.169479 -0.999997 -0.0 -0.0 6.156583 -3.284128 -4.482001 5.457027 -0.053662 0.198202 -80.255478 -0.103629 -6.813174 -4.142006 0.650862 1.686249 -1.000004 0.0 0.0 
0.0 0.0 0.0 0.0 -0.0 0.0 -0.100325 99.808846 0.304181 90.089088 0.876173 93.526024 -1.910352 1.13219 -0.000468 -11.403789 -0.203203 -0.129786 16.367985 -1.854199 -2.214231 28.791662 1.672044 2.253094 -2.757076 -0.573904 -1.823687 -33.608391 -0.013997 -2.553992 6e-06 -0.0 0.0 0.052962 0.01583 0.084706 0.067648 -0.010656 0.080874 0.067024 0.03987 0.095789 -130.257828 -67.49202 146.968369 39.474037 -58.967106 -9.817823 21.896992 -0.575439 -0.231125 -4.685224 18.36525 10.682627 17.636749 -26.32292 52.411461 -19.466942 -14.395667 29.410648 -2.6e-05 -8.774897 -3e-06 15.875144 -18.348171 6.471539 -0.609777 -1.795673 -3.889351 -4.807096 -11.046931 -2.937886 6.2e-05 -20.976336 -2.6e-05 -5.019946 -25.034025 -4.03193 6e-06 -1e-06 1e-06 -10.634583 -5.687008 -3.56561 10.573394 -17.923193 -3.113959 4.3e-05 -13.82142 -1.5e-05 -0.50166 -31.182158 -4.027086 -11.502836 -59.561661 7.653269 -13.982775 -7.150243 -2.875062 13.772838 -8.401621 -3.21828 0.347853 -34.212143 0.771605 -0.962987 -17.733723 2.621065 1e-06 1e-06 -2e-06 -17.346481 -20.095383 -4.201814 21.757692 -1.638429 3.866443 1.8e-05 -6.338914 -9e-06 -1.697511 -22.592171 -6.194128 0.0 -5e-06 -3e-06 57.756908 -72.496437 136.748474 31.769802 -66.378006 -0.149576 28.681345 -0.326514 -0.028982 1.361072 13.260058 17.906858 22.182178 -20.375948 49.933441 -16.702005 -16.743595 28.476694 -4.3e-05 -12.690668 1.1e-05 15.459864 -17.682211 2.827394 -0.105914 -1.513868 -4.275897 -5.039045 -5.612901 -2.953574 3.5e-05 -11.020613 -2e-05 -6.111275 -15.895486 -3.84051 0.0 -1e-06 2e-06 -10.283396 -5.680302 -4.34185 11.02837 -11.302503 -2.372669 -1.384223 -14.238697 -6.320169 -0.62533 -26.924507 -3.827647 -4.074425 -49.386944 -3.709724 -13.708561 -7.363493 -3.720951 18.141272 -14.052865 -3.242731 6.6e-05 -18.78742 -2.9e-05 -0.429688 -8.456129 2.555522 -1e-06 -0.0 3e-06 -15.923554 -20.094568 -5.473612 30.419348 -7.190928 1.735886 3e-05 -8.162985 -1.5e-05 -1.861805 -22.861694 -6.168023 0.0 -5e-06 -2e-06 -175.11731 -2.112849 -10.44539 5.518321 0.017186 0.248104 -78.464363 -0.571724 -5.536335 -4.076254 1.475685 2.170429 -0.999997 -0.0 0.0 6.079334 -3.287558 -4.524186 5.453509 -0.057813 0.193603 -80.188683 -0.108483 -6.817024 -4.139946 0.657363 1.687955 -1.000003 -0.0 0.0 
0.0 0.0 0.0 0.0 -0.0 0.0 -0.107933 99.822525 0.268334 90.090431 0.814152 93.607285 -1.877358 1.13335 0.00472 -11.385655 -0.207488 -0.127148 16.294064 -1.832618 -2.210169 28.422558 1.547608 2.287011 -2.750712 -0.570404 -1.793056 -33.643978 -0.050981 -2.461147 6e-06 -0.0 -0.0 0.052561 0.01595 0.079934 0.073696 -0.006983 0.076538 0.076781 0.035988 0.090375 -130.23439 -67.580376 146.912399 39.511135 -58.932922 -9.96503 21.967619 -0.568422 -0.233125 -4.574347 18.482512 10.474914 17.636608 -26.32271 52.411224 -19.466621 -14.395597 29.410389 5e-06 -8.77483 -4e-06 15.877639 -18.343102 6.457547 -0.609779 -1.795651 -3.889325 -4.807096 -11.046793 -2.93785 -7e-06 -20.975986 -1e-06 -5.019978 -25.03356 -4.031908 6e-06 1e-06 -0.0 -10.634535 -5.686967 -3.565587 10.573258 -17.922913 -3.113895 -3e-06 -13.821195 1e-06 -0.501782 -31.181511 -4.027028 -11.490215 -59.550514 7.629701 -13.982711 -7.150194 -2.875044 13.772716 -8.401465 -3.218236 0.347707 -34.211502 0.771665 -0.963044 -17.733381 2.621029 0.0 2e-06 -0.0 -17.34642 -20.0952 -4.201787 21.757559 -1.638362 3.866434 -2e-06 -6.338817 3e-06 -1.697602 -22.591757 -6.194026 -0.0 -3e-06 -3e-06 57.671146 -72.594383 136.761017 32.020569 -66.350784 -0.427534 28.579245 -0.339075 -0.029619 1.40444 13.261166 17.919662 22.182138 -20.375942 49.933426 -16.701746 -16.743544 28.476562 1.7e-05 -12.690618 -5e-06 15.456168 -17.682318 2.819367 -0.105926 -1.513852 -4.275885 -5.039054 -5.612869 -2.953562 -1.3e-05 -11.020532 1.2e-05 -6.111336 -15.895384 -3.840496 -1e-06 -1e-06 1e-06 -10.28338 -5.680293 -4.341849 11.028279 -11.302382 -2.372612 -1.384294 -14.238587 -6.320141 -0.625485 -26.924263 -3.827613 -4.078659 -49.390419 -3.705112 -13.708535 -7.363483 -3.720947 18.14113 -14.052706 -3.242647 -3.3e-05 -18.787291 2.3e-05 -0.429733 -8.456078 2.555536 -1e-06 1e-06 5e-06 -15.923571 -20.094481 -5.473587 30.419222 -7.190784 1.735959 -9e-06 -8.162939 1.1e-05 -1.861948 -22.861551 -6.167953 1e-06 -4e-06 -1e-06 -175.219284 -2.108006 -10.419792 5.519431 0.017538 0.249831 -78.432571 -0.538683 -5.508514 -4.076325 1.475395 2.171511 -1.000003 1e-06 0.0 6.004798 -3.287835 -4.563315 5.456364 -0.06176 0.190639 -80.143059 -0.136879 -6.809825 -4.129269 0.660994 1.690485 -1.000002 -0.0 0.0 
0.0 0.0 0.0 0.0 -0.0 0.0 -0.116062 99.833595 0.230965 90.096542 0.765004 93.693253 -1.842574 1.131477 0.013608 -11.371792 -0.206968 -0.126369 16.228331 -1.820732 -2.206718 28.078135 1.460977 2.315605 -2.743869 -0.575044 -1.749677 -33.649544 -0.094292 -2.403367 6e-06 -0.0 0.0 0.051085 0.01562 0.078643 0.071946 -0.003116 0.074728 0.077697 0.031156 0.089494 -130.171021 -67.666595 146.822922 39.560154 -58.917068 -10.061195 22.030046 -0.553237 -0.22959 -4.462699 18.56464 10.203866 17.636732 -26.322859 52.411335 -19.466892 -14.395609 29.410563 -2.8e-05 -8.774862 -5e-06 15.867464 -18.357124 6.460019 -0.609774 -1.795673 -3.889347 -4.807081 -11.04691 -2.937882 6.8e-05 -20.976278 -2.7e-05 -5.019914 -25.033936 -4.031919 6e-06 1e-06 0.0 -10.634555 -5.686997 -3.56561 10.573366 -17.923157 -3.113948 4.5e-05 -13.821379 -1.6e-05 -0.501655 -31.18202 -4.02707 -11.494643 -59.565083 7.618264 -13.982744 -7.150228 -2.875062 13.772795 -8.401606 -3.21827 0.347862 -34.212013 0.771596 -0.962982 -17.733646 2.621057 0.0 0.0 -1e-06 -17.346428 -20.095348 -4.201815 21.757626 -1.638433 3.866438 2.1e-05 -6.338897 -1e-05 -1.697491 -22.592089 -6.194105 -1e-06 -2e-06 -1e-06 57.574978 -72.698067 136.806427 32.291718 -66.313759 -0.742838 28.456871 -0.343797 -0.028991 1.428054 13.28998 17.942341 22.182188 -20.375923 49.933418 -16.702082 -16.743612 28.476746 -4.7e-05 -12.6907 1.2e-05 15.458605 -17.676497 2.804 -0.10591 -1.513876 -4.275901 -5.039052 -5.612917 -2.953576 4.1e-05 -11.020667 -2.6e-05 -6.111286 -15.895583 -3.840519 -0.0 -0.0 1e-06 -10.283401 -5.680312 -4.341851 11.028395 -11.302539 -2.372684 -1.38422 -14.238755 -6.320188 -0.625323 -26.924648 -3.827682 -4.066659 -49.389469 -3.707554 -13.708567 -7.363503 -3.720948 18.14131 -14.052917 -3.242755 8e-05 -18.787498 -4.4e-05 -0.429679 -8.456169 2.55552 -1e-06 1e-06 3e-06 -15.923563 -20.09461 -5.473611 30.419403 -7.190959 1.735871 3.2e-05 -8.163013 -2.6e-05 -1.861783 -22.861814 -6.168068 1e-06 -3e-06 -2e-06 -175.307358 -2.098014 -10.385397 5.520656 0.016161 0.244762 -78.40596 -0.514228 -5.484863 -4.083747 1.476905 2.171505 -1.0 0.0 0.0 5.942959 -3.291162 -4.608356 5.469178 -0.063922 0.190657 -80.121658 -0.169437 -6.794553 -4.102845 0.656395 1.691882 -1.000005 0.0 -0.0 
0.0 0.0 0.0 0.0 -0.0 0.0 -0.122473 99.844093 0.198359 90.103653 0.734614 93.789505 -1.80962 1.125244 0.0201 -11.360163 -0.201064 -0.120879 16.171831 -1.813338 -2.194031 27.780502 1.408721 2.336892 -2.731531 -0.584927 -1.704299 -33.636806 -0.137874 -2.37435 6e-06 -0.0 -0.0 0.052251 0.015206 0.081074 0.069363 -0.000425 0.07602 0.07738 0.027467 0.093219 -130.120514 -67.758881 146.759659 39.61377 -58.907528 -10.108141 22.084488 -0.530116 -0.228502 -4.342565 18.596878 9.97597 17.636635 -26.322748 52.411175 -19.466673 -14.395656 29.410398 2e-06 -8.774855 1e-06 15.853739 -18.37636 6.467414 -0.609775 -1.795654 -3.889327 -4.807104 -11.046814 -2.937841 -3e-06 -20.976049 1.4e-05 -5.020012 -25.033638 -4.031886 6e-06 -0.0 -0.0 -10.634553 -5.686975 -3.565574 10.573296 -17.922953 -3.1139 -2e-06 -13.821229 9e-06 -0.501806 -31.181614 -4.027008 -11.483598 -59.574917 7.608653 -13.982737 -7.150201 -2.875027 13.772762 -8.401488 -3.218248 0.34771 -34.21162 0.771685 -0.963046 -17.733448 2.621042 -1e-06 -0.0 -1e-06 -17.346458 -20.095222 -4.201757 21.75762 -1.638371 3.866425 -1e-06 -6.338836 2e-06 -1.697616 -22.591831 -6.194018 -0.0 -3e-06 -1e-06 57.510086 -72.801361 136.842163 32.582703 -66.260063 -1.12621 28.328079 -0.365009 -0.035313 1.437333 13.338943 18.046278 22.182051 -20.375803 49.933159 -16.701786 -16.743515 28.476452 2e-06 -12.69059 8e-06 15.447798 -17.665358 2.80107 -0.105917 -1.513853 -4.275869 -5.039036 -5.612868 -2.953544 -3e-06 -11.020515 -3e-06 -6.111304 -15.895348 -3.840463 -0.0 -0.0 -0.0 -10.283358 -5.680287 -4.341818 11.02827 -11.302377 -2.372636 -1.384275 -14.238567 -6.320113 -0.625438 -26.924183 -3.827619 -4.061856 -49.363731 -3.702173 -13.70851 -7.363472 -3.720917 18.141119 -14.052706 -3.24268 -5e-06 -18.787254 -1.2e-05 -0.429713 -8.456047 2.555493 -1e-06 3e-06 3e-06 -15.923531 -20.094467 -5.47355 30.419176 -7.19079 1.735913 -1e-06 -8.162916 -8e-06 -1.861894 -22.861481 -6.16797 -0.0 -5e-06 0.0 -175.377869 -2.090464 -10.33639 5.527369 0.01474 0.241384 -78.387772 -0.500867 -5.447176 -4.081611 1.475992 2.170954 -1.0 1e-06 0.0 5.898925 -3.293455 -4.646742 5.491828 -0.061198 0.187088 -80.114258 -0.219513 -6.758053 -4.072997 0.648826 1.691707 -1.000006 0.0 0.0 
0.0 0.0 0.0 0.0 -0.0 0.0 -0.128061 99.853394 0.173711 90.113968 0.717329 93.877991 -1.783697 1.116129 0.027412 -11.349294 -0.19447 -0.105967 16.117815 -1.812846 -2.183374 27.543974 1.376935 2.354742 -2.719098 -0.59509 -1.673203 -33.606636 -0.17014 -2.348129 6e-06 -0.0 -0.0 0.05493 0.01532 0.084719 0.068163 -1.2e-05 0.079022 0.078511 0.027108 0.09764 -130.071106 -67.833145 146.712936 39.668701 -58.893116 -10.15238 22.133202 -0.521 -0.227441 -4.220704 18.61758 9.793671 17.636723 -26.322874 52.411423 -19.46681 -14.395771 29.410576 1.5e-05 -8.774938 1e-06 15.843958 -18.385731 6.463551 -0.609777 -1.795667 -3.889347 -4.807156 -11.046902 -2.937854 -2.4e-05 -20.976208 4e-06 -5.020087 -25.033869 -4.031943 6e-06 2e-06 -0.0 -10.634631 -5.687023 -3.565582 10.573371 -17.923071 -3.113934 -1.6e-05 -13.821334 -1e-06 -0.501827 -31.181896 -4.027085 -11.441013 -59.55817 7.576345 -13.982845 -7.150262 -2.875024 13.772873 -8.401531 -3.218278 0.347691 -34.211906 0.771664 -0.963055 -17.733583 2.62104 1e-06 -1e-06 -2e-06 -17.346622 -20.095377 -4.201751 21.757809 -1.638359 3.866446 -8e-06 -6.338882 -3e-06 -1.697659 -22.592033 -6.194092 0.0 -2e-06 -4e-06 57.470387 -72.905602 136.860657 32.874352 -66.204224 -1.518028 28.205383 -0.393492 -0.04573 1.436763 13.374269 18.182249 22.182283 -20.375994 49.933575 -16.702002 -16.743719 28.476768 2.1e-05 -12.69079 1e-06 15.430618 -17.653931 2.80785 -0.105918 -1.51387 -4.275907 -5.039111 -5.61295 -2.95357 -1.6e-05 -11.020695 -4e-06 -6.111436 -15.895662 -3.840525 -0.0 -0.0 -0.0 -10.283478 -5.680358 -4.341848 11.028411 -11.302518 -2.372667 -1.384314 -14.238805 -6.320199 -0.625477 -26.924726 -3.827699 -4.072532 -49.331718 -3.68853 -13.708667 -7.363568 -3.720935 18.141352 -14.052874 -3.242722 -1.8e-05 -18.787561 -2.6e-05 -0.429719 -8.456201 2.555527 1e-06 -1e-06 3e-06 -15.923742 -20.094709 -5.473577 30.419577 -7.190851 1.735949 -7e-06 -8.163043 -2e-05 -1.861942 -22.861933 -6.168114 2e-06 -6e-06 0.0 -175.429398 -2.08121 -10.292837 5.536509 0.011935 0.243066 -78.380203 -0.486037 -5.403057 -4.076665 1.475006 2.170138 -0.999998 -0.0 0.0 5.876861 -3.299207 -4.693409 5.504002 -0.056499 0.179311 -80.120148 -0.26807 -6.727743 -4.06406 0.641138 1.690902 -1.000004 0.0 -0.0 
0.0 0.0 0.0 0.0 -0.0 0.0 -0.129138 99.856094 0.154684 90.12307 0.706639 93.960976 -1.765288 1.10959 0.033498 -11.341681 -0.190883 -0.090103 16.065319 -1.81477 -2.161793 27.3573 1.349746 2.366318 -2.713628 -0.599925 -1.658041 -33.551964 -0.208414 -2.319156 6e-06 0.0 0.0 0.056653 0.0159 0.085393 0.068637 -0.001342 0.080524 0.079046 0.029574 0.097557 -130.020767 -67.890091 146.658829 39.700756 -58.881443 -10.165308 22.169371 -0.517585 -0.228219 -4.097865 18.640646 9.644451 17.636707 -26.322781 52.411293 -19.466743 -14.395648 29.41048 -3e-06 -8.774871 -8e-06 15.835564 -18.374613 6.448746 -0.609778 -1.79566 -3.889336 -4.807108 -11.046844 -2.937862 1.8e-05 -20.976118 -5e-06 -5.019983 -25.033728 -4.031923 6e-06 -1e-06 0.0 -10.63457 -5.686985 -3.565595 10.573324 -17.923016 -3.113915 1.2e-05 -13.821274 -1e-06 -0.50175 -31.181736 -4.027048 -11.37306 -59.516876 7.516551 -13.982761 -7.150215 -2.875045 13.772792 -8.401523 -3.218251 0.347758 -34.211731 0.771657 -0.963028 -17.733496 2.621052 0.0 2e-06 1e-06 -17.346476 -20.09527 -4.201789 21.757652 -1.638391 3.866446 5e-06 -6.338851 1e-06 -1.69758 -22.591896 -6.194065 -1e-06 -5e-06 -1e-06 57.476753 -73.002617 136.820023 33.12112 -66.163116 -1.832061 28.105793 -0.406521 -0.059532 1.425173 13.393969 18.278028 22.182165 -20.375933 49.933361 -16.701878 -16.743578 28.476587 -7e-06 -12.69065 1e-06 15.424406 -17.660984 2.815345 -0.105919 -1.51386 -4.275887 -5.039056 -5.612893 -2.953557 6e-06 -11.020589 -1e-06 -6.111327 -15.895457 -3.840483 -1e-06 0.0 -0.0 -10.283397 -5.680304 -4.341839 11.028332 -11.302453 -2.372639 -1.384271 -14.238661 -6.320142 -0.625433 -26.924416 -3.827617 -4.10063 -49.3172 -3.677438 -13.708562 -7.3635 -3.720935 18.141214 -14.052798 -3.242687 8e-06 -18.787388 -3e-06 -0.429713 -8.456114 2.555523 0.0 1e-06 1e-06 -15.923587 -20.094549 -5.473577 30.419321 -7.190851 1.73593 3e-06 -8.162972 -4e-06 -1.861901 -22.861666 -6.167988 -1e-06 -3e-06 -1e-06 -175.468094 -2.075374 -10.244162 5.545086 0.011379 0.242739 -78.381561 -0.472424 -5.36661 -4.072577 1.474282 2.168969 -1.000001 1e-06 0.0 5.869245 -3.302599 -4.739593 5.504896 -0.053857 0.169696 -80.138153 -0.312672 -6.713898 -4.062115 0.638671 1.691127 -1.000002 0.0 0.0 
0.0 0.0 0.0 0.0 -0.0 0.0 -0.131495 99.856018 0.138195 90.124939 0.696524 94.050232 -1.750125 1.107603 0.035655 -11.335864 -0.189562 -0.074211 16.011992 -1.815688 -2.144203 27.214886 1.331485 2.360406 -2.707511 -0.608522 -1.61239 -33.480637 -0.24233 -2.297421 6e-06 -0.0 0.0 0.05768 0.016898 0.083952 0.072006 -0.002366 0.080742 0.080874 0.032711 0.094473 -129.94281 -67.938095 146.568924 39.747025 -58.869373 -10.142059 22.181381 -0.515006 -0.233983 -3.974303 18.638693 9.503241 17.636593 -26.322676 52.411118 -19.466526 -14.395609 29.410299 1.2e-05 -8.774815 -6e-06 15.850084 -18.365612 6.417442 -0.609779 -1.795643 -3.889319 -4.807096 -11.046746 -2.937833 -1.7e-05 -20.975876 1.9e-05 -5.01999 -25.033394 -4.031887 6e-06 -0.0 1e-06 -10.634529 -5.686949 -3.565573 10.573238 -17.922831 -3.113869 -1.4e-05 -13.821116 1.9e-05 -0.501833 -31.18129 -4.026974 -11.303819 -59.482029 7.440443 -13.982709 -7.150173 -2.875028 13.772707 -8.401428 -3.218223 0.34768 -34.211323 0.771705 -0.963055 -17.733276 2.621034 2e-06 -2e-06 2e-06 -17.346424 -20.095129 -4.201763 21.757545 -1.638355 3.866428 -6e-06 -6.338786 1.1e-05 -1.697626 -22.591604 -6.193975 -1e-06 -4e-06 -1e-06 57.499813 -73.097763 136.743851 33.318802 -66.145882 -2.070604 28.043489 -0.40302 -0.065344 1.394154 13.404012 18.314381 22.182123 -20.375919 49.933357 -16.701765 -16.74354 28.47653 1.4e-05 -12.690614 -1e-06 15.44552 -17.682526 2.80331 -0.105926 -1.513852 -4.275882 -5.03905 -5.612873 -2.953553 -1.2e-05 -11.020528 5e-06 -6.111327 -15.895375 -3.840483 0.0 -0.0 0.0 -10.283381 -5.680292 -4.341839 11.028279 -11.302385 -2.372622 -1.384291 -14.238585 -6.320125 -0.62547 -26.924236 -3.827614 -4.127176 -49.337341 -3.692496 -13.708536 -7.363485 -3.720936 18.141136 -14.052712 -3.242663 -2e-05 -18.787291 1.3e-05 -0.429724 -8.456067 2.555519 1e-06 -1e-06 1e-06 -15.923567 -20.094492 -5.473575 30.419214 -7.190786 1.73595 -8e-06 -8.162933 8e-06 -1.861935 -22.861538 -6.167959 -0.0 -3e-06 2e-06 -175.498398 -2.082974 -10.198155 5.547878 0.01395 0.240605 -78.389465 -0.449413 -5.360021 -4.072694 1.477392 2.169414 -0.999999 0.0 0.0 5.866002 -3.295179 -4.777375 5.500135 -0.054901 0.16359 -80.161156 -0.35713 -6.707535 -4.062077 0.643065 1.693557 -1.000002 -0.0 0.0 
0.0 0.0 0.0 0.0 -0.0 0.0 -0.135115 99.85611 0.116428 90.125298 0.69317 94.1371 -1.740024 1.105516 0.038601 -11.328002 -0.190089 -0.056777 15.957824 -1.819382 -2.131936 27.112377 1.323424 2.338595 -2.704308 -0.61555 -1.554899 -33.396572 -0.266303 -2.282183 6e-06 0.0 0.0 0.061226 0.017225 0.078652 0.077363 -0.003601 0.077032 0.08468 0.034759 0.087704 -129.865494 -67.993279 146.478592 39.797478 -58.860603 -10.108742 22.163923 -0.520684 -0.241145 -3.850318 18.661461 9.3806 17.636574 -26.322691 52.411263 -19.466501 -14.395572 29.410355 1.7e-05 -8.774801 -9e-06 15.865663 -18.371515 6.396984 -0.609783 -1.795641 -3.889322 -4.807099 -11.046745 -2.937847 -2.8e-05 -20.975872 8e-06 -5.019975 -25.033411 -4.031922 7e-06 -1e-06 0.0 -10.634523 -5.686956 -3.565591 10.573211 -17.922815 -3.113871 -2.1e-05 -13.82112 1.5e-05 -0.501822 -31.181324 -4.027017 -11.262529 -59.466812 7.393613 -13.982697 -7.15018 -2.875048 13.772683 -8.401416 -3.218221 0.347654 -34.211323 0.771709 -0.963076 -17.733288 2.621041 1e-06 -1e-06 -2e-06 -17.346413 -20.095127 -4.201792 21.757515 -1.638339 3.866444 -9e-06 -6.338786 9e-06 -1.697623 -22.591623 -6.19401 -0.0 -3e-06 -3e-06 57.531033 -73.189522 136.644211 33.460217 -66.143639 -2.258431 28.010332 -0.393998 -0.065716 1.360884 13.415114 18.294661 22.182068 -20.375874 49.933323 -16.701622 -16.743511 28.476433 4.1e-05 -12.690574 -5e-06 15.471034 -17.706539 2.789313 -0.105927 -1.513843 -4.275874 -5.03905 -5.612848 -2.953548 -3.1e-05 -11.020453 1.1e-05 -6.111338 -15.895261 -3.840485 -0.0 0.0 2e-06 -10.283368 -5.680284 -4.341834 11.028233 -11.302298 -2.372601 -1.384315 -14.238487 -6.320108 -0.625505 -26.923998 -3.827608 -4.141221 -49.358173 -3.707059 -13.708519 -7.363474 -3.720932 18.141062 -14.052594 -3.242633 -6e-05 -18.787149 2.1e-05 -0.429741 -8.455998 2.555512 0.0 1e-06 0.0 -15.923562 -20.094419 -5.473568 30.419136 -7.190702 1.735974 -2.6e-05 -8.162881 1.7e-05 -1.861986 -22.861351 -6.16792 1e-06 -4e-06 -0.0 -175.518417 -2.095065 -10.154069 5.544314 0.01744 0.239352 -78.375908 -0.406102 -5.358494 -4.080101 1.482538 2.171066 -0.999998 -0.0 0.0 5.87183 -3.281736 -4.818723 5.499409 -0.058363 0.160804 -80.171165 -0.387134 -6.705064 -4.054922 0.648022 1.695626 -1.000003 0.0 0.0 
0.0 0.0 0.0 0.0 -0.0 0.0 -0.138827 99.85965 0.097362 90.124481 0.698986 94.216812 -1.733415 1.104287 0.041598 -11.314551 -0.191842 -0.038518 15.901516 -1.819221 -2.115843 27.015186 1.30595 2.324405 -2.700448 -0.617465 -1.516524 -33.289589 -0.29158 -2.261887 6e-06 0.0 0.0 0.067027 0.017491 0.075538 0.080056 -0.002818 0.073862 0.088435 0.034562 0.084674 -129.807373 -68.041306 146.406601 39.845413 -58.854019 -10.102321 22.132624 -0.540279 -0.246589 -3.722348 18.713295 9.310371 17.636536 -26.322584 52.410942 -19.466545 -14.395453 29.410231 -1.8e-05 -8.774734 -6e-06 15.8619 -18.385323 6.396396 -0.609772 -1.795644 -3.889308 -4.807027 -11.046731 -2.937846 4.8e-05 -20.975887 -9e-06 -5.019845 -25.033403 -4.031855 6e-06 0.0 0.0 -10.634445 -5.686925 -3.565586 10.573197 -17.92285 -3.11388 2.9e-05 -13.821121 2e-06 -0.501697 -31.181299 -4.026968 -11.251831 -59.469551 7.385885 -13.982596 -7.150139 -2.875051 13.772611 -8.401464 -3.218213 0.3478 -34.211323 0.771643 -0.962998 -17.733282 2.621033 1e-06 -1e-06 -4e-06 -17.346239 -20.095074 -4.201799 21.757349 -1.638395 3.866406 1.4e-05 -6.338784 1e-06 -1.6975 -22.59161 -6.193977 -0.0 -3e-06 -2e-06 57.589779 -73.294327 136.521042 33.587887 -66.165108 -2.521126 27.993256 -0.398254 -0.061294 1.335079 13.45216 18.282194 22.182014 -20.375832 49.933075 -16.701717 -16.743389 28.476372 -3.9e-05 -12.690485 -3e-06 15.472733 -17.725912 2.784173 -0.105921 -1.513846 -4.275862 -5.03899 -5.612825 -2.953546 3.7e-05 -11.020463 0.0 -6.111179 -15.895232 -3.840455 1e-06 -0.0 1e-06 -10.283292 -5.680235 -4.341833 11.028226 -11.302361 -2.372609 -1.384213 -14.238485 -6.320085 -0.625358 -26.924057 -3.827543 -4.132324 -49.356136 -3.714294 -13.708419 -7.363406 -3.720942 18.141033 -14.052699 -3.242643 5.6e-05 -18.787172 1.5e-05 -0.429691 -8.456018 2.555515 1e-06 -1e-06 -1e-06 -15.923374 -20.094324 -5.473588 30.418955 -7.190847 1.735904 2.4e-05 -8.162885 9e-06 -1.861817 -22.861359 -6.167863 2e-06 -3e-06 -1e-06 -175.527756 -2.107885 -10.127424 5.537221 0.020631 0.237253 -78.360039 -0.350539 -5.349874 -4.077578 1.487517 2.172935 -0.999997 -1e-06 0.0 5.881721 -3.265352 -4.867888 5.50524 -0.061987 0.157041 -80.182213 -0.402612 -6.722508 -4.026935 0.651434 1.696874 -1.000003 -0.0 0.0 
0.0 0.0 0.0 0.0 -0.0 0.0 -0.146595 99.865051 0.081608 90.125702 0.707646 94.290833 -1.726642 1.102856 0.043645 -11.302572 -0.192171 -0.020831 15.85539 -1.817258 -2.104072 26.900873 1.273565 2.319889 -2.70068 -0.615596 -1.488305 -33.175587 -0.316851 -2.226633 6e-06 -0.0 -0.0 0.070259 0.017104 0.073939 0.079335 -0.003077 0.071921 0.088873 0.034104 0.083306 -129.741425 -68.078156 146.320419 39.901432 -58.847027 -10.13085 22.104895 -0.573029 -0.247802 -3.598713 18.738613 9.320017 17.636639 -26.322756 52.411221 -19.466745 -14.395624 29.410463 -1.3e-05 -8.774848 -1e-06 15.843019 -18.381468 6.397192 -0.609775 -1.795658 -3.889334 -4.807083 -11.046835 -2.93786 3.6e-05 -20.976109 -1.1e-05 -5.019947 -25.033716 -4.031904 6e-06 1e-06 0.0 -10.634537 -5.686971 -3.56559 10.573313 -17.923012 -3.113923 2.1e-05 -13.821269 -0.0 -0.501722 -31.181726 -4.027038 -11.259362 -59.45649 7.380126 -13.982718 -7.1502 -2.875044 13.772759 -8.401528 -3.218257 0.347789 -34.211727 0.771637 -0.963011 -17.733501 2.621043 -1e-06 2e-06 -2e-06 -17.346413 -20.095238 -4.201788 21.757587 -1.638399 3.866424 1e-05 -6.338848 -3e-06 -1.697542 -22.59189 -6.194058 -1e-06 -4e-06 -1e-06 57.662731 -73.397209 136.394531 33.710892 -66.19014 -2.846586 28.012035 -0.414761 -0.053878 1.32255 13.485184 18.30455 22.182121 -20.375849 49.933235 -16.701887 -16.743536 28.476538 -1.5e-05 -12.69063 -0.0 15.448459 -17.729952 2.784657 -0.105917 -1.513863 -4.275879 -5.039041 -5.612885 -2.953554 1.5e-05 -11.020574 -1.3e-05 -6.1113 -15.895436 -3.84049 1e-06 0.0 -3e-06 -10.283371 -5.680293 -4.341835 11.028316 -11.302443 -2.372648 -1.384257 -14.238642 -6.32014 -0.625394 -26.924374 -3.827641 -4.110126 -49.320259 -3.738257 -13.708527 -7.363479 -3.720931 18.141191 -14.052788 -3.242699 3.3e-05 -18.787344 -2.3e-05 -0.429695 -8.456093 2.5555 -1e-06 -0.0 2e-06 -15.92353 -20.094507 -5.473581 30.419256 -7.190862 1.735909 1.3e-05 -8.162953 -1.4e-05 -1.861849 -22.861607 -6.168007 -0.0 -2e-06 -0.0 -175.539703 -2.11994 -10.113708 5.537737 0.020769 0.233457 -78.337654 -0.269217 -5.335011 -4.082778 1.492865 2.174014 -1.0 -0.0 -1e-06 5.885208 -3.252246 -4.901756 5.519016 -0.064504 0.150577 -80.188927 -0.42945 -6.74387 -3.999254 0.653784 1.69775 -1.000003 -0.0 -0.0 
0.0 0.0 0.0 0.0 -0.0 0.0 -0.157727 99.872986 0.070965 90.132805 0.714982 94.384598 -1.711937 1.097751 0.048015 -11.293628 -0.193046 -0.009504 15.811316 -1.81612 -2.095531 26.764284 1.229872 2.327006 -2.701265 -0.614779 -1.478827 -33.070255 -0.344052 -2.191856 6e-06 0.0 -0.0 0.071477 0.017072 0.081566 0.07734 -0.002424 0.078821 0.087939 0.033506 0.091786 -129.675613 -68.119858 146.247238 39.992222 -58.836452 -10.229984 22.078562 -0.606806 -0.246787 -3.470876 18.751007 9.370237 17.636629 -26.322733 52.411198 -19.466698 -14.395626 29.410416 7e-06 -8.774851 -2e-06 15.837276 -18.374495 6.396081 -0.609776 -1.795656 -3.889329 -4.807109 -11.046837 -2.93785 -9e-06 -20.976091 -5e-06 -5.019998 -25.03371 -4.031916 5e-06 3e-06 0.0 -10.634557 -5.686988 -3.565581 10.573288 -17.922987 -3.113911 -7e-06 -13.821262 -5e-06 -0.501781 -31.181723 -4.027063 -11.293291 -59.443043 7.388075 -13.982744 -7.150218 -2.875032 13.772756 -8.401498 -3.218253 0.347716 -34.21172 0.771642 -0.963035 -17.733496 2.621019 -1e-06 3e-06 1e-06 -17.346474 -20.095264 -4.201759 21.757618 -1.638358 3.866427 -1e-06 -6.33885 -4e-06 -1.6976 -22.591908 -6.194059 -1e-06 -3e-06 -1e-06 57.793552 -73.488434 136.216995 33.883835 -66.21241 -3.228628 28.037081 -0.441706 -0.054816 1.330576 13.529229 18.348499 22.182096 -20.375872 49.933346 -16.701807 -16.743572 28.476551 1.2e-05 -12.690628 1.1e-05 15.410992 -17.736206 2.795843 -0.105919 -1.513854 -4.275884 -5.039053 -5.612881 -2.953552 -8e-06 -11.020535 -7e-06 -6.111324 -15.895391 -3.840493 0.0 0.0 -1e-06 -10.283389 -5.6803 -4.341827 11.028296 -11.302389 -2.372644 -1.384284 -14.238597 -6.320141 -0.625435 -26.92425 -3.827649 -4.104507 -49.275948 -3.741733 -13.708548 -7.363494 -3.720927 18.141161 -14.052711 -3.242687 -1.8e-05 -18.787285 -1.1e-05 -0.42972 -8.45606 2.5555 1e-06 -1e-06 1e-06 -15.923586 -20.094507 -5.473567 30.419258 -7.19078 1.735923 -9e-06 -8.16293 -2e-06 -1.86192 -22.861523 -6.167988 -1e-06 -1e-06 -1e-06 -175.556732 -2.128564 -10.066303 5.539899 0.020254 0.232902 -78.312874 -0.198938 -5.324038 -4.092559 1.494533 2.174404 -1.000004 0.0 0.0 5.888964 -3.243695 -4.910264 5.530806 -0.065163 0.134594 -80.198273 -0.491579 -6.769783 -3.983599 0.659209 1.699014 -1.000005 0.0 -0.0 
0.0 0.0 0.0 0.0 -0.0 0.0 -0.167697 99.879745 0.059525 90.142296 0.715735 94.471474 -1.696532 1.091147 0.060008 -11.287746 -0.193432 -0.00365 15.766216 -1.815974 -2.091043 26.616982 1.185863 2.339374 -2.698798 -0.616363 -1.477057 -32.996838 -0.384796 -2.158332 6e-06 0.0 0.0 0.071252 0.017606 0.092294 0.077228 -9.7e-05 0.089151 0.088344 0.032452 0.103369 -129.617355 -68.18576 146.190048 40.098747 -58.84531 -10.359663 22.024544 -0.616936 -0.2431 -3.362015 18.764032 9.36105 17.636671 -26.322741 52.411118 -19.46677 -14.395656 29.410433 -8e-06 -8.774871 -4e-06 15.846915 -18.370575 6.379614 -0.609773 -1.795664 -3.889332 -4.807101 -11.046862 -2.93785 2.2e-05 -20.976162 -4e-06 -5.019986 -25.033787 -4.031895 5e-06 -0.0 0.0 -10.634562 -5.686985 -3.565576 10.573331 -17.923048 -3.113923 1.4e-05 -13.821302 -4e-06 -0.501749 -31.181816 -4.027039 -11.31685 -59.417782 7.373724 -13.982751 -7.150217 -2.875026 13.772791 -8.401539 -3.21826 0.347771 -34.211819 0.771638 -0.963016 -17.733545 2.62104 0.0 -3e-06 -1e-06 -17.346468 -20.095282 -4.201755 21.757645 -1.63839 3.866421 6e-06 -6.338864 -4e-06 -1.697574 -22.591957 -6.194053 -1e-06 -4e-06 -2e-06 57.948772 -73.560982 136.003418 34.028893 -66.244476 -3.569487 28.071356 -0.474195 -0.061363 1.328822 13.575679 18.363342 22.182228 -20.376007 49.933613 -16.702101 -16.743708 28.476871 -2.6e-05 -12.690773 1.5e-05 15.383897 -17.744814 2.800819 -0.105913 -1.513874 -4.275914 -5.039084 -5.612942 -2.953583 1.9e-05 -11.020705 -2.2e-05 -6.111362 -15.895664 -3.840549 -0.0 1e-06 2e-06 -10.283439 -5.680338 -4.341859 11.028426 -11.302554 -2.372689 -1.384251 -14.238819 -6.320225 -0.625359 -26.924786 -3.827719 -4.11225 -49.25399 -3.731138 -13.70862 -7.363537 -3.720951 18.141369 -14.052928 -3.242764 4.2e-05 -18.787579 -3.6e-05 -0.4297 -8.456215 2.555537 -0.0 -1e-06 -0.0 -15.923649 -20.094673 -5.473608 30.419542 -7.19093 1.735886 1.6e-05 -8.163047 -1.4e-05 -1.861852 -22.861933 -6.168103 -1e-06 -3e-06 -0.0 -175.582016 -2.133451 -10.015268 5.536708 0.021377 0.236162 -78.28611 -0.13561 -5.3235 -4.100297 1.491844 2.174025 -1.000003 -0.0 -0.0 5.890982 -3.24008 -4.924473 5.531051 -0.062493 0.117531 -80.198334 -0.557907 -6.789036 -3.98067 0.667979 1.701565 -1.000008 0.0 -0.0 
0.0 0.0 0.0 0.0 -0.0 0.0 -0.175912 99.884979 0.036636 90.1493 0.71093 94.536774 -1.683924 1.085735 0.075439 -11.281381 -0.187893 0.004175 15.720048 -1.815201 -2.094015 26.474649 1.141932 2.350749 -2.695477 -0.633436 -1.458181 -32.936378 -0.421932 -2.118482 6e-06 0.0 0.0 0.070564 0.017888 0.098151 0.078392 0.001873 0.094721 0.089415 0.031325 0.109949 -129.54837 -68.264809 146.120728 40.202579 -58.869831 -10.464789 21.954445 -0.611513 -0.232044 -3.278029 18.79917 9.303534 17.636621 -26.322754 52.411316 -19.466602 -14.39563 29.410429 1.6e-05 -8.774843 -4e-06 15.862548 -18.373034 6.367768 -0.609782 -1.795648 -3.889332 -4.807112 -11.046793 -2.93785 -2.4e-05 -20.975977 3e-06 -5.020005 -25.033548 -4.031931 7e-06 -3e-06 -2e-06 -10.634554 -5.686975 -3.56559 10.573261 -17.922897 -3.113892 -1.8e-05 -13.821188 6e-06 -0.501813 -31.181507 -4.027041 -11.345803 -59.403332 7.377453 -13.982738 -7.150204 -2.875042 13.772737 -8.401455 -3.21824 0.347678 -34.211502 0.771679 -0.963059 -17.73337 2.621032 -1e-06 -1e-06 0.0 -17.346464 -20.095205 -4.201781 21.757595 -1.638347 3.866441 -9e-06 -6.338814 6e-06 -1.697635 -22.591726 -6.194026 -1e-06 -2e-06 -2e-06 58.077736 -73.636909 135.801987 34.098305 -66.279305 -3.785131 28.140995 -0.497404 -0.06956 1.304462 13.59054 18.423258 22.182171 -20.375933 49.933403 -16.701796 -16.743523 28.476559 9e-06 -12.690619 -1.2e-05 15.386311 -17.753918 2.796265 -0.105926 -1.513855 -4.275885 -5.039055 -5.612885 -2.953562 -7e-06 -11.020564 1e-06 -6.111325 -15.895438 -3.840497 0.0 -0.0 -0.0 -10.283388 -5.680305 -4.341847 11.028288 -11.302416 -2.372619 -1.384283 -14.238634 -6.320147 -0.625452 -26.924366 -3.827631 -4.116751 -49.25798 -3.725684 -13.708545 -7.363495 -3.720952 18.14115 -14.052751 -3.242653 -1e-05 -18.78734 2e-06 -0.429717 -8.456098 2.555525 -0.0 -1e-06 -2e-06 -15.923572 -20.094521 -5.47359 30.419228 -7.190814 1.735964 -2e-06 -8.162955 2e-06 -1.861904 -22.861624 -6.167986 2e-06 -3e-06 -2e-06 -175.620087 -2.13706 -9.991087 5.535414 0.021874 0.24268 -78.26165 -0.079136 -5.315728 -4.115397 1.488723 2.173066 -0.999999 -0.0 -0.0 5.885062 -3.23635 -4.950708 5.526089 -0.059453 0.107644 -80.176994 -0.608592 -6.801144 -3.993115 0.669347 1.702473 -1.000003 0.0 -0.0 
0.0 0.0 0.0 0.0 -0.0 0.0 -0.188454 99.886826 0.007563 90.152596 0.703218 94.578423 -1.673289 1.083666 0.080809 -11.27279 -0.178761 0.017036 15.671921 -1.812988 -2.099962 26.322264 1.106315 2.350546 -2.686276 -0.653751 -1.409523 -32.885632 -0.450502 -2.06711 6e-06 -0.0 -0.0 0.067845 0.017983 0.097635 0.076887 0.003493 0.093348 0.089774 0.030028 0.110488 -129.468369 -68.337311 146.013321 40.278694 -58.909069 -10.486279 21.869642 -0.587983 -0.221576 -3.23484 18.837851 9.179735 17.636623 -26.322691 52.411118 -19.466644 -14.395565 29.410358 -2e-06 -8.774819 -8e-06 15.893219 -18.386576 6.356729 -0.609777 -1.795652 -3.889321 -4.807081 -11.046807 -2.93785 7e-06 -20.976046 4e-06 -5.019965 -25.033644 -4.031884 6e-06 -0.0 -1e-06 -10.634518 -5.686965 -3.565584 10.573259 -17.922953 -3.113894 6e-06 -13.821231 1e-06 -0.501762 -31.181648 -4.027021 -11.378592 -59.411041 7.397378 -13.982693 -7.15019 -2.87504 13.772712 -8.401494 -3.218234 0.347744 -34.211617 0.771656 -0.963025 -17.733452 2.621035 -0.0 -2e-06 0.0 -17.34639 -20.095198 -4.20178 21.75753 -1.638377 3.866431 4e-06 -6.338835 -0.0 -1.697571 -22.591843 -6.194031 -1e-06 -3e-06 -2e-06 58.150032 -73.716911 135.670364 34.148174 -66.295807 -3.906787 28.224049 -0.499434 -0.072228 1.270323 13.564481 18.467241 22.182056 -20.375799 49.933113 -16.701704 -16.74346 28.476364 -3e-06 -12.690539 -5e-06 15.416385 -17.765528 2.776001 -0.105918 -1.513848 -4.275867 -5.03902 -5.61284 -2.95354 7e-06 -11.020458 0.0 -6.111262 -15.895239 -3.840461 -0.0 0.0 1e-06 -10.283339 -5.680262 -4.341824 11.028244 -11.302338 -2.372614 -1.384264 -14.238488 -6.320082 -0.625426 -26.924013 -3.82757 -4.124292 -49.279301 -3.729152 -13.708478 -7.363441 -3.720924 18.141066 -14.052656 -3.242645 6e-06 -18.787153 1e-05 -0.429705 -8.456002 2.555506 -1e-06 2e-06 -2e-06 -15.923481 -20.094387 -5.473564 30.419081 -7.190791 1.735933 5e-06 -8.16288 5e-06 -1.861885 -22.861332 -6.167898 2e-06 -4e-06 -2e-06 -175.659271 -2.141502 -9.991141 5.531926 0.021305 0.251201 -78.244232 -0.026948 -5.307342 -4.131546 1.485053 2.17219 -0.999998 0.0 0.0 5.867145 -3.228816 -4.988673 5.522704 -0.059186 0.109924 -80.152901 -0.639462 -6.809877 -4.002155 0.66686 1.70285 -1.000001 -0.0 -0.0 
0.0 0.0 0.0 0.0 -0.0 0.0 -0.20716 99.881699 -0.026689 90.151085 0.702289 94.594803 -1.657597 1.084283 0.083598 -11.260756 -0.171733 0.027252 15.622719 -1.803507 -2.096768 26.162258 1.073603 2.345819 -2.676538 -0.666401 -1.350148 -32.852554 -0.468654 -2.011593 6e-06 0.0 0.0 0.065279 0.017901 0.092078 0.073938 0.005807 0.087158 0.089587 0.027584 0.105219 -129.388092 -68.419563 145.895599 40.33403 -58.966221 -10.507084 21.781815 -0.568526 -0.21363 -3.21126 18.901276 9.019546 17.636736 -26.322821 52.411327 -19.466902 -14.395719 29.410589 -5e-06 -8.774923 -2e-06 15.914455 -18.411373 6.349018 -0.609777 -1.795671 -3.889345 -4.807127 -11.04692 -2.937871 2.5e-05 -20.976274 -2.7e-05 -5.020006 -25.033947 -4.031956 6e-06 0.0 -0.0 -10.634607 -5.687016 -3.565588 10.573389 -17.92313 -3.113958 1.7e-05 -13.821368 -1.9e-05 -0.501721 -31.181993 -4.027115 -11.402268 -59.42165 7.401418 -13.982812 -7.150251 -2.875033 13.772863 -8.401577 -3.218285 0.347794 -34.211998 0.771597 -0.963004 -17.733633 2.621033 0.0 -0.0 -2e-06 -17.346556 -20.095383 -4.201771 21.757763 -1.638397 3.866439 7e-06 -6.338894 -1.2e-05 -1.697576 -22.592085 -6.194124 -1e-06 -2e-06 -1e-06 58.219849 -73.78772 135.565445 34.232704 -66.289352 -4.012343 28.307032 -0.482538 -0.066171 1.22582 13.51237 18.519333 22.182261 -20.375999 49.933559 -16.702093 -16.743744 28.476826 -9e-06 -12.690796 1.5e-05 15.4419 -17.774427 2.761648 -0.10591 -1.513878 -4.275914 -5.039097 -5.612949 -2.953574 8e-06 -11.020705 -1.4e-05 -6.111397 -15.895658 -3.840523 -0.0 0.0 1e-06 -10.283465 -5.680353 -4.341847 11.028435 -11.302553 -2.372691 -1.38428 -14.238819 -6.320204 -0.625421 -26.924767 -3.827697 -4.129241 -49.31691 -3.726454 -13.708652 -7.363554 -3.720937 18.141394 -14.052929 -3.242757 2e-05 -18.78758 -3.3e-05 -0.429706 -8.45621 2.555531 1e-06 -0.0 1e-06 -15.923701 -20.094711 -5.47358 30.4196 -7.190915 1.735896 1e-05 -8.163051 -2.1e-05 -1.861891 -22.86194 -6.1681 -1e-06 -2e-06 -2e-06 -175.685242 -2.151969 -10.014836 5.525722 0.019353 0.254258 -78.236786 0.021273 -5.303009 -4.145368 1.481555 2.171424 -0.999999 -0.0 0.0 5.847147 -3.217613 -5.029016 5.517418 -0.06274 0.121793 -80.124413 -0.633377 -6.826136 -4.000968 0.659858 1.70234 -1.000005 0.0 0.0 
0.0 0.0 0.0 0.0 -0.0 0.0 -0.22724 99.874969 -0.059293 90.147301 0.714724 94.58049 -1.6363 1.085398 0.08731 -11.246954 -0.165401 0.036209 15.579269 -1.788628 -2.096476 26.008125 1.049487 2.347138 -2.673914 -0.672978 -1.295289 -32.833469 -0.485308 -1.96384 6e-06 -0.0 0.0 0.064556 0.017557 0.084561 0.071037 0.008251 0.080347 0.089643 0.024482 0.096775 -129.302292 -68.510605 145.776596 40.358852 -59.037067 -10.506824 21.708448 -0.546721 -0.208621 -3.204956 18.96409 8.863938 17.636641 -26.322798 52.411308 -19.46666 -14.395674 29.410458 1.4e-05 -8.774867 2e-06 15.944392 -18.438038 6.330109 -0.60978 -1.795654 -3.889332 -4.807121 -11.046824 -2.937846 -2.7e-05 -20.976051 1.5e-05 -5.020039 -25.033649 -4.03191 6e-06 -2e-06 -0.0 -10.634575 -5.686987 -3.565582 10.573291 -17.922949 -3.113898 -2e-05 -13.821231 1.2e-05 -0.501831 -31.18162 -4.027034 -11.399758 -59.429478 7.383021 -13.982768 -7.150218 -2.875032 13.772776 -8.401476 -3.218248 0.347669 -34.211613 0.771695 -0.963066 -17.733435 2.621039 0.0 0.0 -3e-06 -17.346508 -20.095251 -4.201763 21.757654 -1.638349 3.866439 -1e-05 -6.338837 7e-06 -1.697646 -22.591831 -6.194028 1e-06 -6e-06 -2e-06 58.26482 -73.844841 135.488632 34.294949 -66.25808 -4.081113 28.384516 -0.47003 -0.061768 1.183832 13.473815 18.516174 22.18219 -20.375971 49.93346 -16.701824 -16.743704 28.476631 4.5e-05 -12.690739 9e-06 15.452297 -17.779087 2.756081 -0.105921 -1.513856 -4.275892 -5.039095 -5.612905 -2.953549 -3.6e-05 -11.020579 1.6e-05 -6.111444 -15.895469 -3.840487 -0.0 -1e-06 3e-06 -10.283441 -5.680326 -4.34183 11.028345 -11.30241 -2.372638 -1.384343 -14.238652 -6.320139 -0.625549 -26.924366 -3.827632 -4.138949 -49.346115 -3.712711 -13.708624 -7.363529 -3.720923 18.141249 -14.052732 -3.242684 -7.3e-05 -18.787373 1.7e-05 -0.429748 -8.456111 2.555526 -1e-06 1e-06 1e-06 -15.923703 -20.094585 -5.473542 30.419456 -7.190757 1.735959 -2.8e-05 -8.162971 7e-06 -1.862039 -22.861662 -6.168002 1e-06 -5e-06 -1e-06 -175.692322 -2.162735 -10.030602 5.520657 0.016457 0.247916 -78.229988 0.035695 -5.311849 -4.163533 1.479816 2.171129 -0.999998 -0.0 0.0 5.836949 -3.2068 -5.074925 5.513634 -0.065184 0.131678 -80.105614 -0.580455 -6.825384 -3.991614 0.652556 1.701054 -1.000006 0.0 0.0 
0.0 0.0 0.0 0.0 -0.0 0.0 -0.249589 99.873535 -0.088289 90.136429 0.739262 94.540474 -1.610339 1.088294 0.089908 -11.232535 -0.164505 0.036681 15.542892 -1.764305 -2.098447 25.855425 1.044358 2.35675 -2.676471 -0.67521 -1.24799 -32.845039 -0.508553 -1.914335 6e-06 0.0 -0.0 0.063571 0.016535 0.074783 0.067783 0.00878 0.071975 0.089152 0.022011 0.085626 -129.190872 -68.618095 145.65274 40.376076 -59.128551 -10.555479 21.672823 -0.536737 -0.203739 -3.212418 19.023563 8.71354 17.636658 -26.322756 52.411182 -19.466719 -14.395643 29.410429 0.0 -8.774864 -3e-06 15.980652 -18.455202 6.308846 -0.609777 -1.795657 -3.88933 -4.807108 -11.046847 -2.937849 0.0 -20.976131 2e-06 -5.020011 -25.033762 -4.0319 6e-06 0.0 -1e-06 -10.634557 -5.686982 -3.565581 10.573307 -17.92301 -3.11391 -0.0 -13.821282 2e-06 -0.501779 -31.181784 -4.027044 -11.383554 -59.442429 7.366755 -13.982744 -7.150216 -2.875032 13.772776 -8.401517 -3.218252 0.347732 -34.211769 0.771655 -0.96303 -17.733532 2.621035 0.0 -1e-06 -1e-06 -17.34647 -20.095261 -4.201762 21.757635 -1.638374 3.866431 1e-06 -6.338856 -1e-06 -1.697597 -22.591932 -6.194051 -0.0 -3e-06 -0.0 58.296204 -73.897713 135.424576 34.336533 -66.230431 -4.168389 28.448208 -0.47173 -0.055803 1.162577 13.465395 18.433956 22.18214 -20.375881 49.933342 -16.701902 -16.743607 28.476618 1e-06 -12.690677 8e-06 15.448342 -17.788534 2.75502 -0.105917 -1.513864 -4.275889 -5.039062 -5.612904 -2.953557 1e-06 -11.020598 -1.1e-05 -6.111344 -15.895492 -3.8405 -0.0 0.0 -1e-06 -10.283401 -5.680316 -4.341835 11.02834 -11.302449 -2.372656 -1.384279 -14.238679 -6.320157 -0.625422 -26.92445 -3.827671 -4.144783 -49.337502 -3.706596 -13.70857 -7.363509 -3.720928 18.141233 -14.05279 -3.242712 5e-06 -18.787388 -2.9e-05 -0.42971 -8.456119 2.555511 -0.0 -0.0 1e-06 -15.923603 -20.094564 -5.473567 30.419357 -7.190833 1.735914 1e-06 -8.162971 -1.2e-05 -1.861897 -22.861671 -6.168036 -0.0 -2e-06 -3e-06 -175.681061 -2.181926 -10.051126 5.516067 0.015074 0.238336 -78.213402 0.030547 -5.329918 -4.163095 1.477838 2.171282 -0.999996 0.0 -0.0 5.839116 -3.187368 -5.093629 5.506649 -0.063744 0.130659 -80.082787 -0.534276 -6.802295 -3.97701 0.650838 1.700092 -1.0 0.0 -0.0 
0.0 0.0 0.0 0.0 -0.0 0.0 -0.270307 99.879303 -0.117929 90.115105 0.765938 94.47702 -1.588511 1.092975 0.089712 -11.226845 -0.167658 0.030927 15.529324 -1.728787 -2.106167 25.713774 1.061534 2.359002 -2.678609 -0.677334 -1.196747 -32.891453 -0.541932 -1.851556 6e-06 0.0 0.0 0.059896 0.014943 0.066268 0.065816 0.007476 0.065451 0.089256 0.020218 0.075047 -129.029648 -68.730743 145.506195 40.408222 -59.228695 -10.665771 21.696627 -0.551688 -0.201675 -3.217933 19.060102 8.547962 17.636646 -26.322828 52.411377 -19.46678 -14.395756 29.410559 1.6e-05 -8.774919 1e-05 15.99925 -18.45393 6.288527 -0.609777 -1.795661 -3.889342 -4.807149 -11.04688 -2.937851 -3.2e-05 -20.976168 -4e-06 -5.02008 -25.033815 -4.03195 6e-06 -0.0 0.0 -10.634609 -5.687012 -3.565578 10.573343 -17.923029 -3.113934 -2.2e-05 -13.821305 -3e-06 -0.501822 -31.181831 -4.027098 -11.362782 -59.427464 7.343112 -13.982818 -7.150252 -2.875021 13.772846 -8.40151 -3.218281 0.347676 -34.211834 0.771653 -0.963058 -17.733551 2.621023 -0.0 -0.0 -2e-06 -17.346584 -20.095337 -4.201746 21.757767 -1.638347 3.866428 -1.1e-05 -6.338868 -3e-06 -1.697655 -22.591978 -6.194088 -1e-06 -4e-06 -2e-06 58.346371 -73.929001 135.348145 34.359325 -66.214409 -4.29558 28.524014 -0.476876 -0.055291 1.179309 13.489889 18.384893 22.18222 -20.375904 49.933456 -16.701973 -16.743702 28.476686 1.9e-05 -12.690764 4e-06 15.421282 -17.791893 2.760293 -0.105918 -1.513867 -4.2759 -5.0391 -5.612934 -2.953564 -1.8e-05 -11.020646 -1e-05 -6.111429 -15.895585 -3.840514 0.0 -0.0 -2e-06 -10.283457 -5.680346 -4.341836 11.028391 -11.30248 -2.372667 -1.384313 -14.238752 -6.320178 -0.625462 -26.924601 -3.827706 -4.143226 -49.303162 -3.723868 -13.708643 -7.363552 -3.720922 18.141314 -14.052821 -3.242729 -1.8e-05 -18.787472 -3.8e-05 -0.429714 -8.456156 2.555506 -1e-06 1e-06 1e-06 -15.923714 -20.09466 -5.473559 30.419533 -7.190825 1.735933 -5e-06 -8.163 -2.1e-05 -1.861932 -22.861778 -6.168095 -1e-06 0.0 -1e-06 -175.665924 -2.211172 -10.085085 5.514788 0.01288 0.238318 -78.185143 0.018422 -5.353977 -4.163979 1.485998 2.173288 -1.000002 1e-06 0.0 5.838462 -3.158036 -5.067947 5.499551 -0.061813 0.126283 -80.05661 -0.511839 -6.783553 -3.985488 0.649444 1.698687 -1.000004 0.0 -0.0 
0.0 0.0 0.0 0.0 -0.0 0.0 -0.280653 99.888191 -0.155609 90.091934 0.791902 94.402687 -1.56533 1.092941 0.083609 -11.217937 -0.171755 0.016924 15.514037 -1.685325 -2.119591 25.571964 1.101223 2.365057 -2.678344 -0.678521 -1.1419 -32.959709 -0.588027 -1.77696 6e-06 0.0 0.0 0.055536 0.013265 0.059035 0.061302 0.006161 0.05931 0.086135 0.018262 0.0666 -128.852524 -68.85041 145.350159 40.421547 -59.355675 -10.764914 21.760155 -0.555746 -0.194869 -3.205798 19.10331 8.387025 17.636543 -26.322584 52.410973 -19.466574 -14.395522 29.410269 -4e-06 -8.774779 -2e-06 16.012585 -18.454544 6.270631 -0.609772 -1.795648 -3.889312 -4.807062 -11.046757 -2.937845 1.6e-05 -20.975922 -1.1e-05 -5.019916 -25.033461 -4.031889 6e-06 1e-06 0.0 -10.63448 -5.686944 -3.565577 10.573222 -17.922865 -3.113894 1e-05 -13.821149 -6e-06 -0.501738 -31.181402 -4.027023 -11.353965 -59.402203 7.330773 -13.982637 -7.150162 -2.875036 13.772655 -8.401458 -3.21823 0.347756 -34.211388 0.771633 -0.963015 -17.733316 2.621013 0.0 -4e-06 2e-06 -17.346321 -20.095123 -4.201778 21.757446 -1.638371 3.866409 5e-06 -6.338794 -0.0 -1.697556 -22.59166 -6.194006 -0.0 -2e-06 -2e-06 58.378582 -73.950974 135.286835 34.323032 -66.223442 -4.406849 28.597296 -0.465391 -0.05434 1.208849 13.529971 18.416689 22.181974 -20.37571 49.932957 -16.701674 -16.743387 28.476288 -1.4e-05 -12.69048 -5e-06 15.408216 -17.802109 2.76019 -0.105919 -1.513847 -4.275852 -5.038999 -5.612823 -2.953536 1.3e-05 -11.020431 -9e-06 -6.111213 -15.895192 -3.840455 -0.0 1e-06 4e-06 -10.283298 -5.680244 -4.341812 11.028202 -11.302314 -2.372613 -1.384244 -14.238451 -6.320072 -0.625396 -26.923927 -3.827575 -4.131558 -49.281658 -3.739631 -13.708426 -7.363421 -3.720917 18.141003 -14.052633 -3.242647 2.4e-05 -18.787104 -1e-05 -0.429695 -8.455976 2.555486 -0.0 -0.0 2e-06 -15.923408 -20.094332 -5.47356 30.418959 -7.190784 1.735915 1.1e-05 -8.162854 2e-06 -1.861846 -22.861256 -6.16789 2e-06 -3e-06 -0.0 -175.649704 -2.238475 -10.118636 5.513633 0.011489 0.239481 -78.163658 -0.012038 -5.394183 -4.161691 1.498684 2.176579 -1.000001 0.0 0.0 5.834586 -3.129881 -5.021817 5.491789 -0.058483 0.120798 -80.046951 -0.48904 -6.770598 -4.011535 0.649319 1.69743 -1.000004 -0.0 -0.0 
0.0 0.0 0.0 0.0 -0.0 0.0 -0.280819 99.893532 -0.20522 90.068161 0.815204 94.302132 -1.54192 1.092072 0.075423 -11.208362 -0.174966 -0.003396 15.500461 -1.643591 -2.137585 25.433628 1.167979 2.371263 -2.674538 -0.681302 -1.099596 -33.013817 -0.624013 -1.692457 6e-06 -0.0 -0.0 0.053119 0.012556 0.058738 0.05754 0.00714 0.059392 0.082991 0.01596 0.065724 -128.678207 -68.960472 145.181 40.392807 -59.506527 -10.784577 21.837984 -0.535821 -0.183727 -3.205435 19.132208 8.187532 17.636625 -26.322735 52.411221 -19.466736 -14.395592 29.410475 -6e-06 -8.77484 -4e-06 16.0278 -18.453835 6.240769 -0.609774 -1.79566 -3.889331 -4.807088 -11.04685 -2.937866 1.8e-05 -20.976141 -1.3e-05 -5.019958 -25.033785 -4.03192 6e-06 2e-06 -1e-06 -10.634531 -5.686979 -3.565592 10.573293 -17.923019 -3.113924 1.2e-05 -13.821289 -8e-06 -0.501724 -31.181805 -4.027069 -11.364416 -59.370438 7.31128 -13.982707 -7.150209 -2.875047 13.772741 -8.401524 -3.218254 0.347765 -34.211777 0.771628 -0.963022 -17.733532 2.621038 -1e-06 -4e-06 1e-06 -17.346405 -20.095255 -4.201792 21.757572 -1.638381 3.866433 6e-06 -6.338858 -6e-06 -1.697551 -22.591951 -6.194084 0.0 -6e-06 -2e-06 58.357124 -73.95694 135.280365 34.228447 -66.230103 -4.516001 28.650496 -0.46855 -0.059048 1.232205 13.550666 18.475084 22.18206 -20.375795 49.933205 -16.70188 -16.743504 28.476522 -1.8e-05 -12.6906 7e-06 15.404421 -17.818996 2.761371 -0.105916 -1.51386 -4.275878 -5.039033 -5.612882 -2.953554 1.6e-05 -11.020556 -2.3e-05 -6.111271 -15.895416 -3.8405 -1e-06 1e-06 -0.0 -10.283357 -5.680293 -4.341829 11.028296 -11.302424 -2.372653 -1.384247 -14.238624 -6.320143 -0.625372 -26.924328 -3.827666 -4.117875 -49.293343 -3.746928 -13.708508 -7.363478 -3.720932 18.141153 -14.05277 -3.242703 3.8e-05 -18.787315 -4.1e-05 -0.429688 -8.45608 2.55549 -1e-06 -1e-06 0.0 -15.923511 -20.094496 -5.473577 30.419201 -7.190841 1.735898 1.4e-05 -8.162937 -1.9e-05 -1.861832 -22.861557 -6.168015 -2e-06 -2e-06 -1e-06 -175.633423 -2.261266 -10.165804 5.516373 0.006325 0.240995 -78.149239 -0.053345 -5.436208 -4.18117 1.508482 2.178455 -0.999995 1e-06 0.0 5.820675 -3.109469 -4.972115 5.488885 -0.055093 0.117494 -80.043198 -0.436758 -6.758372 -4.053539 0.649634 1.69681 -0.999997 -0.0 0.0 
0.0 0.0 0.0 0.0 -0.0 0.0 -0.27667 99.899071 -0.258758 90.042618 0.831842 94.172699 -1.524013 1.088243 0.062551 -11.200559 -0.177313 -0.026186 15.489411 -1.598166 -2.159539 25.308334 1.247103 2.385877 -2.663066 -0.677608 -1.066252 -33.056908 -0.665822 -1.600189 6e-06 0.0 -0.0 0.05322 0.012171 0.0594 0.054065 0.008501 0.058737 0.079639 0.01393 0.067503 -128.545258 -69.050209 145.042969 40.317238 -59.658985 -10.768268 21.911551 -0.508417 -0.17507 -3.20692 19.157784 8.033608 17.636765 -26.322958 52.411564 -19.466927 -14.395795 29.410702 2e-06 -8.774961 3e-06 16.033838 -18.458548 6.219104 -0.609778 -1.795673 -3.889358 -4.807153 -11.046945 -2.937872 5e-06 -20.976326 -1.2e-05 -5.020063 -25.034019 -4.03196 6e-06 -1e-06 -1e-06 -10.63465 -5.687032 -3.565597 10.573419 -17.923157 -3.113957 -0.0 -13.821405 -8e-06 -0.50177 -31.182095 -4.02712 -11.381386 -59.349972 7.299246 -13.982866 -7.150273 -2.875037 13.772909 -8.40158 -3.218294 0.347746 -34.212082 0.771639 -0.963033 -17.733675 2.62105 -1e-06 -1e-06 -1e-06 -17.346634 -20.095432 -4.201773 21.757851 -1.638383 3.866449 -2e-06 -6.338909 -5e-06 -1.697617 -22.592142 -6.194133 -0.0 -5e-06 -1e-06 58.267757 -73.936722 135.362686 34.108433 -66.219131 -4.606464 28.678127 -0.470441 -0.062536 1.242596 13.561513 18.501406 22.182318 -20.376068 49.933723 -16.702105 -16.743797 28.476913 6e-06 -12.690846 1.3e-05 15.409585 -17.840141 2.767148 -0.105916 -1.513875 -4.275923 -5.039119 -5.612963 -2.953582 -6e-06 -11.020733 -7e-06 -6.111449 -15.895721 -3.840543 0.0 0.0 -2e-06 -10.283495 -5.68037 -4.341857 11.02846 -11.302561 -2.372685 -1.384301 -14.238855 -6.320231 -0.625443 -26.924849 -3.827724 -4.11962 -49.334003 -3.735243 -13.708698 -7.363577 -3.720938 18.141432 -14.052934 -3.242754 -6e-06 -18.787626 -2.8e-05 -0.429718 -8.456236 2.55554 1e-06 -0.0 2e-06 -15.92377 -20.094751 -5.473589 30.419695 -7.190898 1.735922 1e-06 -8.16307 -1.7e-05 -1.861929 -22.862019 -6.168139 -1e-06 -2e-06 4e-06 -175.622879 -2.281836 -10.207689 5.524127 0.001686 0.23403 -78.15686 -0.107287 -5.484483 -4.211124 1.513683 2.179633 -1.000001 0.0 0.0 5.7918 -3.096215 -4.909008 5.488974 -0.050192 0.113537 -80.038338 -0.367223 -6.739635 -4.075934 0.647708 1.696466 -1.000006 0.0 0.0 
0.0 0.0 0.0 0.0 -0.0 0.0 -0.269281 99.902336 -0.306436 90.01458 0.845661 94.024498 -1.51726 1.083263 0.045427 -11.196253 -0.177199 -0.051578 15.489925 -1.548142 -2.181582 25.204592 1.326132 2.39254 -2.654555 -0.666426 -1.025994 -33.121307 -0.713379 -1.502032 6e-06 0.0 0.0 0.052815 0.011332 0.05543 0.053449 0.0092 0.053278 0.079894 0.011553 0.064819 -128.470734 -69.12516 144.964676 40.225197 -59.798409 -10.764378 21.954044 -0.496495 -0.170261 -3.213161 19.177883 7.919722 17.636749 -26.32295 52.411526 -19.466938 -14.395749 29.410702 -6e-06 -8.774941 2e-06 16.02924 -18.466236 6.215275 -0.609776 -1.795675 -3.889356 -4.807132 -11.046947 -2.93788 2.2e-05 -20.976345 -1.4e-05 -5.020026 -25.034042 -4.031952 6e-06 -3e-06 0.0 -10.634618 -5.687024 -3.565599 10.573408 -17.923178 -3.113959 1.4e-05 -13.821424 -8e-06 -0.501734 -31.182159 -4.027103 -11.398787 -59.33667 7.31046 -13.982827 -7.150262 -2.875046 13.77288 -8.401598 -3.218294 0.347775 -34.212128 0.771633 -0.963025 -17.733709 2.62106 -1e-06 -0.0 0.0 -17.346571 -20.095419 -4.201785 21.757792 -1.638397 3.866449 5e-06 -6.338918 -7e-06 -1.697579 -22.592188 -6.194135 -1e-06 -3e-06 -2e-06 58.140442 -73.874352 135.512833 33.95554 -66.19001 -4.65958 28.674957 -0.486945 -0.06808 1.264997 13.568977 18.453856 22.182192 -20.375875 49.933323 -16.701952 -16.74361 28.476601 -2e-05 -12.69068 -2e-06 15.404187 -17.846525 2.774343 -0.105915 -1.513867 -4.275891 -5.039061 -5.612897 -2.953559 1.7e-05 -11.020584 -1.3e-05 -6.111314 -15.895436 -3.840497 -1e-06 0.0 -1e-06 -10.283414 -5.68031 -4.341835 11.02836 -11.302461 -2.372663 -1.38426 -14.238654 -6.320148 -0.625384 -26.924368 -3.827643 -4.130405 -49.369648 -3.71608 -13.708584 -7.3635 -3.72093 18.141264 -14.052815 -3.242716 3.9e-05 -18.787369 -2.5e-05 -0.429689 -8.456101 2.555509 -0.0 2e-06 -3e-06 -15.923604 -20.094566 -5.473577 30.419382 -7.190881 1.735909 1.8e-05 -8.162962 -1.4e-05 -1.861856 -22.861612 -6.168008 -1e-06 -3e-06 1e-06 -175.615463 -2.302348 -10.253926 5.532259 5.2e-05 0.224291 -78.176918 -0.185264 -5.523368 -4.24927 1.513712 2.178757 -1.0 -1e-06 -0.0 5.753258 -3.085209 -4.842412 5.492138 -0.043692 0.108043 -80.011261 -0.28229 -6.723537 -4.092541 0.64421 1.696982 -1.000007 0.0 -0.0 
0.0 0.0 0.0 0.0 -0.0 0.0 -0.258411 99.896843 -0.342174 89.985146 0.866876 93.86834 -1.51044 1.081088 0.029069 -11.19427 -0.182506 -0.094284 15.506273 -1.495325 -2.19807 25.136005 1.424857 2.389728 -2.650863 -0.661772 -0.98205 -33.220566 -0.755486 -1.420807 6e-06 0.0 0.0 0.051376 0.010636 0.052281 0.056348 0.008311 0.049509 0.083417 0.01104 0.062265 -128.426392 -69.190102 144.919342 40.15963 -59.933025 -10.817493 21.942013 -0.504678 -0.165963 -3.239128 19.178503 7.872351 17.636627 -26.322695 52.411053 -19.466608 -14.395591 29.410294 -1e-06 -8.774821 -8e-06 16.02066 -18.47229 6.227542 -0.609776 -1.795649 -3.889317 -4.80708 -11.046782 -2.937834 1e-05 -20.975977 2e-05 -5.019971 -25.03352 -4.031854 6e-06 1e-06 -0.0 -10.634519 -5.686955 -3.565575 10.57326 -17.922911 -3.113879 3e-06 -13.821186 1.7e-05 -0.501795 -31.181473 -4.026963 -11.391332 -59.333477 7.311256 -13.982695 -7.150178 -2.875032 13.772714 -8.401478 -3.218226 0.347734 -34.211502 0.771694 -0.963034 -17.733379 2.62105 -1e-06 -0.0 -2e-06 -17.346392 -20.095165 -4.201763 21.757532 -1.638381 3.866423 2e-06 -6.338815 7e-06 -1.697587 -22.59173 -6.193974 1e-06 -3e-06 -3e-06 57.987072 -73.764069 135.716507 33.761082 -66.145592 -4.610897 28.648382 -0.491912 -0.071495 1.287868 13.550941 18.316013 22.182102 -20.37587 49.933258 -16.701836 -16.743551 28.476534 -6e-06 -12.690626 4e-06 15.385773 -17.831877 2.785507 -0.10592 -1.513858 -4.27588 -5.039043 -5.612876 -2.953554 7e-06 -11.020548 -6e-06 -6.11131 -15.895397 -3.840481 -0.0 -0.0 0.0 -10.283372 -5.680287 -4.341831 11.028303 -11.30241 -2.37264 -1.384266 -14.238602 -6.320128 -0.625418 -26.924286 -3.827622 -4.135975 -49.388054 -3.688979 -13.708527 -7.363474 -3.720932 18.141172 -14.05275 -3.242684 1.5e-05 -18.787308 -6e-06 -0.429706 -8.456083 2.555511 1e-06 -0.0 1e-06 -15.923538 -20.094482 -5.473573 30.419241 -7.190827 1.735915 4e-06 -8.162938 -2e-06 -1.861895 -22.861549 -6.16797 -1e-06 -1e-06 -1e-06 -175.594513 -2.320791 -10.295127 5.537752 0.00315 0.216324 -78.193497 -0.306524 -5.541266 -4.27781 1.514052 2.178604 -0.999998 1e-06 0.0 5.719544 -3.072368 -4.772882 5.500132 -0.039265 0.106134 -79.974457 -0.186004 -6.714381 -4.111131 0.64163 1.696861 -1.000004 -0.0 0.0 
0.0 0.0 0.0 0.0 -0.0 0.0 -0.252439 99.889282 -0.365132 89.955437 0.895853 93.703072 -1.505124 1.077329 0.017125 -11.192896 -0.196511 -0.14582 15.542526 -1.43888 -2.215156 25.117573 1.548061 2.377501 -2.646912 -0.65414 -0.950926 -33.369694 -0.785128 -1.350118 5e-06 0.0 0.0 0.050458 0.010702 0.051316 0.062611 0.006175 0.048914 0.089622 0.013346 0.061116 -128.393997 -69.258522 144.886215 40.136696 -60.076984 -10.881576 21.864342 -0.50323 -0.165343 -3.278339 19.152058 7.842944 17.636721 -26.322809 52.411228 -19.466806 -14.395695 29.410488 -3e-06 -8.774898 -2e-06 16.010305 -18.473375 6.245027 -0.609775 -1.795665 -3.889337 -4.80712 -11.046883 -2.937854 1.2e-05 -20.9762 -0.0 -5.020014 -25.033844 -4.031908 6e-06 1e-06 -1e-06 -10.634594 -5.687001 -3.565581 10.573354 -17.923073 -3.11393 8e-06 -13.821325 -3e-06 -0.501768 -31.181866 -4.027053 -11.365189 -59.321861 7.289186 -13.982793 -7.150235 -2.875028 13.772827 -8.401546 -3.218266 0.347754 -34.211884 0.771646 -0.963024 -17.733574 2.621043 0.0 2e-06 0.0 -17.346527 -20.095327 -4.201756 21.75771 -1.638386 3.866433 3e-06 -6.338877 -2e-06 -1.69759 -22.592001 -6.194068 0.0 -4e-06 -0.0 57.816883 -73.612999 135.96167 33.563011 -66.086578 -4.476031 28.578703 -0.487955 -0.070502 1.317506 13.512063 18.154182 22.182238 -20.376007 49.933498 -16.701899 -16.743631 28.47666 2e-06 -12.690691 -1e-06 15.354491 -17.810623 2.800611 -0.105919 -1.513862 -4.275898 -5.039074 -5.612906 -2.953566 -1e-06 -11.020608 3e-06 -6.111353 -15.895486 -3.840499 0.0 -0.0 -1e-06 -10.28343 -5.680322 -4.341847 11.028355 -11.302466 -2.372641 -1.384285 -14.238685 -6.320159 -0.62545 -26.924465 -3.82763 -4.145977 -49.380802 -3.671322 -13.708605 -7.363519 -3.720942 18.141258 -14.052813 -3.242689 -4e-06 -18.787416 3e-06 -0.429721 -8.456128 2.555532 1e-06 1e-06 3e-06 -15.923645 -20.094597 -5.473586 30.419395 -7.190852 1.735944 1e-06 -8.162986 1e-06 -1.861921 -22.861679 -6.167999 1e-06 -5e-06 1e-06 -175.562134 -2.341823 -10.333592 5.544059 0.007943 0.213983 -78.202911 -0.442136 -5.567242 -4.292101 1.513303 2.178705 -0.999999 -0.0 -0.0 5.696769 -3.055229 -4.710046 5.511348 -0.036951 0.109592 -79.944878 -0.086426 -6.705511 -4.140674 0.641968 1.696043 -1.000003 -0.0 -0.0 
0.0 0.0 0.0 0.0 -0.0 0.0 -0.255445 99.879669 -0.383846 89.930077 0.930021 93.539993 -1.503244 1.071614 0.017065 -11.194278 -0.21729 -0.20309 15.587018 -1.383105 -2.240918 25.15415 1.685344 2.372194 -2.644988 -0.645507 -0.950874 -33.517597 -0.800055 -1.297045 6e-06 0.0 0.0 0.04948 0.011401 0.047888 0.072056 0.004474 0.046562 0.097854 0.016535 0.056907 -128.382126 -69.316063 144.875046 40.126385 -60.235344 -10.905535 21.738276 -0.478132 -0.16589 -3.345264 19.115831 7.851298 17.636608 -26.322723 52.411175 -19.466637 -14.395483 29.410376 -2.7e-05 -8.774764 -1e-05 16.00502 -18.466177 6.261193 -0.609774 -1.795649 -3.889321 -4.807032 -11.046781 -2.937866 6.1e-05 -20.976013 -2e-06 -5.019858 -25.033579 -4.031862 6e-06 1e-06 -0.0 -10.634464 -5.686936 -3.565608 10.573243 -17.922947 -3.113891 3.8e-05 -13.821208 7e-06 -0.50168 -31.181566 -4.026979 -11.344543 -59.309093 7.278759 -13.98262 -7.150154 -2.875073 13.772652 -8.401511 -3.218221 0.347822 -34.21154 0.771662 -0.963004 -17.733408 2.621067 0.0 4e-06 -2e-06 -17.346256 -20.095131 -4.201834 21.757397 -1.638419 3.866425 2.2e-05 -6.338821 2e-06 -1.697483 -22.591766 -6.194005 -1e-06 -2e-06 -1e-06 57.619743 -73.43882 136.238617 33.330677 -66.033569 -4.250712 28.453453 -0.492162 -0.070592 1.346471 13.428262 18.023888 22.182081 -20.375946 49.933296 -16.701757 -16.74338 28.47648 -4.6e-05 -12.690496 -1.2e-05 15.320046 -17.793011 2.818762 -0.105924 -1.51385 -4.27587 -5.038992 -5.612838 -2.953566 4.2e-05 -11.020506 -1e-06 -6.111176 -15.895307 -3.840483 0.0 -0.0 -1e-06 -10.283299 -5.680239 -4.341859 11.028238 -11.302402 -2.372604 -1.384202 -14.238537 -6.320119 -0.625348 -26.924191 -3.827563 -4.14445 -49.363033 -3.672128 -13.708425 -7.363415 -3.720972 18.141045 -14.052752 -3.24264 6.5e-05 -18.787239 2.5e-05 -0.42969 -8.456059 2.555534 0.0 -0.0 -0.0 -15.92337 -20.094362 -5.473634 30.418972 -7.19089 1.735925 2.8e-05 -8.162917 1.3e-05 -1.861802 -22.861469 -6.167883 2e-06 -6e-06 2e-06 -175.523453 -2.360749 -10.383181 5.555368 0.010624 0.216442 -78.211693 -0.559319 -5.589595 -4.292457 1.512149 2.178358 -0.999997 -1e-06 0.0 5.689097 -3.041329 -4.643343 5.523177 -0.035555 0.1143 -79.918152 0.012239 -6.694392 -4.18639 0.640291 1.693632 -0.999997 -0.0 0.0 
0.0 0.0 0.0 0.0 -0.0 0.0 -0.261424 99.868111 -0.404725 89.908211 0.961895 93.382996 -1.508264 1.061379 0.024681 -11.205328 -0.236984 -0.257931 15.641665 -1.335031 -2.278975 25.233824 1.843799 2.362672 -2.645158 -0.648138 -0.963234 -33.639999 -0.81395 -1.26474 6e-06 0.0 0.0 0.049011 0.011809 0.042159 0.084979 0.002137 0.041812 0.107192 0.019876 0.05027 -128.381119 -69.361298 144.912827 40.172153 -60.371681 -10.984805 21.593969 -0.473311 -0.166906 -3.429995 19.081697 7.930303 17.636646 -26.322798 52.411285 -19.466774 -14.395598 29.410511 -2.1e-05 -8.774837 -1e-06 15.993081 -18.442696 6.280729 -0.609775 -1.795662 -3.889336 -4.80707 -11.046844 -2.937871 5.4e-05 -20.976141 -1.2e-05 -5.019916 -25.033758 -4.031903 6e-06 1e-06 0.0 -10.634523 -5.68697 -3.565602 10.573313 -17.923035 -3.113924 3.2e-05 -13.821284 -0.0 -0.501694 -31.18177 -4.027029 -11.335457 -59.296288 7.297168 -13.982697 -7.150197 -2.875059 13.772748 -8.401549 -3.218255 0.347815 -34.211773 0.771645 -0.96301 -17.733524 2.621066 1e-06 -1e-06 -3e-06 -17.346376 -20.095242 -4.201811 21.757559 -1.638416 3.866426 1.6e-05 -6.338856 1e-06 -1.697518 -22.591923 -6.194058 -1e-06 -2e-06 -1e-06 57.391586 -73.250244 136.556839 33.044987 -66.002983 -3.932837 28.293577 -0.519624 -0.080405 1.384456 13.300604 17.976604 22.18211 -20.375875 49.933258 -16.701881 -16.743515 28.476542 -3.5e-05 -12.690602 0.0 15.305834 -17.782381 2.83638 -0.105915 -1.51386 -4.275879 -5.039027 -5.612869 -2.953559 3.4e-05 -11.020547 -1.1e-05 -6.111248 -15.895375 -3.840487 -0.0 1e-06 1e-06 -10.283357 -5.680276 -4.341838 11.028314 -11.302438 -2.372643 -1.384229 -14.238602 -6.320134 -0.625353 -26.924292 -3.827609 -4.134553 -49.357273 -3.680181 -13.708504 -7.363461 -3.720942 18.141178 -14.052793 -3.242692 5.6e-05 -18.787308 -1.3e-05 -0.429688 -8.456079 2.555515 -0.0 -0.0 2e-06 -15.923489 -20.094473 -5.473596 30.419205 -7.190891 1.735899 2.2e-05 -8.16294 -5e-06 -1.861825 -22.861542 -6.167964 1e-06 -1e-06 1e-06 -175.485535 -2.375643 -10.452053 5.570379 0.011257 0.22405 -78.218307 -0.653223 -5.602601 -4.283826 1.508975 2.177053 -0.999999 0.0 0.0 5.687957 -3.032104 -4.552466 5.52967 -0.033951 0.118383 -79.880592 0.100004 -6.704618 -4.233183 0.640089 1.691531 -1.0 -0.0 0.0 
0.0 0.0 0.0 0.0 -0.0 0.0 -0.264471 99.857742 -0.422487 89.890205 0.99368 93.240845 -1.514243 1.047955 0.027306 -11.220064 -0.252273 -0.301082 15.697302 -1.297701 -2.323677 25.338327 2.000632 2.350016 -2.643475 -0.653597 -0.986204 -33.737064 -0.822715 -1.238935 6e-06 -0.0 0.0 0.049467 0.011929 0.037572 0.098251 0.001351 0.037368 0.114206 0.021219 0.045503 -128.406723 -69.387299 145.006592 40.252464 -60.470364 -11.088557 21.438213 -0.481662 -0.16407 -3.491679 19.032301 8.046322 17.636723 -26.322832 52.411282 -19.466909 -14.395658 29.41057 -1.7e-05 -8.774893 -2e-06 15.979095 -18.409401 6.288213 -0.609773 -1.795671 -3.889344 -4.807103 -11.046925 -2.937874 4.1e-05 -20.976303 -2.6e-05 -5.019972 -25.033983 -4.031929 6e-06 3e-06 -0.0 -10.634576 -5.687006 -3.565593 10.573377 -17.923157 -3.113953 3e-05 -13.821392 -1.8e-05 -0.501693 -31.182076 -4.0271 -11.321936 -59.287437 7.312645 -13.982769 -7.150241 -2.875044 13.772826 -8.401598 -3.218279 0.347822 -34.212067 0.771591 -0.962993 -17.733677 2.621036 -0.0 -0.0 -0.0 -17.346487 -20.095371 -4.201784 21.757692 -1.638411 3.866433 1.3e-05 -6.338904 -1.3e-05 -1.697534 -22.592134 -6.194122 -1e-06 -1e-06 -1e-06 57.193737 -73.068924 136.840179 32.716022 -66.028671 -3.554446 28.114489 -0.552745 -0.091121 1.425291 13.163081 17.991198 22.182171 -20.375904 49.933357 -16.702066 -16.74358 28.476702 -5.5e-05 -12.690674 1.2e-05 15.327465 -17.777689 2.841034 -0.105912 -1.513875 -4.275895 -5.039042 -5.612912 -2.953571 4.8e-05 -11.020652 -2.5e-05 -6.11126 -15.895551 -3.840517 -0.0 1e-06 1e-06 -10.28339 -5.680308 -4.341847 11.028384 -11.302537 -2.372681 -1.384211 -14.238748 -6.320183 -0.625301 -26.924639 -3.827673 -4.136966 -49.369808 -3.685305 -13.708552 -7.363495 -3.720948 18.141293 -14.05292 -3.242745 9.4e-05 -18.787485 -4.6e-05 -0.429671 -8.456161 2.555513 -0.0 -0.0 1e-06 -15.923538 -20.094585 -5.473609 30.419353 -7.190967 1.735875 3.7e-05 -8.163005 -2.5e-05 -1.861768 -22.861784 -6.168052 -1e-06 -3e-06 -1e-06 -175.438416 -2.38769 -10.515687 5.576644 0.010376 0.228659 -78.222878 -0.732019 -5.616096 -4.272713 1.504604 2.176166 -1.000003 -0.0 0.0 5.694182 -3.02616 -4.437942 5.529464 -0.031347 0.11927 -79.842026 0.168612 -6.720127 -4.262016 0.644946 1.692348 -1.000002 0.0 0.0 
0.0 0.0 0.0 0.0 -0.0 0.0 -0.267012 99.850021 -0.428862 89.872231 1.018927 93.113152 -1.528151 1.034625 0.024007 -11.233483 -0.268033 -0.341325 15.747916 -1.2674 -2.365225 25.455917 2.142133 2.338538 -2.641934 -0.657223 -0.999506 -33.819485 -0.819896 -1.232818 6e-06 -0.0 0.0 0.051453 0.012387 0.036392 0.109549 0.001714 0.036019 0.120282 0.021992 0.044396 -128.437683 -69.38446 145.11644 40.336311 -60.536991 -11.210384 21.275969 -0.509586 -0.167683 -3.504205 18.945032 8.262311 17.63656 -26.322626 52.410965 -19.466528 -14.395597 29.410246 9e-06 -8.774809 -0.0 15.964413 -18.385225 6.30654 -0.609775 -1.795642 -3.88931 -4.807087 -11.046747 -2.937823 -1.7e-05 -20.975891 2.1e-05 -5.019991 -25.033424 -4.031859 6e-06 4e-06 0.0 -10.634514 -5.686946 -3.565562 10.573232 -17.922842 -3.113873 -1.1e-05 -13.821138 1.5e-05 -0.501822 -31.181364 -4.026975 -11.322054 -59.309353 7.339477 -13.982686 -7.150168 -2.875015 13.772694 -8.401432 -3.218223 0.347681 -34.211357 0.771698 -0.963052 -17.733303 2.621027 0.0 1e-06 -0.0 -17.346395 -20.095119 -4.201739 21.757517 -1.638353 3.866413 -6e-06 -6.338793 7e-06 -1.69762 -22.591642 -6.193967 -0.0 -5e-06 -1e-06 57.025562 -72.895172 137.087936 32.344772 -66.104729 -3.098405 27.957869 -0.567788 -0.09206 1.44802 13.032659 18.079571 22.182068 -20.375832 49.933182 -16.701733 -16.743538 28.476444 1.9e-05 -12.690607 4e-06 15.37325 -17.761929 2.833466 -0.10592 -1.513849 -4.275871 -5.039044 -5.61286 -2.953542 -1.4e-05 -11.0205 6e-06 -6.111333 -15.895329 -3.840467 0.0 -0.0 -0.0 -10.283364 -5.680281 -4.341818 11.02827 -11.302357 -2.372622 -1.384293 -14.238546 -6.320105 -0.62547 -26.924147 -3.827603 -4.139165 -49.392288 -3.689894 -13.708518 -7.36347 -3.720917 18.141115 -14.052673 -3.24266 -2.6e-05 -18.787237 6e-06 -0.429725 -8.45604 2.555504 1e-06 -3e-06 3e-06 -15.92355 -20.094446 -5.473547 30.419197 -7.190763 1.73594 -9e-06 -8.162909 1e-06 -1.861946 -22.861465 -6.167946 1e-06 -5e-06 -1e-06 -175.395782 -2.400374 -10.559023 5.578184 0.008834 0.228147 -78.219109 -0.802158 -5.63589 -4.264586 1.499908 2.175361 -1.000001 0.0 -0.0 5.696724 -3.016136 -4.331856 5.529147 -0.030876 0.127812 -79.800011 0.219133 -6.720651 -4.267778 0.648519 1.69351 -1.000002 0.0 -0.0 
0.0 0.0 0.0 0.0 -0.0 0.0 -0.276727 99.844826 -0.422878 89.855186 1.043005 92.988304 -1.546391 1.022516 0.014617 -11.243663 -0.280012 -0.379323 15.799585 -1.24891 -2.398987 25.569223 2.265822 2.324018 -2.639465 -0.651572 -0.999169 -33.900749 -0.80998 -1.224553 6e-06 -0.0 0.0 0.053161 0.012842 0.036527 0.11427 0.003441 0.035367 0.122052 0.021237 0.045285 -128.470352 -69.36541 145.210449 40.381901 -60.605247 -11.245524 21.133974 -0.535665 -0.172386 -3.506292 18.861723 8.51 17.636536 -26.322557 52.410984 -19.466425 -14.395444 29.410183 0.0 -8.774727 -1.4e-05 15.949168 -18.379667 6.343753 -0.60978 -1.795636 -3.889306 -4.807043 -11.046691 -2.937843 1.3e-05 -20.975769 3e-06 -5.019874 -25.033255 -4.031869 6e-06 -2e-06 -0.0 -10.63445 -5.686916 -3.565587 10.573157 -17.922758 -3.113852 5e-06 -13.821053 1.2e-05 -0.501758 -31.181122 -4.026959 -11.329335 -59.371098 7.384662 -13.982602 -7.150134 -2.875054 13.772586 -8.401406 -3.218194 0.347726 -34.211132 0.771683 -0.963034 -17.733185 2.621032 1e-06 1e-06 -3e-06 -17.34626 -20.095032 -4.201801 21.757339 -1.638365 3.866426 4e-06 -6.338754 7e-06 -1.697549 -22.591471 -6.193954 -0.0 -4e-06 -3e-06 56.922215 -72.73555 137.278122 31.974564 -66.223183 -2.589216 27.842203 -0.560187 -0.082329 1.458842 12.932819 18.153526 22.182009 -20.375832 49.933105 -16.701611 -16.743383 28.476313 -2e-06 -12.69048 -1.4e-05 15.422166 -17.734438 2.816821 -0.105924 -1.513842 -4.275858 -5.039001 -5.612817 -2.953542 7e-06 -11.020427 1.1e-05 -6.111226 -15.895196 -3.840451 0.0 -0.0 -0.0 -10.283301 -5.680241 -4.341826 11.028193 -11.302304 -2.372589 -1.384255 -14.23844 -6.32007 -0.62543 -26.923933 -3.827546 -4.131154 -49.412498 -3.683049 -13.708428 -7.363417 -3.720938 18.140984 -14.052617 -3.242611 0.0 -18.787107 2.9e-05 -0.429714 -8.455986 2.555505 1e-06 1e-06 1e-06 -15.923415 -20.094313 -5.473574 30.418941 -7.190767 1.735948 3e-06 -8.162859 1.5e-05 -1.861884 -22.861279 -6.16786 0.0 -2e-06 -1e-06 -175.352524 -2.410199 -10.589437 5.57488 0.008124 0.225098 -78.212234 -0.889898 -5.653092 -4.240315 1.491654 2.173859 -0.999994 0.0 0.0 5.70143 -3.006157 -4.242427 5.52965 -0.031664 0.14018 -79.768356 0.261628 -6.702541 -4.259615 0.649738 1.69437 -1.0 0.0 0.0 
0.0 0.0 0.0 0.0 -0.0 0.0 -0.287949 99.842888 -0.409558 89.837891 1.065969 92.876274 -1.561438 1.012281 0.004684 -11.250315 -0.289414 -0.417114 15.84427 -1.241 -2.428365 25.668062 2.371546 2.310925 -2.645627 -0.644025 -0.991052 -33.970978 -0.800432 -1.226892 6e-06 -0.0 0.0 0.054519 0.014214 0.040275 0.112095 0.0074 0.038531 0.119126 0.019907 0.049632 -128.493942 -69.332039 145.265884 40.373299 -60.685226 -11.12517 21.042978 -0.534131 -0.17861 -3.549046 18.784597 8.717411 17.636681 -26.322863 52.411404 -19.46681 -14.395689 29.410589 -2e-06 -8.774897 3e-06 15.932367 -18.386372 6.391606 -0.609778 -1.795662 -3.889345 -4.807118 -11.046886 -2.937866 4e-06 -20.976217 1e-06 -5.020023 -25.033876 -4.031927 6e-06 -1e-06 -0.0 -10.634579 -5.686998 -3.565594 10.573344 -17.923077 -3.113929 3e-06 -13.82134 -0.0 -0.501769 -31.181946 -4.02707 -11.354651 -59.45845 7.449878 -13.982775 -7.150233 -2.875045 13.772817 -8.401546 -3.21827 0.347732 -34.211914 0.771663 -0.963044 -17.73361 2.621057 -1e-06 -0.0 -1e-06 -17.346506 -20.095318 -4.201783 21.757698 -1.638383 3.866441 0.0 -6.338885 1e-06 -1.697595 -22.592049 -6.194094 -0.0 -2e-06 -1e-06 56.868778 -72.59082 137.427292 31.618797 -66.368767 -2.101974 27.770739 -0.555071 -0.069025 1.475571 12.850412 18.25514 22.182184 -20.375917 49.933376 -16.701908 -16.743601 28.476618 -5e-06 -12.690682 -3e-06 15.44996 -17.707418 2.800389 -0.105918 -1.513863 -4.275891 -5.039062 -5.6129 -2.953562 7e-06 -11.020608 -5e-06 -6.111343 -15.8955 -3.840502 -0.0 -0.0 1e-06 -10.283407 -5.680308 -4.34184 11.028347 -11.302459 -2.372648 -1.384276 -14.238682 -6.320158 -0.625421 -26.924467 -3.827649 -4.115039 -49.422337 -3.676193 -13.708572 -7.363507 -3.72094 18.141243 -14.052811 -3.242699 1.6e-05 -18.787409 -1.9e-05 -0.429702 -8.45613 2.555512 0.0 -1e-06 2e-06 -15.923601 -20.094561 -5.473583 30.419353 -7.19086 1.735931 7e-06 -8.162978 -1.1e-05 -1.861887 -22.861696 -6.168023 -1e-06 -3e-06 1e-06 -175.307922 -2.422263 -10.636339 5.565336 0.007672 0.224889 -78.216713 -0.953949 -5.668514 -4.219225 1.483299 2.171542 -1.000003 -0.0 0.0 5.709334 -2.995593 -4.162696 5.531043 -0.031638 0.148894 -79.742378 0.285388 -6.66948 -4.238961 0.647752 1.693524 -1.000002 0.0 0.0 
0.0 0.0 0.0 0.0 -0.0 0.0 -0.295851 99.844994 -0.392601 89.821541 1.075994 92.780502 -1.574525 1.0026 -0.004261 -11.255544 -0.297095 -0.452242 15.875183 -1.240083 -2.454006 25.737051 2.446339 2.310907 -2.658769 -0.634461 -0.992366 -34.018021 -0.778377 -1.230718 6e-06 0.0 0.0 0.054101 0.015735 0.044689 0.106414 0.010795 0.042284 0.113732 0.019351 0.054803 -128.51857 -69.26339 145.314636 40.343594 -60.741295 -10.964465 20.978054 -0.527124 -0.178559 -3.596837 18.742176 8.832019 17.636559 -26.322632 52.411167 -19.46653 -14.395514 29.410324 2e-06 -8.774776 -1e-05 15.915492 -18.389681 6.420217 -0.609779 -1.795644 -3.88932 -4.807071 -11.046741 -2.937854 6e-06 -20.975887 -8e-06 -5.019914 -25.033428 -4.031906 6e-06 2e-06 0.0 -10.634492 -5.686946 -3.565593 10.573203 -17.922829 -3.113876 3e-06 -13.821124 3e-06 -0.50175 -31.181337 -4.027015 -11.365543 -59.50211 7.498988 -13.982655 -7.150169 -2.875055 13.772651 -8.401438 -3.218216 0.347728 -34.211338 0.771663 -0.963035 -17.733297 2.621032 1e-06 0.0 -1e-06 -17.346334 -20.095112 -4.201808 21.757441 -1.638361 3.866436 1e-06 -6.338787 6e-06 -1.697562 -22.591631 -6.19401 -1e-06 -4e-06 -3e-06 56.818092 -72.458771 137.578461 31.299755 -66.508247 -1.679424 27.728464 -0.54774 -0.05081 1.490301 12.774256 18.286831 22.182001 -20.375811 49.933216 -16.701641 -16.743418 28.476398 1e-05 -12.690504 -2e-06 15.459763 -17.687143 2.781511 -0.105928 -1.513843 -4.275866 -5.039016 -5.612833 -2.953548 -7e-06 -11.020434 -3e-06 -6.111251 -15.895224 -3.840482 0.0 -0.0 -1e-06 -10.283323 -5.680261 -4.341835 11.028204 -11.302304 -2.372606 -1.384267 -14.238463 -6.320107 -0.625427 -26.923967 -3.827609 -4.08384 -49.418442 -3.688244 -13.708454 -7.363439 -3.720937 18.141003 -14.052608 -3.242636 -1.4e-05 -18.787113 9e-06 -0.429721 -8.455981 2.555503 0.0 1e-06 -1e-06 -15.923457 -20.094362 -5.473586 30.418989 -7.19074 1.735942 -6e-06 -8.162863 1e-05 -1.861905 -22.861288 -6.167897 -1e-06 -0.0 -1e-06 -175.273117 -2.43657 -10.698743 5.550165 0.008622 0.227116 -78.228004 -0.969056 -5.685372 -4.204174 1.476606 2.17005 -0.999999 0.0 -0.0 5.706149 -2.984997 -4.090294 5.531615 -0.03088 0.152266 -79.728355 0.29788 -6.63756 -4.216448 0.641301 1.69105 -1.000005 0.0 0.0 
0.0 0.0 0.0 0.0 -0.0 0.0 -0.296342 99.850914 -0.383449 89.807426 1.07585 92.692612 -1.585391 0.998249 -0.010672 -11.257747 -0.299526 -0.472743 15.893661 -1.248729 -2.485733 25.776344 2.495299 2.321059 -2.669832 -0.629513 -1.008361 -34.042618 -0.742945 -1.232986 6e-06 -0.0 0.0 0.051614 0.016441 0.042289 0.097098 0.011096 0.037768 0.104115 0.02033 0.054437 -128.563736 -69.171272 145.37886 40.310669 -60.76786 -10.832638 20.937033 -0.52385 -0.168762 -3.620201 18.732489 8.897154 17.636631 -26.322721 52.411247 -19.4666 -14.395613 29.410389 1.3e-05 -8.774839 -8e-06 15.892513 -18.386723 6.434245 -0.609779 -1.795648 -3.889327 -4.807106 -11.04679 -2.937848 -1.7e-05 -20.975988 1e-05 -5.020006 -25.033573 -4.031913 6e-06 -3e-06 -0.0 -10.634543 -5.686966 -3.565589 10.573259 -17.922899 -3.113884 -1.2e-05 -13.821188 1e-05 -0.501813 -31.181505 -4.027021 -11.36726 -59.492313 7.527469 -13.982725 -7.150196 -2.875044 13.772733 -8.401461 -3.218233 0.347685 -34.211502 0.771689 -0.963059 -17.733381 2.621037 0.0 -3e-06 1e-06 -17.346439 -20.095188 -4.201784 21.757578 -1.638358 3.866442 -4e-06 -6.338816 6e-06 -1.697621 -22.591749 -6.194021 -1e-06 -1e-06 -3e-06 56.76717 -72.346535 137.729782 31.024239 -66.63549 -1.301336 27.701101 -0.521812 -0.026826 1.488243 12.696316 18.242323 22.182077 -20.375893 49.933323 -16.70175 -16.743511 28.476507 -6e-06 -12.690576 3e-06 15.468997 -17.674263 2.759745 -0.105924 -1.513851 -4.275878 -5.039032 -5.61285 -2.953555 7e-06 -11.020483 -1e-06 -6.11127 -15.895285 -3.840489 -0.0 -0.0 1e-06 -10.283357 -5.680274 -4.341839 11.028267 -11.30236 -2.372622 -1.384257 -14.238523 -6.320121 -0.625405 -26.924105 -3.827605 -4.042912 -49.396923 -3.724891 -13.708504 -7.363459 -3.720943 18.141111 -14.052685 -3.242662 4e-06 -18.787214 1e-05 -0.429713 -8.456033 2.555517 -1e-06 -1e-06 -1e-06 -15.923511 -20.094421 -5.473589 30.419149 -7.190798 1.735927 3e-06 -8.162904 1.1e-05 -1.8619 -22.861404 -6.167911 0.0 -7e-06 -0.0 -175.250336 -2.448158 -10.769197 5.535015 0.009623 0.231621 -78.244545 -0.954852 -5.700531 -4.195162 1.476759 2.171687 -1.000001 0.0 -0.0 5.694832 -2.977324 -4.038744 5.529597 -0.02957 0.159036 -79.713715 0.321045 -6.613229 -4.193327 0.632831 1.687818 -0.999997 -0.0 -0.0 
0.0 0.0 0.0 0.0 -0.0 0.0 -0.288655 99.850182 -0.381447 89.795471 1.074923 92.62291 -1.594688 0.995625 -0.016841 -11.261231 -0.298849 -0.479273 15.912399 -1.258259 -2.503736 25.798918 2.520437 2.336051 -2.672163 -0.625745 -1.037743 -34.072327 -0.711048 -1.257783 6e-06 -0.0 0.0 0.050283 0.01719 0.041179 0.090089 0.009776 0.034577 0.097004 0.022988 0.055508 -128.664902 -69.096855 145.495132 40.269211 -60.788036 -10.757172 20.949892 -0.507914 -0.158411 -3.63358 18.76359 8.933718 17.63665 -26.322704 52.411076 -19.466705 -14.395501 29.410351 -2.8e-05 -8.774782 -1e-05 15.866845 -18.392622 6.446833 -0.609773 -1.795657 -3.889324 -4.807038 -11.046812 -2.937864 7.2e-05 -20.976067 -1.5e-05 -5.019858 -25.033638 -4.031864 6e-06 1e-06 1e-06 -10.634484 -5.686951 -3.565599 10.573277 -17.923004 -3.113907 4.7e-05 -13.821246 -4e-06 -0.501658 -31.181665 -4.026999 -11.352392 -59.460567 7.528173 -13.98265 -7.150171 -2.875062 13.772688 -8.401538 -3.218231 0.347851 -34.211643 0.771627 -0.962981 -17.733454 2.621048 0.0 -0.0 -1e-06 -17.3463 -20.095188 -4.201811 21.757458 -1.638427 3.866421 2.2e-05 -6.338837 -4e-06 -1.69748 -22.591824 -6.194018 -1e-06 -3e-06 -2e-06 56.757259 -72.252205 137.828506 30.822968 -66.739548 -1.018478 27.670193 -0.501927 -0.013232 1.486612 12.643942 18.18737 22.182129 -20.375938 49.933311 -16.701946 -16.743496 28.476595 -6.2e-05 -12.69059 5e-06 15.474825 -17.664936 2.751829 -0.105914 -1.513865 -4.275888 -5.039013 -5.612874 -2.953567 5.6e-05 -11.020584 -1.4e-05 -6.111202 -15.895421 -3.840482 -0.0 1e-06 -0.0 -10.283345 -5.68027 -4.34185 11.028327 -11.302485 -2.372649 -1.384194 -14.238646 -6.320141 -0.625308 -26.924416 -3.8276 -4.028594 -49.373791 -3.741296 -13.708488 -7.363452 -3.720959 18.141195 -14.05286 -3.242701 9.5e-05 -18.787373 -1.1e-05 -0.429674 -8.456113 2.555523 1e-06 -0.0 2e-06 -15.92345 -20.094479 -5.473618 30.419184 -7.190953 1.73588 3.9e-05 -8.162966 -7e-06 -1.861766 -22.861624 -6.167964 -0.0 -2e-06 3e-06 -175.232224 -2.455408 -10.826038 5.525186 0.008957 0.23845 -78.270287 -0.960792 -5.704991 -4.180046 1.477024 2.173138 -0.999999 0.0 0.0 5.689245 -2.971927 -4.006137 5.526987 -0.027492 0.167811 -79.696518 0.357024 -6.59193 -4.174141 0.628944 1.685914 -1.000001 -0.0 0.0 
0.0 0.0 0.0 0.0 -0.0 0.0 -0.279781 99.842079 -0.381251 89.789909 1.071692 92.570366 -1.602481 0.990855 -0.023637 -11.268331 -0.295664 -0.47326 15.933229 -1.269883 -2.513953 25.795473 2.519307 2.338941 -2.66234 -0.617616 -1.059936 -34.10006 -0.684778 -1.28674 6e-06 0.0 0.0 0.050663 0.016845 0.034649 0.085811 0.008208 0.026676 0.091826 0.023778 0.050442 -128.807022 -69.04467 145.659515 40.262371 -60.786446 -10.76296 20.980587 -0.488669 -0.153608 -3.648029 18.819822 8.926608 17.636591 -26.322649 52.411098 -19.466631 -14.395576 29.410343 3e-06 -8.774817 -3e-06 15.840325 -18.403667 6.457466 -0.609777 -1.795654 -3.889323 -4.807088 -11.046797 -2.937846 2e-06 -20.976006 -1e-05 -5.01996 -25.033585 -4.031901 6e-06 2e-06 -0.0 -10.634521 -5.686969 -3.565583 10.57325 -17.922922 -3.113899 0.0 -13.821201 -4e-06 -0.501771 -31.181553 -4.027038 -11.329517 -59.42329 7.508217 -13.982696 -7.150195 -2.875035 13.772709 -8.401474 -3.218239 0.347727 -34.211529 0.771641 -0.96303 -17.733391 2.621017 -0.0 1e-06 -1e-06 -17.346403 -20.095198 -4.201773 21.757536 -1.638362 3.866421 0.0 -6.338821 -2e-06 -1.697582 -22.591782 -6.194031 -0.0 -4e-06 -2e-06 56.765926 -72.181236 137.886459 30.717697 -66.812134 -0.817522 27.633884 -0.481975 -0.005929 1.476952 12.61031 18.097338 22.182072 -20.375851 49.933277 -16.701742 -16.743504 28.476482 1.1e-05 -12.690582 -1e-06 15.490106 -17.664646 2.749039 -0.105922 -1.513849 -4.275877 -5.039037 -5.61286 -2.953553 -6e-06 -11.020495 -2e-06 -6.111296 -15.895321 -3.840487 -0.0 -0.0 1e-06 -10.283359 -5.680283 -4.341834 11.028261 -11.30236 -2.372624 -1.384277 -14.238544 -6.320123 -0.625435 -26.924145 -3.827629 -4.031621 -49.36507 -3.744122 -13.70851 -7.363472 -3.720932 18.1411 -14.052675 -3.242662 -1.3e-05 -18.78722 -3e-06 -0.429722 -8.456033 2.555512 1e-06 -0.0 -0.0 -15.923531 -20.09445 -5.473577 30.419149 -7.190774 1.735935 -5e-06 -8.162908 3e-06 -1.861911 -22.861437 -6.167953 1e-06 -6e-06 -1e-06 -175.22142 -2.45314 -10.854124 5.518051 0.00741 0.242824 -78.287575 -1.001819 -5.701433 -4.167649 1.480649 2.174752 -1.000001 0.0 0.0 5.679893 -2.972643 -3.983924 5.534073 -0.028566 0.176736 -79.679291 0.396383 -6.571522 -4.161973 0.627574 1.684653 -1.000001 -0.0 0.0 
0.0 0.0 0.0 0.0 -0.0 0.0 -0.275606 99.835388 -0.375264 89.791679 1.069979 92.54171 -1.607997 0.984483 -0.031327 -11.277676 -0.292724 -0.466606 15.953847 -1.284826 -2.518013 25.763817 2.492312 2.340452 -2.652094 -0.610846 -1.061616 -34.120697 -0.665126 -1.310955 6e-06 -0.0 0.0 0.051499 0.016126 0.030005 0.092318 0.007572 0.023551 0.097671 0.022853 0.044291 -128.95726 -68.994431 145.8414 40.288418 -60.758488 -10.864223 21.009682 -0.478701 -0.153082 -3.633873 18.887718 8.945482 17.636707 -26.322903 52.411537 -19.466763 -14.395708 29.410614 1.1e-05 -8.774907 -2e-06 15.802683 -18.400949 6.463209 -0.609784 -1.79566 -3.889348 -4.807138 -11.046878 -2.937866 -1.7e-05 -20.976194 9e-06 -5.020049 -25.033863 -4.03195 6e-06 -1e-06 2e-06 -10.634601 -5.687005 -3.565604 10.573337 -17.923044 -3.113914 -1.1e-05 -13.821321 7e-06 -0.501806 -31.18189 -4.027068 -11.282489 -59.385376 7.462117 -13.982802 -7.150243 -2.875053 13.772824 -8.401525 -3.21826 0.347688 -34.211876 0.771695 -0.963069 -17.733591 2.621068 -0.0 1e-06 -2e-06 -17.346552 -20.095324 -4.201791 21.757729 -1.638365 3.866461 -6e-06 -6.33888 5e-06 -1.697628 -22.592039 -6.194096 -1e-06 -2e-06 -1e-06 56.774075 -72.128693 137.924545 30.72134 -66.854645 -0.717972 27.573618 -0.466591 0.002808 1.475857 12.594226 17.997911 22.182178 -20.375956 49.933517 -16.701826 -16.743618 28.476629 1.6e-05 -12.690668 -0.0 15.504161 -17.660275 2.744251 -0.10592 -1.513856 -4.275895 -5.039072 -5.612886 -2.953562 -1.1e-05 -11.020542 -1e-06 -6.111351 -15.895392 -3.840503 -0.0 1e-06 -1e-06 -10.283422 -5.680315 -4.341847 11.028324 -11.3024 -2.372638 -1.384298 -14.238605 -6.320154 -0.625455 -26.924248 -3.827649 -4.043722 -49.361679 -3.752437 -13.708591 -7.363513 -3.72094 18.141211 -14.05273 -3.242682 -2.5e-05 -18.787304 -1e-06 -0.429725 -8.456071 2.555521 -1e-06 2e-06 3e-06 -15.92364 -20.094551 -5.473589 30.419348 -7.190794 1.735949 -1.1e-05 -8.162942 6e-06 -1.861953 -22.861546 -6.167981 -0.0 -2e-06 -0.0 -175.213379 -2.444982 -10.826087 5.518006 0.005626 0.244396 -78.284477 -1.068828 -5.687825 -4.170285 1.483099 2.175719 -1.000004 1e-06 0.0 5.673559 -2.980132 -3.965478 5.546809 -0.030791 0.182781 -79.666519 0.410883 -6.560835 -4.171973 0.627841 1.685156 -1.000006 0.0 0.0 
0.0 0.0 0.0 0.0 -0.0 0.0 -0.27821 99.836136 -0.361881 89.798943 1.065144 92.528542 -1.610658 0.97698 -0.034361 -11.281597 -0.294511 -0.465821 15.95927 -1.297785 -2.515648 25.719286 2.446514 2.354323 -2.645082 -0.602914 -1.07278 -34.128845 -0.655914 -1.310568 6e-06 0.0 -0.0 0.052402 0.015947 0.031359 0.100083 0.007277 0.025733 0.10617 0.022568 0.044898 -129.073318 -68.947929 145.973984 40.309711 -60.730595 -11.006669 21.033926 -0.477907 -0.154552 -3.56705 18.930527 9.085158 17.636599 -26.322687 52.411037 -19.466599 -14.395471 29.410294 -2.4e-05 -8.774752 -1.2e-05 15.782521 -18.407282 6.469552 -0.609773 -1.795648 -3.889318 -4.807029 -11.046764 -2.937853 5.6e-05 -20.975967 6e-06 -5.019857 -25.033506 -4.031838 6e-06 -1e-06 1e-06 -10.634459 -5.686931 -3.565594 10.573229 -17.922918 -3.11388 3.8e-05 -13.821177 1e-05 -0.501695 -31.181458 -4.026945 -11.251595 -59.379478 7.439455 -13.982614 -7.150148 -2.875062 13.772637 -8.401502 -3.218214 0.347816 -34.211487 0.77167 -0.963002 -17.733374 2.621061 -0.0 1e-06 -3e-06 -17.346251 -20.095116 -4.201811 21.757381 -1.638416 3.86642 1.8e-05 -6.33881 4e-06 -1.697491 -22.591713 -6.193982 -0.0 -4e-06 -3e-06 56.775261 -72.112778 137.952271 30.819733 -66.874596 -0.717125 27.510912 -0.443359 0.00949 1.493029 12.602515 17.899982 22.182007 -20.375816 49.933079 -16.70175 -16.743387 28.476385 -4e-05 -12.690488 1e-06 15.495218 -17.652885 2.755198 -0.105917 -1.513851 -4.275861 -5.038989 -5.612833 -2.953548 3.6e-05 -11.020471 -7e-06 -6.111175 -15.895247 -3.840462 -0.0 -0.0 -1e-06 -10.283294 -5.680242 -4.341831 11.028233 -11.302376 -2.372618 -1.384208 -14.238505 -6.320092 -0.62535 -26.924086 -3.827559 -4.057683 -49.349014 -3.746842 -13.708422 -7.363414 -3.720939 18.141041 -14.052712 -3.242656 5.9e-05 -18.787178 4e-06 -0.429691 -8.456015 2.555508 1e-06 -1e-06 5e-06 -15.92337 -20.094353 -5.473594 30.418968 -7.190858 1.735894 2.5e-05 -8.162889 4e-06 -1.861797 -22.861368 -6.167889 1e-06 -5e-06 -0.0 -175.213867 -2.433922 -10.769304 5.518026 0.006329 0.24158 -78.273575 -1.116274 -5.674318 -4.168372 1.475357 2.173658 -0.999994 -1e-06 0.0 5.664381 -2.992235 -3.944035 5.562799 -0.031631 0.178563 -79.654922 0.404645 -6.536224 -4.179408 0.63022 1.686419 -1.000002 0.0 0.0 
0.0 0.0 0.0 0.0 -0.0 0.0 -0.283284 99.839935 -0.346061 89.80304 1.054164 92.514931 -1.614591 0.973439 -0.032433 -11.281737 -0.296458 -0.470101 15.947395 -1.307633 -2.505406 25.679159 2.381088 2.373438 -2.643661 -0.602803 -1.085892 -34.126114 -0.647114 -1.298468 6e-06 0.0 0.0 0.053359 0.015918 0.033983 0.106876 0.006933 0.02883 0.115023 0.022537 0.047036 -129.148071 -68.894463 146.046783 40.291229 -60.701263 -11.0927 21.077436 -0.481566 -0.156457 -3.50154 18.948526 9.232999 17.636734 -26.322855 52.411369 -19.466793 -14.395684 29.410532 1e-06 -8.774897 -7e-06 15.763264 -18.407898 6.472924 -0.609778 -1.795663 -3.889342 -4.807124 -11.046883 -2.937861 5e-06 -20.976204 0.0 -5.020021 -25.033854 -4.031925 6e-06 2e-06 1e-06 -10.634589 -5.687001 -3.565595 10.573344 -17.923071 -3.113923 5e-06 -13.82133 -1e-06 -0.501766 -31.181887 -4.027062 -11.227174 -59.373646 7.422194 -13.982789 -7.150234 -2.875044 13.772819 -8.401543 -3.218263 0.347743 -34.211876 0.771656 -0.963029 -17.733574 2.621044 1e-06 1e-06 -2e-06 -17.346523 -20.095329 -4.201781 21.757702 -1.638383 3.866449 3e-06 -6.338874 -1e-06 -1.6976 -22.592001 -6.194079 -1e-06 -3e-06 -3e-06 56.745716 -72.134468 137.999252 30.976509 -66.871567 -0.758304 27.480093 -0.401856 0.017647 1.502775 12.621584 17.820475 22.182268 -20.376032 49.93359 -16.701921 -16.743652 28.476713 2e-06 -12.690724 -6e-06 15.48108 -17.639328 2.773407 -0.105921 -1.513862 -4.275906 -5.039082 -5.61291 -2.953576 2e-06 -11.020617 1e-06 -6.111366 -15.895509 -3.840519 0.0 0.0 -1e-06 -10.283437 -5.680322 -4.34186 11.028375 -11.302475 -2.372644 -1.384286 -14.238703 -6.320177 -0.625442 -26.924515 -3.827644 -4.063872 -49.337048 -3.734889 -13.708616 -7.36352 -3.720956 18.141285 -14.052827 -3.242689 1e-06 -18.787437 4e-06 -0.429716 -8.456145 2.555543 -1e-06 2e-06 0.0 -15.923653 -20.094603 -5.47361 30.419436 -7.190868 1.735954 1e-06 -8.162998 4e-06 -1.861924 -22.861744 -6.168016 -1e-06 -2e-06 -1e-06 -175.216797 -2.424635 -10.743336 5.51122 0.009818 0.23804 -78.275002 -1.150257 -5.655715 -4.166722 1.464095 2.169887 -0.999998 -1e-06 0.0 5.64485 -3.000063 -3.919002 5.57921 -0.033038 0.171594 -79.641739 0.396156 -6.505531 -4.19098 0.633009 1.687438 -1.000002 0.0 0.0 
0.0 0.0 0.0 0.0 -0.0 0.0 -0.286954 99.841415 -0.333072 89.804222 1.039837 92.505569 -1.620947 0.97913 -0.028181 -11.283299 -0.296742 -0.469884 15.932736 -1.318645 -2.490795 25.631735 2.293073 2.377939 -2.647326 -0.614463 -1.081635 -34.096443 -0.635213 -1.300136 6e-06 0.0 0.0 0.051396 0.015162 0.031628 0.109804 0.00678 0.027344 0.118654 0.02092 0.043755 -129.174896 -68.844193 146.067184 40.28722 -60.65646 -11.11993 21.131258 -0.492045 -0.161622 -3.473715 18.95056 9.378945 17.636616 -26.322649 52.410992 -19.46665 -14.395493 29.410294 -2.3e-05 -8.774769 -1.1e-05 15.754494 -18.411037 6.476904 -0.609771 -1.795654 -3.889316 -4.807038 -11.046783 -2.937855 6.2e-05 -20.976 -1.3e-05 -5.019861 -25.033543 -4.031856 6e-06 -0.0 -1e-06 -10.634478 -5.686941 -3.565588 10.573253 -17.922949 -3.113897 4e-05 -13.821197 -1e-06 -0.501679 -31.181507 -4.026983 -11.227501 -59.361858 7.422914 -13.982636 -7.150158 -2.875051 13.772667 -8.401511 -3.218225 0.347832 -34.211529 0.771631 -0.962987 -17.733389 2.621041 -1e-06 -1e-06 -3e-06 -17.346292 -20.095152 -4.201797 21.757427 -1.638416 3.866417 1.9e-05 -6.338817 -1e-06 -1.697495 -22.591743 -6.194006 -1e-06 -3e-06 -4e-06 56.703018 -72.190681 138.05278 31.199167 -66.839409 -0.870439 27.484123 -0.364938 0.024526 1.506458 12.652046 17.791567 22.182024 -20.375803 49.93314 -16.701864 -16.743427 28.476479 -5.1e-05 -12.690524 1e-05 15.469245 -17.622696 2.790936 -0.105914 -1.513861 -4.275872 -5.038997 -5.612854 -2.953556 4.5e-05 -11.02052 -2.3e-05 -6.11118 -15.895329 -3.840477 -0.0 -1e-06 2e-06 -10.283313 -5.680258 -4.341832 11.028268 -11.302422 -2.372646 -1.384197 -14.238566 -6.320121 -0.625305 -26.924217 -3.827616 -4.07181 -49.333626 -3.701214 -13.708447 -7.363437 -3.72094 18.1411 -14.052773 -3.2427 8.5e-05 -18.787256 -3.3e-05 -0.429675 -8.456051 2.555496 -2e-06 2e-06 0.0 -15.923403 -20.094419 -5.473598 30.419058 -7.190888 1.735871 3.1e-05 -8.162911 -1.2e-05 -1.861767 -22.861448 -6.167951 -0.0 -2e-06 0.0 -175.219543 -2.417056 -10.750597 5.501923 0.013577 0.236772 -78.283096 -1.181291 -5.635376 -4.161768 1.458852 2.167776 -0.999999 1e-06 0.0 5.622911 -3.003463 -3.904494 5.59644 -0.034737 0.166819 -79.637497 0.391926 -6.478211 -4.209225 0.634781 1.688361 -1.000003 -0.0 0.0 
0.0 0.0 0.0 0.0 -0.0 0.0 -0.287202 99.841484 -0.31637 89.802589 1.030663 92.506599 -1.624153 0.990107 -0.029964 -11.284863 -0.292929 -0.466497 15.918104 -1.331463 -2.465678 25.587902 2.194138 2.376937 -2.653529 -0.641103 -1.067791 -34.054672 -0.625195 -1.327978 6e-06 -0.0 0.0 0.048674 0.015539 0.033575 0.111136 0.007292 0.029966 0.118901 0.021069 0.045033 -129.212708 -68.800728 146.112732 40.295139 -60.581314 -11.082078 21.192911 -0.495998 -0.166253 -3.487909 18.932524 9.473289 17.636593 -26.322653 52.411098 -19.466518 -14.395548 29.410282 6e-06 -8.774787 -1.1e-05 15.753018 -18.411608 6.47993 -0.609778 -1.795643 -3.889315 -4.807076 -11.046738 -2.937842 1e-06 -20.975874 1.3e-05 -5.019947 -25.033398 -4.031882 7e-06 -1e-06 1e-06 -10.634502 -5.686943 -3.565583 10.573221 -17.922831 -3.113868 -2e-06 -13.821115 1.6e-05 -0.501794 -31.181282 -4.026972 -11.252684 -59.361477 7.441981 -13.982671 -7.150165 -2.875043 13.772674 -8.401435 -3.218214 0.347709 -34.211315 0.7717 -0.963048 -17.733276 2.621044 1e-06 0.0 -2e-06 -17.346355 -20.095102 -4.201783 21.757471 -1.638368 3.86643 0.0 -6.338783 1.1e-05 -1.697588 -22.591591 -6.193974 -0.0 -5e-06 -4e-06 56.647575 -72.26358 138.129929 31.533257 -66.766594 -1.108149 27.518476 -0.33307 0.029762 1.506093 12.694494 17.766788 22.181995 -20.375795 49.933151 -16.701694 -16.743431 28.476398 3e-06 -12.690514 5e-06 15.480121 -17.611355 2.792928 -0.105922 -1.51385 -4.275864 -5.039013 -5.612844 -2.953547 0.0 -11.020461 -4e-06 -6.111248 -15.895257 -3.840472 -1e-06 -0.0 1e-06 -10.283318 -5.680264 -4.341823 11.028217 -11.302333 -2.372618 -1.384259 -14.238493 -6.320098 -0.62542 -26.924019 -3.827606 -4.082247 -49.34967 -3.659093 -13.708457 -7.363446 -3.720927 18.141029 -14.052654 -3.242655 -0.0 -18.787165 -4e-06 -0.429713 -8.456003 2.555494 1e-06 2e-06 1e-06 -15.923459 -20.094393 -5.47357 30.419024 -7.190762 1.735919 0.0 -8.162876 3e-06 -1.861884 -22.861336 -6.167919 1e-06 -5e-06 -2e-06 -175.216187 -2.411122 -10.74299 5.493007 0.016942 0.236368 -78.302666 -1.238996 -5.632731 -4.154294 1.461883 2.167899 -1.0 -0.0 0.0 5.618158 -3.002192 -3.89612 5.60462 -0.035736 0.168242 -79.645889 0.382632 -6.457097 -4.196037 0.637665 1.689377 -1.000002 0.0 0.0 
0.0 0.0 0.0 0.0 -0.0 0.0 -0.282911 99.839653 -0.302193 89.801422 1.030955 92.503166 -1.623645 1.0018 -0.033612 -11.289923 -0.288431 -0.457685 15.9067 -1.341291 -2.434111 25.541336 2.092842 2.365833 -2.657724 -0.67273 -1.034076 -33.980083 -0.630556 -1.364958 6e-06 -0.0 -0.0 0.046514 0.016643 0.040322 0.115378 0.008471 0.038005 0.122151 0.021982 0.050416 -129.284607 -68.754074 146.198883 40.299313 -60.474537 -10.956725 21.231337 -0.48505 -0.169177 -3.526221 18.902084 9.47165 17.636724 -26.322905 52.41153 -19.46681 -14.395701 29.410622 1e-06 -8.774909 -3e-06 15.740239 -18.412163 6.486074 -0.609783 -1.795665 -3.88935 -4.807128 -11.046888 -2.937874 4e-06 -20.976223 -3e-06 -5.020023 -25.03389 -4.031954 7e-06 -1e-06 0.0 -10.634601 -5.687005 -3.565607 10.573356 -17.923082 -3.113928 4e-06 -13.821343 0.0 -0.501769 -31.181948 -4.027083 -11.294696 -59.359325 7.462777 -13.9828 -7.150241 -2.875056 13.772836 -8.401546 -3.218266 0.347735 -34.211926 0.771663 -0.963044 -17.73361 2.621062 1e-06 -0.0 -1e-06 -17.346535 -20.095339 -4.201801 21.757729 -1.638387 3.866458 2e-06 -6.338885 -0.0 -1.697598 -22.592054 -6.194106 -0.0 -3e-06 -4e-06 56.605015 -72.336594 138.199188 31.934856 -66.651436 -1.446754 27.566341 -0.329674 0.034148 1.517702 12.724865 17.780544 22.182199 -20.375996 49.933575 -16.701948 -16.743628 28.476728 -5e-06 -12.690696 4e-06 15.491364 -17.601351 2.788579 -0.105918 -1.513865 -4.275905 -5.03907 -5.612911 -2.953573 6e-06 -11.02062 -8e-06 -6.111335 -15.895514 -3.840522 1e-06 -1e-06 -2e-06 -10.283422 -5.680322 -4.341859 11.028361 -11.30248 -2.37266 -1.384267 -14.238706 -6.320185 -0.625404 -26.924513 -3.827674 -4.091727 -49.371376 -3.630043 -13.708595 -7.363522 -3.720954 18.141266 -14.052832 -3.242714 1.5e-05 -18.787437 -1.6e-05 -0.42971 -8.456135 2.555524 1e-06 -1e-06 -1e-06 -15.923623 -20.094608 -5.473608 30.419403 -7.190865 1.735921 5e-06 -8.162994 -7e-06 -1.861888 -22.86174 -6.168039 1e-06 -2e-06 -1e-06 -175.202164 -2.40638 -10.74484 5.486848 0.016963 0.241776 -78.32225 -1.283491 -5.627902 -4.149142 1.470263 2.170216 -0.999997 -0.0 -0.0 5.631248 -2.998973 -3.900551 5.606257 -0.036371 0.178121 -79.664932 0.375796 -6.453187 -4.177574 0.635246 1.689408 -1.000005 0.0 0.0 
0.0 0.0 0.0 0.0 -0.0 0.0 -0.280676 99.836601 -0.285056 89.802307 1.035938 92.501572 -1.62223 1.012924 -0.036497 -11.290869 -0.283086 -0.440203 15.88842 -1.350563 -2.393343 25.484301 1.986069 2.36384 -2.656861 -0.692052 -1.022512 -33.895237 -0.650328 -1.38385 6e-06 0.0 0.0 0.047027 0.018309 0.045839 0.12078 0.009579 0.044737 0.128084 0.02402 0.054487 -129.394089 -68.714256 146.301346 40.246998 -60.376427 -10.756886 21.261494 -0.462304 -0.162677 -3.560708 18.889317 9.38742 17.636721 -26.322836 52.411343 -19.466785 -14.395635 29.410507 -9e-06 -8.774862 -6e-06 15.717164 -18.416634 6.493373 -0.609779 -1.795663 -3.889341 -4.807097 -11.046869 -2.937864 2.9e-05 -20.976156 -9e-06 -5.019964 -25.033756 -4.031906 7e-06 -1e-06 -0.0 -10.634568 -5.686993 -3.5656 10.573336 -17.923061 -3.113924 2.1e-05 -13.821302 -5e-06 -0.501731 -31.181805 -4.02704 -11.341084 -59.363155 7.486795 -13.982759 -7.150225 -2.875053 13.772789 -8.401551 -3.218254 0.347785 -34.211815 0.771641 -0.963015 -17.733534 2.62105 -0.0 3e-06 -2e-06 -17.34647 -20.095312 -4.201796 21.757641 -1.638401 3.866443 9e-06 -6.338864 -1e-06 -1.697557 -22.591934 -6.194065 -0.0 -3e-06 -4e-06 56.573063 -72.407448 138.232376 32.311783 -66.522018 -1.788727 27.620975 -0.350301 0.033345 1.536451 12.748056 17.8092 22.182209 -20.375957 49.933441 -16.701946 -16.743551 28.476635 -3.1e-05 -12.690637 -4e-06 15.500899 -17.60936 2.777884 -0.105915 -1.513868 -4.275895 -5.039045 -5.612898 -2.953572 3.3e-05 -11.020604 -1.5e-05 -6.111267 -15.895464 -3.8405 0.0 1e-06 -0.0 -10.283395 -5.680304 -4.341854 11.028345 -11.302488 -2.372652 -1.384234 -14.238679 -6.320159 -0.625361 -26.924452 -3.82763 -4.090733 -49.389942 -3.622666 -13.708555 -7.363495 -3.720958 18.14123 -14.052855 -3.242701 6.1e-05 -18.787409 -1.9e-05 -0.429686 -8.456123 2.555519 0.0 1e-06 -0.0 -15.923554 -20.094568 -5.473616 30.419292 -7.190918 1.735916 2.4e-05 -8.162978 -1.1e-05 -1.861814 -22.86167 -6.168005 1e-06 -4e-06 1e-06 -175.185318 -2.404004 -10.762802 5.486889 0.015212 0.243438 -78.349548 -1.291269 -5.619892 -4.130982 1.479748 2.173367 -1.000002 -1e-06 -0.0 5.649343 -2.993742 -3.896492 5.609032 -0.037518 0.188211 -79.686546 0.364439 -6.45387 -4.147489 0.628252 1.6879 -1.000005 0.0 -0.0 
0.0 0.0 0.0 0.0 -0.0 0.0 -0.284228 99.834702 -0.26046 89.807854 1.040732 92.505692 -1.625126 1.022825 -0.030522 -11.289942 -0.277554 -0.422425 15.869817 -1.363285 -2.355069 25.41893 1.8709 2.37763 -2.655474 -0.699517 -1.040973 -33.817242 -0.682077 -1.390857 6e-06 0.0 0.0 0.047809 0.018825 0.042247 0.118497 0.009218 0.041209 0.127371 0.025242 0.05076 -129.514313 -68.679466 146.405731 40.168758 -60.285175 -10.627532 21.292105 -0.461228 -0.15728 -3.551125 18.904261 9.468694 17.63665 -26.32271 52.411118 -19.466753 -14.395551 29.410395 -2.9e-05 -8.774806 -5e-06 15.710172 -18.428278 6.506977 -0.609774 -1.795661 -3.889326 -4.807051 -11.046822 -2.937865 7.1e-05 -20.976078 -2.4e-05 -5.01987 -25.033642 -4.031882 7e-06 -1e-06 1e-06 -10.634505 -5.686962 -3.565593 10.573303 -17.923016 -3.113924 4.5e-05 -13.821245 -8e-06 -0.501663 -31.181631 -4.027014 -11.383492 -59.390133 7.520195 -13.982678 -7.150187 -2.875053 13.772721 -8.401544 -3.218249 0.347855 -34.211655 0.771608 -0.962978 -17.733446 2.621039 1e-06 -1e-06 -1e-06 -17.346344 -20.095224 -4.201804 21.757507 -1.638423 3.866418 2.1e-05 -6.338837 -7e-06 -1.69749 -22.591812 -6.194036 -0.0 -2e-06 -1e-06 56.547325 -72.473091 138.226456 32.645828 -66.390038 -2.057311 27.684551 -0.366475 0.035907 1.548955 12.776 17.837421 22.182156 -20.375975 49.933434 -16.702005 -16.743549 28.476704 -5.4e-05 -12.690634 8e-06 15.499072 -17.625797 2.769611 -0.10591 -1.513867 -4.275898 -5.03903 -5.612898 -2.953578 4.8e-05 -11.020624 -1.7e-05 -6.111238 -15.895494 -3.840513 0.0 -0.0 -1e-06 -10.283371 -5.680291 -4.341859 11.028353 -11.302514 -2.372667 -1.384201 -14.2387 -6.320174 -0.62531 -26.924528 -3.827641 -4.094083 -49.38372 -3.623711 -13.708527 -7.363479 -3.720963 18.141245 -14.052895 -3.242728 8.7e-05 -18.787437 -2.1e-05 -0.429681 -8.456143 2.555529 1e-06 -3e-06 4e-06 -15.923498 -20.094553 -5.473628 30.419279 -7.190959 1.735874 3.4e-05 -8.162994 -1e-05 -1.861779 -22.861723 -6.168 1e-06 -3e-06 -3e-06 -175.170425 -2.398705 -10.762661 5.482595 0.015453 0.243699 -78.36422 -1.288522 -5.618015 -4.112448 1.482614 2.175028 -0.999999 0.0 -0.0 5.665776 -2.993392 -3.877533 5.612154 -0.037826 0.189575 -79.70079 0.338829 -6.460057 -4.118797 0.621781 1.686213 -1.0 0.0 0.0 
0.0 0.0 0.0 0.0 -0.0 0.0 -0.291244 99.837578 -0.236633 89.81456 1.040158 92.498108 -1.635012 1.038595 -0.018454 -11.28678 -0.265559 -0.396667 15.84924 -1.387153 -2.332059 25.354891 1.747047 2.398794 -2.65908 -0.703738 -1.06707 -33.732079 -0.707526 -1.396474 6e-06 0.0 0.0 0.046501 0.017912 0.03347 0.109031 0.007777 0.032831 0.120086 0.024652 0.041572 -129.593338 -68.631851 146.471146 40.0835 -60.185379 -10.538704 21.340181 -0.476324 -0.155088 -3.514739 18.920652 9.650899 17.636627 -26.322725 52.411152 -19.466778 -14.395609 29.410442 -1.4e-05 -8.774841 1e-06 15.7207 -18.432465 6.501965 -0.609774 -1.795661 -3.88933 -4.80708 -11.046851 -2.937858 3.7e-05 -20.976135 -2.3e-05 -5.019943 -25.033754 -4.031896 6e-06 2e-06 1e-06 -10.634533 -5.686978 -3.565584 10.573311 -17.923031 -3.113931 2.5e-05 -13.821284 -1.4e-05 -0.501706 -31.181767 -4.027051 -11.387496 -59.393753 7.519889 -13.982714 -7.150208 -2.875037 13.772758 -8.401538 -3.218263 0.3478 -34.211769 0.771605 -0.963 -17.733517 2.621027 2e-06 0.0 -1e-06 -17.346411 -20.095266 -4.201778 21.757586 -1.638396 3.866413 1e-05 -6.338858 -9e-06 -1.69754 -22.591932 -6.194063 -0.0 -2e-06 -3e-06 56.517918 -72.547829 138.205307 32.920383 -66.259483 -2.264289 27.792095 -0.366258 0.039322 1.549449 12.796185 17.857 22.182121 -20.37591 49.933353 -16.701929 -16.743538 28.476614 -3e-05 -12.690628 6e-06 15.490691 -17.637712 2.757705 -0.105918 -1.513865 -4.275887 -5.039037 -5.612891 -2.953566 2.6e-05 -11.020594 -1.4e-05 -6.111271 -15.895464 -3.840496 -0.0 0.0 2e-06 -10.283373 -5.680294 -4.341842 11.028321 -11.302466 -2.372654 -1.384236 -14.238664 -6.320152 -0.625363 -26.924433 -3.827638 -4.091661 -49.357388 -3.64057 -13.708525 -7.363483 -3.720944 18.141193 -14.052824 -3.242706 4.6e-05 -18.787384 -1.9e-05 -0.429693 -8.456119 2.555514 -1e-06 -1e-06 1e-06 -15.923519 -20.094524 -5.473596 30.419239 -7.19089 1.735899 2e-05 -8.162969 -1.3e-05 -1.861825 -22.861647 -6.168003 1e-06 -3e-06 -1e-06 -175.157196 -2.391763 -10.757334 5.475912 0.017888 0.245936 -78.372681 -1.302874 -5.630139 -4.111888 1.486307 2.176553 -1.0 -1e-06 0.0 5.672818 -2.996544 -3.857542 5.61655 -0.038364 0.183498 -79.692108 0.312304 -6.454756 -4.099438 0.616819 1.685581 -1.000004 0.0 0.0 
0.0 0.0 0.0 0.0 -0.0 0.0 -0.296145 99.842415 -0.222399 89.820236 1.036963 92.505341 -1.649053 1.056254 -0.003317 -11.282737 -0.251273 -0.377774 15.83055 -1.411775 -2.321736 25.281919 1.625989 2.420867 -2.661536 -0.705739 -1.083829 -33.649128 -0.736493 -1.391745 6e-06 0.0 0.0 0.042099 0.015575 0.022242 0.097683 0.005657 0.02244 0.111637 0.021786 0.029541 -129.620239 -68.574776 146.490799 40.024673 -60.089752 -10.484259 21.379326 -0.491744 -0.158255 -3.449224 18.946251 9.804736 17.63657 -26.322653 52.411098 -19.466549 -14.395514 29.410303 -4e-06 -8.774773 -7e-06 15.719348 -18.422808 6.490772 -0.609779 -1.795645 -3.889314 -4.807059 -11.046748 -2.937846 1.6e-05 -20.97592 1e-06 -5.019914 -25.03347 -4.031876 7e-06 1e-06 -1e-06 -10.634481 -5.686939 -3.565589 10.573213 -17.922859 -3.113873 9e-06 -13.821145 8e-06 -0.501753 -31.181385 -4.026987 -11.371954 -59.367477 7.50083 -13.982641 -7.150161 -2.875051 13.77265 -8.401455 -3.218217 0.347737 -34.211395 0.771673 -0.963032 -17.733334 2.621037 -1e-06 2e-06 -1e-06 -17.346313 -20.095108 -4.201797 21.757429 -1.638376 3.866426 4e-06 -6.338798 5e-06 -1.697552 -22.591675 -6.193995 -0.0 -2e-06 -3e-06 56.490292 -72.643867 138.160431 33.140125 -66.160194 -2.423169 27.910658 -0.345579 0.040391 1.557492 12.826835 17.862307 22.182047 -20.375898 49.93327 -16.701702 -16.743448 28.476452 -1.2e-05 -12.690528 -2e-06 15.476153 -17.657978 2.738969 -0.105922 -1.513844 -4.275871 -5.039012 -5.612837 -2.953554 1.2e-05 -11.020475 3e-06 -6.111237 -15.895274 -3.840476 -0.0 -0.0 1e-06 -10.283323 -5.680255 -4.341839 11.028236 -11.302352 -2.372611 -1.384245 -14.238505 -6.320108 -0.625403 -26.924093 -3.827579 -4.071754 -49.327297 -3.676921 -13.708461 -7.363435 -3.720948 18.141052 -14.052674 -3.242641 1.1e-05 -18.787182 2.4e-05 -0.429713 -8.456022 2.55552 -0.0 -0.0 3e-06 -15.923446 -20.094372 -5.473594 30.419041 -7.190804 1.73593 6e-06 -8.162895 1.6e-05 -1.861878 -22.861397 -6.167887 2e-06 -4e-06 -0.0 -175.152374 -2.388174 -10.760181 5.474034 0.018932 0.248437 -78.371384 -1.306343 -5.632221 -4.129564 1.485062 2.176698 -0.999999 -0.0 0.0 5.67283 -2.997326 -3.842684 5.628335 -0.038086 0.172279 -79.684898 0.283447 -6.445313 -4.112092 0.614959 1.686055 -1.000001 0.0 -0.0 
0.0 0.0 0.0 0.0 -0.0 0.0 -0.294137 99.851593 -0.213301 89.824181 1.033156 92.525131 -1.663321 1.076266 0.012161 -11.275124 -0.239371 -0.364698 15.809448 -1.429102 -2.312688 25.206549 1.511616 2.432057 -2.659427 -0.704663 -1.083353 -33.562695 -0.773508 -1.394404 5e-06 0.0 -0.0 0.039446 0.013395 0.018314 0.089809 0.004325 0.018796 0.106337 0.018516 0.025391 -129.642517 -68.528732 146.517609 39.993481 -60.00333 -10.433817 21.394573 -0.488596 -0.160618 -3.376368 18.960184 9.870551 17.636627 -26.322752 52.411236 -19.46661 -14.395548 29.410398 -2e-06 -8.774809 -1e-05 15.715538 -18.42691 6.482681 -0.609778 -1.795649 -3.889324 -4.807078 -11.046798 -2.937856 1e-05 -20.976046 1.1e-05 -5.019953 -25.033657 -4.031888 6e-06 1e-06 -1e-06 -10.634506 -5.686955 -3.565598 10.573245 -17.92293 -3.113881 6e-06 -13.821221 1.6e-05 -0.50177 -31.181618 -4.026995 -11.36069 -59.349857 7.480034 -13.982677 -7.150181 -2.875058 13.772695 -8.401488 -3.218221 0.347727 -34.211613 0.771695 -0.963047 -17.733458 2.621063 1e-06 2e-06 -2e-06 -17.346361 -20.095167 -4.201804 21.757496 -1.638381 3.866445 4e-06 -6.338832 8e-06 -1.697569 -22.591831 -6.194025 -0.0 -3e-06 -1e-06 56.489285 -72.753365 138.107117 33.361816 -66.06411 -2.557213 28.019802 -0.297073 0.044397 1.568457 12.88938 17.783951 22.18198 -20.375751 49.933113 -16.701702 -16.743412 28.476376 -1.1e-05 -12.690501 5e-06 15.474185 -17.682468 2.718065 -0.105921 -1.51385 -4.275862 -5.039008 -5.61283 -2.953547 1e-05 -11.020432 -1.4e-05 -6.111222 -15.895203 -3.840483 0.0 -0.0 0.0 -10.283307 -5.680252 -4.341822 11.028214 -11.302317 -2.372621 -1.384243 -14.238458 -6.3201 -0.625376 -26.923946 -3.827612 -4.049258 -49.320148 -3.707828 -13.708439 -7.363432 -3.720932 18.141018 -14.05263 -3.242654 1.9e-05 -18.787109 -1.1e-05 -0.429704 -8.455978 2.555492 -0.0 3e-06 -2e-06 -15.923425 -20.094357 -5.473581 30.418989 -7.190777 1.735914 7e-06 -8.162859 -1e-06 -1.861855 -22.861267 -6.167912 -0.0 -2e-06 1e-06 -175.150513 -2.38576 -10.771373 5.4738 0.016214 0.251203 -78.373009 -1.300178 -5.622066 -4.142085 1.486769 2.178153 -0.999996 -0.0 -0.0 5.675889 -2.995152 -3.867884 5.636195 -0.038165 0.168397 -79.689507 0.282134 -6.447732 -4.115285 0.616025 1.687717 -1.000003 0.0 0.0 
0.0 0.0 0.0 0.0 -0.0 0.0 -0.290849 99.862518 -0.20936 89.828964 1.024441 92.548355 -1.679264 1.099036 0.016514 -11.268358 -0.228797 -0.341893 15.783411 -1.445145 -2.307429 25.132788 1.405546 2.443029 -2.65803 -0.697924 -1.078794 -33.490166 -0.802769 -1.384593 6e-06 -0.0 -0.0 0.039691 0.012843 0.020547 0.082853 0.003774 0.020372 0.101069 0.017885 0.028455 -129.656113 -68.492424 146.532608 39.923203 -59.930122 -10.366555 21.418766 -0.497084 -0.160812 -3.311965 18.973673 9.857494 17.636677 -26.322813 52.411232 -19.466787 -14.395753 29.410498 1.1e-05 -8.774918 8e-06 15.716659 -18.442844 6.473809 -0.609774 -1.795664 -3.889336 -4.807142 -11.04689 -2.937838 -2.6e-05 -20.9762 1.3e-05 -5.020095 -25.033863 -4.031901 7e-06 -1e-06 2e-06 -10.634608 -5.687012 -3.56557 10.573353 -17.923061 -3.113925 -1.6e-05 -13.821334 2e-06 -0.501837 -31.181908 -4.027055 -11.357722 -59.349434 7.464264 -13.982815 -7.150243 -2.875011 13.772846 -8.401524 -3.218277 0.347685 -34.21188 0.771666 -0.963054 -17.733572 2.621028 1e-06 -1e-06 -2e-06 -17.346581 -20.095339 -4.201726 21.757763 -1.638357 3.866422 -8e-06 -6.338878 -1e-06 -1.697654 -22.592018 -6.194059 -1e-06 -0.0 -2e-06 56.511997 -72.854256 138.034821 33.507534 -65.976105 -2.648155 28.112274 -0.256649 0.05079 1.58982 12.947072 17.701073 22.182182 -20.375895 49.93338 -16.701914 -16.743654 28.476624 1.3e-05 -12.69071 4e-06 15.483314 -17.715879 2.700075 -0.105916 -1.513861 -4.27589 -5.039078 -5.612909 -2.953557 -9e-06 -11.020597 -5e-06 -6.111373 -15.895485 -3.840497 -0.0 2e-06 -1e-06 -10.283435 -5.680329 -4.341829 11.02836 -11.30245 -2.372655 -1.384296 -14.238681 -6.320156 -0.625447 -26.92444 -3.827661 -4.035651 -49.31818 -3.736968 -13.708612 -7.363525 -3.720924 18.141266 -14.052788 -3.242709 -1.2e-05 -18.787392 -1.9e-05 -0.429715 -8.456112 2.555507 -0.0 2e-06 -0.0 -15.923669 -20.094599 -5.473557 30.419436 -7.190821 1.735929 -5e-06 -8.16297 -1.5e-05 -1.861931 -22.861656 -6.168029 1e-06 -3e-06 1e-06 -175.149567 -2.382828 -10.793672 5.468628 0.012497 0.252344 -78.383194 -1.272438 -5.605251 -4.132297 1.496557 2.18268 -1.0 0.0 0.0 5.678912 -2.995795 -3.904074 5.637099 -0.03842 0.171476 -79.709282 0.298316 -6.456748 -4.103016 0.613469 1.687304 -0.999999 -0.0 -0.0 
0.0 0.0 0.0 0.0 -0.0 0.0 -0.292743 99.868042 -0.205886 89.837112 1.018185 92.584648 -1.687631 1.119202 0.017513 -11.267915 -0.21985 -0.313993 15.759936 -1.458382 -2.301827 25.05493 1.31723 2.442401 -2.66167 -0.697525 -1.058708 -33.428345 -0.827897 -1.371167 6e-06 0.0 0.0 0.04046 0.014149 0.030877 0.073777 0.004609 0.029672 0.092877 0.019671 0.039984 -129.662064 -68.475235 146.535629 39.835133 -59.878704 -10.282653 21.46302 -0.503591 -0.159661 -3.259323 18.972137 9.827417 17.636703 -26.322762 52.411236 -19.466705 -14.395591 29.410433 -8e-06 -8.774841 -1.3e-05 15.730114 -18.458656 6.471019 -0.609778 -1.795657 -3.88933 -4.807088 -11.046824 -2.93786 2.8e-05 -20.976088 -2e-06 -5.019952 -25.033689 -4.031908 7e-06 -1e-06 1e-06 -10.634539 -5.686968 -3.565596 10.573302 -17.922997 -3.113904 2e-05 -13.821262 3e-06 -0.501736 -31.181717 -4.027024 -11.374475 -59.370319 7.467825 -13.98272 -7.150197 -2.875055 13.772747 -8.401521 -3.218237 0.347781 -34.211693 0.771654 -0.963017 -17.733482 2.621055 -1e-06 -0.0 1e-06 -17.346418 -20.095226 -4.201802 21.757584 -1.6384 3.866451 9e-06 -6.338848 1e-06 -1.697553 -22.591883 -6.19405 -0.0 -2e-06 -5e-06 56.573235 -72.944122 137.917023 33.560867 -65.911255 -2.73909 28.192812 -0.254798 0.056912 1.603849 12.983415 17.688385 22.182129 -20.375904 49.933228 -16.701767 -16.743481 28.47645 -2e-05 -12.690567 -1e-05 15.496646 -17.739342 2.690862 -0.105919 -1.513851 -4.275872 -5.039022 -5.61285 -2.953552 2.1e-05 -11.020505 4e-06 -6.111251 -15.895302 -3.840462 0.0 -0.0 -2e-06 -10.283352 -5.680267 -4.341837 11.028278 -11.302393 -2.372614 -1.384247 -14.238543 -6.320105 -0.625408 -26.92417 -3.827554 -4.03474 -49.319897 -3.741434 -13.708495 -7.363447 -3.720944 18.141113 -14.052734 -3.242646 2.9e-05 -18.787245 2.1e-05 -0.429701 -8.456047 2.555517 1e-06 1e-06 1e-06 -15.92349 -20.094425 -5.473587 30.419128 -7.190848 1.735937 1.4e-05 -8.162916 1.1e-05 -1.861869 -22.86145 -6.167897 -0.0 -6e-06 -0.0 -175.147232 -2.379252 -10.797179 5.465783 0.01063 0.251462 -78.386139 -1.250396 -5.582447 -4.111809 1.508479 2.18759 -1.0 0.0 0.0 5.688781 -2.99698 -3.937545 5.63775 -0.039163 0.171547 -79.739235 0.305167 -6.469212 -4.089106 0.609349 1.686348 -1.000003 0.0 0.0 
0.0 0.0 0.0 0.0 -0.0 0.0 -0.300628 99.866943 -0.198691 89.853348 1.011689 92.636391 -1.68766 1.130046 0.023086 -11.270347 -0.214794 -0.288468 15.739876 -1.467745 -2.294832 24.96806 1.242727 2.444301 -2.66714 -0.696512 -1.06311 -33.403133 -0.852158 -1.371521 7e-06 -0.0 0.0 0.040529 0.015184 0.03951 0.066228 0.006666 0.038417 0.084052 0.019877 0.048753 -129.682434 -68.47625 146.550797 39.749565 -59.850872 -10.221601 21.516567 -0.499238 -0.164894 -3.221759 18.944744 9.82192 17.636658 -26.322748 52.411121 -19.466749 -14.395656 29.410419 -3e-06 -8.774869 -2e-06 15.761121 -18.461601 6.461077 -0.609775 -1.79566 -3.889328 -4.807104 -11.046854 -2.937845 8e-06 -20.976151 6e-06 -5.02001 -25.033777 -4.031884 7e-06 0.0 -0.0 -10.634557 -5.686983 -3.565575 10.573318 -17.923033 -3.113914 5e-06 -13.821301 2e-06 -0.501781 -31.181818 -4.027034 -11.385624 -59.397045 7.465346 -13.982747 -7.150214 -2.875023 13.772786 -8.401529 -3.218255 0.347743 -34.211811 0.771655 -0.963028 -17.733549 2.621038 1e-06 0.0 -0.0 -17.34647 -20.095276 -4.201752 21.757647 -1.638382 3.866422 1e-06 -6.338867 -2e-06 -1.697596 -22.591974 -6.194047 -0.0 0.0 -3e-06 56.653454 -73.004402 137.78981 33.552067 -65.831879 -2.797534 28.25676 -0.283592 0.052129 1.601914 13.010722 17.770981 22.182127 -20.37583 49.933182 -16.701845 -16.743553 28.47648 -1e-06 -12.690634 1e-06 15.49227 -17.743595 2.699547 -0.105915 -1.513858 -4.275878 -5.039048 -5.612881 -2.953546 4e-06 -11.020553 -3e-06 -6.111321 -15.895403 -3.840466 -0.0 1e-06 -3e-06 -10.283385 -5.6803 -4.341826 11.028315 -11.302423 -2.372641 -1.384275 -14.238622 -6.320119 -0.625436 -26.924314 -3.82761 -4.052905 -49.328705 -3.720472 -13.708546 -7.363485 -3.720921 18.141188 -14.052764 -3.242686 1.2e-05 -18.787331 -1.6e-05 -0.429703 -8.456086 2.555499 -2e-06 2e-06 1e-06 -15.923572 -20.094519 -5.473557 30.419287 -7.190835 1.735924 5e-06 -8.162947 -1.2e-05 -1.861886 -22.861582 -6.167994 -0.0 -0.0 -2e-06 -175.152527 -2.366687 -10.765109 5.467991 0.009312 0.251808 -78.372772 -1.241122 -5.573134 -4.103173 1.520047 2.190909 -1.0 0.0 -0.0 5.70092 -3.004023 -3.960056 5.63856 -0.043007 0.166236 -79.767769 0.290273 -6.478535 -4.079361 0.607642 1.686319 -1.000004 0.0 0.0 
0.0 0.0 0.0 0.0 -0.0 0.0 -0.309662 99.864975 -0.185779 89.873024 1.007209 92.690094 -1.686921 1.134686 0.029643 -11.272785 -0.21118 -0.272892 15.724684 -1.470375 -2.28343 24.878305 1.182392 2.442882 -2.671747 -0.688801 -1.07575 -33.388737 -0.870378 -1.375136 6e-06 -0.0 0.0 0.039292 0.014964 0.043479 0.064097 0.007734 0.043044 0.079513 0.018666 0.052426 -129.696121 -68.486084 146.584641 39.707916 -59.830894 -10.222718 21.54516 -0.492772 -0.169527 -3.188484 18.922333 9.849483 17.636547 -26.322624 52.411034 -19.466574 -14.395578 29.410299 6e-06 -8.774801 -0.0 15.804113 -18.463387 6.441688 -0.609774 -1.795648 -3.889316 -4.807084 -11.046768 -2.937836 -7e-06 -20.975941 -1e-06 -5.019963 -25.033499 -4.031887 5e-06 -3e-06 3e-06 -10.634513 -5.686958 -3.565573 10.573232 -17.922869 -3.113889 -7e-06 -13.821155 -1e-06 -0.501789 -31.181412 -4.027015 -11.383449 -59.41061 7.454808 -13.982685 -7.15018 -2.875027 13.772689 -8.401444 -3.218233 0.347706 -34.211403 0.771656 -0.963038 -17.733322 2.621013 2e-06 1e-06 -1e-06 -17.346394 -20.095152 -4.201757 21.757507 -1.638353 3.86641 -4e-06 -6.338801 1e-06 -1.697593 -22.591688 -6.193999 0.0 -2e-06 -1e-06 56.762897 -73.038986 137.660202 33.503319 -65.741005 -2.815057 28.296 -0.307283 0.04323 1.57157 13.001495 17.873783 22.182076 -20.375811 49.933132 -16.701674 -16.743475 28.476358 1.7e-05 -12.690557 -9e-06 15.476483 -17.751152 2.718821 -0.105923 -1.513847 -4.275861 -5.039032 -5.612847 -2.953538 -1e-05 -11.02047 8e-06 -6.111301 -15.895273 -3.840451 0.0 1e-06 -1e-06 -10.283351 -5.680272 -4.341818 11.028239 -11.30233 -2.372603 -1.38429 -14.238497 -6.320084 -0.625475 -26.92404 -3.827571 -4.066336 -49.339226 -3.686586 -13.708501 -7.363459 -3.720919 18.141068 -14.052646 -3.242629 -1.9e-05 -18.78718 1.6e-05 -0.429717 -8.456016 2.555501 -0.0 1e-06 0.0 -15.923522 -20.094402 -5.473548 30.419102 -7.190759 1.735959 -6e-06 -8.162887 7e-06 -1.86193 -22.86137 -6.167903 0.0 -1e-06 0.0 -175.158264 -2.350027 -10.711085 5.469068 0.010323 0.246732 -78.354095 -1.246089 -5.570338 -4.106066 1.52128 2.190173 -0.999997 0.0 0.0 5.719196 -3.015301 -3.9605 5.633993 -0.047087 0.155084 -79.794838 0.253235 -6.489549 -4.078916 0.608637 1.687209 -1.000003 0.0 -0.0 
0.0 0.0 0.0 0.0 -0.0 0.0 -0.316331 99.85891 -0.174348 89.893166 1.003425 92.759361 -1.686351 1.137563 0.03688 -11.275843 -0.204267 -0.262381 15.714235 -1.473552 -2.286434 24.783449 1.144838 2.43891 -2.676875 -0.680225 -1.088813 -33.383053 -0.881919 -1.363868 6e-06 -0.0 0.0 0.036631 0.013304 0.04042 0.068161 0.007702 0.041342 0.081244 0.01566 0.048069 -129.711441 -68.500626 146.615921 39.670177 -59.830807 -10.206649 21.557755 -0.484772 -0.164475 -3.140467 18.945713 9.824537 17.636665 -26.322824 52.411289 -19.466736 -14.395594 29.410488 -1.5e-05 -8.774835 -5e-06 15.834824 -18.456144 6.422912 -0.609776 -1.795657 -3.889331 -4.80708 -11.046846 -2.937862 2.9e-05 -20.976152 4e-06 -5.019951 -25.033781 -4.031889 6e-06 1e-06 0.0 -10.63453 -5.686974 -3.565599 10.5733 -17.923033 -3.113908 2e-05 -13.8213 6e-06 -0.501726 -31.181835 -4.027026 -11.392624 -59.406788 7.45529 -13.982708 -7.150201 -2.875055 13.772741 -8.401542 -3.218247 0.347776 -34.211811 0.77167 -0.963025 -17.733555 2.621067 1e-06 3e-06 -0.0 -17.346395 -20.095243 -4.2018 21.757563 -1.638403 3.866436 9e-06 -6.338866 1e-06 -1.69754 -22.591978 -6.19405 -0.0 -1e-06 -5e-06 56.872932 -73.064461 137.549728 33.429153 -65.662178 -2.749579 28.295921 -0.299283 0.03085 1.533997 12.967957 17.96821 22.182074 -20.375847 49.933159 -16.701769 -16.743467 28.476427 -2.5e-05 -12.690549 -4e-06 15.464011 -17.763903 2.736729 -0.105919 -1.513851 -4.275867 -5.039015 -5.612846 -2.953548 2.5e-05 -11.02049 -3e-06 -6.111237 -15.895281 -3.840458 -0.0 0.0 -2e-06 -10.283338 -5.680264 -4.341829 11.028269 -11.302382 -2.372624 -1.384239 -14.23853 -6.3201 -0.62539 -26.924131 -3.827567 -4.073297 -49.357903 -3.670727 -13.70848 -7.36344 -3.720936 18.141104 -14.052721 -3.24266 3.3e-05 -18.787222 8e-06 -0.429697 -8.456038 2.555511 -0.0 0.0 1e-06 -15.923466 -20.094412 -5.473578 30.419109 -7.190844 1.735919 1.5e-05 -8.162904 4e-06 -1.861853 -22.861425 -6.167905 -1e-06 -2e-06 -1e-06 -175.165161 -2.332342 -10.668893 5.470529 0.010276 0.244049 -78.336121 -1.226547 -5.56788 -4.122337 1.52245 2.188282 -1.000002 0.0 0.0 5.743895 -3.028529 -3.935227 5.625691 -0.047321 0.140417 -79.828873 0.19908 -6.529379 -4.091536 0.612576 1.688641 -1.000001 -0.0 0.0 
0.0 0.0 0.0 0.0 -0.0 0.0 -0.31955 99.850708 -0.167641 89.9049 0.997904 92.824303 -1.680507 1.143463 0.045222 -11.280979 -0.198915 -0.258894 15.701097 -1.47016 -2.304391 24.698647 1.133667 2.443374 -2.677545 -0.676667 -1.097978 -33.382084 -0.889277 -1.341036 6e-06 -0.0 -0.0 0.035653 0.011213 0.032044 0.074448 0.007639 0.033165 0.087048 0.011688 0.039329 -129.735046 -68.509377 146.633698 39.603561 -59.848053 -10.149724 21.558699 -0.483895 -0.158273 -3.083486 18.999596 9.812516 17.636656 -26.322721 52.411205 -19.466722 -14.395555 29.410437 -1.7e-05 -8.774816 -9e-06 15.865305 -18.454666 6.403096 -0.609774 -1.795656 -3.889329 -4.807067 -11.046821 -2.93787 5.3e-05 -20.976068 -2.7e-05 -5.019885 -25.033649 -4.031915 6e-06 -1e-06 1e-06 -10.634517 -5.686967 -3.565601 10.573292 -17.922993 -3.113921 3.5e-05 -13.821239 -1.1e-05 -0.501667 -31.181637 -4.027048 -11.402449 -59.396069 7.454159 -13.982691 -7.15019 -2.87506 13.772726 -8.401525 -3.218246 0.347824 -34.211643 0.77161 -0.962991 -17.733446 2.621037 -1e-06 2e-06 -0.0 -17.346369 -20.095221 -4.201814 21.75753 -1.638408 3.866432 1.4e-05 -6.338835 -4e-06 -1.697508 -22.591822 -6.194066 -0.0 -4e-06 -3e-06 56.928886 -73.089394 137.526367 33.390633 -65.58876 -2.665167 28.252035 -0.253641 0.029486 1.486434 12.946902 17.954102 22.182133 -20.375933 49.933376 -16.701885 -16.743492 28.476597 -4.3e-05 -12.690584 1e-06 15.469152 -17.772509 2.741525 -0.105918 -1.51386 -4.275886 -5.039023 -5.612871 -2.953572 3.5e-05 -11.020557 -1.3e-05 -6.111233 -15.895401 -3.840505 0.0 -1e-06 -0.0 -10.283354 -5.680276 -4.341857 11.028309 -11.302451 -2.372641 -1.384217 -14.238617 -6.320153 -0.62534 -26.924341 -3.82762 -4.085608 -49.384884 -3.658663 -13.708498 -7.363457 -3.720959 18.141163 -14.052804 -3.242692 6.4e-05 -18.787331 -6e-06 -0.429691 -8.456092 2.555528 1e-06 -1e-06 -2e-06 -15.923471 -20.094473 -5.473624 30.41917 -7.190907 1.735908 2.6e-05 -8.162951 -1e-06 -1.861807 -22.861582 -6.167962 -0.0 -5e-06 0.0 -175.170181 -2.323735 -10.645026 5.469007 0.010493 0.245115 -78.324135 -1.186682 -5.563894 -4.138028 1.52407 2.186255 -0.999997 0.0 0.0 5.765195 -3.03353 -3.904395 5.61497 -0.044919 0.135637 -79.867828 0.128039 -6.579107 -4.09834 0.618452 1.69041 -1.000001 -0.0 0.0 
0.0 0.0 0.0 0.0 -0.0 0.0 -0.3174 99.842712 -0.169777 89.909409 0.989283 92.863831 -1.678156 1.152754 0.053489 -11.287271 -0.192305 -0.260465 15.699352 -1.464169 -2.317539 24.614992 1.140856 2.45483 -2.6722 -0.680925 -1.089495 -33.388317 -0.893479 -1.324152 6e-06 -0.0 0.0 0.034356 0.009419 0.022002 0.083443 0.008544 0.023971 0.096217 0.007318 0.028204 -129.747009 -68.511475 146.630737 39.514023 -59.874805 -10.037636 21.575489 -0.472914 -0.148773 -3.039713 19.051992 9.784968 17.636536 -26.322662 52.411186 -19.466484 -14.395598 29.410328 2.8e-05 -8.774813 -1e-06 15.882505 -18.459366 6.388679 -0.60978 -1.795643 -3.88932 -4.807112 -11.046747 -2.937834 -5.5e-05 -20.975874 1.4e-05 -5.020019 -25.033424 -4.031914 7e-06 -1e-06 0.0 -10.634529 -5.686962 -3.565577 10.573201 -17.922806 -3.113866 -3.8e-05 -13.821123 1e-05 -0.501867 -31.181334 -4.027022 -11.411515 -59.382996 7.448149 -13.982706 -7.150187 -2.875028 13.772686 -8.4014 -3.218226 0.347607 -34.211319 0.77171 -0.96309 -17.733286 2.621021 1e-06 1e-06 -1e-06 -17.346441 -20.095139 -4.201758 21.757532 -1.638315 3.866431 -1.9e-05 -6.338784 1.1e-05 -1.697666 -22.591618 -6.193998 -1e-06 -2e-06 -2e-06 56.917145 -73.106918 137.574112 33.342358 -65.524719 -2.628842 28.187338 -0.227077 0.036421 1.440152 12.934218 17.883289 22.182072 -20.375811 49.933208 -16.701637 -16.743484 28.476377 3.6e-05 -12.690569 -1.3e-05 15.477635 -17.779341 2.725648 -0.105925 -1.513844 -4.275867 -5.039047 -5.612848 -2.953544 -2.5e-05 -11.020454 5e-06 -6.111326 -15.895261 -3.84047 -0.0 1e-06 -1e-06 -10.283361 -5.680282 -4.341825 11.028228 -11.3023 -2.372602 -1.384312 -14.238486 -6.320097 -0.625498 -26.923998 -3.827606 -4.095873 -49.376389 -3.675193 -13.708515 -7.363472 -3.720924 18.141056 -14.052604 -3.242624 -5.1e-05 -18.787153 1.3e-05 -0.429731 -8.456001 2.555502 -0.0 2e-06 -5e-06 -15.923553 -20.094418 -5.473557 30.419111 -7.19071 1.735976 -1.7e-05 -8.162874 7e-06 -1.861959 -22.861343 -6.16793 -1e-06 -2e-06 -0.0 -175.175461 -2.321945 -10.637658 5.466696 0.010349 0.245519 -78.317757 -1.15422 -5.567365 -4.14355 1.525357 2.185414 -1.000003 0.0 -0.0 5.769684 -3.034352 -3.886048 5.610855 -0.04098 0.138047 -79.895096 0.064877 -6.622675 -4.091901 0.617806 1.691205 -1.000001 -0.0 -0.0 
0.0 0.0 0.0 0.0 -0.0 0.0 -0.314575 99.835533 -0.171289 89.913254 0.980129 92.888718 -1.674483 1.159973 0.055166 -11.287798 -0.184488 -0.268496 15.696445 -1.460445 -2.317215 24.526443 1.158752 2.46608 -2.664119 -0.693976 -1.06134 -33.39975 -0.896756 -1.318988 6e-06 -0.0 0.0 0.034231 0.008598 0.014071 0.090065 0.008594 0.016454 0.104629 0.005691 0.019689 -129.789276 -68.507248 146.650238 39.388702 -59.908443 -9.887129 21.606712 -0.446491 -0.14216 -3.020864 19.085697 9.736298 17.636616 -26.322746 52.41132 -19.466627 -14.395624 29.41044 1.5e-05 -8.774841 -2e-06 15.892083 -18.466864 6.382688 -0.609781 -1.795652 -3.889332 -4.807115 -11.046806 -2.93785 -2.5e-05 -20.976006 -1e-06 -5.020005 -25.03359 -4.031931 6e-06 -0.0 -1e-06 -10.634557 -5.686981 -3.565591 10.573261 -17.922915 -3.113896 -1.6e-05 -13.821201 3e-06 -0.501807 -31.181541 -4.02705 -11.401731 -59.382778 7.442876 -13.982744 -7.150213 -2.875044 13.772739 -8.401464 -3.218241 0.347677 -34.211552 0.77167 -0.963058 -17.733398 2.621025 -1e-06 1e-06 0.0 -17.346474 -20.095226 -4.201783 21.757599 -1.638346 3.866442 -1e-05 -6.338821 3e-06 -1.697621 -22.591778 -6.194047 -1e-06 -1e-06 -2e-06 56.867851 -73.112244 137.661942 33.27055 -65.488213 -2.639185 28.115637 -0.221943 0.044109 1.412003 12.937789 17.78236 22.182154 -20.375916 49.933388 -16.701809 -16.743591 28.476564 1.7e-05 -12.690655 1e-06 15.491218 -17.783461 2.699811 -0.105921 -1.513858 -4.275887 -5.039066 -5.612886 -2.953557 -1.3e-05 -11.020555 2e-06 -6.111361 -15.895421 -3.840486 0.0 0.0 -0.0 -10.283401 -5.680308 -4.341838 11.028312 -11.302404 -2.372632 -1.384296 -14.23862 -6.320138 -0.62547 -26.924318 -3.82763 -4.088564 -49.349205 -3.70575 -13.708568 -7.363503 -3.720933 18.141182 -14.052732 -3.242673 -2.7e-05 -18.787327 -1e-06 -0.429726 -8.456088 2.555515 2e-06 2e-06 -0.0 -15.92361 -20.094528 -5.473572 30.419304 -7.190793 1.735948 -8e-06 -8.162946 -0.0 -1.861939 -22.861584 -6.167988 -2e-06 -1e-06 2e-06 -175.182953 -2.317929 -10.62004 5.468655 0.011653 0.243869 -78.306885 -1.147943 -5.573021 -4.134873 1.523513 2.185823 -1.000004 -1e-06 -0.0 5.763488 -3.034123 -3.89709 5.613576 -0.03838 0.14668 -79.912941 0.031958 -6.640453 -4.076056 0.613289 1.690919 -1.000009 0.0 0.0 
0.0 0.0 0.0 0.0 -0.0 0.0 -0.315021 99.830154 -0.163681 89.916367 0.966147 92.895447 -1.671285 1.162781 0.052366 -11.285271 -0.178773 -0.271567 15.697056 -1.454684 -2.310927 24.435488 1.178186 2.468883 -2.655538 -0.705274 -1.013328 -33.422043 -0.898519 -1.323256 6e-06 -0.0 0.0 0.035459 0.009056 0.015437 0.091836 0.00963 0.01652 0.109922 0.005524 0.022083 -129.830963 -68.505371 146.687515 39.293381 -59.925758 -9.791969 21.651276 -0.435634 -0.143689 -3.022621 19.100847 9.688878 17.636597 -26.322638 52.411057 -19.466692 -14.395568 29.410368 -9e-06 -8.774817 -2e-06 15.8937 -18.477585 6.393184 -0.609775 -1.795656 -3.889321 -4.807075 -11.046812 -2.937855 3.1e-05 -20.97604 -2.6e-05 -5.019924 -25.033632 -4.031905 6e-06 2e-06 1e-06 -10.634511 -5.686967 -3.565581 10.573276 -17.922958 -3.113918 2e-05 -13.821225 -1.3e-05 -0.501708 -31.181623 -4.027049 -11.403479 -59.404804 7.473248 -13.982686 -7.150191 -2.875038 13.772717 -8.401503 -3.218247 0.347793 -34.211601 0.771607 -0.963 -17.733431 2.621019 0.0 -0.0 -0.0 -17.346375 -20.095205 -4.201782 21.757523 -1.638385 3.866414 8e-06 -6.338829 -6e-06 -1.697538 -22.591814 -6.194046 -0.0 -5e-06 -3e-06 56.780468 -73.095299 137.775238 33.154423 -65.470428 -2.615725 28.054495 -0.234045 0.047962 1.391479 12.934215 17.760527 22.182047 -20.375811 49.93317 -16.701775 -16.743471 28.476442 -7e-06 -12.690558 0.0 15.497221 -17.783352 2.687632 -0.10592 -1.513856 -4.275869 -5.039023 -5.612859 -2.953551 7e-06 -11.020503 -7e-06 -6.111268 -15.895322 -3.840473 -0.0 1e-06 -1e-06 -10.283342 -5.680278 -4.341825 11.028256 -11.302376 -2.372631 -1.384257 -14.23855 -6.320118 -0.625411 -26.92416 -3.827619 -4.075629 -49.328861 -3.724192 -13.708485 -7.363459 -3.72093 18.141092 -14.0527 -3.242672 1.1e-05 -18.787222 -1.1e-05 -0.429708 -8.456032 2.555498 2e-06 -1e-06 -1e-06 -15.923485 -20.094439 -5.473572 30.419115 -7.190805 1.73592 6e-06 -8.162904 -7e-06 -1.861875 -22.861427 -6.167951 1e-06 -4e-06 -0.0 -175.19426 -2.315111 -10.609522 5.473301 0.012101 0.241508 -78.309959 -1.133053 -5.585952 -4.133288 1.517262 2.185641 -0.999998 0.0 0.0 5.751191 -3.034977 -3.936595 5.61599 -0.037267 0.15492 -79.920052 0.054965 -6.627228 -4.048325 0.605598 1.689386 -1.0 -0.0 0.0 
0.0 0.0 0.0 0.0 -0.0 0.0 -0.314231 99.827072 -0.145368 89.916344 0.949882 92.894417 -1.669021 1.1652 0.047323 -11.286394 -0.177176 -0.267422 15.710106 -1.44966 -2.313021 24.342588 1.194988 2.468365 -2.646526 -0.701765 -0.976133 -33.465588 -0.898026 -1.310215 6e-06 -0.0 -0.0 0.037228 0.009882 0.019101 0.091503 0.011687 0.018771 0.112858 0.005032 0.026823 -129.844254 -68.515907 146.726883 39.271004 -59.929897 -9.807377 21.697981 -0.450738 -0.148952 -3.042427 19.124636 9.640543 17.636656 -26.322832 52.411404 -19.466682 -14.395756 29.410524 3.1e-05 -8.774916 3e-06 15.887362 -18.478201 6.411305 -0.60978 -1.795656 -3.889341 -4.807162 -11.046849 -2.937842 -6.2e-05 -20.976095 1.9e-05 -5.020113 -25.033724 -4.031938 6e-06 -2e-06 0.0 -10.634617 -5.687008 -3.565575 10.573311 -17.922962 -3.113902 -4.2e-05 -13.821259 8e-06 -0.501891 -31.1817 -4.027061 -11.415281 -59.441326 7.524404 -13.982829 -7.15025 -2.87502 13.772828 -8.401473 -3.21826 0.34761 -34.211727 0.771706 -0.963094 -17.733501 2.621033 2e-06 -2e-06 0.0 -17.346611 -20.095306 -4.201741 21.757765 -1.638324 3.866445 -2.1e-05 -6.338851 6e-06 -1.697707 -22.591906 -6.194058 -0.0 -2e-06 -3e-06 56.699173 -73.062332 137.863113 33.013935 -65.477386 -2.549031 28.008904 -0.270727 0.038763 1.388208 12.923861 17.835114 22.182186 -20.375912 49.933403 -16.701801 -16.743692 28.476582 5.7e-05 -12.690732 7e-06 15.494363 -17.785429 2.687238 -0.105919 -1.513856 -4.27589 -5.039104 -5.612908 -2.953547 -4.9e-05 -11.020572 9e-06 -6.111455 -15.895468 -3.840482 -0.0 1e-06 0.0 -10.283451 -5.68034 -4.341822 11.028334 -11.302392 -2.372637 -1.384357 -14.238647 -6.320137 -0.62556 -26.924343 -3.827654 -4.061544 -49.306232 -3.742895 -13.708635 -7.363545 -3.720908 18.141237 -14.052709 -3.24268 -8.3e-05 -18.787357 -6e-06 -0.429745 -8.456096 2.555503 1e-06 1e-06 -1e-06 -15.923734 -20.094604 -5.473526 30.419468 -7.190729 1.735967 -3.1e-05 -8.162961 -5e-06 -1.862034 -22.861645 -6.168032 -1e-06 -1e-06 1e-06 -175.211746 -2.316395 -10.599429 5.480149 0.010194 0.234914 -78.300743 -1.123128 -5.598082 -4.142906 1.513515 2.185879 -1.000001 1e-06 0.0 5.737151 -3.032598 -3.974042 5.618426 -0.03884 0.155892 -79.919006 0.11409 -6.587892 -4.033237 0.60089 1.688375 -1.000001 -0.0 -0.0 
0.0 0.0 0.0 0.0 -0.0 0.0 -0.308854 99.825714 -0.120154 89.916153 0.934679 92.899918 -1.665414 1.167652 0.036709 -11.29059 -0.178403 -0.257201 15.729755 -1.440195 -2.319567 24.263693 1.198527 2.460611 -2.644225 -0.682161 -0.953986 -33.515419 -0.900956 -1.281469 6e-06 -0.0 0.0 0.037407 0.01155 0.027061 0.089411 0.013749 0.025665 0.113068 0.006285 0.035785 -129.866135 -68.522156 146.773087 39.260326 -59.940128 -9.815783 21.73208 -0.463685 -0.149667 -3.068263 19.141392 9.583942 17.636633 -26.322771 52.411259 -19.466721 -14.395708 29.41048 1.8e-05 -8.774898 1e-06 15.889047 -18.478521 6.426648 -0.609778 -1.795658 -3.889336 -4.80714 -11.046861 -2.937844 -3.7e-05 -20.976128 4e-06 -5.02007 -25.033766 -4.031927 6e-06 -2e-06 -0.0 -10.63459 -5.687004 -3.565575 10.573308 -17.922995 -3.113911 -2.6e-05 -13.82128 -2e-06 -0.501839 -31.181782 -4.02707 -11.42413 -59.469128 7.557971 -13.98279 -7.150239 -2.875019 13.772803 -8.401493 -3.218264 0.347664 -34.211754 0.77166 -0.963059 -17.733519 2.621018 1e-06 1e-06 -2e-06 -17.346552 -20.095301 -4.20174 21.757708 -1.638339 3.866431 -1.3e-05 -6.338858 -1e-06 -1.697656 -22.591944 -6.194066 -0.0 -2e-06 -2e-06 56.676582 -73.02562 137.893906 32.909912 -65.515526 -2.501122 27.965944 -0.313105 0.026492 1.396903 12.909863 17.956217 22.182165 -20.375887 49.933353 -16.701796 -16.743628 28.476545 3.5e-05 -12.690682 -1e-06 15.491179 -17.780495 2.689568 -0.105922 -1.513856 -4.275885 -5.039079 -5.612891 -2.95355 -2.3e-05 -11.020547 3e-06 -6.111385 -15.89541 -3.840485 -0.0 0.0 -1e-06 -10.283427 -5.68032 -4.341827 11.028318 -11.302391 -2.372632 -1.384321 -14.238616 -6.320131 -0.625499 -26.924282 -3.827633 -4.055736 -49.29887 -3.749391 -13.708599 -7.363518 -3.720918 18.141205 -14.052707 -3.242676 -4.9e-05 -18.787315 -0.0 -0.429731 -8.456075 2.555506 2e-06 0.0 2e-06 -15.923669 -20.094553 -5.473545 30.419371 -7.190758 1.735957 -1.6e-05 -8.162943 -3e-06 -1.861972 -22.86157 -6.167999 1e-06 -2e-06 -2e-06 -175.22612 -2.317334 -10.606287 5.47286 0.008345 0.23333 -78.294571 -1.116711 -5.603585 -4.152089 1.508715 2.184887 -1.000004 0.0 -0.0 5.733339 -3.026323 -3.979711 5.609888 -0.040103 0.151978 -79.919518 0.147026 -6.554114 -4.029222 0.604428 1.689354 -1.000005 0.0 -0.0 
0.0 0.0 0.0 0.0 -0.0 0.0 -0.304476 99.824852 -0.099078 89.913239 0.915785 92.919182 -1.665684 1.175708 0.024456 -11.29235 -0.181809 -0.251785 15.743269 -1.435463 -2.335093 24.213985 1.198213 2.449682 -2.639897 -0.657001 -0.934473 -33.558323 -0.91427 -1.260625 6e-06 -0.0 -0.0 0.037697 0.012346 0.028425 0.091552 0.014458 0.027319 0.116623 0.007211 0.036838 -129.887558 -68.53743 146.801422 39.246998 -59.966084 -9.781069 21.733648 -0.462738 -0.147239 -3.102856 19.131788 9.490081 17.636593 -26.322676 52.411144 -19.466619 -14.395617 29.41036 1.4e-05 -8.774835 -1e-06 15.877789 -18.477015 6.435089 -0.609778 -1.795652 -3.889324 -4.807108 -11.046797 -2.937842 -2.3e-05 -20.975979 -4e-06 -5.020001 -25.033546 -4.031917 5e-06 2e-06 0.0 -10.634546 -5.686978 -3.565573 10.573256 -17.922907 -3.1139 -1.4e-05 -13.821188 -4e-06 -0.501796 -31.181494 -4.027048 -11.417672 -59.470978 7.559163 -13.98273 -7.150207 -2.875027 13.77273 -8.40146 -3.218241 0.347692 -34.211514 0.771647 -0.963042 -17.733385 2.621008 0.0 1e-06 -2e-06 -17.346462 -20.095217 -4.201757 21.757587 -1.638345 3.866426 -9e-06 -6.338816 1e-06 -1.697627 -22.591749 -6.194034 -1e-06 -1e-06 -1e-06 56.669552 -72.981956 137.898544 32.809799 -65.573601 -2.391224 27.92211 -0.32628 0.023387 1.399371 12.870605 18.052258 22.182102 -20.375864 49.933311 -16.701769 -16.743536 28.476511 1.4e-05 -12.690608 -2e-06 15.501692 -17.770657 2.681988 -0.105923 -1.513854 -4.275881 -5.039049 -5.612873 -2.953555 -1e-05 -11.020525 1e-06 -6.111324 -15.895373 -3.840489 0.0 0.0 -2e-06 -10.28338 -5.680296 -4.341834 11.028279 -11.30238 -2.372625 -1.384284 -14.23858 -6.320131 -0.62545 -26.924231 -3.827626 -4.041516 -49.293392 -3.764098 -13.708536 -7.363486 -3.720931 18.141134 -14.052703 -3.242666 -1.9e-05 -18.78727 -2e-06 -0.42972 -8.45606 2.555511 -0.0 4e-06 -2e-06 -15.923565 -20.094482 -5.473571 30.419207 -7.190786 1.735943 -5e-06 -8.162925 1e-06 -1.861916 -22.861515 -6.167968 1e-06 -5e-06 2e-06 -175.241867 -2.320999 -10.604972 5.466422 0.006546 0.229469 -78.293869 -1.112438 -5.602304 -4.143117 1.504564 2.183975 -1.0 0.0 -1e-06 5.724492 -3.015458 -3.994342 5.60414 -0.041259 0.148539 -79.917351 0.167151 -6.539715 -4.040399 0.61179 1.691314 -1.000003 0.0 -0.0 
0.0 0.0 0.0 0.0 -0.0 0.0 -0.30255 99.826195 -0.080297 89.905083 0.892062 92.930252 -1.673195 1.186314 0.016332 -11.291707 -0.190386 -0.260134 15.754453 -1.427672 -2.350742 24.185387 1.202102 2.449845 -2.63217 -0.636288 -0.931334 -33.596348 -0.936757 -1.235602 7e-06 -0.0 -0.0 0.039016 0.013077 0.025832 0.095546 0.014074 0.02524 0.12075 0.009184 0.03356 -129.896027 -68.562737 146.798355 39.236076 -60.02261 -9.753171 21.701017 -0.464731 -0.148974 -3.153873 19.119038 9.428059 17.636675 -26.322798 52.411278 -19.466825 -14.395701 29.410532 1e-06 -8.774903 3e-06 15.854481 -18.476597 6.442492 -0.609776 -1.795666 -3.889339 -4.807121 -11.046892 -2.937858 5e-06 -20.976225 -1.1e-05 -5.020026 -25.033897 -4.03193 5e-06 0.0 1e-06 -10.634586 -5.687004 -3.565581 10.57335 -17.923077 -3.113937 3e-06 -13.821341 -1.1e-05 -0.501762 -31.181946 -4.027085 -11.405664 -59.453854 7.538001 -13.982787 -7.15024 -2.87503 13.772828 -8.40155 -3.218276 0.347744 -34.211929 0.771631 -0.963028 -17.733606 2.621032 -0.0 1e-06 1e-06 -17.346527 -20.095335 -4.201759 21.757717 -1.638376 3.866429 -1e-06 -6.338882 -6e-06 -1.697602 -22.592049 -6.194099 -1e-06 -1e-06 -4e-06 56.684597 -72.944016 137.873306 32.726791 -65.654724 -2.286918 27.878893 -0.32533 0.025801 1.401936 12.811175 18.213202 22.182199 -20.375927 49.933453 -16.701982 -16.743637 28.476692 -1e-05 -12.690708 6e-06 15.52004 -17.766985 2.674815 -0.105916 -1.513869 -4.2759 -5.039071 -5.612916 -2.953568 1e-05 -11.020634 -1.5e-05 -6.111345 -15.895542 -3.840513 -0.0 0.0 -0.0 -10.283426 -5.680328 -4.341844 11.028378 -11.302494 -2.372666 -1.384271 -14.238729 -6.320177 -0.625403 -26.924562 -3.827679 -4.043469 -49.293571 -3.764522 -13.7086 -7.363523 -3.720938 18.141293 -14.05285 -3.24273 2.8e-05 -18.787457 -3.4e-05 -0.429701 -8.456146 2.555515 -0.0 3e-06 1e-06 -15.923635 -20.09462 -5.473589 30.419439 -7.190877 1.735914 9e-06 -8.162998 -1.7e-05 -1.861878 -22.861757 -6.16806 1e-06 -4e-06 -1e-06 -175.259323 -2.329904 -10.602364 5.462348 0.005669 0.229265 -78.305611 -1.105871 -5.605951 -4.131983 1.500951 2.182633 -0.999998 -0.0 0.0 5.704322 -3.001107 -4.009976 5.602762 -0.040548 0.144306 -79.909515 0.180278 -6.544358 -4.055773 0.614828 1.690942 -1.000003 0.0 -0.0 
0.0 0.0 0.0 0.0 -0.0 0.0 -0.306384 99.828697 -0.06386 89.89389 0.864337 92.927269 -1.684592 1.195138 0.010572 -11.293112 -0.198622 -0.279303 15.762458 -1.41419 -2.35609 24.181976 1.199306 2.45551 -2.619798 -0.624686 -0.939256 -33.630672 -0.959577 -1.217298 6e-06 -0.0 -0.0 0.042131 0.013936 0.024406 0.101807 0.013259 0.02416 0.126398 0.011866 0.031507 -129.930466 -68.588257 146.83049 39.239422 -60.072765 -9.770047 21.64756 -0.487762 -0.159916 -3.201574 19.131151 9.437564 17.636646 -26.322763 52.411205 -19.466738 -14.395645 29.410471 -3e-06 -8.774863 -3e-06 15.828933 -18.474174 6.453928 -0.609776 -1.795656 -3.889332 -4.807099 -11.04685 -2.937855 1.3e-05 -20.976133 -1e-06 -5.019984 -25.033758 -4.031908 6e-06 -2e-06 0.0 -10.63455 -5.686979 -3.565585 10.573312 -17.923019 -3.113917 6e-06 -13.821284 -3e-06 -0.501762 -31.181784 -4.02705 -11.376066 -59.444866 7.51058 -13.982737 -7.150209 -2.875037 13.772775 -8.401525 -3.218257 0.347749 -34.211773 0.771653 -0.963032 -17.733532 2.621047 1e-06 2e-06 -1e-06 -17.346449 -20.095259 -4.20177 21.757622 -1.638383 3.866428 3e-06 -6.338858 -1e-06 -1.697582 -22.59194 -6.194062 0.0 -3e-06 -5e-06 56.737953 -72.905922 137.801666 32.63298 -65.755859 -2.185261 27.855511 -0.322794 0.028095 1.409697 12.752604 18.376337 22.182106 -20.375828 49.933224 -16.701883 -16.74354 28.476545 -1.2e-05 -12.690629 6e-06 15.544389 -17.762671 2.671499 -0.105917 -1.513861 -4.275876 -5.039043 -5.612888 -2.953553 1.3e-05 -11.020572 -1.3e-05 -6.111293 -15.89544 -3.840492 0.0 -0.0 -2e-06 -10.283373 -5.680297 -4.341827 11.028316 -11.302438 -2.372648 -1.384257 -14.238645 -6.320145 -0.625396 -26.924387 -3.827643 -4.049738 -49.286018 -3.756751 -13.708529 -7.363483 -3.720922 18.141193 -14.052787 -3.242704 2.9e-05 -18.787352 -2.7e-05 -0.429698 -8.456101 2.555506 1e-06 -2e-06 2e-06 -15.923545 -20.094517 -5.47357 30.419262 -7.190851 1.735911 1.2e-05 -8.162953 -1.3e-05 -1.861862 -22.861612 -6.168014 0.0 -2e-06 -2e-06 -175.282364 -2.343611 -10.59566 5.465321 0.005581 0.236504 -78.320312 -1.112992 -5.630821 -4.133773 1.495899 2.180038 -0.999993 -0.0 -0.0 5.673989 -2.989782 -4.024093 5.608885 -0.037492 0.144872 -79.898277 0.195269 -6.550268 -4.083641 0.617298 1.689885 -1.000003 0.0 0.0 
0.0 0.0 0.0 0.0 -0.0 0.0 -0.313344 99.829796 -0.049524 89.885986 0.834754 92.902878 -1.688161 1.199937 0.013468 -11.295171 -0.201638 -0.301421 15.766128 -1.406135 -2.364691 24.183096 1.1957 2.463993 -2.608446 -0.62722 -0.944501 -33.663757 -0.969736 -1.202851 5e-06 0.0 -0.0 0.045073 0.013596 0.023019 0.104167 0.011419 0.02216 0.128147 0.013187 0.030549 -129.998001 -68.603889 146.90593 39.277325 -60.104977 -9.843081 21.568504 -0.514888 -0.166751 -3.220483 19.159456 9.505996 17.636644 -26.322836 52.411324 -19.466803 -14.395672 29.41054 -1.4e-05 -8.774866 7e-06 15.827396 -18.470287 6.466777 -0.609772 -1.795663 -3.889339 -4.807091 -11.046864 -2.937863 3.3e-05 -20.976171 -4e-06 -5.019972 -25.033802 -4.03189 6e-06 2e-06 1e-06 -10.634553 -5.686983 -3.565591 10.573339 -17.923058 -3.113933 2e-05 -13.821303 1e-06 -0.501731 -31.181808 -4.027031 -11.349512 -59.464352 7.507528 -13.982741 -7.150212 -2.875041 13.77279 -8.401548 -3.218274 0.347785 -34.211819 0.771648 -0.96302 -17.73354 2.621054 2e-06 -2e-06 -1e-06 -17.346445 -20.095285 -4.201784 21.757637 -1.638402 3.866417 8e-06 -6.338866 -0.0 -1.697555 -22.591955 -6.194059 0.0 -3e-06 -2e-06 56.797249 -72.869209 137.741074 32.563587 -65.853813 -2.097131 27.844501 -0.318203 0.032458 1.436296 12.714954 18.543928 22.18219 -20.375946 49.933464 -16.701988 -16.743601 28.476692 -2.4e-05 -12.690684 3e-06 15.569422 -17.747974 2.669337 -0.105916 -1.51387 -4.275898 -5.039061 -5.612911 -2.953575 2e-05 -11.020636 -1.6e-05 -6.111321 -15.895542 -3.840512 0.0 -0.0 -3e-06 -10.283405 -5.680314 -4.341852 11.028364 -11.3025 -2.372664 -1.384252 -14.238722 -6.320177 -0.625378 -26.924559 -3.827671 -4.051573 -49.275093 -3.741351 -13.708571 -7.363509 -3.720949 18.141272 -14.052862 -3.242726 4.1e-05 -18.787453 -3.2e-05 -0.429695 -8.456147 2.555517 -0.0 -0.0 -0.0 -15.92358 -20.094593 -5.473607 30.419365 -7.190903 1.735906 1.7e-05 -8.162996 -1.9e-05 -1.861845 -22.861757 -6.168051 2e-06 -4e-06 -2e-06 -175.30275 -2.352077 -10.589863 5.466581 0.007263 0.250143 -78.338379 -1.129882 -5.666136 -4.136591 1.490137 2.177831 -1.000001 0.0 0.0 5.641321 -2.986387 -4.015353 5.614071 -0.033546 0.152238 -79.889755 0.202106 -6.563398 -4.109217 0.622472 1.690002 -1.000006 -0.0 0.0 
0.0 0.0 0.0 0.0 -0.0 0.0 -0.320915 99.827347 -0.028018 89.880859 0.808276 92.857887 -1.682494 1.20282 0.020083 -11.298593 -0.201054 -0.322247 15.766784 -1.4012 -2.372348 24.181503 1.194719 2.467714 -2.59897 -0.631306 -0.942333 -33.695724 -0.972161 -1.194573 6e-06 -0.0 -0.0 0.046562 0.0124 0.024615 0.103072 0.011827 0.022565 0.12698 0.010498 0.033128 -130.077789 -68.602982 146.990021 39.309063 -60.122421 -9.900161 21.485264 -0.536673 -0.161647 -3.242888 19.179237 9.536576 17.636616 -26.322763 52.411274 -19.466717 -14.395527 29.410458 -2.6e-05 -8.774791 -2e-06 15.837452 -18.464294 6.471625 -0.609775 -1.795656 -3.889332 -4.807047 -11.046816 -2.937874 6.2e-05 -20.976074 -2.2e-05 -5.019864 -25.033665 -4.031895 7e-06 1e-06 0.0 -10.63449 -5.686957 -3.565611 10.573277 -17.922995 -3.113918 4e-05 -13.821246 -5e-06 -0.501664 -31.181669 -4.027023 -11.331275 -59.488976 7.512548 -13.98265 -7.150177 -2.875072 13.772689 -8.401532 -3.218245 0.347833 -34.211655 0.771629 -0.962996 -17.733469 2.621053 -0.0 -1e-06 0.0 -17.346306 -20.095198 -4.201835 21.757462 -1.638418 3.866422 1.9e-05 -6.33884 -4e-06 -1.697484 -22.591848 -6.194048 -0.0 -3e-06 -3e-06 56.82518 -72.831764 137.729721 32.498966 -65.915428 -2.025334 27.858328 -0.3173 0.035354 1.452335 12.703906 18.696735 22.182093 -20.375952 49.933346 -16.701824 -16.743452 28.476543 -4.7e-05 -12.690543 -1e-06 15.602228 -17.728243 2.669652 -0.10592 -1.513853 -4.275876 -5.039005 -5.612849 -2.953564 4.1e-05 -11.02052 -5e-06 -6.111201 -15.895328 -3.840484 0.0 0.0 -1e-06 -10.283326 -5.680254 -4.341856 11.028275 -11.302419 -2.372627 -1.384208 -14.23856 -6.320125 -0.625344 -26.924217 -3.827579 -4.055355 -49.284092 -3.714372 -13.708459 -7.363431 -3.720966 18.141108 -14.052769 -3.242668 6.1e-05 -18.787262 1.1e-05 -0.429691 -8.456059 2.555527 2e-06 -1e-06 1e-06 -15.923416 -20.09441 -5.473627 30.419075 -7.190895 1.735905 2.8e-05 -8.162926 7e-06 -1.861809 -22.861483 -6.167906 2e-06 -5e-06 -1e-06 -175.318909 -2.355247 -10.590353 5.470971 0.010171 0.255659 -78.34462 -1.161396 -5.69244 -4.129841 1.488174 2.17746 -1.0 1e-06 1e-06 5.607318 -2.985734 -3.987548 5.622727 -0.033183 0.164978 -79.878708 0.203319 -6.574704 -4.125738 0.630985 1.692039 -0.999998 -0.0 0.0 
0.0 0.0 0.0 0.0 -0.0 0.0 -0.323573 99.82415 -0.000479 89.876671 0.780375 92.812714 -1.680665 1.20468 0.024456 -11.304049 -0.198725 -0.335604 15.771837 -1.393706 -2.381744 24.180124 1.196275 2.467646 -2.594765 -0.629672 -0.949508 -33.72887 -0.978888 -1.188431 5e-06 0.0 -0.0 0.046716 0.011597 0.030436 0.102299 0.014267 0.027788 0.125752 0.00654 0.039199 -130.138062 -68.590546 147.054352 39.33865 -60.130268 -9.941875 21.42312 -0.556239 -0.150929 -3.295003 19.174536 9.530078 17.636665 -26.322794 52.411304 -19.466833 -14.395701 29.410559 0.0 -8.774903 5e-06 15.83834 -18.449652 6.469732 -0.609775 -1.795665 -3.889343 -4.807124 -11.046897 -2.937864 3e-06 -20.976227 -1.7e-05 -5.020019 -25.033899 -4.031937 6e-06 3e-06 0.0 -10.634588 -5.687006 -3.565584 10.573345 -17.923077 -3.113943 2e-06 -13.82134 -1.2e-05 -0.501762 -31.181938 -4.027094 -11.331116 -59.490612 7.520344 -13.98279 -7.150246 -2.87503 13.772827 -8.401547 -3.218282 0.347749 -34.211937 0.771613 -0.963023 -17.733606 2.621025 1e-06 -2e-06 1e-06 -17.346533 -20.095346 -4.201763 21.757719 -1.638372 3.866428 0.0 -6.338884 -7e-06 -1.697596 -22.592058 -6.194106 -0.0 -1e-06 -3e-06 56.825012 -72.791397 137.732666 32.35746 -65.957481 -1.880965 27.906256 -0.324862 0.032749 1.452883 12.698449 18.804932 22.182228 -20.376019 49.933525 -16.701902 -16.743681 28.476692 1e-05 -12.690723 4e-06 15.623411 -17.715096 2.675151 -0.10592 -1.51386 -4.275903 -5.039086 -5.61291 -2.953566 -9e-06 -11.02062 1.1e-05 -6.111394 -15.895517 -3.840492 0.0 -0.0 -2e-06 -10.283438 -5.680324 -4.341847 11.028369 -11.302461 -2.372643 -1.3843 -14.238691 -6.320159 -0.625481 -26.924482 -3.827626 -4.06158 -49.302475 -3.694275 -13.708614 -7.363521 -3.72094 18.141281 -14.052805 -3.242694 -2.5e-05 -18.787432 1.5e-05 -0.429727 -8.456144 2.555539 -0.0 -2e-06 0.0 -15.923668 -20.094603 -5.473577 30.419451 -7.190841 1.735943 -7e-06 -8.162998 2e-06 -1.861954 -22.861755 -6.168006 2e-06 -6e-06 0.0 -175.337769 -2.357193 -10.6119 5.480041 0.009142 0.254385 -78.339294 -1.174886 -5.705703 -4.128399 1.48833 2.177597 -1.000002 1e-06 -0.0 5.574517 -2.987082 -3.957598 5.63061 -0.035027 0.176934 -79.860962 0.225492 -6.590342 -4.15161 0.634615 1.693618 -1.000003 0.0 -0.0 
0.0 0.0 0.0 0.0 -0.0 0.0 -0.321666 99.818192 0.026771 89.874687 0.75729 92.787376 -1.680263 1.202129 0.022572 -11.310133 -0.19828 -0.355575 15.77986 -1.388188 -2.395368 24.185684 1.201958 2.460262 -2.601103 -0.627148 -0.957177 -33.747429 -0.991695 -1.176415 6e-06 -0.0 -0.0 0.043061 0.012097 0.039333 0.096513 0.016996 0.0356 0.120163 0.004801 0.048859 -130.154358 -68.585785 147.07637 39.383816 -60.145752 -9.933747 21.360653 -0.551672 -0.13583 -3.367166 19.157446 9.50736 17.636513 -26.322506 52.410774 -19.466486 -14.395477 29.410118 -1.3e-05 -8.774733 -4e-06 15.840487 -18.444723 6.465637 -0.60977 -1.795641 -3.8893 -4.80703 -11.046692 -2.937826 3.6e-05 -20.975767 -1e-06 -5.019872 -25.033215 -4.031828 8e-06 -2e-06 0.0 -10.634443 -5.686914 -3.565567 10.573191 -17.922781 -3.11387 2.4e-05 -13.821047 6e-06 -0.501733 -31.181074 -4.026934 -11.344731 -59.486282 7.522349 -13.982598 -7.15013 -2.875029 13.772611 -8.401428 -3.218209 0.34778 -34.21114 0.771654 -0.963 -17.733173 2.621018 -0.0 2e-06 -3e-06 -17.346249 -20.095037 -4.20177 21.757355 -1.638386 3.866388 1e-05 -6.338753 3e-06 -1.697534 -22.591454 -6.193929 -0.0 -4e-06 -2e-06 56.7827 -72.747604 137.76976 32.194691 -65.993034 -1.745921 27.951487 -0.338291 0.027329 1.457575 12.702097 18.957504 22.181995 -20.375803 49.933048 -16.701691 -16.743357 28.476339 -3.4e-05 -12.690464 -6e-06 15.629749 -17.714224 2.683294 -0.10592 -1.513847 -4.275856 -5.038984 -5.612818 -2.953547 3.2e-05 -11.020447 -3e-06 -6.111177 -15.895208 -3.840457 0.0 -0.0 -2e-06 -10.283282 -5.680235 -4.341829 11.028209 -11.302344 -2.372609 -1.384217 -14.238467 -6.320082 -0.625367 -26.924004 -3.827553 -4.044169 -49.33889 -3.695185 -13.708405 -7.363404 -3.720942 18.141001 -14.052675 -3.24264 4.6e-05 -18.78714 1.3e-05 -0.429694 -8.456005 2.555508 -0.0 -3e-06 1e-06 -15.923362 -20.094316 -5.473588 30.418921 -7.190835 1.735911 2e-05 -8.162872 8e-06 -1.861819 -22.861301 -6.167866 1e-06 -2e-06 -1e-06 -175.349548 -2.356631 -10.630128 5.488421 0.008739 0.249074 -78.345451 -1.177044 -5.71674 -4.123525 1.488782 2.177623 -0.999997 -0.0 -0.0 5.557748 -2.990311 -3.916652 5.63329 -0.037776 0.181084 -79.848038 0.239823 -6.610762 -4.163514 0.634877 1.6942 -1.000001 0.0 -0.0 
0.0 0.0 0.0 0.0 -0.0 0.0 -0.316276 99.812492 0.047377 89.870918 0.741376 92.789864 -1.681173 1.19829 0.013038 -11.311087 -0.20119 -0.383051 15.792096 -1.381782 -2.409305 24.204355 1.218571 2.453248 -2.614735 -0.638366 -0.958911 -33.777512 -0.994713 -1.172553 7e-06 0.0 0.0 0.039114 0.013763 0.049637 0.089439 0.019132 0.04436 0.113987 0.005974 0.060811 -130.130066 -68.595261 147.061798 39.452389 -60.178204 -9.873811 21.297924 -0.523969 -0.126391 -3.448455 19.145699 9.501667 17.636631 -26.322781 52.411255 -19.466681 -14.395689 29.410454 1.4e-05 -8.774879 3e-06 15.853333 -18.468016 6.464012 -0.609777 -1.795652 -3.889331 -4.807125 -11.04683 -2.937842 -2.7e-05 -20.976072 1.5e-05 -5.020051 -25.033678 -4.031907 6e-06 -2e-06 0.0 -10.634573 -5.686985 -3.565575 10.573298 -17.922964 -3.113902 -1.9e-05 -13.82125 7e-06 -0.501836 -31.181675 -4.027035 -11.382805 -59.501308 7.532534 -13.982764 -7.15022 -2.875026 13.772784 -8.401484 -3.218253 0.34767 -34.211689 0.77169 -0.963068 -17.733477 2.621039 1e-06 1e-06 -0.0 -17.346512 -20.095251 -4.201753 21.757669 -1.638349 3.866432 -9e-06 -6.338843 5e-06 -1.697649 -22.591873 -6.194037 0.0 -4e-06 -4e-06 56.745438 -72.697769 137.826721 32.123493 -66.00293 -1.65889 27.9636 -0.334892 0.025347 1.483129 12.733085 19.121029 22.182142 -20.3759 49.933353 -16.70182 -16.74361 28.476568 2.6e-05 -12.690675 3e-06 15.633762 -17.723576 2.685785 -0.105918 -1.513856 -4.275883 -5.03907 -5.612893 -2.953554 -2.1e-05 -11.020566 7e-06 -6.111379 -15.895447 -3.840481 0.0 0.0 -3e-06 -10.283408 -5.680315 -4.34183 11.028316 -11.302413 -2.372636 -1.384311 -14.238644 -6.320137 -0.625496 -26.924362 -3.827638 -4.03054 -49.386143 -3.699558 -13.708579 -7.363511 -3.720924 18.141197 -14.052734 -3.242681 -3.8e-05 -18.787352 -2e-06 -0.429731 -8.456101 2.555514 1e-06 -1e-06 -0.0 -15.923632 -20.094543 -5.473552 30.419334 -7.190782 1.735945 -1.5e-05 -8.162955 -3e-06 -1.861963 -22.861624 -6.168002 -1e-06 -0.0 -0.0 -175.351761 -2.360618 -10.644551 5.483866 0.010087 0.245886 -78.37072 -1.163738 -5.73213 -4.103467 1.484149 2.176764 -1.000003 0.0 -0.0 5.559804 -2.986536 -3.892004 5.62445 -0.038636 0.180733 -79.844841 0.226517 -6.630596 -4.146771 0.636661 1.695143 -1.000004 0.0 -0.0 
0.0 0.0 0.0 0.0 -0.0 0.0 -0.31789 99.807236 0.058515 89.863716 0.723761 92.800285 -1.686706 1.195904 0.000443 -11.313887 -0.207766 -0.410361 15.805595 -1.372136 -2.422868 24.22438 1.248488 2.444268 -2.620756 -0.658058 -0.946539 -33.802387 -0.989147 -1.174353 6e-06 0.0 -0.0 0.037393 0.015689 0.055736 0.088094 0.023545 0.050507 0.114231 0.005354 0.06693 -130.079147 -68.611755 147.021835 39.50441 -60.222919 -9.830688 21.259295 -0.511752 -0.125892 -3.513994 19.143669 9.528515 17.636728 -26.322851 52.411392 -19.466784 -14.395654 29.410549 1e-06 -8.774884 -9e-06 15.857765 -18.491978 6.461512 -0.609777 -1.795665 -3.889343 -4.80712 -11.046885 -2.937868 3e-06 -20.976212 1e-06 -5.020006 -25.033869 -4.031929 5e-06 -2e-06 2e-06 -10.634587 -5.687004 -3.565599 10.573332 -17.923073 -3.113918 3e-06 -13.821332 -2e-06 -0.501769 -31.1819 -4.027072 -11.438931 -59.509075 7.552248 -13.982782 -7.15024 -2.87505 13.772804 -8.401546 -3.218254 0.347739 -34.21191 0.771658 -0.963037 -17.733597 2.621054 0.0 -1e-06 -2e-06 -17.346518 -20.095333 -4.201791 21.757685 -1.638381 3.86646 1e-06 -6.338879 0.0 -1.697592 -22.592018 -6.194092 -0.0 -3e-06 -3e-06 56.707077 -72.660675 137.893845 32.092869 -66.001495 -1.601672 27.965036 -0.31708 0.02824 1.513134 12.755816 19.186283 22.182207 -20.375963 49.93354 -16.702015 -16.743685 28.476765 -4e-06 -12.690742 1.3e-05 15.635709 -17.723145 2.680325 -0.105917 -1.51387 -4.275908 -5.039084 -5.612931 -2.953572 2e-06 -11.020659 -1.6e-05 -6.111372 -15.895594 -3.840524 0.0 -0.0 -1e-06 -10.283442 -5.680341 -4.341847 11.028394 -11.302506 -2.372676 -1.384279 -14.238759 -6.320194 -0.62541 -26.924623 -3.827703 -4.025661 -49.410248 -3.706268 -13.708625 -7.363539 -3.720941 18.141321 -14.052864 -3.242739 1.3e-05 -18.787497 -3.3e-05 -0.429709 -8.456169 2.555523 -2e-06 0.0 1e-06 -15.923671 -20.09466 -5.473587 30.419498 -7.190871 1.735905 5e-06 -8.163017 -1.9e-05 -1.861889 -22.861828 -6.168087 -2e-06 -0.0 1e-06 -175.360138 -2.369887 -10.667499 5.480929 0.008537 0.245381 -78.394791 -1.139073 -5.73883 -4.089782 1.480152 2.17488 -1.000004 -0.0 -0.0 5.556859 -2.978017 -3.883499 5.623785 -0.038006 0.179055 -79.847069 0.213993 -6.639468 -4.131084 0.638063 1.695849 -1.000007 0.0 -0.0 
0.0 0.0 0.0 0.0 -0.0 0.0 -0.323915 99.806694 0.070003 89.852455 0.708242 92.793488 -1.692802 1.192293 -0.015627 -11.313922 -0.210735 -0.428404 15.815884 -1.35859 -2.443224 24.247364 1.286154 2.434042 -2.617261 -0.672744 -0.929827 -33.835258 -0.983247 -1.160567 5e-06 -0.0 -0.0 0.037504 0.016187 0.053337 0.088653 0.026109 0.048005 0.116211 0.003728 0.064813 -130.028793 -68.619217 146.994873 39.563423 -60.261101 -9.81966 21.219913 -0.513746 -0.129153 -3.569701 19.173979 9.574634 17.636509 -26.322498 52.410774 -19.466558 -14.395517 29.410191 -2e-06 -8.774772 1e-06 15.855705 -18.510189 6.462724 -0.609771 -1.795647 -3.889304 -4.80706 -11.046758 -2.937829 1e-05 -20.975922 -7e-06 -5.019928 -25.033472 -4.031862 5e-06 -0.0 1e-06 -10.634477 -5.686944 -3.565559 10.573206 -17.922857 -3.113888 6e-06 -13.821145 -6e-06 -0.501755 -31.181391 -4.027001 -11.48944 -59.509621 7.576301 -13.982638 -7.150165 -2.875014 13.772648 -8.401448 -3.218229 0.34774 -34.211384 0.771629 -0.963017 -17.733318 2.621003 -0.0 -0.0 -3e-06 -17.346325 -20.095119 -4.20174 21.757431 -1.638358 3.866393 2e-06 -6.338793 -3e-06 -1.69756 -22.591661 -6.193989 -1e-06 -2e-06 -2e-06 56.672436 -72.644005 137.95813 32.086639 -66.003296 -1.598261 27.948875 -0.293599 0.035106 1.56076 12.783156 19.20933 22.181927 -20.375637 49.932884 -16.701694 -16.743437 28.476292 2e-06 -12.690516 1e-05 15.63311 -17.722597 2.676208 -0.105916 -1.513847 -4.275852 -5.039011 -5.612835 -2.953527 1e-06 -11.020439 -1.1e-05 -6.111252 -15.895225 -3.84045 -1e-06 0.0 -0.0 -10.283313 -5.680258 -4.341795 11.028215 -11.302309 -2.372627 -1.384264 -14.238468 -6.320077 -0.62541 -26.923964 -3.827604 -4.029119 -49.416233 -3.708649 -13.708448 -7.363437 -3.720895 18.141031 -14.052617 -3.242669 5e-06 -18.787117 -2.4e-05 -0.429703 -8.455982 2.555475 -0.0 -2e-06 -1e-06 -15.923457 -20.094358 -5.473528 30.419043 -7.190746 1.735901 3e-06 -8.162857 -1.1e-05 -1.861875 -22.861294 -6.167927 -0.0 -2e-06 -3e-06 -175.361649 -2.382824 -10.701801 5.475779 0.007028 0.244371 -78.414864 -1.123426 -5.734152 -4.065017 1.475713 2.174395 -0.999996 -1e-06 0.0 5.550891 -2.965431 -3.877692 5.626782 -0.035744 0.17649 -79.860359 0.212668 -6.637618 -4.105162 0.6379 1.696643 -1.000002 0.0 -0.0 
0.0 0.0 0.0 0.0 -0.0 0.0 -0.333042 99.804558 0.089354 89.838692 0.695834 92.75412 -1.701214 1.188664 -0.034643 -11.311893 -0.210605 -0.434565 15.82554 -1.349114 -2.450261 24.29031 1.331895 2.42476 -2.61253 -0.683509 -0.909215 -33.889568 -0.979687 -1.148756 6e-06 0.0 0.0 0.037377 0.015466 0.044959 0.089921 0.025156 0.039421 0.116873 0.003316 0.056835 -130.005661 -68.635429 147.004913 39.617004 -60.289993 -9.801236 21.18961 -0.521061 -0.136078 -3.62235 19.212578 9.607826 17.636606 -26.322657 52.411041 -19.466621 -14.395619 29.410299 9e-06 -8.774835 -3e-06 15.849378 -18.508631 6.469034 -0.609776 -1.795651 -3.889318 -4.8071 -11.046795 -2.937833 -1.3e-05 -20.975985 4e-06 -5.019999 -25.033543 -4.031887 7e-06 3e-06 -1e-06 -10.634542 -5.686973 -3.565566 10.573267 -17.922916 -3.113894 -8e-06 -13.821196 2e-06 -0.501806 -31.181528 -4.027018 -11.503424 -59.496449 7.593641 -13.982725 -7.1502 -2.875019 13.772732 -8.401467 -3.218239 0.347702 -34.211502 0.77166 -0.963037 -17.733372 2.621015 0.0 -0.0 -2e-06 -17.346451 -20.095203 -4.201743 21.757582 -1.638355 3.866416 -3e-06 -6.338815 3e-06 -1.697616 -22.591738 -6.194007 0.0 -2e-06 -4e-06 56.646931 -72.629089 138.004959 32.075562 -66.008919 -1.63725 27.926245 -0.270854 0.03874 1.61521 12.805185 19.211763 22.182156 -20.375927 49.933369 -16.701824 -16.743572 28.476566 4e-06 -12.690645 0.0 15.626271 -17.720881 2.68108 -0.105919 -1.513856 -4.275882 -5.039056 -5.612882 -2.95356 -1e-06 -11.02056 3e-06 -6.11133 -15.89542 -3.840486 -0.0 0.0 -1e-06 -10.283396 -5.6803 -4.341839 11.028316 -11.302423 -2.37263 -1.384282 -14.238629 -6.320137 -0.625448 -26.924351 -3.827615 -4.032441 -49.396679 -3.721637 -13.708557 -7.363493 -3.720934 18.141188 -14.052759 -3.242672 -7e-06 -18.787344 3e-06 -0.429718 -8.456096 2.55552 0.0 -4e-06 2e-06 -15.923589 -20.094522 -5.473575 30.419279 -7.190823 1.735942 -0.0 -8.162953 1e-06 -1.861913 -22.861599 -6.167972 -1e-06 -2e-06 -1e-06 -175.354752 -2.394446 -10.745591 5.471986 0.005565 0.244111 -78.441284 -1.13618 -5.745957 -4.040165 1.474558 2.175231 -0.999997 1e-06 -0.0 5.540885 -2.953255 -3.881528 5.635551 -0.034032 0.177937 -79.878052 0.243291 -6.615432 -4.068028 0.633409 1.696323 -1.000002 0.0 -0.0 
0.0 0.0 0.0 0.0 -0.0 0.0 -0.339284 99.802765 0.117287 89.825157 0.679391 92.710693 -1.71464 1.186949 -0.044579 -11.307894 -0.20973 -0.433681 15.822967 -1.344848 -2.449216 24.340343 1.369226 2.43206 -2.61085 -0.679938 -0.913172 -33.958588 -0.986959 -1.11779 6e-06 0.0 0.0 0.036349 0.013542 0.030884 0.087757 0.021074 0.024557 0.113644 0.003678 0.043519 -130.03006 -68.662239 147.034546 39.586887 -60.338512 -9.724806 21.1805 -0.527714 -0.145511 -3.667404 19.249081 9.666748 17.636646 -26.322819 52.411369 -19.46673 -14.395656 29.410528 -2e-06 -8.774864 0.0 15.855424 -18.500525 6.482651 -0.609776 -1.795653 -3.889336 -4.807099 -11.046833 -2.93786 1.2e-05 -20.976101 -0.0 -5.01998 -25.033718 -4.031913 7e-06 1e-06 -0.0 -10.634552 -5.686979 -3.565598 10.573308 -17.922997 -3.113917 7e-06 -13.821264 5e-06 -0.501763 -31.181717 -4.027038 -11.505455 -59.526581 7.618029 -13.982739 -7.150207 -2.87505 13.772772 -8.401515 -3.218256 0.347737 -34.211731 0.771668 -0.963044 -17.733509 2.621055 1e-06 -2e-06 -0.0 -17.346445 -20.095245 -4.201795 21.75762 -1.638381 3.866436 3e-06 -6.338849 3e-06 -1.697582 -22.591896 -6.194056 -1e-06 -2e-06 -4e-06 56.685787 -72.612709 137.967834 32.063179 -66.044724 -1.743808 27.899166 -0.264739 0.035618 1.666513 12.835359 19.219873 22.182121 -20.37591 49.933353 -16.701857 -16.743542 28.47657 -1.3e-05 -12.690616 5e-06 15.608941 -17.723442 2.692595 -0.105919 -1.51386 -4.275886 -5.039041 -5.612878 -2.953562 1.3e-05 -11.020554 -8e-06 -6.111287 -15.895406 -3.840492 -0.0 1e-06 -1e-06 -10.283373 -5.680292 -4.341843 11.028305 -11.302425 -2.372645 -1.384256 -14.23862 -6.320143 -0.625402 -26.924311 -3.827637 -4.037148 -49.373962 -3.733205 -13.708527 -7.36348 -3.720943 18.141169 -14.052768 -3.24269 2.2e-05 -18.787323 -1.4e-05 -0.429703 -8.456081 2.555512 -2e-06 -1e-06 0.0 -15.923534 -20.0945 -5.473593 30.419231 -7.190843 1.735914 6e-06 -8.162942 -5e-06 -1.861872 -22.861553 -6.167976 -2e-06 0.0 -0.0 -175.351089 -2.408557 -10.798534 5.474341 0.004952 0.245869 -78.467911 -1.139837 -5.788659 -4.021987 1.471471 2.175716 -1.000001 0.0 -0.0 5.52816 -2.945548 -3.880896 5.639781 -0.031571 0.180154 -79.892189 0.285304 -6.588518 -4.046883 0.626273 1.694414 -1.000002 0.0 -0.0 
0.0 0.0 0.0 0.0 -0.0 0.0 -0.346412 99.802299 0.149724 89.813728 0.663551 92.66095 -1.718653 1.18898 -0.040423 -11.302405 -0.209181 -0.437722 15.801619 -1.349596 -2.453969 24.388229 1.406362 2.448957 -2.60868 -0.680299 -0.918014 -34.008247 -0.98905 -1.079334 6e-06 0.0 0.0 0.035338 0.011177 0.016762 0.083857 0.016412 0.01038 0.109883 0.003605 0.029264 -130.034592 -68.660843 147.010376 39.481567 -60.396141 -9.567818 21.194563 -0.514954 -0.144878 -3.716511 19.256073 9.734758 17.636578 -26.322659 52.411076 -19.466574 -14.395509 29.410303 -8e-06 -8.774775 -5e-06 15.867045 -18.48391 6.489259 -0.609775 -1.795649 -3.889316 -4.807054 -11.046764 -2.937847 2.5e-05 -20.975956 1e-06 -5.019907 -25.03351 -4.031865 8e-06 -3e-06 -1e-06 -10.63448 -5.686944 -3.56559 10.573221 -17.922888 -3.113881 1.4e-05 -13.821168 7e-06 -0.501746 -31.181458 -4.026981 -11.502724 -59.552456 7.628945 -13.982639 -7.150165 -2.875052 13.772654 -8.40147 -3.218219 0.347757 -34.211445 0.771668 -0.963022 -17.733356 2.621043 -1e-06 -3e-06 1e-06 -17.34631 -20.095129 -4.201798 21.757427 -1.638382 3.866422 7e-06 -6.338806 3e-06 -1.697539 -22.591711 -6.193996 -1e-06 -1e-06 -3e-06 56.732578 -72.604401 137.904373 31.987341 -66.097168 -1.877995 27.906569 -0.276447 0.035265 1.722335 12.843675 19.233616 22.182056 -20.375896 49.9333 -16.701746 -16.743469 28.476498 -1e-05 -12.690555 2e-06 15.572893 -17.726011 2.705818 -0.105921 -1.513849 -4.275877 -5.03902 -5.612851 -2.953559 1.1e-05 -11.020493 -3e-06 -6.111252 -15.895304 -3.840486 -0.0 -0.0 1e-06 -10.283335 -5.680264 -4.341842 11.028253 -11.302368 -2.37262 -1.384247 -14.238533 -6.320122 -0.625404 -26.924133 -3.827599 -4.044565 -49.328178 -3.747742 -13.708476 -7.363447 -3.720948 18.141087 -14.0527 -3.242653 1.1e-05 -18.787226 1.4e-05 -0.429714 -8.456041 2.555521 -0.0 -1e-06 -2e-06 -15.923468 -20.094408 -5.4736 30.419092 -7.190814 1.735926 7e-06 -8.16291 1.1e-05 -1.861879 -22.861433 -6.167914 0.0 -5e-06 -0.0 -175.347672 -2.422832 -10.851428 5.484786 0.004294 0.252152 -78.48719 -1.136242 -5.825773 -4.027509 1.472041 2.176632 -0.999993 -1e-06 0.0 5.524373 -2.938194 -3.866035 5.633609 -0.030872 0.180781 -79.910988 0.31519 -6.572515 -4.047637 0.623642 1.691852 -0.999998 -0.0 0.0 
0.0 0.0 0.0 0.0 -0.0 0.0 -0.349194 99.803375 0.184305 89.799629 0.658817 92.602173 -1.712977 1.195047 -0.031559 -11.303308 -0.212322 -0.452459 15.788912 -1.353528 -2.459129 24.442776 1.438851 2.459357 -2.61012 -0.685576 -0.909161 -34.041195 -0.986603 -1.078091 6e-06 -0.0 -0.0 0.034856 0.010299 0.012045 0.079593 0.013811 0.006922 0.105067 0.004379 0.023073 -129.986084 -68.637428 146.92543 39.381073 -60.446514 -9.384071 21.224567 -0.492475 -0.137098 -3.761717 19.253017 9.839359 17.636606 -26.322756 52.411247 -19.466648 -14.395604 29.41044 2e-06 -8.774833 -2e-06 15.879462 -18.470781 6.499286 -0.609777 -1.795649 -3.889327 -4.807094 -11.046815 -2.937853 -4e-06 -20.976055 1e-05 -5.019986 -25.033665 -4.031895 7e-06 -1e-06 0.0 -10.634528 -5.686968 -3.565591 10.573265 -17.922956 -3.113895 -4e-06 -13.821239 9e-06 -0.501793 -31.181654 -4.02702 -11.490539 -59.576763 7.638888 -13.982705 -7.150198 -2.875045 13.772727 -8.401489 -3.218239 0.34771 -34.211639 0.771686 -0.963051 -17.733467 2.621047 1e-06 -1e-06 -2e-06 -17.346413 -20.095215 -4.201784 21.757561 -1.63837 3.866433 -1e-06 -6.338838 4e-06 -1.697593 -22.591845 -6.194039 0.0 -3e-06 -4e-06 56.801136 -72.604408 137.819534 31.869123 -66.143143 -1.97215 27.961906 -0.28301 0.040485 1.789661 12.842159 19.206697 22.182096 -20.375883 49.933315 -16.701817 -16.743481 28.476532 -2.6e-05 -12.690573 1e-06 15.527822 -17.723116 2.724863 -0.105918 -1.513855 -4.275879 -5.039023 -5.612861 -2.953562 2.4e-05 -11.020527 -9e-06 -6.111236 -15.895353 -3.840497 -0.0 0.0 -1e-06 -10.283348 -5.680274 -4.341843 11.028279 -11.302402 -2.372635 -1.384234 -14.238568 -6.320136 -0.625363 -26.924221 -3.827616 -4.049911 -49.267311 -3.754304 -13.708494 -7.363459 -3.720951 18.141125 -14.05275 -3.242673 3.9e-05 -18.787271 -2e-06 -0.4297 -8.456062 2.555519 1e-06 -1e-06 1e-06 -15.923485 -20.09445 -5.473604 30.419136 -7.190851 1.73592 1.7e-05 -8.162921 3e-06 -1.86184 -22.86149 -6.167936 -1e-06 0.0 -1e-06 -175.328461 -2.435763 -10.890259 5.495673 0.003492 0.256658 -78.489601 -1.135584 -5.847445 -4.040047 1.477298 2.177845 -0.999998 1e-06 -1e-06 5.538532 -2.925499 -3.855488 5.620478 -0.033971 0.185357 -79.928841 0.341248 -6.572076 -4.04854 0.623241 1.68989 -1.000001 0.0 -0.0 
0.0 0.0 0.0 0.0 -0.0 0.0 -0.344451 99.803474 0.214904 89.78907 0.658571 92.558434 -1.703181 1.198786 -0.016818 -11.308829 -0.218236 -0.469 15.777857 -1.355503 -2.470888 24.494299 1.469123 2.468525 -2.610894 -0.683462 -0.913005 -34.084232 -0.989129 -1.084022 5e-06 -0.0 -0.0 0.036545 0.010327 0.012191 0.075945 0.014529 0.007988 0.098156 0.003779 0.02231 -129.934387 -68.611183 146.847443 39.296959 -60.49131 -9.258547 21.245161 -0.479509 -0.129367 -3.787645 19.263889 9.899671 17.636595 -26.322767 52.411331 -19.46666 -14.395621 29.410463 6e-06 -8.774837 1e-06 15.908224 -18.46534 6.489947 -0.609777 -1.795652 -3.889333 -4.8071 -11.04681 -2.937855 -7e-06 -20.976025 -4e-06 -5.019979 -25.033609 -4.031916 6e-06 3e-06 2e-06 -10.634541 -5.686975 -3.565592 10.573271 -17.922945 -3.113905 -7e-06 -13.821224 4e-06 -0.50179 -31.181614 -4.027039 -11.475007 -59.59293 7.634038 -13.982722 -7.150205 -2.875046 13.772735 -8.401481 -3.218247 0.347702 -34.21159 0.771669 -0.963053 -17.733423 2.621037 1e-06 -2e-06 -1e-06 -17.346439 -20.095228 -4.201789 21.75758 -1.638358 3.866428 -4e-06 -6.338829 3e-06 -1.6976 -22.591799 -6.194044 0.0 -3e-06 -3e-06 56.833702 -72.610451 137.771194 31.735241 -66.178772 -2.090909 28.009346 -0.304678 0.039277 1.87855 12.843109 19.149532 22.182117 -20.37591 49.933334 -16.701748 -16.74353 28.476503 7e-06 -12.690595 -3e-06 15.497749 -17.715599 2.743028 -0.105921 -1.513849 -4.275879 -5.039045 -5.61286 -2.953552 -5e-06 -11.0205 7e-06 -6.111305 -15.895315 -3.840481 0.0 -0.0 2e-06 -10.283372 -5.680282 -4.341839 11.028277 -11.302367 -2.372619 -1.38428 -14.238544 -6.320116 -0.625453 -26.924139 -3.827594 -4.075788 -49.234749 -3.733725 -13.708527 -7.363472 -3.720941 18.141127 -14.052693 -3.242653 -1.5e-05 -18.787237 1.7e-05 -0.429722 -8.456044 2.55552 1e-06 1e-06 -1e-06 -15.923552 -20.094456 -5.473579 30.419201 -7.19079 1.735948 -4e-06 -8.162915 1e-05 -1.861938 -22.861458 -6.16793 0.0 -5e-06 -3e-06 -175.302979 -2.441918 -10.925066 5.497587 0.001817 0.258922 -78.488243 -1.125956 -5.85326 -4.045009 1.479662 2.177808 -0.999997 0.0 0.0 5.559711 -2.91507 -3.847711 5.607228 -0.036064 0.183266 -79.940361 0.358994 -6.557796 -4.042365 0.622329 1.688192 -1.000003 0.0 0.0 
0.0 0.0 0.0 0.0 -0.0 0.0 -0.335033 99.802246 0.237919 89.78109 0.654647 92.536446 -1.699173 1.200366 -0.005035 -11.316811 -0.220562 -0.474146 15.769733 -1.36001 -2.479847 24.538383 1.505451 2.474081 -2.611484 -0.683621 -0.917132 -34.113659 -0.982604 -1.107115 6e-06 -0.0 -0.0 0.038816 0.011071 0.015506 0.072317 0.018237 0.011359 0.091142 0.001642 0.025707 -129.893738 -68.59935 146.804214 39.251568 -60.515987 -9.192381 21.251707 -0.470885 -0.128577 -3.824241 19.271553 9.904833 17.636694 -26.322763 52.41114 -19.466774 -14.395662 29.410429 -1e-06 -8.774875 -1e-06 15.938385 -18.471434 6.471158 -0.609774 -1.795665 -3.88933 -4.80711 -11.046878 -2.937848 8e-06 -20.976175 -6e-06 -5.020008 -25.033808 -4.031899 7e-06 -1e-06 0.0 -10.634575 -5.686998 -3.565574 10.573331 -17.923058 -3.113925 7e-06 -13.821305 -7e-06 -0.501763 -31.181812 -4.027055 -11.470847 -59.603455 7.625722 -13.982771 -7.150232 -2.875022 13.772799 -8.401538 -3.218261 0.347752 -34.211834 0.77163 -0.963018 -17.733541 2.621027 1e-06 0.0 -1e-06 -17.346508 -20.095318 -4.201748 21.757673 -1.638379 3.866429 -0.0 -6.33887 -5e-06 -1.697598 -22.591972 -6.194059 -1e-06 -3e-06 -2e-06 56.85323 -72.610268 137.727661 31.592392 -66.207047 -2.215368 28.040159 -0.332102 0.029658 1.955727 12.848551 19.09692 22.182152 -20.375843 49.933308 -16.701931 -16.743593 28.476587 -7e-06 -12.690662 7e-06 15.497407 -17.713867 2.762124 -0.105915 -1.513863 -4.275888 -5.039059 -5.612898 -2.953558 7e-06 -11.020576 -1.9e-05 -6.111317 -15.895438 -3.840504 -1e-06 1e-06 1e-06 -10.283406 -5.680316 -4.34183 11.02834 -11.302448 -2.372661 -1.384266 -14.238655 -6.320151 -0.625394 -26.924372 -3.827669 -4.104729 -49.263329 -3.688694 -13.708581 -7.363512 -3.720925 18.141239 -14.052796 -3.242718 2e-05 -18.787359 -3.7e-05 -0.429698 -8.456093 2.555498 -0.0 -0.0 1e-06 -15.92361 -20.094582 -5.473569 30.419357 -7.190847 1.735911 9e-06 -8.162955 -2.1e-05 -1.86187 -22.861603 -6.168033 0.0 -4e-06 -1e-06 -175.28476 -2.447866 -10.961401 5.493352 -0.000503 0.261703 -78.49482 -1.110694 -5.828746 -4.054451 1.475155 2.174461 -1.000004 0.0 -0.0 5.575682 -2.907181 -3.831545 5.600138 -0.035652 0.177839 -79.949165 0.352477 -6.53742 -4.036755 0.619202 1.686962 -1.000007 0.0 -0.0 
0.0 0.0 0.0 0.0 -0.0 0.0 -0.32411 99.798439 0.258873 89.777954 0.651734 92.520943 -1.697624 1.196434 -0.001439 -11.321775 -0.220128 -0.464724 15.76726 -1.367692 -2.488003 24.572596 1.552124 2.46895 -2.612568 -0.690231 -0.905337 -34.133942 -0.973821 -1.132966 6e-06 0.0 0.0 0.038208 0.011774 0.020968 0.070493 0.020979 0.017307 0.087038 0.000271 0.030707 -129.84581 -68.596611 146.788895 39.264278 -60.502541 -9.168941 21.261728 -0.456851 -0.131362 -3.882601 19.299746 9.807476 17.636572 -26.322664 52.411121 -19.466539 -14.395638 29.41033 2.7e-05 -8.774846 -1e-06 15.952749 -18.488924 6.456686 -0.609781 -1.795643 -3.889318 -4.807126 -11.046776 -2.937829 -5.5e-05 -20.975946 2.2e-05 -5.020061 -25.033529 -4.031911 6e-06 -1e-06 1e-06 -10.634547 -5.686968 -3.565567 10.573235 -17.922855 -3.113873 -3.9e-05 -13.821172 1.4e-05 -0.501886 -31.18148 -4.027024 -11.506728 -59.618755 7.63232 -13.982729 -7.150198 -2.875018 13.772727 -8.401423 -3.218233 0.347614 -34.21146 0.771709 -0.963086 -17.733372 2.621023 -0.0 1e-06 -1e-06 -17.346476 -20.095171 -4.20174 21.757601 -1.638321 3.866433 -1.8e-05 -6.338809 9e-06 -1.697677 -22.591732 -6.194009 -1e-06 -1e-06 -4e-06 56.87133 -72.603874 137.685638 31.487162 -66.215294 -2.336318 28.062086 -0.340721 0.021563 2.005494 12.848697 19.088934 22.182083 -20.375862 49.933289 -16.701752 -16.743568 28.476513 2.7e-05 -12.690634 4e-06 15.513117 -17.730867 2.779085 -0.105922 -1.513851 -4.275878 -5.039059 -5.612876 -2.953548 -2.2e-05 -11.020531 7e-06 -6.111358 -15.895392 -3.840479 -0.0 1e-06 -0.0 -10.283382 -5.6803 -4.341828 11.028279 -11.302368 -2.372623 -1.384307 -14.238585 -6.320122 -0.625495 -26.924246 -3.82762 -4.130733 -49.332825 -3.647053 -13.708543 -7.363492 -3.720925 18.141136 -14.052685 -3.24266 -4.2e-05 -18.787287 6e-06 -0.429729 -8.456077 2.555514 0.0 2e-06 -0.0 -15.923589 -20.094486 -5.473552 30.419245 -7.190752 1.735947 -1.6e-05 -8.162931 4e-06 -1.861971 -22.861547 -6.167972 1e-06 -6e-06 2e-06 -175.268448 -2.450886 -10.984305 5.491024 -0.000884 0.262019 -78.51725 -1.11678 -5.789258 -4.064231 1.473284 2.172467 -1.000001 1e-06 -1e-06 5.584708 -2.906606 -3.812704 5.603159 -0.033753 0.171698 -79.958572 0.345303 -6.520964 -4.034421 0.60835 1.684728 -1.000004 0.0 -0.0 
0.0 0.0 0.0 0.0 -0.0 0.0 -0.314097 99.794601 0.291132 89.777512 0.649334 92.501747 -1.700481 1.187306 -0.003639 -11.318878 -0.21648 -0.452555 15.763108 -1.376072 -2.491501 24.606808 1.59807 2.446494 -2.619474 -0.693357 -0.880683 -34.155613 -0.973868 -1.142098 6e-06 0.0 0.0 0.035545 0.013514 0.030795 0.066943 0.02168 0.027072 0.080714 0.003043 0.040472 -129.816559 -68.609573 146.792191 39.283691 -60.47979 -9.182557 21.286638 -0.459752 -0.136648 -3.912986 19.370962 9.70038 17.636576 -26.322676 52.411152 -19.466536 -14.395645 29.410334 3.1e-05 -8.774845 -3e-06 15.954943 -18.51667 6.44911 -0.60978 -1.795647 -3.889322 -4.807128 -11.046774 -2.937828 -6.2e-05 -20.975933 1.9e-05 -5.020064 -25.033506 -4.031915 7e-06 -4e-06 2e-06 -10.634553 -5.686975 -3.565569 10.573231 -17.922842 -3.113873 -4.2e-05 -13.821153 1.2e-05 -0.501883 -31.181416 -4.027028 -11.558166 -59.641075 7.642672 -13.982743 -7.150206 -2.875018 13.772726 -8.401417 -3.218232 0.347606 -34.211418 0.771703 -0.963082 -17.733339 2.621014 0.0 -1e-06 0.0 -17.346495 -20.095186 -4.20174 21.757603 -1.638312 3.866432 -2e-05 -6.338801 6e-06 -1.697686 -22.591696 -6.19401 -1e-06 -1e-06 -3e-06 56.918671 -72.602921 137.618118 31.435656 -66.223152 -2.42556 28.065266 -0.320706 0.01792 2.023448 12.862332 19.088911 22.182072 -20.375799 49.933167 -16.701614 -16.743546 28.476355 6.4e-05 -12.690603 -3e-06 15.51901 -17.747976 2.786633 -0.105925 -1.513843 -4.275864 -5.039063 -5.612859 -2.953532 -5.3e-05 -11.020465 2e-05 -6.111395 -15.895288 -3.840448 -0.0 1e-06 0.0 -10.283388 -5.680298 -4.341807 11.028235 -11.302293 -2.3726 -1.384355 -14.238504 -6.320081 -0.62558 -26.924013 -3.827597 -4.150225 -49.378227 -3.619791 -13.708549 -7.363493 -3.720901 18.141071 -14.052587 -3.242623 -9.6e-05 -18.787172 1.9e-05 -0.429752 -8.456005 2.555491 -1e-06 2e-06 4e-06 -15.923628 -20.09446 -5.47351 30.419205 -7.190663 1.735985 -3.6e-05 -8.162885 7e-06 -1.862043 -22.861372 -6.16794 -0.0 -2e-06 1e-06 -175.252945 -2.452737 -10.994879 5.493296 5e-06 0.257144 -78.551033 -1.14933 -5.773616 -4.065566 1.471003 2.17151 -1.000002 1e-06 0.0 5.591924 -2.905453 -3.794153 5.607441 -0.02967 0.160903 -79.968773 0.342496 -6.49924 -4.041403 0.600292 1.6824 -1.000004 0.0 -0.0 
0.0 0.0 0.0 0.0 -0.0 0.0 -0.309941 99.790283 0.3277 89.775627 0.64158 92.480881 -1.711986 1.178233 -0.008099 -11.313434 -0.217159 -0.454063 15.759501 -1.376421 -2.48742 24.644123 1.642418 2.424338 -2.632826 -0.704845 -0.851945 -34.173603 -0.962429 -1.145975 6e-06 -0.0 0.0 0.032911 0.015192 0.040167 0.065341 0.020498 0.036338 0.077723 0.007458 0.049993 -129.816483 -68.611977 146.810501 39.27877 -60.445316 -9.22759 21.33633 -0.472907 -0.144747 -3.911079 19.426512 9.675595 17.636574 -26.322641 52.410965 -19.46661 -14.395631 29.410269 1.1e-05 -8.774833 4e-06 15.9429 -18.531395 6.449468 -0.609772 -1.79565 -3.889316 -4.807102 -11.046796 -2.93782 -2.3e-05 -20.975986 1.3e-05 -5.02002 -25.033554 -4.031865 6e-06 -2e-06 1e-06 -10.634536 -5.686973 -3.565558 10.573257 -17.922907 -3.113888 -1.6e-05 -13.821194 5e-06 -0.501829 -31.181519 -4.027004 -11.580435 -59.639286 7.636411 -13.98272 -7.150198 -2.875004 13.77273 -8.401459 -3.218243 0.347686 -34.211517 0.771667 -0.963041 -17.733385 2.621008 -0.0 -1e-06 -1e-06 -17.346455 -20.095196 -4.201718 21.757582 -1.638348 3.866404 -8e-06 -6.338817 2e-06 -1.697631 -22.591749 -6.193989 -1e-06 -1e-06 -2e-06 56.934566 -72.614349 137.592361 31.409834 -66.211418 -2.494978 28.059618 -0.298051 0.020524 2.033979 12.899025 19.097902 22.182123 -20.375891 49.933296 -16.701763 -16.74358 28.476511 1.9e-05 -12.690638 -1e-06 15.502781 -17.75094 2.788904 -0.105919 -1.51385 -4.275879 -5.039059 -5.612872 -2.953548 -1.4e-05 -11.020517 9e-06 -6.111349 -15.89535 -3.840477 -0.0 0.0 -0.0 -10.283394 -5.680298 -4.341829 11.028298 -11.302376 -2.372624 -1.384301 -14.238572 -6.320116 -0.625483 -26.924196 -3.827604 -4.160923 -49.382851 -3.607687 -13.708553 -7.363487 -3.720923 18.141163 -14.0527 -3.24266 -3.3e-05 -18.787271 1.6e-05 -0.429728 -8.456058 2.555513 -0.0 -0.0 0.0 -15.923595 -20.094486 -5.473556 30.419275 -7.190775 1.735948 -1.4e-05 -8.162925 5e-06 -1.861966 -22.861504 -6.167948 1e-06 -2e-06 -1e-06 -175.246353 -2.456319 -11.007197 5.498939 0.001416 0.25755 -78.582268 -1.180047 -5.782537 -4.062467 1.467892 2.170974 -0.999996 1e-06 0.0 5.59919 -2.899344 -3.785925 5.601787 -0.02631 0.149066 -79.990341 0.3364 -6.497347 -4.036387 0.601977 1.682619 -1.0 -0.0 -0.0 
0.0 0.0 0.0 0.0 -0.0 0.0 -0.310936 99.791061 0.352952 89.771072 0.621365 92.462334 -1.727369 1.171769 -0.012923 -11.313832 -0.223486 -0.468889 15.758632 -1.368971 -2.477662 24.665985 1.674389 2.414751 -2.639178 -0.706982 -0.838962 -34.186764 -0.933604 -1.125098 6e-06 0.0 -0.0 0.032197 0.01612 0.043718 0.067823 0.019343 0.040253 0.080436 0.010194 0.053107 -129.809235 -68.601517 146.81633 39.274174 -60.401985 -9.316987 21.394039 -0.490719 -0.148556 -3.891083 19.463884 9.660351 17.636528 -26.322617 52.411037 -19.466434 -14.39551 29.410213 1e-05 -8.774754 -8e-06 15.918656 -18.52862 6.454049 -0.609778 -1.795637 -3.889308 -4.807065 -11.046708 -2.937829 -1.8e-05 -20.975801 2.5e-05 -5.019949 -25.033302 -4.031847 7e-06 -1e-06 1e-06 -10.63448 -5.686931 -3.565579 10.573174 -17.922779 -3.11385 -1.3e-05 -13.821082 2.3e-05 -0.501824 -31.1812 -4.026939 -11.5747 -59.608665 7.629513 -13.982635 -7.15015 -2.87504 13.772621 -8.401405 -3.218202 0.347666 -34.211205 0.771725 -0.963068 -17.733229 2.621039 -0.0 -1e-06 0.0 -17.346325 -20.095062 -4.201777 21.757406 -1.63835 3.86642 -5e-06 -6.338766 1.5e-05 -1.6976 -22.591524 -6.193938 -0.0 -3e-06 -4e-06 56.896492 -72.628349 137.643661 31.415173 -66.164497 -2.589398 28.058733 -0.283811 0.029863 2.039444 12.935971 19.042828 22.182066 -20.37586 49.933289 -16.701704 -16.743444 28.476452 0.0 -12.690536 -8e-06 15.46651 -17.736893 2.78254 -0.105923 -1.513847 -4.275874 -5.039025 -5.612843 -2.953557 3e-06 -11.020467 -5e-06 -6.111255 -15.895267 -3.840495 -0.0 0.0 -2e-06 -10.28334 -5.680269 -4.34184 11.028238 -11.30234 -2.372613 -1.38426 -14.238503 -6.320116 -0.625407 -26.924059 -3.827612 -4.129029 -49.322826 -3.650806 -13.708478 -7.363451 -3.72095 18.141056 -14.052658 -3.242644 2e-06 -18.787172 7e-06 -0.429714 -8.456014 2.555504 2e-06 1e-06 2e-06 -15.923478 -20.094402 -5.473599 30.41906 -7.190786 1.735944 2e-06 -8.162886 5e-06 -1.861888 -22.861368 -6.167922 -1e-06 -3e-06 2e-06 -175.256485 -2.460201 -11.038914 5.511237 0.003802 0.259345 -78.59816 -1.192704 -5.792024 -4.057252 1.477752 2.175086 -0.999996 0.0 0.0 5.592638 -2.891962 -3.78607 5.596476 -0.027345 0.144671 -80.013199 0.33497 -6.498804 -4.022428 0.60434 1.683416 -0.999998 -0.0 0.0 
0.0 0.0 0.0 0.0 -0.0 0.0 -0.30782 99.796242 0.368091 89.765915 0.59365 92.451126 -1.742577 1.165573 -0.016996 -11.31741 -0.228648 -0.485269 15.759043 -1.360161 -2.464423 24.67592 1.703008 2.423014 -2.638716 -0.701283 -0.845749 -34.20768 -0.895399 -1.102197 6e-06 -0.0 0.0 0.034348 0.01657 0.044055 0.06779 0.0177 0.039783 0.083371 0.01235 0.054295 -129.802231 -68.594131 146.815689 39.246201 -60.365746 -9.397094 21.466515 -0.504782 -0.156153 -3.857576 19.493254 9.656256 17.636637 -26.32271 52.411087 -19.46666 -14.395633 29.41036 1e-06 -8.774847 -4e-06 15.910522 -18.523216 6.444942 -0.609776 -1.795651 -3.889324 -4.807095 -11.046805 -2.937839 7e-06 -20.976028 1e-05 -5.01999 -25.033609 -4.03188 7e-06 -1e-06 0.0 -10.634542 -5.686969 -3.565579 10.57329 -17.922949 -3.113896 5e-06 -13.821222 7e-06 -0.501782 -31.181593 -4.027003 -11.55442 -59.574829 7.615084 -13.982721 -7.150192 -2.87503 13.772749 -8.401489 -3.218245 0.347736 -34.211582 0.771672 -0.963031 -17.733425 2.621038 -1e-06 2e-06 -0.0 -17.346434 -20.095203 -4.201758 21.757589 -1.638379 3.866425 2e-06 -6.33883 2e-06 -1.697594 -22.591801 -6.194011 -0.0 -2e-06 -6e-06 56.859001 -72.628128 137.692993 31.421104 -66.102821 -2.746137 28.058943 -0.291832 0.033567 2.059619 12.98329 19.041348 22.182173 -20.375944 49.93335 -16.70186 -16.743584 28.47658 -5e-06 -12.690662 -1e-06 15.421355 -17.71184 2.784445 -0.105919 -1.513857 -4.275886 -5.039055 -5.612889 -2.953556 7e-06 -11.020585 6e-06 -6.111329 -15.895455 -3.840484 0.0 -0.0 -0.0 -10.283395 -5.680297 -4.341841 11.02833 -11.302443 -2.372632 -1.384273 -14.238652 -6.320138 -0.625438 -26.924423 -3.827605 -4.088462 -49.254402 -3.700448 -13.708555 -7.363488 -3.720938 18.141214 -14.052794 -3.242675 8e-06 -18.787384 8e-06 -0.42971 -8.45612 2.555523 1e-06 1e-06 3e-06 -15.923577 -20.094521 -5.473577 30.41931 -7.190856 1.735935 6e-06 -8.162971 -1e-06 -1.861902 -22.861666 -6.167977 1e-06 -5e-06 -0.0 -175.272263 -2.463144 -11.069765 5.517488 0.005548 0.261199 -78.608437 -1.190588 -5.810048 -4.067558 1.479943 2.176409 -1.000001 -0.0 0.0 5.578472 -2.885166 -3.770311 5.593159 -0.029413 0.141073 -80.020599 0.313427 -6.498513 -3.994395 0.606781 1.684179 -0.999999 0.0 0.0 
0.0 0.0 0.0 0.0 -0.0 0.0 -0.300281 99.801758 0.377545 89.76281 0.573192 92.441147 -1.746041 1.158942 -0.018114 -11.316903 -0.231203 -0.493175 15.752156 -1.353135 -2.451637 24.672792 1.735292 2.44873 -2.630795 -0.684983 -0.878767 -34.243767 -0.864409 -1.076782 6e-06 -0.0 -0.0 0.037969 0.016551 0.041646 0.068915 0.015099 0.036285 0.088085 0.014566 0.053085 -129.797028 -68.598282 146.801315 39.177299 -60.357864 -9.400868 21.547632 -0.496891 -0.164279 -3.824109 19.510742 9.62501 17.636576 -26.322603 52.410896 -19.466703 -14.395657 29.410313 6e-06 -8.774855 9e-06 15.911965 -18.512978 6.427928 -0.60977 -1.795659 -3.889316 -4.807105 -11.046824 -2.937831 -5e-06 -20.976044 -1.6e-05 -5.020007 -25.033625 -4.0319 7e-06 -3e-06 1e-06 -10.634547 -5.686983 -3.56555 10.573292 -17.922956 -3.113923 -2e-06 -13.821222 -1.4e-05 -0.501773 -31.181589 -4.027054 -11.523765 -59.546314 7.597846 -13.982736 -7.15021 -2.874996 13.772761 -8.401484 -3.218265 0.34773 -34.211597 0.771608 -0.963016 -17.733418 2.620988 1e-06 1e-06 -0.0 -17.346472 -20.095245 -4.201711 21.757624 -1.638355 3.866391 -4e-06 -6.33883 -8e-06 -1.697611 -22.591812 -6.194033 -1e-06 -1e-06 -1e-06 56.814316 -72.615036 137.738586 31.42317 -66.032593 -2.962181 28.052891 -0.322511 0.025841 2.09514 13.019265 19.142107 22.182085 -20.375792 49.933128 -16.701864 -16.743572 28.476494 -5e-06 -12.690638 8e-06 15.384576 -17.681669 2.788534 -0.105913 -1.51386 -4.275874 -5.039046 -5.612879 -2.953542 6e-06 -11.020547 -9e-06 -6.111307 -15.895388 -3.840467 -1e-06 1e-06 -1e-06 -10.283381 -5.680297 -4.341815 11.028315 -11.302415 -2.372649 -1.384269 -14.238608 -6.320118 -0.625416 -26.924278 -3.827618 -4.073935 -49.196236 -3.713065 -13.708543 -7.363486 -3.720907 18.141193 -14.052748 -3.242702 1.6e-05 -18.787308 -2e-05 -0.4297 -8.456076 2.555493 0.0 -0.0 -2e-06 -15.923573 -20.094509 -5.473538 30.419287 -7.190821 1.735903 5e-06 -8.162936 -1.7e-05 -1.861891 -22.861546 -6.167985 -1e-06 -5e-06 0.0 -175.280167 -2.462702 -11.074173 5.51583 0.00527 0.260161 -78.620461 -1.193519 -5.826929 -4.083193 1.479226 2.177358 -1.0 -0.0 -0.0 5.567539 -2.881821 -3.744845 5.5913 -0.029921 0.135428 -80.012802 0.277174 -6.489008 -3.982058 0.605534 1.683665 -1.000004 0.0 -0.0 
0.0 0.0 0.0 0.0 -0.0 0.0 -0.291646 99.805664 0.38701 89.758324 0.562089 92.432289 -1.744302 1.152838 -0.013663 -11.314294 -0.231073 -0.493086 15.74764 -1.345677 -2.450285 24.672802 1.766951 2.473655 -2.628374 -0.66459 -0.911293 -34.295368 -0.851823 -1.050794 6e-06 -0.0 -0.0 0.041009 0.015987 0.038414 0.072774 0.012422 0.032853 0.093559 0.015912 0.050279 -129.776443 -68.61467 146.784042 39.119896 -60.353062 -9.352337 21.63208 -0.465496 -0.164729 -3.808737 19.531006 9.601328 17.636669 -26.322855 52.411442 -19.466763 -14.3957 29.410576 1.2e-05 -8.7749 0.0 15.916272 -18.500504 6.414217 -0.609782 -1.795661 -3.889343 -4.807134 -11.046877 -2.93786 -2.2e-05 -20.976185 1e-06 -5.020054 -25.033852 -4.031943 7e-06 1e-06 0.0 -10.634587 -5.687004 -3.565593 10.573326 -17.923044 -3.113919 -1.4e-05 -13.821321 1e-06 -0.501812 -31.18189 -4.02708 -11.507371 -59.536385 7.596968 -13.982786 -7.15024 -2.875044 13.77281 -8.40152 -3.218264 0.347682 -34.211868 0.771675 -0.963069 -17.733582 2.621048 0.0 1e-06 -1e-06 -17.346531 -20.095318 -4.20178 21.757704 -1.63836 3.866448 -8e-06 -6.338875 1e-06 -1.697631 -22.59202 -6.194096 -0.0 -3e-06 -2e-06 56.782066 -72.620903 137.736237 31.379877 -65.996277 -3.129458 28.054615 -0.34265 0.009019 2.14806 13.052153 19.275196 22.182184 -20.375967 49.933517 -16.701885 -16.743584 28.476677 -4e-06 -12.690668 -3e-06 15.365551 -17.65885 2.798609 -0.105922 -1.51386 -4.275895 -5.039062 -5.612896 -2.953574 7e-06 -11.020596 -1e-05 -6.11132 -15.895485 -3.84053 -0.0 -0.0 2e-06 -10.283403 -5.680308 -4.341856 11.028334 -11.302447 -2.372642 -1.384272 -14.238668 -6.320179 -0.625407 -26.924444 -3.82767 -4.084668 -49.164875 -3.683762 -13.708566 -7.363503 -3.720958 18.141216 -14.052794 -3.242691 8e-06 -18.787392 -7e-06 -0.429712 -8.456124 2.555531 0.0 -0.0 0.0 -15.923587 -20.094547 -5.47361 30.419317 -7.190848 1.735938 3e-06 -8.162971 -2e-06 -1.861888 -22.861662 -6.168014 2e-06 -4e-06 2e-06 -175.277939 -2.463757 -11.043924 5.509039 0.003466 0.255099 -78.630516 -1.232612 -5.822452 -4.099277 1.479736 2.177177 -1.000003 0.0 -0.0 5.563486 -2.878858 -3.729573 5.594077 -0.028467 0.125221 -80.002556 0.254863 -6.480242 -3.993491 0.606813 1.683694 -1.000007 -0.0 -0.0 
0.0 0.0 0.0 0.0 -0.0 0.0 -0.292368 99.808876 0.399638 89.758881 0.545049 92.431664 -1.743095 1.146524 -0.005637 -11.315394 -0.234572 -0.486287 15.746615 -1.338655 -2.460769 24.664042 1.803354 2.502473 -2.632832 -0.656238 -0.947552 -34.335957 -0.839887 -1.033024 7e-06 -0.0 -0.0 0.041726 0.015031 0.033234 0.077631 0.010023 0.027927 0.099534 0.016163 0.045064 -129.722565 -68.635483 146.74379 39.107124 -60.348362 -9.389266 21.707428 -0.449261 -0.16246 -3.778243 19.538588 9.649041 17.636694 -26.322832 52.41135 -19.466722 -14.395592 29.410488 -1.1e-05 -8.774838 -8e-06 15.91221 -18.478575 6.412316 -0.609778 -1.79566 -3.889336 -4.807086 -11.046837 -2.937866 3.2e-05 -20.97613 0.0 -5.019948 -25.033749 -4.031902 6e-06 -1e-06 2e-06 -10.634542 -5.686977 -3.565608 10.573303 -17.923023 -3.113904 1.9e-05 -13.821287 6e-06 -0.501735 -31.181801 -4.027026 -11.50097 -59.530788 7.598061 -13.982719 -7.150203 -2.875065 13.772749 -8.401534 -3.21824 0.347779 -34.211777 0.771668 -0.963023 -17.733532 2.621069 1e-06 -2e-06 -0.0 -17.346413 -20.095243 -4.201815 21.757576 -1.638404 3.86645 1e-05 -6.338856 3e-06 -1.697543 -22.591919 -6.194052 0.0 -2e-06 -5e-06 56.789864 -72.632439 137.688263 31.358889 -65.981148 -3.263596 28.082787 -0.34175 -0.007549 2.198502 13.059709 19.365328 22.182159 -20.375937 49.933418 -16.701941 -16.743547 28.476654 -3.5e-05 -12.690639 1e-06 15.364893 -17.638683 2.810739 -0.105917 -1.513862 -4.275894 -5.039042 -5.612895 -2.953571 3.4e-05 -11.020604 -1.8e-05 -6.111263 -15.895483 -3.840519 0.0 0.0 0.0 -10.28338 -5.680294 -4.341854 11.028339 -11.302475 -2.372655 -1.384228 -14.238678 -6.320168 -0.62534 -26.924486 -3.827652 -4.113132 -49.16391 -3.628456 -13.708535 -7.363485 -3.720954 18.141226 -14.052842 -3.242709 6.2e-05 -18.787403 -2.1e-05 -0.429687 -8.456127 2.555521 -0.0 2e-06 -1e-06 -15.923528 -20.094532 -5.473618 30.419275 -7.190907 1.735904 2.4e-05 -8.162978 -1e-05 -1.861813 -22.861691 -6.168012 0.0 -6e-06 2e-06 -175.285797 -2.460255 -11.005589 5.499607 -0.000949 0.256502 -78.62719 -1.272031 -5.807598 -4.135557 1.480984 2.176195 -1.000001 0.0 -0.0 5.548993 -2.882525 -3.725615 5.595277 -0.027402 0.117579 -79.992393 0.237665 -6.480351 -4.042356 0.60988 1.684607 -1.000001 -0.0 0.0 
0.0 0.0 0.0 0.0 -0.0 0.0 -0.300308 99.810547 0.406444 89.763824 0.521192 92.427589 -1.741693 1.143469 0.001593 -11.321257 -0.241471 -0.479908 15.749438 -1.336256 -2.472112 24.643198 1.843427 2.522255 -2.637143 -0.662237 -0.954907 -34.361546 -0.831202 -1.030508 6e-06 -0.0 -0.0 0.040278 0.014349 0.028488 0.07762 0.0093 0.022538 0.100474 0.015253 0.041174 -129.639664 -68.653458 146.666855 39.12661 -60.337975 -9.450657 21.75234 -0.456511 -0.158852 -3.73953 19.534594 9.726279 17.636608 -26.322618 52.410976 -19.466648 -14.395481 29.410295 -1.9e-05 -8.774771 -1.1e-05 15.910205 -18.46921 6.421942 -0.609774 -1.79565 -3.889314 -4.807045 -11.046787 -2.937856 4.8e-05 -20.976004 -1.7e-05 -5.019873 -25.03356 -4.031871 7e-06 -3e-06 0.0 -10.634473 -5.686948 -3.565589 10.573241 -17.922945 -3.113899 3.3e-05 -13.821208 -7e-06 -0.501685 -31.181555 -4.027009 -11.523726 -59.54882 7.619351 -13.982638 -7.150169 -2.875051 13.772662 -8.401506 -3.218228 0.347821 -34.211555 0.771616 -0.962989 -17.73341 2.621032 -0.0 1e-06 -2e-06 -17.3463 -20.095156 -4.201797 21.757433 -1.638403 3.866418 1.5e-05 -6.33882 -5e-06 -1.697499 -22.591772 -6.194023 -0.0 -3e-06 -3e-06 56.831108 -72.653 137.616882 31.367357 -65.979752 -3.348608 28.150026 -0.319095 -0.01667 2.226454 13.06309 19.4021 22.182022 -20.375811 49.933117 -16.701759 -16.743416 28.476414 -2.5e-05 -12.690516 1e-06 15.365378 -17.631191 2.828825 -0.105918 -1.51385 -4.275866 -5.039004 -5.612849 -2.953549 2.2e-05 -11.020502 -3e-06 -6.111221 -15.895314 -3.840466 -0.0 1e-06 -1e-06 -10.283315 -5.680258 -4.341829 11.028239 -11.302382 -2.372621 -1.384231 -14.23854 -6.3201 -0.62538 -26.924156 -3.827584 -4.126889 -49.183784 -3.579812 -13.708446 -7.363437 -3.720938 18.141056 -14.052719 -3.242659 4.1e-05 -18.787233 -4e-06 -0.429693 -8.456044 2.555502 0.0 2e-06 3e-06 -15.923424 -20.094395 -5.473578 30.41902 -7.190835 1.735908 1.5e-05 -8.162904 -5e-06 -1.861827 -22.861439 -6.167918 2e-06 -4e-06 -1e-06 -175.302841 -2.452108 -10.978384 5.485418 -0.001807 0.258337 -78.62484 -1.321717 -5.801199 -4.162992 1.48448 2.17593 -0.999998 -1e-06 0.0 5.522037 -2.888542 -3.719005 5.594498 -0.029238 0.118584 -79.97393 0.213147 -6.481862 -4.074321 0.613819 1.686297 -0.999999 -0.0 0.0 
0.0 0.0 0.0 0.0 -0.0 0.0 -0.310161 99.811569 0.406111 89.77079 0.493451 92.426682 -1.740505 1.141312 0.00479 -11.327874 -0.250899 -0.474455 15.754688 -1.339718 -2.479497 24.616198 1.89235 2.537976 -2.643759 -0.671833 -0.944764 -34.374271 -0.829816 -1.042197 6e-06 0.0 -0.0 0.036529 0.014629 0.027847 0.077725 0.009215 0.02196 0.101026 0.015617 0.040776 -129.567673 -68.669464 146.583588 39.134369 -60.324921 -9.446799 21.782209 -0.456527 -0.151967 -3.738366 19.512907 9.710847 17.63669 -26.322805 52.411312 -19.466732 -14.395623 29.410484 -6e-06 -8.774855 -1e-05 15.897717 -18.462723 6.438114 -0.609778 -1.795659 -3.889336 -4.807096 -11.046843 -2.937864 2.4e-05 -20.976118 -7e-06 -5.019964 -25.033726 -4.031911 7e-06 1e-06 -1e-06 -10.634552 -5.68698 -3.565599 10.573313 -17.923019 -3.113913 1.5e-05 -13.821279 2e-06 -0.501743 -31.181753 -4.027037 -11.542393 -59.566566 7.639222 -13.982737 -7.15021 -2.875054 13.772768 -8.401524 -3.218248 0.347761 -34.211735 0.771658 -0.96303 -17.7335 2.621055 1e-06 0.0 -2e-06 -17.346447 -20.095264 -4.201799 21.757618 -1.638393 3.866443 8e-06 -6.338854 2e-06 -1.697568 -22.591908 -6.194056 0.0 -2e-06 -3e-06 56.882885 -72.672958 137.546234 31.394783 -65.993469 -3.436552 28.234846 -0.30078 -0.021243 2.231128 13.070045 19.412462 22.182159 -20.375956 49.933434 -16.701893 -16.743559 28.476639 -1.9e-05 -12.690639 1e-06 15.352775 -17.636135 2.846711 -0.10592 -1.513861 -4.27589 -5.039047 -5.612888 -2.953569 1.8e-05 -11.020585 -6e-06 -6.11129 -15.895455 -3.84051 0.0 -0.0 -0.0 -10.283388 -5.680296 -4.341851 11.02833 -11.302454 -2.372644 -1.384251 -14.238659 -6.320159 -0.625393 -26.924431 -3.827636 -4.122269 -49.20182 -3.566018 -13.708545 -7.363485 -3.720952 18.141205 -14.052804 -3.24269 2.7e-05 -18.787369 0.0 -0.429704 -8.456113 2.555525 0.0 -0.0 1e-06 -15.92355 -20.094526 -5.473607 30.419271 -7.19087 1.735918 1.1e-05 -8.162967 -1e-06 -1.861867 -22.861643 -6.167982 1e-06 -3e-06 1e-06 -175.330109 -2.442459 -10.962484 5.476762 0.001046 0.262709 -78.614792 -1.363503 -5.794984 -4.175302 1.489596 2.177441 -0.999998 -1e-06 0.0 5.48721 -2.894751 -3.720505 5.597484 -0.032264 0.122808 -79.948509 0.198826 -6.484435 -4.087251 0.618849 1.687851 -1.000002 0.0 0.0 
0.0 0.0 0.0 0.0 -0.0 0.0 -0.318548 99.816933 0.398697 89.776016 0.468811 92.425995 -1.729416 1.138684 0.004892 -11.332318 -0.256591 -0.472049 15.751648 -1.348248 -2.47798 24.57955 1.940054 2.551591 -2.646654 -0.674178 -0.929267 -34.393814 -0.835151 -1.059197 6e-06 -0.0 -0.0 0.033422 0.016358 0.034305 0.082501 0.010929 0.029473 0.106601 0.017035 0.046382 -129.546021 -68.680313 146.543015 39.116188 -60.311283 -9.400639 21.78668 -0.44086 -0.149602 -3.755209 19.486572 9.603341 17.636747 -26.322958 52.411594 -19.466902 -14.39573 29.410709 -1e-06 -8.774937 -2e-06 15.869378 -18.451225 6.454679 -0.609781 -1.795672 -3.889358 -4.80714 -11.046935 -2.937883 1.2e-05 -20.97633 -1.2e-05 -5.020027 -25.034046 -4.031972 7e-06 0.0 -1e-06 -10.634619 -5.687025 -3.56561 10.573392 -17.923157 -3.113949 5e-06 -13.821409 -4e-06 -0.501757 -31.182142 -4.027116 -11.525684 -59.571594 7.643307 -13.982826 -7.150263 -2.875057 13.772873 -8.401584 -3.218284 0.347752 -34.212112 0.771646 -0.96304 -17.733711 2.621067 -0.0 0.0 -0.0 -17.346569 -20.095402 -4.201801 21.75778 -1.63839 3.866461 2e-06 -6.338912 -3e-06 -1.697592 -22.592171 -6.194146 0.0 -3e-06 -4e-06 56.907169 -72.687424 137.507751 31.393724 -66.017479 -3.499249 28.322409 -0.295611 -0.023729 2.223371 13.07255 19.411726 22.182251 -20.376032 49.933617 -16.702003 -16.743654 28.476782 -1.7e-05 -12.690723 3e-06 15.328596 -17.649572 2.85807 -0.105917 -1.513868 -4.275906 -5.039077 -5.612926 -2.953578 1.6e-05 -11.020671 -7e-06 -6.11135 -15.895597 -3.840524 0.0 0.0 -2e-06 -10.283434 -5.680328 -4.341861 11.02839 -11.302523 -2.372662 -1.384263 -14.238765 -6.320198 -0.625399 -26.924669 -3.827672 -4.106992 -49.20499 -3.587004 -13.708611 -7.363527 -3.720959 18.141315 -14.052888 -3.242719 2.7e-05 -18.787518 -1.1e-05 -0.429707 -8.456184 2.555537 1e-06 -0.0 2e-06 -15.923638 -20.094639 -5.473612 30.41946 -7.190908 1.735926 1e-05 -8.163028 -9e-06 -1.861879 -22.861862 -6.168048 1e-06 -4e-06 0.0 -175.358444 -2.435002 -10.962531 5.472508 0.004748 0.268273 -78.6026 -1.386994 -5.791684 -4.176668 1.496054 2.179741 -1.0 -0.0 -0.0 5.454551 -2.897243 -3.726428 5.604134 -0.036232 0.127227 -79.927757 0.196735 -6.474851 -4.079623 0.626058 1.690531 -1.000004 0.0 -0.0 
0.0 0.0 0.0 0.0 -0.0 0.0 -0.323151 99.822632 0.383684 89.778831 0.44265 92.423431 -1.710459 1.136356 0.00847 -11.328039 -0.257326 -0.471275 15.735307 -1.35722 -2.465697 24.529318 1.974938 2.570377 -2.645958 -0.674382 -0.933083 -34.399002 -0.826587 -1.092519 7e-06 -0.0 0.0 0.032544 0.018299 0.041712 0.088245 0.012674 0.037645 0.114333 0.01884 0.053017 -129.602448 -68.683281 146.567749 39.044521 -60.294369 -9.350927 21.78706 -0.422686 -0.149105 -3.763876 19.455858 9.482819 17.636633 -26.322805 52.411293 -19.466688 -14.395628 29.410454 -3e-06 -8.774841 -1e-06 15.83403 -18.433643 6.461652 -0.609776 -1.795653 -3.88933 -4.80709 -11.046824 -2.93785 1e-05 -20.976076 8e-06 -5.01998 -25.033672 -4.03188 7e-06 2e-06 2e-06 -10.63454 -5.686974 -3.565591 10.573292 -17.922983 -3.113905 5e-06 -13.821255 1e-05 -0.501778 -31.181696 -4.027011 -11.487228 -59.565521 7.632099 -13.98272 -7.1502 -2.875044 13.772747 -8.401505 -3.218249 0.347728 -34.211674 0.771685 -0.963046 -17.733473 2.621054 -0.0 2e-06 -1e-06 -17.346424 -20.095228 -4.201784 21.757582 -1.638379 3.866426 1e-06 -6.338842 5e-06 -1.697585 -22.591856 -6.194024 -0.0 -3e-06 -3e-06 56.907696 -72.704704 137.499527 31.385454 -66.030983 -3.515636 28.390654 -0.300289 -0.025274 2.200005 13.08102 19.388136 22.182138 -20.375904 49.933342 -16.701784 -16.74353 28.476524 4e-06 -12.690618 -7e-06 15.314489 -17.670357 2.854265 -0.105921 -1.513854 -4.275879 -5.039045 -5.612868 -2.953557 3e-06 -11.02053 2e-06 -6.111313 -15.895377 -3.84049 -0.0 -0.0 1e-06 -10.283373 -5.680285 -4.341841 11.028289 -11.302389 -2.372622 -1.384277 -14.238575 -6.320126 -0.625438 -26.924215 -3.827615 -4.093661 -49.189579 -3.630322 -13.708527 -7.36347 -3.720943 18.141146 -14.052725 -3.242661 -2e-06 -18.787275 7e-06 -0.429714 -8.45606 2.555514 3e-06 -1e-06 0.0 -15.923543 -20.094467 -5.47359 30.419218 -7.190815 1.735947 2e-06 -8.16293 3e-06 -1.861912 -22.861517 -6.167956 -0.0 -2e-06 -1e-06 -175.390686 -2.426554 -10.970018 5.467682 0.007513 0.270016 -78.591774 -1.386928 -5.79654 -4.168167 1.498928 2.180934 -1.000001 -0.0 0.0 5.414958 -2.897946 -3.732508 5.616446 -0.037636 0.131585 -79.916626 0.199838 -6.458536 -4.06925 0.628719 1.691845 -1.000002 0.0 0.0 
0.0 0.0 0.0 0.0 -0.0 0.0 -0.32917 99.82917 0.365746 89.780495 0.421044 92.429314 -1.686543 1.137287 0.009541 -11.319051 -0.254394 -0.468012 15.716184 -1.369473 -2.448621 24.480513 1.992331 2.578908 -2.642927 -0.674486 -0.937755 -34.399002 -0.812675 -1.126606 5e-06 0.0 -0.0 0.032816 0.018994 0.043087 0.091874 0.013865 0.039745 0.119909 0.018799 0.053296 -129.666168 -68.690468 146.626709 39.001011 -60.259201 -9.340493 21.782463 -0.413435 -0.152308 -3.765068 19.425772 9.393359 17.636774 -26.323009 52.411621 -19.466856 -14.395736 29.410679 -5e-06 -8.774925 -3e-06 15.809794 -18.422497 6.460423 -0.60978 -1.795665 -3.889356 -4.80713 -11.046911 -2.93787 1.4e-05 -20.976282 1.4e-05 -5.020038 -25.03396 -4.031923 7e-06 -2e-06 0.0 -10.634615 -5.687009 -3.565613 10.573385 -17.923126 -3.113929 7e-06 -13.821378 1.3e-05 -0.501778 -31.18203 -4.027046 -11.471225 -59.553062 7.627009 -13.982819 -7.150246 -2.875059 13.772863 -8.401575 -3.218272 0.34774 -34.212029 0.771701 -0.963054 -17.733662 2.62109 1e-06 -2e-06 -0.0 -17.346552 -20.095364 -4.201803 21.757757 -1.638402 3.866461 4e-06 -6.338899 6e-06 -1.697599 -22.592091 -6.194086 -0.0 -2e-06 -3e-06 56.91124 -72.7202 137.509109 31.417191 -66.032158 -3.495849 28.434811 -0.294465 -0.014964 2.154537 13.084995 19.34374 22.182238 -20.376015 49.933586 -16.701982 -16.743647 28.476742 -1e-05 -12.69071 4e-06 15.324954 -17.689735 2.837791 -0.105917 -1.51387 -4.275904 -5.039075 -5.61292 -2.953577 1.1e-05 -11.020638 -6e-06 -6.111344 -15.895539 -3.840512 0.0 0.0 0.0 -10.283432 -5.680328 -4.341858 11.02838 -11.302504 -2.37266 -1.384266 -14.238727 -6.320183 -0.625407 -26.924547 -3.827665 -4.082813 -49.175213 -3.668628 -13.708609 -7.363528 -3.720951 18.141293 -14.052861 -3.242718 1.8e-05 -18.787464 -1.2e-05 -0.429708 -8.456146 2.555526 1e-06 1e-06 1e-06 -15.92364 -20.094633 -5.473605 30.419439 -7.19089 1.735919 8e-06 -8.163005 -9e-06 -1.861884 -22.861778 -6.168035 -0.0 -4e-06 1e-06 -175.420349 -2.418212 -10.967558 5.464745 0.009947 0.261288 -78.591499 -1.377942 -5.788393 -4.152676 1.50081 2.180906 -1.000001 -0.0 0.0 5.377405 -2.898968 -3.738537 5.635954 -0.036662 0.141892 -79.907547 0.186432 -6.436784 -4.066078 0.626101 1.692117 -1.000004 0.0 0.0 
0.0 0.0 0.0 0.0 -0.0 0.0 -0.333794 99.835541 0.353069 89.784401 0.404106 92.456963 -1.660475 1.137805 0.006772 -11.308335 -0.250095 -0.456906 15.697824 -1.380631 -2.426931 24.446356 2.000647 2.586126 -2.639819 -0.681398 -0.959258 -34.416397 -0.806552 -1.161555 6e-06 0.0 0.0 0.034245 0.01853 0.03973 0.093235 0.014606 0.036639 0.121707 0.017075 0.049474 -129.707047 -68.709167 146.685181 39.010941 -60.222641 -9.38149 21.77705 -0.419149 -0.16124 -3.753277 19.403837 9.394382 17.636719 -26.322828 52.411343 -19.466745 -14.395665 29.410498 0.0 -8.774876 -8e-06 15.810455 -18.415438 6.451096 -0.609778 -1.79566 -3.889339 -4.807113 -11.046855 -2.937863 1e-05 -20.976133 2e-06 -5.019994 -25.033741 -4.031911 6e-06 -3e-06 1e-06 -10.634579 -5.686993 -3.565594 10.573326 -17.923023 -3.113912 7e-06 -13.821282 4e-06 -0.501767 -31.181744 -4.027038 -11.469911 -59.555187 7.625943 -13.982774 -7.150227 -2.875047 13.772796 -8.401524 -3.218254 0.347739 -34.211769 0.771672 -0.963038 -17.733517 2.621055 1e-06 1e-06 -1e-06 -17.346502 -20.095295 -4.201784 21.757668 -1.638385 3.86645 4e-06 -6.338859 4e-06 -1.697589 -22.591925 -6.194059 0.0 -3e-06 -3e-06 56.930428 -72.728256 137.498917 31.454527 -66.028046 -3.440893 28.450603 -0.284436 -0.002056 2.109536 13.067545 19.325548 22.182245 -20.376019 49.933617 -16.701977 -16.743687 28.476774 3e-06 -12.690745 5e-06 15.357375 -17.704227 2.815347 -0.10592 -1.513868 -4.275909 -5.039089 -5.612926 -2.953574 -3e-06 -11.020642 -9e-06 -6.111383 -15.895563 -3.840531 -0.0 1e-06 1e-06 -10.283451 -5.680336 -4.341857 11.02839 -11.302492 -2.372662 -1.384288 -14.238735 -6.320194 -0.625435 -26.924562 -3.82769 -4.084737 -49.172344 -3.682867 -13.708631 -7.363538 -3.720951 18.14131 -14.052841 -3.242718 -1e-06 -18.787466 -1.3e-05 -0.429717 -8.45615 2.555527 -1e-06 1e-06 2e-06 -15.923679 -20.094648 -5.4736 30.4195 -7.190862 1.735929 -0.0 -8.163003 -1.1e-05 -1.861925 -22.86178 -6.168056 0.0 -3e-06 -3e-06 -175.451126 -2.409023 -10.945097 5.465792 0.011269 0.244799 -78.594185 -1.36231 -5.761569 -4.133657 1.499174 2.180133 -1.000002 0.0 1e-06 5.348244 -2.902288 -3.747471 5.655845 -0.030943 0.146334 -79.90416 0.150929 -6.419565 -4.073665 0.625309 1.693354 -1.000003 0.0 -0.0 
0.0 0.0 0.0 0.0 -0.0 0.0 -0.334659 99.84053 0.348685 89.792953 0.384829 92.490692 -1.637508 1.133458 0.003501 -11.302169 -0.244976 -0.439677 15.680747 -1.39198 -2.413879 24.426718 2.00398 2.576567 -2.636274 -0.687099 -0.966142 -34.44146 -0.804778 -1.184426 5e-06 -0.0 0.0 0.037353 0.017345 0.034375 0.097073 0.015027 0.031198 0.12487 0.014344 0.044292 -129.72171 -68.731392 146.740051 39.06937 -60.185921 -9.461245 21.762907 -0.429994 -0.17008 -3.717483 19.38493 9.459477 17.636656 -26.32276 52.411182 -19.466761 -14.395591 29.41045 -1.9e-05 -8.774836 -3e-06 15.834145 -18.421413 6.433586 -0.609773 -1.795662 -3.889332 -4.807072 -11.046851 -2.937862 4.6e-05 -20.976149 -1.1e-05 -5.019929 -25.033772 -4.031886 6e-06 -0.0 1e-06 -10.634525 -5.686979 -3.565593 10.573313 -17.923048 -3.113924 3.1e-05 -13.821295 -5e-06 -0.5017 -31.181805 -4.027027 -11.469588 -59.557175 7.619255 -13.982703 -7.1502 -2.87505 13.772747 -8.40155 -3.218252 0.347811 -34.2118 0.771634 -0.963002 -17.733534 2.62105 0.0 -1e-06 -3e-06 -17.346382 -20.095255 -4.201796 21.757557 -1.63841 3.866424 1.4e-05 -6.338862 -2e-06 -1.697525 -22.591953 -6.194054 -0.0 -4e-06 -4e-06 56.938942 -72.720428 137.49823 31.487675 -66.012573 -3.373148 28.436977 -0.272443 0.010662 2.090193 13.04885 19.313826 22.182137 -20.3759 49.933338 -16.701935 -16.743513 28.476614 -3.9e-05 -12.690612 2e-06 15.37573 -17.695324 2.802097 -0.105915 -1.513864 -4.275889 -5.03903 -5.612885 -2.953568 3.5e-05 -11.020591 -1.8e-05 -6.111248 -15.895453 -3.840504 0.0 -0.0 0.0 -10.283364 -5.680291 -4.34185 11.028328 -11.302477 -2.372656 -1.384222 -14.238667 -6.320161 -0.625339 -26.924452 -3.827644 -4.096976 -49.157387 -3.679504 -13.708516 -7.363473 -3.720951 18.141197 -14.052834 -3.242708 6.7e-05 -18.787373 -2.1e-05 -0.429685 -8.456109 2.555515 1e-06 -1e-06 2e-06 -15.9235 -20.094517 -5.473611 30.419228 -7.190915 1.735894 2.8e-05 -8.162968 -1.3e-05 -1.861798 -22.861654 -6.167996 2e-06 -4e-06 0.0 -175.485443 -2.39791 -10.912552 5.464896 0.011254 0.229461 -78.592361 -1.345354 -5.728874 -4.124579 1.493835 2.178336 -0.999995 -0.0 0.0 5.322823 -2.913511 -3.752996 5.6629 -0.024738 0.146088 -79.902756 0.113242 -6.40134 -4.089822 0.626966 1.694841 -1.000001 -0.0 0.0 
0.0 0.0 0.0 0.0 -0.0 0.0 -0.329796 99.840965 0.345008 89.808083 0.356887 92.530403 -1.626896 1.125103 0.001528 -11.299307 -0.242732 -0.422763 15.669662 -1.402841 -2.409543 24.417465 1.990728 2.55915 -2.641304 -0.684365 -0.950938 -34.455685 -0.79815 -1.196008 6e-06 -0.0 0.0 0.038876 0.016391 0.033149 0.098411 0.015976 0.030195 0.125377 0.011483 0.042776 -129.713211 -68.743195 146.767624 39.127926 -60.152287 -9.544552 21.764883 -0.456933 -0.177629 -3.679467 19.3736 9.567294 17.636637 -26.322687 52.411087 -19.46673 -14.395541 29.410389 -1.6e-05 -8.774814 -6e-06 15.848117 -18.425495 6.425271 -0.609773 -1.795659 -3.889323 -4.807066 -11.046833 -2.937862 4.1e-05 -20.976118 -2e-05 -5.019913 -25.033733 -4.031895 6e-06 3e-06 -0.0 -10.634506 -5.68697 -3.56559 10.573279 -17.923012 -3.113917 2.9e-05 -13.821274 -1.2e-05 -0.501688 -31.18177 -4.02705 -11.466687 -59.5532 7.609507 -13.982679 -7.150196 -2.875049 13.772717 -8.401535 -3.218245 0.347811 -34.211754 0.771608 -0.962991 -17.73353 2.621029 -1e-06 0.0 -3e-06 -17.346355 -20.095226 -4.201795 21.757513 -1.638399 3.866426 1.3e-05 -6.33885 -8e-06 -1.697518 -22.591911 -6.194064 -0.0 -4e-06 -3e-06 56.921631 -72.708481 137.51973 31.490988 -65.988853 -3.267017 28.412081 -0.255844 0.017131 2.077872 13.001634 19.284363 22.182053 -20.375818 49.933163 -16.701815 -16.743464 28.476452 -2.7e-05 -12.690551 4e-06 15.383096 -17.673204 2.800272 -0.105917 -1.513857 -4.275872 -5.039012 -5.612851 -2.953548 2.7e-05 -11.020495 -1.5e-05 -6.111227 -15.895289 -3.840473 0.0 0.0 0.0 -10.283334 -5.680264 -4.341829 11.028271 -11.302389 -2.372638 -1.384229 -14.238536 -6.320112 -0.625356 -26.924122 -3.827608 -4.110806 -49.126701 -3.676471 -13.708477 -7.363447 -3.720936 18.141111 -14.052731 -3.242684 4.7e-05 -18.787222 -1.6e-05 -0.429691 -8.456032 2.555498 -1e-06 -1e-06 1e-06 -15.923456 -20.094425 -5.473587 30.419115 -7.190848 1.735897 1.8e-05 -8.1629 -7e-06 -1.86183 -22.861403 -6.167938 -1e-06 -3e-06 -1e-06 -175.530655 -2.383189 -10.88983 5.465431 0.009217 0.223233 -78.57386 -1.319432 -5.703887 -4.118872 1.49123 2.177327 -0.999999 0.0 0.0 5.294803 -2.93641 -3.766615 5.654112 -0.021098 0.144361 -79.906609 0.089094 -6.39821 -4.092878 0.625867 1.69547 -1.0 -0.0 0.0 
0.0 0.0 0.0 0.0 -0.0 0.0 -0.313584 99.835114 0.338229 89.824196 0.331575 92.585205 -1.624736 1.114676 0.003635 -11.297621 -0.238688 -0.403641 15.666774 -1.407465 -2.421686 24.403337 1.959771 2.550234 -2.648667 -0.671908 -0.942212 -34.444897 -0.791167 -1.207131 6e-06 0.0 0.0 0.037865 0.016121 0.03527 0.095369 0.018152 0.032075 0.120706 0.008816 0.045005 -129.727676 -68.739822 146.791214 39.137383 -60.142799 -9.572103 21.771713 -0.469883 -0.179968 -3.630898 19.37602 9.65406 17.636652 -26.322803 52.411293 -19.466755 -14.395596 29.41048 -1.4e-05 -8.774834 -2e-06 15.859746 -18.436367 6.428216 -0.609775 -1.795661 -3.889335 -4.807079 -11.046853 -2.937861 3.2e-05 -20.976152 -7e-06 -5.019948 -25.033773 -4.031895 6e-06 1e-06 1e-06 -10.634529 -5.686981 -3.565599 10.573303 -17.92304 -3.113919 2.1e-05 -13.821295 -0.0 -0.501725 -31.181791 -4.02703 -11.476027 -59.55085 7.615227 -13.982707 -7.150206 -2.875056 13.772741 -8.40154 -3.218249 0.34778 -34.211788 0.771647 -0.963019 -17.733532 2.621051 0.0 1e-06 -2e-06 -17.346395 -20.095264 -4.201803 21.757559 -1.6384 3.866427 1.2e-05 -6.338861 -2e-06 -1.697534 -22.591944 -6.194056 -0.0 -3e-06 -2e-06 56.892258 -72.707726 137.5495 31.48501 -65.965401 -3.162484 28.350611 -0.247221 0.017473 2.07557 12.962843 19.309097 22.182074 -20.375877 49.933273 -16.701855 -16.743477 28.47653 -4.3e-05 -12.690562 7e-06 15.391507 -17.653803 2.799531 -0.105918 -1.513858 -4.275878 -5.039012 -5.612857 -2.953561 3.9e-05 -11.02053 -1.2e-05 -6.111212 -15.895345 -3.840483 -0.0 0.0 -0.0 -10.283338 -5.680268 -4.341844 11.028288 -11.302423 -2.37264 -1.38421 -14.238578 -6.320127 -0.625329 -26.924255 -3.827598 -4.116545 -49.103203 -3.676337 -13.708481 -7.363445 -3.720948 18.14114 -14.052776 -3.242692 6.7e-05 -18.787281 -1e-05 -0.429685 -8.456067 2.55551 2e-06 1e-06 1e-06 -15.923456 -20.09444 -5.473607 30.419128 -7.190885 1.73589 2.5e-05 -8.162929 -2e-06 -1.861803 -22.861507 -6.167941 2e-06 -7e-06 2e-06 -175.572739 -2.367656 -10.869697 5.462852 0.008195 0.223594 -78.55162 -1.300382 -5.68746 -4.112076 1.488467 2.176435 -1.0 -0.0 0.0 5.273587 -2.957479 -3.767541 5.638708 -0.019106 0.1332 -79.918381 0.053147 -6.415373 -4.078574 0.623326 1.695364 -1.000005 0.0 0.0 
0.0 0.0 0.0 0.0 -0.0 0.0 -0.293346 99.834175 0.326984 89.833473 0.315925 92.643898 -1.622903 1.11129 0.009933 -11.297087 -0.234977 -0.389675 15.66856 -1.410643 -2.442482 24.380777 1.929672 2.553644 -2.649455 -0.645583 -0.947117 -34.408215 -0.799961 -1.211623 6e-06 -0.0 0.0 0.037646 0.01751 0.041597 0.097305 0.020974 0.03862 0.121797 0.008877 0.050901 -129.74942 -68.719666 146.799545 39.093796 -60.149208 -9.554899 21.792274 -0.473182 -0.174116 -3.59556 19.378172 9.660452 17.636545 -26.322609 52.410961 -19.466419 -14.395493 29.41017 5e-06 -8.774745 -1e-05 15.862775 -18.448339 6.433551 -0.609778 -1.795638 -3.889304 -4.807058 -11.046702 -2.937824 -1.3e-05 -20.975798 3.3e-05 -5.019938 -25.033289 -4.031835 5e-06 0.0 1e-06 -10.634471 -5.686925 -3.565573 10.573165 -17.922775 -3.113841 -8e-06 -13.821074 2.6e-05 -0.501818 -31.181177 -4.026923 -11.501181 -59.545944 7.639949 -13.98263 -7.150146 -2.875036 13.772611 -8.401406 -3.218192 0.347676 -34.211189 0.771727 -0.963061 -17.733212 2.62104 2e-06 -0.0 -1e-06 -17.346312 -20.095055 -4.201771 21.757389 -1.638358 3.866421 -1e-06 -6.338767 1.4e-05 -1.697599 -22.591522 -6.193926 1e-06 -4e-06 -3e-06 56.861042 -72.717102 137.595978 31.526583 -65.94175 -3.13513 28.270327 -0.239975 0.019353 2.054602 12.937243 19.354914 22.182045 -20.375843 49.933193 -16.701719 -16.743509 28.476448 9e-06 -12.690582 3e-06 15.406075 -17.639568 2.788209 -0.105921 -1.513848 -4.275869 -5.039035 -5.612854 -2.953542 -6e-06 -11.020495 4e-06 -6.111306 -15.895326 -3.840469 0.0 -1e-06 -0.0 -10.283349 -5.680275 -4.341823 11.028255 -11.30235 -2.372616 -1.384281 -14.238538 -6.320107 -0.625458 -26.92415 -3.827601 -4.103361 -49.080536 -3.691882 -13.708498 -7.36346 -3.720925 18.141088 -14.052672 -3.242653 -1.8e-05 -18.787224 1e-05 -0.429721 -8.456045 2.555509 1e-06 1e-06 4e-06 -15.923517 -20.094418 -5.473557 30.41914 -7.190766 1.735935 -7e-06 -8.162905 5e-06 -1.861929 -22.86145 -6.167932 1e-06 -6e-06 0.0 -175.601395 -2.356315 -10.835419 5.452991 0.008387 0.218658 -78.529121 -1.288209 -5.670422 -4.102667 1.487478 2.175627 -0.999999 -0.0 0.0 5.265652 -2.968564 -3.761454 5.621592 -0.019563 0.120171 -79.925728 0.004432 -6.446841 -4.055735 0.618257 1.694109 -1.000001 -0.0 -0.0 
0.0 0.0 0.0 0.0 -0.0 0.0 -0.279492 99.839737 0.307344 89.836861 0.309358 92.69043 -1.617958 1.117537 0.018457 -11.297206 -0.230155 -0.38175 15.670895 -1.416471 -2.454014 24.356474 1.906306 2.551876 -2.646084 -0.627442 -0.936284 -34.336544 -0.815455 -1.212574 6e-06 -0.0 -0.0 0.037438 0.019181 0.048781 0.101167 0.022135 0.046787 0.126428 0.011117 0.056882 -129.785431 -68.68428 146.803207 39.017799 -60.155224 -9.514773 21.829277 -0.473704 -0.164965 -3.574677 19.381784 9.656694 17.636721 -26.322821 52.411232 -19.466928 -14.395578 29.41054 -4.8e-05 -8.774839 -3e-06 15.86849 -18.46517 6.434556 -0.609769 -1.795673 -3.889341 -4.807045 -11.046898 -2.937882 0.000112 -20.976282 -3.4e-05 -5.019851 -25.033918 -4.031883 5e-06 0.0 2e-06 -10.634521 -5.686976 -3.565608 10.573373 -17.923168 -3.11396 7.5e-05 -13.821377 -1.6e-05 -0.501589 -31.182024 -4.02704 -11.532409 -59.545849 7.668983 -13.982697 -7.150203 -2.875066 13.772773 -8.401628 -3.218271 0.34794 -34.212017 0.771575 -0.962945 -17.733646 2.621061 0.0 -0.0 -2e-06 -17.34635 -20.095312 -4.201826 21.757565 -1.638465 3.866419 3.3e-05 -6.338896 -1.2e-05 -1.697429 -22.592081 -6.194092 -0.0 -2e-06 -3e-06 56.8274 -72.736847 137.655228 31.580336 -65.91021 -3.134167 28.19561 -0.229885 0.026946 2.021024 12.921424 19.351809 22.182138 -20.375895 49.933323 -16.702051 -16.743546 28.476665 -6.5e-05 -12.690639 1.2e-05 15.421716 -17.64179 2.772012 -0.105911 -1.513874 -4.275893 -5.039025 -5.612897 -2.953572 5.5e-05 -11.020627 -3.1e-05 -6.111228 -15.895498 -3.840505 -0.0 -0.0 0.0 -10.283365 -5.68029 -4.34185 11.028364 -11.302524 -2.37268 -1.384193 -14.238708 -6.320168 -0.625282 -26.924547 -3.827655 -4.093392 -49.065655 -3.70234 -13.708519 -7.363475 -3.720953 18.14126 -14.052911 -3.242746 0.000108 -18.787439 -4.9e-05 -0.429665 -8.456141 2.55551 -1e-06 1e-06 2e-06 -15.923485 -20.094549 -5.473619 30.419287 -7.190976 1.735855 4.2e-05 -8.162988 -2.5e-05 -1.861747 -22.8617 -6.168031 -0.0 -5e-06 -4e-06 -175.61824 -2.348143 -10.801333 5.445231 0.008736 0.208168 -78.501877 -1.280002 -5.646729 -4.094334 1.48633 2.174859 -1.000002 0.0 0.0 5.264665 -2.972775 -3.760394 5.611487 -0.020164 0.113251 -79.92099 -0.048285 -6.475384 -4.038981 0.611986 1.692297 -1.000005 -0.0 0.0 
0.0 0.0 0.0 0.0 -0.0 0.0 -0.273619 99.845406 0.292229 89.83847 0.311912 92.735176 -1.611128 1.132573 0.032077 -11.298765 -0.224802 -0.371876 15.671895 -1.425201 -2.453581 24.345589 1.884559 2.543105 -2.642831 -0.623946 -0.906176 -34.249142 -0.829979 -1.218025 7e-06 -0.0 0.0 0.038777 0.020224 0.052182 0.100707 0.021063 0.050991 0.127646 0.014367 0.05965 -129.870468 -68.648308 146.851135 38.926727 -60.160675 -9.50654 21.8773 -0.48227 -0.165774 -3.536652 19.404753 9.740076 17.636576 -26.322664 52.41114 -19.466524 -14.395626 29.410311 2.2e-05 -8.774828 -3e-06 15.875375 -18.482157 6.43944 -0.60978 -1.795642 -3.889318 -4.807113 -11.046755 -2.937831 -3.7e-05 -20.975883 9e-06 -5.020014 -25.033417 -4.031912 7e-06 -5e-06 1e-06 -10.634542 -5.686965 -3.565573 10.573232 -17.922823 -3.113874 -2.7e-05 -13.821126 1.1e-05 -0.501845 -31.181324 -4.027017 -11.548052 -59.550652 7.693626 -13.982725 -7.150187 -2.875025 13.772712 -8.401415 -3.218228 0.347641 -34.211315 0.771699 -0.96307 -17.733269 2.621017 -0.0 1e-06 -0.0 -17.346458 -20.095154 -4.201752 21.757572 -1.638333 3.866428 -1.2e-05 -6.338788 8e-06 -1.697655 -22.591619 -6.193991 -0.0 -1e-06 -4e-06 56.81617 -72.760094 137.69194 31.628851 -65.881828 -3.152216 28.156132 -0.216009 0.03214 1.990293 12.935288 19.355503 22.182114 -20.375898 49.933334 -16.701729 -16.743574 28.476509 3e-05 -12.69063 4e-06 15.436414 -17.658646 2.766941 -0.105924 -1.513848 -4.275882 -5.03906 -5.612872 -2.953548 -2.5e-05 -11.020519 1e-05 -6.11136 -15.895369 -3.840483 -0.0 -0.0 1e-06 -10.28339 -5.680298 -4.34183 11.028279 -11.302361 -2.372615 -1.384312 -14.238573 -6.320123 -0.625504 -26.92421 -3.827615 -4.091486 -49.071342 -3.696484 -13.70855 -7.363492 -3.720926 18.141136 -14.052672 -3.242652 -5.3e-05 -18.787266 1.6e-05 -0.429737 -8.456062 2.555514 -1e-06 -0.0 2e-06 -15.923606 -20.094486 -5.473553 30.419249 -7.190742 1.735962 -2.2e-05 -8.162926 7e-06 -1.861983 -22.861519 -6.167958 1e-06 -5e-06 1e-06 -175.626297 -2.342048 -10.768945 5.443714 0.010117 0.201077 -78.484413 -1.27529 -5.629151 -4.094354 1.483739 2.174056 -1.0 1e-06 -0.0 5.272355 -2.973433 -3.765561 5.606895 -0.022018 0.11113 -79.914665 -0.091688 -6.49932 -4.034458 0.605891 1.690862 -0.999998 0.0 -0.0 
0.0 0.0 0.0 0.0 -0.0 0.0 -0.265792 99.851006 0.285509 89.842949 0.315927 92.782227 -1.606472 1.149747 0.043774 -11.30266 -0.221829 -0.364134 15.667296 -1.434761 -2.442821 24.3517 1.851792 2.538709 -2.639408 -0.631709 -0.866351 -34.15184 -0.833044 -1.23205 6e-06 -0.0 -0.0 0.040765 0.020604 0.054985 0.097826 0.018992 0.054181 0.126214 0.017304 0.062184 -129.978729 -68.608299 146.917114 38.813885 -60.158222 -9.486159 21.921192 -0.507841 -0.171741 -3.501267 19.43412 9.801867 17.636642 -26.322691 52.411068 -19.466713 -14.395449 29.410341 -4.2e-05 -8.774757 -1.2e-05 15.876133 -18.482412 6.438769 -0.609773 -1.795656 -3.889319 -4.807014 -11.046804 -2.937867 9.5e-05 -20.97607 -2.3e-05 -5.019805 -25.033646 -4.03185 6e-06 -2e-06 1e-06 -10.634459 -5.686942 -3.565606 10.573264 -17.923 -3.113907 6.1e-05 -13.821241 -4e-06 -0.501616 -31.181641 -4.026982 -11.553033 -59.562393 7.689866 -13.982614 -7.15016 -2.875071 13.772655 -8.401553 -3.218227 0.347899 -34.21167 0.771609 -0.96296 -17.733471 2.621055 1e-06 1e-06 -1e-06 -17.346241 -20.095171 -4.201834 21.757389 -1.638441 3.866417 3e-05 -6.338838 -7e-06 -1.697427 -22.591835 -6.194027 -1e-06 -3e-06 -2e-06 56.830479 -72.787262 137.686172 31.669218 -65.873878 -3.186297 28.137871 -0.209635 0.036159 1.959379 12.948926 19.362204 22.182045 -20.375837 49.933205 -16.701881 -16.743391 28.476505 -7.1e-05 -12.690507 -2e-06 15.449815 -17.680849 2.766286 -0.105915 -1.513859 -4.275874 -5.038986 -5.612847 -2.953565 6.2e-05 -11.020519 -2.7e-05 -6.111138 -15.895317 -3.840497 0.0 -1e-06 -2e-06 -10.283299 -5.68025 -4.341849 11.028268 -11.302433 -2.372646 -1.38417 -14.238566 -6.320132 -0.625256 -26.924238 -3.827614 -4.102201 -49.08823 -3.694667 -13.708427 -7.363421 -3.720962 18.141094 -14.052796 -3.242695 0.000113 -18.787254 -3e-05 -0.429661 -8.456051 2.555505 -1e-06 -1e-06 2e-06 -15.923364 -20.094398 -5.473634 30.419012 -7.190928 1.735875 4.6e-05 -8.162913 -9e-06 -1.861719 -22.861454 -6.167938 1e-06 -5e-06 1e-06 -175.632385 -2.33289 -10.734908 5.448808 0.010076 0.204765 -78.485184 -1.277142 -5.625654 -4.092493 1.483833 2.174704 -1.000002 0.0 -0.0 5.277208 -2.978067 -3.765187 5.610484 -0.025169 0.109028 -79.906326 -0.142815 -6.513387 -4.040652 0.60165 1.689665 -1.000001 0.0 -0.0 
0.0 0.0 0.0 0.0 -0.0 0.0 -0.256619 99.855118 0.287017 89.85479 0.311009 92.832703 -1.6138 1.164447 0.053485 -11.302398 -0.226757 -0.362514 15.652966 -1.444297 -2.426036 24.373844 1.80803 2.547681 -2.638398 -0.644031 -0.842318 -34.06039 -0.827504 -1.256738 6e-06 -0.0 0.0 0.043131 0.020346 0.058938 0.09442 0.017836 0.058387 0.123107 0.018103 0.066147 -130.073792 -68.568779 146.984573 38.701942 -60.141312 -9.450792 21.962757 -0.536811 -0.178547 -3.488332 19.451454 9.826509 17.636576 -26.322657 52.411018 -19.466608 -14.395598 29.410307 6e-06 -8.774821 -1e-06 15.868396 -18.472908 6.435224 -0.609775 -1.79565 -3.889318 -4.807088 -11.046788 -2.937835 -9e-06 -20.975988 9e-06 -5.019991 -25.03356 -4.031873 6e-06 -1e-06 0.0 -10.634519 -5.686961 -3.565568 10.573249 -17.922909 -3.113887 -7e-06 -13.821191 5e-06 -0.501804 -31.181524 -4.027001 -11.551 -59.578899 7.666524 -13.982696 -7.150186 -2.87502 13.772712 -8.401467 -3.218236 0.347706 -34.211517 0.771668 -0.96304 -17.733391 2.621023 0.0 -2e-06 -2e-06 -17.346405 -20.095177 -4.201749 21.757544 -1.638359 3.86641 -2e-06 -6.338819 2e-06 -1.697609 -22.591766 -6.194001 -0.0 -3e-06 -3e-06 56.846802 -72.812378 137.646271 31.63975 -65.879967 -3.220967 28.160641 -0.22653 0.032733 1.949079 12.949781 19.404491 22.182064 -20.375854 49.933231 -16.701775 -16.743521 28.476488 -1e-06 -12.690588 7e-06 15.451797 -17.705252 2.77647 -0.105919 -1.513852 -4.275873 -5.039033 -5.612864 -2.953549 0.0 -11.020511 1e-06 -6.111292 -15.895336 -3.840473 -0.0 1e-06 0.0 -10.283357 -5.680281 -4.341831 11.028274 -11.302378 -2.372628 -1.384268 -14.238565 -6.320117 -0.625428 -26.924194 -3.827607 -4.137098 -49.121414 -3.682597 -13.708509 -7.363467 -3.720928 18.141123 -14.052709 -3.242667 -5e-06 -18.787254 5e-06 -0.429717 -8.456049 2.55551 -1e-06 -1e-06 1e-06 -15.923521 -20.09445 -5.473563 30.419174 -7.190796 1.73592 0.0 -8.162913 -0.0 -1.861903 -22.861479 -6.167946 0.0 -4e-06 -2e-06 -175.649078 -2.317845 -10.707969 5.458713 0.009602 0.215769 -78.495293 -1.264955 -5.634272 -4.084559 1.480927 2.174938 -0.999997 -0.0 0.0 5.277292 -2.994173 -3.784388 5.615736 -0.029527 0.105124 -79.903862 -0.169762 -6.537775 -4.039064 0.603013 1.690284 -0.999999 -0.0 0.0 
0.0 0.0 0.0 0.0 -0.0 0.0 -0.241031 99.85614 0.288536 89.870155 0.303436 92.887573 -1.625676 1.175843 0.061045 -11.301633 -0.233728 -0.364576 15.639762 -1.449928 -2.410583 24.387495 1.756255 2.560959 -2.642083 -0.659703 -0.843824 -33.975704 -0.829903 -1.272865 5e-06 0.0 -0.0 0.045644 0.019033 0.057805 0.089009 0.017841 0.056465 0.116071 0.015787 0.06606 -130.15744 -68.545677 147.071518 38.640617 -60.123978 -9.499716 22.009882 -0.568158 -0.178854 -3.481598 19.47497 9.878055 17.636633 -26.322706 52.411198 -19.466726 -14.395568 29.41044 -1.7e-05 -8.774817 -6e-06 15.855444 -18.458319 6.438752 -0.609776 -1.795658 -3.889332 -4.807068 -11.046817 -2.93787 5.2e-05 -20.976065 -2.8e-05 -5.019888 -25.033646 -4.031915 6e-06 1e-06 -0.0 -10.634517 -5.686965 -3.565598 10.573291 -17.922983 -3.113923 3.2e-05 -13.821233 -9e-06 -0.501678 -31.181618 -4.027046 -11.542405 -59.600773 7.641109 -13.982694 -7.150191 -2.875054 13.772728 -8.401523 -3.218249 0.34782 -34.211639 0.771611 -0.962995 -17.733446 2.621039 1e-06 -3e-06 -2e-06 -17.346373 -20.095221 -4.201811 21.75753 -1.638405 3.866429 1.5e-05 -6.338835 -3e-06 -1.69751 -22.591831 -6.194056 -1e-06 -1e-06 -2e-06 56.878647 -72.836838 137.569778 31.616585 -65.894234 -3.309587 28.195887 -0.251272 0.02067 1.966384 12.964143 19.440861 22.182096 -20.375868 49.933289 -16.701878 -16.743525 28.476562 -2.2e-05 -12.690607 7e-06 15.439781 -17.726324 2.790525 -0.105915 -1.513859 -4.275884 -5.039033 -5.612879 -2.953557 1.8e-05 -11.020562 -9e-06 -6.111272 -15.895411 -3.840489 -0.0 0.0 0.0 -10.283362 -5.68029 -4.341838 11.028304 -11.302436 -2.372648 -1.384243 -14.238626 -6.320137 -0.625379 -26.924349 -3.827625 -4.163233 -49.151081 -3.667014 -13.708516 -7.363477 -3.720939 18.141172 -14.052785 -3.242697 3.5e-05 -18.78734 -1.6e-05 -0.429697 -8.456093 2.555512 -2e-06 1e-06 -1e-06 -15.923514 -20.0945 -5.47359 30.419214 -7.19086 1.735904 1.6e-05 -8.162949 -8e-06 -1.861846 -22.861588 -6.167979 0.0 -2e-06 2e-06 -175.670853 -2.300655 -10.677591 5.469412 0.012264 0.225327 -78.498146 -1.233765 -5.645321 -4.086624 1.475301 2.174149 -1.0 0.0 -0.0 5.279614 -3.014606 -3.818469 5.617843 -0.032928 0.102635 -79.900719 -0.175325 -6.571245 -4.043344 0.611112 1.692281 -1.000004 0.0 -0.0 
0.0 0.0 0.0 0.0 -0.0 0.0 -0.221063 99.8535 0.284879 89.885612 0.306008 92.94709 -1.630943 1.183629 0.059288 -11.306381 -0.237842 -0.368929 15.638736 -1.453362 -2.40349 24.376677 1.707832 2.571232 -2.646928 -0.677955 -0.837055 -33.902584 -0.83951 -1.286639 6e-06 -0.0 -0.0 0.046607 0.018274 0.05916 0.084543 0.01911 0.056767 0.109739 0.013336 0.068584 -130.216995 -68.525948 147.160751 38.625885 -60.103645 -9.580568 22.067976 -0.587963 -0.172892 -3.481313 19.509035 9.914492 17.636684 -26.322779 52.411289 -19.466717 -14.395597 29.410463 -2e-06 -8.774845 -8e-06 15.856722 -18.445749 6.436916 -0.609778 -1.795659 -3.889333 -4.807099 -11.046843 -2.937864 1.2e-05 -20.976124 -7e-06 -5.01997 -25.033749 -4.031919 6e-06 2e-06 1e-06 -10.634547 -5.686981 -3.565597 10.573293 -17.923006 -3.113906 7e-06 -13.821273 1e-06 -0.501751 -31.181747 -4.02705 -11.536304 -59.613781 7.624585 -13.982734 -7.150212 -2.875054 13.772754 -8.40152 -3.218244 0.347748 -34.211742 0.771652 -0.963029 -17.733509 2.621047 -0.0 0.0 -1e-06 -17.346441 -20.095263 -4.201799 21.757595 -1.638384 3.866451 5e-06 -6.338853 -0.0 -1.697571 -22.591913 -6.194065 -0.0 -4e-06 -2e-06 56.924553 -72.860672 137.493256 31.669155 -65.905983 -3.487628 28.245089 -0.265597 0.010432 1.985577 12.996215 19.42684 22.182173 -20.375971 49.933491 -16.701891 -16.743547 28.476665 -1.8e-05 -12.690636 -3e-06 15.426378 -17.732016 2.789364 -0.10592 -1.51386 -4.275894 -5.039049 -5.61289 -2.953574 2e-05 -11.020589 -1e-05 -6.111285 -15.895462 -3.840522 0.0 -1e-06 -1e-06 -10.283386 -5.6803 -4.341859 11.028324 -11.302458 -2.372643 -1.384248 -14.238663 -6.320173 -0.625385 -26.92444 -3.82765 -4.162049 -49.148994 -3.668279 -13.708544 -7.36349 -3.720963 18.141199 -14.052811 -3.242688 2.8e-05 -18.787382 -4e-06 -0.429706 -8.456116 2.555534 -2e-06 2e-06 1e-06 -15.923547 -20.094534 -5.47362 30.419262 -7.190876 1.735928 1.2e-05 -8.162971 -2e-06 -1.861857 -22.861666 -6.167993 2e-06 -5e-06 -1e-06 -175.680847 -2.283172 -10.643474 5.474032 0.016543 0.232748 -78.493172 -1.202728 -5.655128 -4.104715 1.47074 2.172414 -0.999999 0.0 0.0 5.293944 -3.032997 -3.851132 5.61481 -0.034444 0.105542 -79.909714 -0.185316 -6.616837 -4.045306 0.623467 1.695631 -1.000006 0.0 -0.0 
0.0 0.0 0.0 0.0 -0.0 0.0 -0.204038 99.847984 0.276168 89.895027 0.318628 92.994904 -1.625453 1.190906 0.053079 -11.31111 -0.240104 -0.373655 15.641578 -1.450824 -2.403652 24.344704 1.662417 2.56569 -2.646153 -0.682951 -0.813925 -33.851936 -0.841098 -1.286217 7e-06 -0.0 0.0 0.047061 0.018373 0.063447 0.085132 0.021875 0.060655 0.110479 0.01093 0.073183 -130.246429 -68.492874 147.223526 38.642784 -60.076725 -9.628798 22.104971 -0.588774 -0.169229 -3.485547 19.545109 9.882294 17.636618 -26.322737 52.411247 -19.466551 -14.395598 29.410347 1.7e-05 -8.77482 -7e-06 15.880252 -18.448557 6.424143 -0.609781 -1.795647 -3.889327 -4.807106 -11.046778 -2.93784 -3.3e-05 -20.975943 1.9e-05 -5.020007 -25.033493 -4.031895 6e-06 2e-06 -0.0 -10.634542 -5.686965 -3.565587 10.573234 -17.922874 -3.113871 -2.1e-05 -13.821163 1.2e-05 -0.501835 -31.181419 -4.027004 -11.555123 -59.614151 7.629622 -13.982725 -7.150198 -2.875041 13.772712 -8.401444 -3.218223 0.347656 -34.211445 0.771701 -0.963066 -17.733345 2.621031 -0.0 -1e-06 -2e-06 -17.346447 -20.095184 -4.201776 21.757557 -1.638343 3.866441 -1e-05 -6.338805 9e-06 -1.697637 -22.59169 -6.193998 -0.0 -2e-06 -3e-06 56.930183 -72.88459 137.468689 31.749004 -65.905319 -3.71156 28.319504 -0.27641 0.008843 2.004953 13.021991 19.375704 22.182175 -20.375956 49.933437 -16.70171 -16.743532 28.476511 2.4e-05 -12.690608 -1.4e-05 15.41698 -17.724155 2.775164 -0.105926 -1.513848 -4.27588 -5.039058 -5.612866 -2.953561 -1.6e-05 -11.020508 9e-06 -6.111333 -15.895339 -3.840494 -0.0 -0.0 0.0 -10.28339 -5.680292 -4.341848 11.028271 -11.302363 -2.372605 -1.3843 -14.238552 -6.320125 -0.625482 -26.924168 -3.827604 -4.143691 -49.13242 -3.677894 -13.708549 -7.363483 -3.720951 18.141123 -14.052682 -3.242633 -3.4e-05 -18.787243 2.4e-05 -0.429732 -8.456047 2.555523 2e-06 0.0 0.0 -15.923584 -20.094475 -5.473593 30.419214 -7.190776 1.735981 -1e-05 -8.162919 1.3e-05 -1.86195 -22.861486 -6.167937 1e-06 -5e-06 2e-06 -175.68042 -2.27271 -10.621686 5.476119 0.019367 0.23465 -78.477592 -1.180223 -5.672154 -4.132658 1.47232 2.170914 -0.999998 -0.0 -0.0 5.31624 -3.04421 -3.889488 5.609712 -0.034411 0.115949 -79.913063 -0.194381 -6.662656 -4.040132 0.635707 1.699674 -1.000005 0.0 -0.0 
0.0 0.0 0.0 0.0 -0.0 0.0 -0.190781 99.84198 0.265077 89.897049 0.335168 93.027817 -1.616703 1.196306 0.046711 -11.314445 -0.236497 -0.369898 15.640273 -1.443294 -2.406594 24.305605 1.624722 2.549533 -2.64301 -0.677356 -0.776051 -33.814789 -0.841064 -1.269903 7e-06 -0.0 0.0 0.046985 0.019059 0.068417 0.087885 0.025391 0.066318 0.115207 0.00877 0.077049 -130.270401 -68.454247 147.262863 38.645271 -60.062176 -9.622569 22.120667 -0.577549 -0.168433 -3.482113 19.575085 9.814676 17.636578 -26.322521 52.410854 -19.466589 -14.395423 29.410204 -2.3e-05 -8.774736 -1.2e-05 15.909129 -18.463842 6.411475 -0.609773 -1.795651 -3.889309 -4.807022 -11.046748 -2.937853 6.5e-05 -20.975912 -2.9e-05 -5.019817 -25.03343 -4.031866 6e-06 1e-06 -1e-06 -10.634447 -5.686932 -3.565588 10.573211 -17.922886 -3.113894 4.3e-05 -13.821145 -1e-05 -0.501647 -31.181372 -4.027 -11.584146 -59.615723 7.646761 -13.982597 -7.150149 -2.875054 13.772612 -8.401481 -3.218212 0.347846 -34.211372 0.771595 -0.96297 -17.733301 2.621017 -0.0 -1e-06 -1e-06 -17.346239 -20.095104 -4.201807 21.757355 -1.638406 3.866414 2e-05 -6.338792 -9e-06 -1.697474 -22.591646 -6.194005 -0.0 -3e-06 -2e-06 56.90173 -72.906158 137.490005 31.841068 -65.891357 -3.954303 28.413336 -0.278159 0.012347 2.026145 13.041268 19.316061 22.18198 -20.375751 49.932987 -16.701725 -16.743307 28.476307 -5e-05 -12.69043 -8e-06 15.422265 -17.713638 2.755332 -0.105919 -1.513852 -4.275854 -5.038972 -5.612819 -2.953547 4.5e-05 -11.020439 -1.8e-05 -6.111125 -15.895185 -3.840457 0.0 -1e-06 -2e-06 -10.283273 -5.680234 -4.341825 11.0282 -11.302357 -2.372614 -1.384192 -14.23846 -6.320074 -0.625313 -26.923973 -3.827556 -4.115869 -49.123451 -3.678781 -13.708392 -7.363402 -3.72094 18.140985 -14.052691 -3.242646 8e-05 -18.787117 -8e-06 -0.429677 -8.45598 2.55549 2e-06 1e-06 0.0 -15.923335 -20.094322 -5.473595 30.418852 -7.190855 1.735898 3.3e-05 -8.162858 -3e-06 -1.861757 -22.861256 -6.167864 1e-06 -5e-06 -1e-06 -175.673035 -2.268866 -10.614206 5.477857 0.019951 0.232387 -78.462975 -1.155203 -5.694934 -4.14763 1.476411 2.169463 -0.999998 0.0 0.0 5.33738 -3.049012 -3.925663 5.606396 -0.033953 0.126976 -79.930046 -0.195717 -6.717832 -4.030739 0.643683 1.70252 -0.999998 0.0 0.0 
0.0 0.0 0.0 0.0 -0.0 0.0 -0.183004 99.836571 0.254082 89.895447 0.353731 93.04261 -1.614031 1.198958 0.043578 -11.313394 -0.225686 -0.350915 15.632981 -1.434265 -2.408296 24.271566 1.597997 2.534116 -2.640514 -0.666007 -0.746251 -33.803097 -0.843439 -1.252089 6e-06 0.0 -0.0 0.048264 0.019169 0.066121 0.090879 0.026806 0.065114 0.120538 0.007582 0.073445 -130.317184 -68.424698 147.300156 38.602161 -60.068531 -9.562066 22.123114 -0.568113 -0.166425 -3.468745 19.604942 9.768182 17.636499 -26.322523 52.410854 -19.466496 -14.395451 29.410166 -1.2e-05 -8.774725 -4e-06 15.941361 -18.482258 6.394359 -0.609773 -1.795642 -3.889304 -4.80703 -11.046717 -2.937835 3e-05 -20.97584 -4e-06 -5.01987 -25.033344 -4.031838 6e-06 2e-06 -1e-06 -10.634439 -5.686924 -3.565577 10.573175 -17.922813 -3.113871 1.7e-05 -13.821096 4e-06 -0.501731 -31.181248 -4.02696 -11.599347 -59.602268 7.653095 -13.982587 -7.150139 -2.875041 13.772596 -8.401438 -3.218209 0.347768 -34.211254 0.771649 -0.963007 -17.733252 2.621018 -0.0 1e-06 -2e-06 -17.346237 -20.095055 -4.201783 21.757338 -1.638378 3.866398 9e-06 -6.33877 3e-06 -1.697529 -22.591541 -6.193952 0.0 -4e-06 -2e-06 56.825676 -72.915565 137.54364 31.868498 -65.865852 -4.162529 28.503551 -0.287959 0.016365 2.050223 13.0623 19.25593 22.182024 -20.375816 49.933086 -16.701681 -16.743351 28.476339 -2.5e-05 -12.690471 -1.1e-05 15.434964 -17.714943 2.737841 -0.10592 -1.513845 -4.275857 -5.038992 -5.612823 -2.953548 2.7e-05 -11.020455 -0.0 -6.111185 -15.895232 -3.840461 -0.0 0.0 0.0 -10.28329 -5.680237 -4.341832 11.028206 -11.302349 -2.372599 -1.384226 -14.238488 -6.320085 -0.62538 -26.924072 -3.827557 -4.098904 -49.132904 -3.672821 -13.708414 -7.36341 -3.720946 18.140991 -14.052676 -3.242625 3.8e-05 -18.787161 1.4e-05 -0.429696 -8.456012 2.555505 0.0 1e-06 1e-06 -15.923375 -20.094326 -5.473593 30.418913 -7.190825 1.735934 2e-05 -8.162878 6e-06 -1.861821 -22.861338 -6.167875 -0.0 -2e-06 0.0 -175.655975 -2.268236 -10.621769 5.473013 0.02096 0.224051 -78.458 -1.122223 -5.713618 -4.140126 1.479356 2.168068 -1.0 -0.0 -0.0 5.356629 -3.049193 -3.961725 5.600463 -0.035354 0.134559 -79.950157 -0.174815 -6.758081 -4.027509 0.647173 1.702996 -1.000002 0.0 0.0 
0.0 0.0 0.0 0.0 -0.0 0.0 -0.184052 99.836334 0.24449 89.89003 0.36655 93.033577 -1.624463 1.20138 0.042823 -11.312947 -0.212497 -0.332342 15.629761 -1.431952 -2.404602 24.240574 1.588256 2.528961 -2.635156 -0.659607 -0.748643 -33.801083 -0.846562 -1.232616 7e-06 -0.0 -0.0 0.049259 0.018423 0.056803 0.088398 0.026564 0.056001 0.11951 0.006402 0.06361 -130.361282 -68.409065 147.331406 38.558754 -60.078575 -9.514211 22.117132 -0.568688 -0.164334 -3.456622 19.631271 9.774036 17.636755 -26.322968 52.411598 -19.466913 -14.395732 29.410713 -7e-06 -8.774933 -0.0 15.953787 -18.490093 6.384659 -0.609779 -1.79567 -3.889359 -4.807131 -11.046932 -2.937882 2.1e-05 -20.97632 -1.3e-05 -5.020018 -25.034021 -4.031957 6e-06 -1e-06 0.0 -10.634611 -5.68702 -3.565612 10.573396 -17.923162 -3.11395 1.4e-05 -13.821405 -9e-06 -0.501736 -31.182119 -4.027109 -11.598248 -59.585938 7.640034 -13.982817 -7.150259 -2.875058 13.772867 -8.401588 -3.218284 0.347773 -34.212097 0.771642 -0.963029 -17.733704 2.621066 -1e-06 2e-06 -1e-06 -17.346554 -20.0954 -4.201807 21.757772 -1.638403 3.866458 5e-06 -6.338912 -2e-06 -1.697574 -22.592165 -6.194139 0.0 -4e-06 -2e-06 56.745892 -72.910912 137.58342 31.876661 -65.842003 -4.334307 28.576651 -0.293321 0.020697 2.064962 13.091474 19.195629 22.182297 -20.376083 49.933708 -16.702061 -16.743696 28.476864 -1.6e-05 -12.690773 0.0 15.442725 -17.722286 2.731996 -0.105918 -1.513871 -4.275916 -5.03909 -5.612938 -2.953588 1.6e-05 -11.020699 -1.1e-05 -6.111373 -15.895647 -3.840544 -0.0 -0.0 1e-06 -10.283454 -5.680337 -4.341868 11.028422 -11.302547 -2.37267 -1.384269 -14.2388 -6.320214 -0.625405 -26.924738 -3.827683 -4.105411 -49.153587 -3.658358 -13.708634 -7.363542 -3.720966 18.141361 -14.052929 -3.242728 3e-05 -18.787569 -1.8e-05 -0.429707 -8.456209 2.555545 -1e-06 1e-06 1e-06 -15.923669 -20.094681 -5.473621 30.419538 -7.190929 1.735926 1.2e-05 -8.163047 -1e-05 -1.861881 -22.861937 -6.168077 1e-06 -3e-06 -2e-06 -175.644852 -2.269976 -10.638876 5.475247 0.02087 0.213972 -78.461121 -1.103482 -5.710907 -4.133343 1.482763 2.167702 -1.000003 -0.0 -0.0 5.364033 -3.047263 -3.993057 5.595695 -0.039525 0.141489 -79.957039 -0.137808 -6.776495 -4.037458 0.641555 1.700192 -1.000006 0.0 0.0 
0.0 0.0 0.0 0.0 -0.0 0.0 -0.189471 99.833443 0.232251 89.884995 0.38472 93.000763 -1.633302 1.20223 0.044389 -11.311544 -0.203123 -0.32404 15.62888 -1.434424 -2.388631 24.219547 1.595698 2.538012 -2.632559 -0.666366 -0.768492 -33.796299 -0.84836 -1.218895 6e-06 0.0 0.0 0.047971 0.01726 0.04609 0.079825 0.025715 0.044844 0.110926 0.0051 0.053047 -130.412109 -68.399246 147.377426 38.523861 -60.076481 -9.46063 22.111551 -0.574355 -0.164562 -3.465987 19.659996 9.765427 17.636723 -26.322851 52.411392 -19.46681 -14.395647 29.410553 -1.1e-05 -8.774874 -6e-06 15.951649 -18.495337 6.390815 -0.609778 -1.795664 -3.889342 -4.807102 -11.046878 -2.937872 3.4e-05 -20.976198 -9e-06 -5.019964 -25.033834 -4.031923 6e-06 1e-06 -1e-06 -10.634571 -5.686992 -3.565603 10.573345 -17.923077 -3.113932 2.2e-05 -13.821324 -3e-06 -0.501722 -31.181877 -4.027057 -11.606668 -59.588974 7.629364 -13.982765 -7.150226 -2.875058 13.772805 -8.401564 -3.218263 0.347796 -34.211899 0.771639 -0.963013 -17.733591 2.621059 1e-06 -2e-06 -0.0 -17.346474 -20.095316 -4.201805 21.757662 -1.638404 3.866449 9e-06 -6.338875 -3e-06 -1.697553 -22.591997 -6.194083 -0.0 -4e-06 -2e-06 56.658997 -72.904961 137.630859 31.915638 -65.810699 -4.518578 28.632385 -0.300505 0.019906 2.079827 13.132936 19.180052 22.182184 -20.375975 49.933563 -16.702047 -16.743591 28.476801 -3.9e-05 -12.690683 8e-06 15.432679 -17.727253 2.73624 -0.105915 -1.513872 -4.275904 -5.039052 -5.612924 -2.953589 3.5e-05 -11.020666 -2.9e-05 -6.111272 -15.895587 -3.840549 -0.0 0.0 0.0 -10.283401 -5.680319 -4.341866 11.028373 -11.302529 -2.372679 -1.384223 -14.23876 -6.320215 -0.625318 -26.924656 -3.827714 -4.120832 -49.16695 -3.651976 -13.708568 -7.363516 -3.720965 18.141281 -14.052908 -3.242744 7.1e-05 -18.787508 -4.2e-05 -0.429688 -8.456181 2.555529 -0.0 0.0 4e-06 -15.923562 -20.094616 -5.473635 30.419361 -7.190936 1.735889 2.7e-05 -8.163019 -2e-05 -1.861792 -22.861845 -6.16808 -0.0 -4e-06 -2e-06 -175.635208 -2.272287 -10.661128 5.487944 0.019938 0.211375 -78.456543 -1.103031 -5.697004 -4.12862 1.482093 2.167557 -1.0 0.0 0.0 5.375902 -3.046027 -4.004285 5.590465 -0.043095 0.142134 -79.954742 -0.097788 -6.765256 -4.045774 0.632544 1.696246 -1.000003 -0.0 0.0 
0.0 0.0 0.0 0.0 -0.0 0.0 -0.189431 99.829269 0.219806 89.878807 0.408085 92.958214 -1.640417 1.20803 0.042751 -11.30746 -0.200063 -0.323355 15.635351 -1.439641 -2.370359 24.193392 1.611897 2.562818 -2.633538 -0.674049 -0.801477 -33.797482 -0.855176 -1.199527 6e-06 -0.0 -0.0 0.045472 0.015664 0.036167 0.067541 0.025471 0.034081 0.098023 0.002377 0.043615 -130.443237 -68.392982 147.416367 38.503445 -60.071384 -9.370121 22.123505 -0.573138 -0.165773 -3.511065 19.690466 9.705725 17.636692 -26.322823 52.411293 -19.466717 -14.395654 29.41045 -0.0 -8.774863 -6e-06 15.937181 -18.501894 6.406039 -0.609779 -1.795654 -3.889334 -4.807108 -11.046843 -2.93785 3e-06 -20.97611 1.5e-05 -5.020012 -25.033716 -4.031888 6e-06 2e-06 -1e-06 -10.63457 -5.686983 -3.565588 10.573318 -17.92301 -3.113903 3e-06 -13.821274 9e-06 -0.50179 -31.181736 -4.027014 -11.624687 -59.61377 7.626081 -13.982758 -7.150216 -2.87504 13.772782 -8.401516 -3.218246 0.347729 -34.211742 0.771683 -0.963041 -17.733505 2.621052 1e-06 -2e-06 -1e-06 -17.346481 -20.095266 -4.201777 21.757643 -1.638385 3.866438 2e-06 -6.338853 3e-06 -1.6976 -22.5919 -6.194031 -1e-06 -2e-06 -2e-06 56.581596 -72.89473 137.681412 32.015926 -65.773888 -4.749946 28.660448 -0.305989 0.011375 2.11548 13.183273 19.148495 22.182228 -20.37608 49.933647 -16.701962 -16.743656 28.476784 -1.4e-05 -12.690705 6e-06 15.404066 -17.728102 2.744673 -0.105919 -1.513866 -4.275906 -5.039071 -5.612915 -2.95358 1.2e-05 -11.020642 -2e-06 -6.111339 -15.895546 -3.840518 0.0 1e-06 -0.0 -10.283425 -5.680318 -4.341864 11.028374 -11.302496 -2.372655 -1.384266 -14.238719 -6.320185 -0.625418 -26.924559 -3.82765 -4.147614 -49.16283 -3.642095 -13.7086 -7.363518 -3.720959 18.141287 -14.052856 -3.242712 1.4e-05 -18.78747 5e-06 -0.429717 -8.456164 2.555545 -0.0 1e-06 2e-06 -15.923621 -20.094608 -5.473613 30.419416 -7.190888 1.735917 7e-06 -8.16301 -1e-06 -1.861895 -22.861786 -6.168015 3e-06 -5e-06 -2e-06 -175.622086 -2.279439 -10.689856 5.499619 0.01844 0.215915 -78.437256 -1.112962 -5.676806 -4.117708 1.474668 2.167485 -0.999996 -1e-06 0.0 5.388363 -3.041104 -3.982881 5.590942 -0.045521 0.140915 -79.945343 -0.07948 -6.743539 -4.047041 0.624701 1.693174 -0.999998 -0.0 -0.0 
0.0 0.0 0.0 0.0 -0.0 0.0 -0.179198 99.821594 0.206347 89.871803 0.43556 92.91346 -1.648554 1.217208 0.038767 -11.303675 -0.199182 -0.324731 15.64712 -1.445947 -2.372738 24.17178 1.620409 2.599417 -2.641983 -0.680296 -0.824934 -33.780308 -0.848331 -1.194138 6e-06 -0.0 -0.0 0.042582 0.013852 0.029398 0.053284 0.025476 0.026704 0.083915 -0.001048 0.037352 -130.442871 -68.3806 147.418304 38.469875 -60.072094 -9.228827 22.139687 -0.558638 -0.168422 -3.577852 19.711679 9.627813 17.636648 -26.322744 52.411247 -19.46664 -14.395648 29.410398 9e-06 -8.77485 -3e-06 15.93526 -18.513376 6.41414 -0.609778 -1.795652 -3.88933 -4.807111 -11.046798 -2.937844 -1.2e-05 -20.975986 5e-06 -5.020002 -25.033539 -4.031907 6e-06 2e-06 -0.0 -10.634562 -5.686976 -3.565582 10.573283 -17.922922 -3.113897 -8e-06 -13.821195 6e-06 -0.501808 -31.181501 -4.027023 -11.633934 -59.651882 7.623036 -13.982749 -7.150207 -2.875034 13.772756 -8.40147 -3.218241 0.3477 -34.211514 0.771677 -0.963046 -17.733372 2.621031 -0.0 1e-06 -0.0 -17.346481 -20.095226 -4.201768 21.75762 -1.638361 3.866435 -5e-06 -6.338816 3e-06 -1.697619 -22.59173 -6.194019 -0.0 -3e-06 -1e-06 56.493755 -72.89959 137.764282 32.1432 -65.737228 -5.020561 28.673246 -0.308131 0.002301 2.169202 13.212172 19.15271 22.182177 -20.375994 49.933525 -16.701876 -16.743616 28.476685 7e-06 -12.690677 7e-06 15.375982 -17.728817 2.751165 -0.10592 -1.513861 -4.275895 -5.039068 -5.6129 -2.953568 -5e-06 -11.020596 1e-06 -6.111353 -15.895483 -3.840509 0.0 1e-06 0.0 -10.283408 -5.680316 -4.341852 11.028332 -11.302444 -2.37264 -1.384286 -14.238669 -6.320165 -0.625449 -26.924433 -3.827651 -4.167854 -49.164394 -3.643198 -13.708577 -7.363512 -3.720947 18.141222 -14.052788 -3.242686 -1.2e-05 -18.787397 4e-06 -0.429724 -8.456124 2.555532 0.0 2e-06 -3e-06 -15.923616 -20.094572 -5.473593 30.419357 -7.190832 1.735938 -5e-06 -8.162982 -1e-06 -1.861924 -22.86171 -6.168014 -1e-06 -3e-06 -1e-06 -175.598572 -2.290037 -10.722012 5.506167 0.018015 0.225479 -78.406738 -1.12297 -5.671876 -4.100877 1.470134 2.169704 -1.000001 1e-06 -0.0 5.402706 -3.031675 -3.956307 5.590293 -0.046937 0.142739 -79.953926 -0.074038 -6.725633 -4.024698 0.618631 1.691227 -1.000003 0.0 -0.0 
0.0 0.0 0.0 0.0 -0.0 0.0 -0.168074 99.813484 0.190864 89.863991 0.464355 92.848335 -1.658017 1.22611 0.031997 -11.299866 -0.200371 -0.325592 15.662361 -1.4509 -2.379152 24.140074 1.624668 2.626999 -2.651026 -0.686998 -0.829352 -33.738731 -0.818523 -1.197479 7e-06 0.0 -0.0 0.040355 0.012254 0.025294 0.042154 0.025371 0.022232 0.073138 -0.00395 0.033789 -130.410461 -68.359901 147.387558 38.444603 -60.067204 -9.067864 22.151419 -0.533192 -0.170675 -3.64794 19.72123 9.58156 17.636696 -26.322779 52.411201 -19.466816 -14.395583 29.410484 -2e-05 -8.774847 -7e-06 15.930237 -18.520004 6.415357 -0.609776 -1.795667 -3.889335 -4.807076 -11.046879 -2.93787 5e-05 -20.976219 -2e-05 -5.019926 -25.033869 -4.031906 6e-06 -1e-06 1e-06 -10.634537 -5.686985 -3.565596 10.573329 -17.923096 -3.113933 3.4e-05 -13.821336 -1.3e-05 -0.501676 -31.181929 -4.027069 -11.642024 -59.660828 7.624299 -13.982718 -7.150216 -2.875053 13.772761 -8.401572 -3.218253 0.347825 -34.211899 0.77161 -0.962994 -17.733597 2.621043 2e-06 -3e-06 -3e-06 -17.346407 -20.095297 -4.201797 21.757584 -1.638415 3.866433 1.5e-05 -6.338877 -7e-06 -1.697517 -22.59201 -6.194082 1e-06 -6e-06 -4e-06 56.419949 -72.916023 137.840134 32.243938 -65.708664 -5.264034 28.695301 -0.306199 -0.002002 2.208537 13.217209 19.134123 22.182117 -20.375858 49.933224 -16.701904 -16.74346 28.476528 -4.9e-05 -12.690571 -2e-06 15.350936 -17.742849 2.757102 -0.105916 -1.513863 -4.27588 -5.039011 -5.612871 -2.953563 4.6e-05 -11.020562 -1.8e-05 -6.111206 -15.895394 -3.84049 -0.0 0.0 -1e-06 -10.28334 -5.680274 -4.341845 11.028305 -11.302463 -2.372645 -1.384204 -14.238626 -6.320131 -0.625316 -26.924362 -3.827612 -4.176152 -49.158131 -3.66941 -13.708487 -7.363458 -3.720949 18.141163 -14.052825 -3.242696 8.6e-05 -18.787333 -2.1e-05 -0.429672 -8.456091 2.555507 1e-06 -2e-06 3e-06 -15.92345 -20.094477 -5.473612 30.419136 -7.190924 1.735898 3.4e-05 -8.162944 -1.4e-05 -1.861767 -22.861559 -6.167965 1e-06 -3e-06 0.0 -175.566483 -2.300767 -10.73469 5.507953 0.016989 0.228796 -78.372299 -1.156118 -5.683517 -4.096042 1.469427 2.172159 -1.000001 1e-06 0.0 5.411972 -3.020858 -3.941494 5.594861 -0.046353 0.148548 -79.956734 -0.063262 -6.717524 -3.991266 0.617684 1.691445 -0.999999 -0.0 -0.0 
0.0 0.0 0.0 0.0 -0.0 0.0 -0.167195 99.806885 0.181433 89.856613 0.491703 92.777939 -1.667418 1.231497 0.028844 -11.300281 -0.199694 -0.313936 15.672453 -1.454082 -2.392045 24.113047 1.63736 2.636209 -2.659867 -0.683996 -0.82884 -33.675304 -0.779729 -1.179091 6e-06 0.0 0.0 0.041236 0.01158 0.023931 0.037104 0.023552 0.020378 0.069443 -0.003435 0.033064 -130.375336 -68.341446 147.350281 38.414425 -60.072708 -8.95887 22.157841 -0.509413 -0.174728 -3.679259 19.725 9.659514 17.636677 -26.322763 52.41119 -19.466763 -14.395574 29.410419 -2.2e-05 -8.774826 -6e-06 15.937102 -18.523689 6.41614 -0.609774 -1.795664 -3.889333 -4.807067 -11.046847 -2.937865 5.6e-05 -20.976152 -1.3e-05 -5.019916 -25.033764 -4.031873 6e-06 0.0 1e-06 -10.634526 -5.686974 -3.565598 10.573311 -17.92305 -3.113919 3.6e-05 -13.821291 -6e-06 -0.501691 -31.181787 -4.027019 -11.651317 -59.651684 7.649731 -13.982703 -7.150201 -2.875053 13.772743 -8.401555 -3.218249 0.34783 -34.2118 0.771624 -0.96299 -17.73354 2.621048 0.0 0.0 -1e-06 -17.346384 -20.095253 -4.201802 21.757553 -1.638417 3.866427 1.6e-05 -6.338859 -7e-06 -1.69751 -22.59193 -6.194045 -0.0 -3e-06 -3e-06 56.415638 -72.93737 137.847214 32.291336 -65.705536 -5.464661 28.723555 -0.30361 -0.002854 2.228666 13.218669 19.125698 22.182116 -20.37591 49.933311 -16.701849 -16.7435 28.476543 -2.4e-05 -12.690585 1e-06 15.328553 -17.758926 2.76787 -0.105917 -1.513858 -4.275882 -5.039027 -5.612872 -2.95356 2.2e-05 -11.020545 -5e-06 -6.111258 -15.895375 -3.84048 -0.0 0.0 0.0 -10.283359 -5.680282 -4.341841 11.028294 -11.302431 -2.372637 -1.384241 -14.238604 -6.320128 -0.62539 -26.924286 -3.827605 -4.168248 -49.1488 -3.689796 -13.708508 -7.363469 -3.720943 18.141148 -14.052775 -3.24268 3.6e-05 -18.787304 -2e-06 -0.4297 -8.456077 2.555515 1e-06 1e-06 -1e-06 -15.923502 -20.094486 -5.473593 30.419176 -7.190864 1.735911 1.7e-05 -8.16294 -4e-06 -1.861847 -22.86154 -6.167951 -1e-06 -2e-06 -1e-06 -175.536484 -2.308481 -10.733125 5.507134 0.014967 0.228981 -78.355377 -1.21165 -5.708604 -4.116938 1.470325 2.172636 -1.000001 0.0 0.0 5.425395 -3.010067 -3.917954 5.593195 -0.04324 0.151645 -79.948715 -0.055674 -6.706192 -3.973262 0.618947 1.692134 -1.0 -0.0 0.0 
0.0 0.0 0.0 0.0 -0.0 0.0 -0.17745 99.807976 0.175028 89.84935 0.518569 92.719994 -1.671584 1.231152 0.031824 -11.305863 -0.198314 -0.296683 15.671634 -1.457359 -2.418922 24.101585 1.660378 2.628344 -2.663333 -0.67467 -0.817688 -33.617516 -0.747147 -1.15473 6e-06 -0.0 0.0 0.044024 0.010545 0.019077 0.040384 0.019504 0.016001 0.074662 -0.001526 0.02797 -130.321823 -68.339851 147.29155 38.394012 -60.091492 -8.958532 22.145275 -0.509886 -0.180484 -3.672193 19.708759 9.7831 17.636742 -26.322912 52.4114 -19.466888 -14.395761 29.410618 -2e-06 -8.774937 3e-06 15.959848 -18.518652 6.402408 -0.609777 -1.795669 -3.889348 -4.807137 -11.046924 -2.937863 1e-05 -20.976297 1e-06 -5.020054 -25.03397 -4.031929 6e-06 2e-06 1e-06 -10.634619 -5.687019 -3.565587 10.573397 -17.923141 -3.113945 5e-06 -13.821386 -2e-06 -0.501782 -31.182051 -4.027073 -11.65443 -59.633106 7.675808 -13.98283 -7.150255 -2.875031 13.772881 -8.401577 -3.218282 0.347751 -34.212044 0.771653 -0.963035 -17.733662 2.621057 0.0 0.0 -2e-06 -17.346575 -20.095385 -4.201759 21.757793 -1.638392 3.866438 2e-06 -6.338902 -0.0 -1.697608 -22.592113 -6.194098 0.0 -4e-06 -2e-06 56.469406 -72.958717 137.773804 32.238041 -65.740738 -5.586738 28.743889 -0.313604 0.003743 2.238606 13.218648 19.117929 22.182243 -20.375971 49.933582 -16.702093 -16.743727 28.476839 -7e-06 -12.690792 1.5e-05 15.312031 -17.774839 2.778925 -0.105913 -1.513875 -4.275913 -5.039094 -5.612947 -2.953579 7e-06 -11.020699 -1.9e-05 -6.111394 -15.895657 -3.840543 0.0 0.0 0.0 -10.28346 -5.680353 -4.341849 11.028433 -11.302545 -2.372689 -1.384275 -14.238815 -6.320219 -0.625394 -26.924755 -3.827725 -4.151897 -49.145332 -3.705183 -13.708649 -7.363555 -3.720943 18.141378 -14.052911 -3.24276 2.1e-05 -18.787561 -4.2e-05 -0.429705 -8.4562 2.555526 1e-06 -0.0 -1e-06 -15.923697 -20.094709 -5.473592 30.41959 -7.190903 1.7359 7e-06 -8.163041 -2.5e-05 -1.861884 -22.861916 -6.168118 0.0 -6e-06 3e-06 -175.512085 -2.315302 -10.724882 5.508977 0.010909 0.224886 -78.346222 -1.258874 -5.72892 -4.143279 1.470773 2.171947 -1.000001 0.0 0.0 5.44383 -2.999958 -3.889906 5.584519 -0.040805 0.14777 -79.917343 -0.048643 -6.689892 -3.980896 0.625144 1.693383 -1.0 0.0 0.0 
0.0 0.0 0.0 0.0 -0.0 0.0 -0.193565 99.809174 0.171427 89.842865 0.548061 92.673981 -1.673739 1.222922 0.03228 -11.311478 -0.201829 -0.2886 15.662925 -1.457918 -2.433561 24.106359 1.697484 2.615066 -2.665145 -0.663419 -0.808682 -33.568085 -0.721398 -1.124936 5e-06 -0.0 0.0 0.046901 0.010523 0.019775 0.048707 0.016417 0.018109 0.084029 0.001404 0.027421 -130.282013 -68.357155 147.230301 38.343021 -60.117283 -8.967566 22.133181 -0.53343 -0.188436 -3.677577 19.661695 9.858585 17.6367 -26.322828 52.411358 -19.46686 -14.3957 29.410587 -2e-06 -8.774905 1e-06 15.980723 -18.501339 6.386878 -0.609774 -1.795668 -3.889345 -4.807122 -11.046905 -2.937869 1.2e-05 -20.97625 -2.1e-05 -5.020006 -25.033918 -4.031941 6e-06 1e-06 0.0 -10.634597 -5.687012 -3.565591 10.57336 -17.923107 -3.113946 9e-06 -13.82136 -1.6e-05 -0.501741 -31.181993 -4.027105 -11.645524 -59.600136 7.686372 -13.9828 -7.150252 -2.875039 13.772837 -8.401559 -3.218281 0.347759 -34.211967 0.771613 -0.963021 -17.73362 2.621028 1e-06 1e-06 -2e-06 -17.346539 -20.095364 -4.201776 21.75773 -1.638381 3.866438 2e-06 -6.338891 -8e-06 -1.697586 -22.592083 -6.194117 0.0 -2e-06 -3e-06 56.564194 -72.976883 137.636887 32.08918 -65.807953 -5.564662 28.748783 -0.315566 0.006107 2.229153 13.191135 19.053705 22.18215 -20.375881 49.933403 -16.70196 -16.743628 28.476671 -4e-06 -12.690691 1.2e-05 15.299573 -17.789553 2.790988 -0.105915 -1.513869 -4.275895 -5.039067 -5.612908 -2.953562 6e-06 -11.020602 -1.8e-05 -6.111336 -15.895485 -3.840515 -0.0 -0.0 2e-06 -10.283418 -5.680324 -4.341836 11.028359 -11.302464 -2.372672 -1.384271 -14.23869 -6.320172 -0.625391 -26.924459 -3.827695 -4.148048 -49.13813 -3.704982 -13.708589 -7.363521 -3.720932 18.14126 -14.052807 -3.242727 1.9e-05 -18.787384 -3.9e-05 -0.429702 -8.456104 2.555501 0.0 -2e-06 5e-06 -15.923627 -20.094604 -5.473579 30.419409 -7.190847 1.735901 7e-06 -8.162972 -1.9e-05 -1.861876 -22.861668 -6.168055 1e-06 -5e-06 3e-06 -175.490067 -2.323475 -10.7193 5.520089 0.006282 0.220455 -78.339256 -1.281173 -5.748406 -4.158208 1.474392 2.172559 -0.999997 0.0 -0.0 5.468284 -2.990636 -3.857467 5.5717 -0.038958 0.140539 -79.888527 -0.038282 -6.674356 -4.00723 0.635271 1.695508 -1.000002 -0.0 -0.0 
0.0 0.0 0.0 0.0 -0.0 0.0 -0.208253 99.809044 0.165974 89.836716 0.581073 92.637291 -1.668795 1.214563 0.027271 -11.313723 -0.209029 -0.294725 15.651113 -1.459029 -2.435941 24.107864 1.74828 2.598337 -2.662775 -0.659566 -0.792933 -33.537689 -0.702678 -1.097908 5e-06 -0.0 0.0 0.048594 0.010811 0.023831 0.058373 0.015861 0.023979 0.093 0.002541 0.029802 -130.241074 -68.387733 147.179398 38.339314 -60.128445 -8.948735 22.102543 -0.544934 -0.189361 -3.717667 19.584423 9.881701 17.636564 -26.322573 52.410908 -19.46664 -14.395529 29.410269 -1.7e-05 -8.774782 1e-06 16.004583 -18.484388 6.367167 -0.60977 -1.795652 -3.889313 -4.807048 -11.04677 -2.937849 5.1e-05 -20.975952 -2.3e-05 -5.019879 -25.033489 -4.031878 7e-06 -0.0 -1e-06 -10.63448 -5.686946 -3.565576 10.573255 -17.922909 -3.113908 3.2e-05 -13.821168 -1.1e-05 -0.501692 -31.181437 -4.027006 -11.618591 -59.561806 7.663187 -13.982646 -7.150165 -2.875035 13.772677 -8.401486 -3.218237 0.34782 -34.211445 0.771604 -0.962983 -17.733339 2.621014 -0.0 0.0 -2e-06 -17.34631 -20.095137 -4.20178 21.757452 -1.638396 3.8664 1.4e-05 -6.338805 -5e-06 -1.697517 -22.591702 -6.194007 -0.0 -3e-06 -4e-06 56.647762 -72.986443 137.521866 31.937822 -65.866943 -5.473583 28.723295 -0.308541 0.001032 2.211267 13.153417 18.920532 22.18202 -20.375784 49.933128 -16.701849 -16.743423 28.476465 -4.1e-05 -12.690534 2e-06 15.299582 -17.792604 2.797563 -0.105915 -1.51386 -4.275871 -5.039001 -5.612855 -2.953555 3.7e-05 -11.020517 -2.3e-05 -6.111189 -15.895329 -3.840485 0.0 -0.0 0.0 -10.283315 -5.680262 -4.341834 11.02826 -11.302412 -2.372647 -1.38421 -14.238566 -6.320124 -0.625324 -26.924213 -3.827627 -4.164345 -49.124783 -3.699784 -13.708448 -7.363441 -3.720942 18.14109 -14.052756 -3.242691 7.3e-05 -18.787247 -3.2e-05 -0.429678 -8.456043 2.55549 1e-06 0.0 0.0 -15.923411 -20.094421 -5.473599 30.419054 -7.190871 1.735883 3e-05 -8.16291 -1.5e-05 -1.86177 -22.86145 -6.167962 0.0 -3e-06 1e-06 -175.468933 -2.3345 -10.724814 5.538033 0.003729 0.220542 -78.328018 -1.281439 -5.756004 -4.164112 1.480739 2.174661 -0.999996 -1e-06 0.0 5.496543 -2.982134 -3.832467 5.559521 -0.038701 0.137034 -79.875847 -0.020524 -6.664436 -4.035246 0.649436 1.698902 -1.000001 -0.0 0.0 
0.0 0.0 0.0 0.0 -0.0 0.0 -0.222653 99.810722 0.154199 89.826233 0.606032 92.610573 -1.665859 1.211134 0.016778 -11.312872 -0.216232 -0.306762 15.635124 -1.461739 -2.428452 24.095287 1.800841 2.600133 -2.660005 -0.658033 -0.788537 -33.522724 -0.679101 -1.067642 6e-06 -0.0 0.0 0.05 0.011509 0.026155 0.061764 0.016587 0.026551 0.094693 0.003287 0.031739 -130.18396 -68.428818 147.093338 38.331104 -60.144058 -8.828096 22.07576 -0.54001 -0.185691 -3.81469 19.483791 9.838003 17.636616 -26.322729 52.411224 -19.466604 -14.395583 29.410389 5e-06 -8.774819 -7e-06 16.01766 -18.465815 6.358217 -0.609777 -1.795649 -3.889327 -4.807091 -11.046793 -2.937847 -6e-06 -20.975998 7e-06 -5.019972 -25.033566 -4.031901 6e-06 2e-06 2e-06 -10.634528 -5.686964 -3.56559 10.573252 -17.922916 -3.113887 -3e-06 -13.8212 9e-06 -0.501786 -31.181536 -4.027015 -11.588654 -59.552387 7.635067 -13.982703 -7.150191 -2.875046 13.772708 -8.401471 -3.218229 0.347708 -34.211529 0.771681 -0.963049 -17.733402 2.621042 -1e-06 0.0 -1e-06 -17.346413 -20.095192 -4.201787 21.757545 -1.638364 3.866438 -2e-06 -6.338821 5e-06 -1.697597 -22.591774 -6.194026 -1e-06 -1e-06 -3e-06 56.692814 -72.991234 137.455093 31.781759 -65.910782 -5.291701 28.661732 -0.275004 -0.009912 2.189645 13.103235 18.73234 22.182135 -20.375927 49.933422 -16.70182 -16.743525 28.476595 -6e-06 -12.690609 -1e-06 15.316217 -17.801987 2.812593 -0.105923 -1.513857 -4.275887 -5.039042 -5.612875 -2.953568 1e-05 -11.02055 -8e-06 -6.111282 -15.895403 -3.840516 0.0 -0.0 1e-06 -10.283374 -5.680291 -4.341849 11.028296 -11.302415 -2.372637 -1.38426 -14.23861 -6.320158 -0.625399 -26.924313 -3.827649 -4.189837 -49.127502 -3.687512 -13.708523 -7.363477 -3.720953 18.141148 -14.05275 -3.242674 1.4e-05 -18.787308 -5e-06 -0.42971 -8.456079 2.555523 1e-06 -0.0 0.0 -15.92353 -20.09449 -5.47361 30.419205 -7.190835 1.735935 7e-06 -8.162938 5e-06 -1.861873 -22.861551 -6.167972 1e-06 -2e-06 1e-06 -175.458145 -2.352771 -10.753307 5.558412 0.00338 0.222212 -78.318077 -1.25668 -5.767891 -4.153502 1.488372 2.177708 -0.999992 -0.0 -0.0 5.512073 -2.967464 -3.801519 5.547455 -0.039964 0.136678 -79.867714 -0.002138 -6.654963 -4.039668 0.658267 1.701324 -1.000001 -0.0 0.0 
0.0 0.0 0.0 0.0 -0.0 0.0 -0.237152 99.808968 0.134676 89.815475 0.634631 92.599625 -1.664285 1.209692 0.004936 -11.306017 -0.222729 -0.31562 15.619036 -1.464842 -2.424041 24.063223 1.854624 2.617266 -2.660576 -0.654602 -0.791963 -33.504143 -0.655098 -1.035038 6e-06 0.0 0.0 0.04907 0.012712 0.030066 0.060537 0.016023 0.029361 0.093826 0.006217 0.03658 -130.12117 -68.453415 146.982391 38.282738 -60.15377 -8.591164 22.07695 -0.507164 -0.174065 -3.953822 19.365772 9.757514 17.636593 -26.322702 52.411167 -19.466572 -14.395572 29.410347 6e-06 -8.774806 -7e-06 16.020582 -18.445595 6.357823 -0.609779 -1.795649 -3.889324 -4.807088 -11.046776 -2.937844 -1e-05 -20.975954 1.2e-05 -5.019971 -25.03351 -4.031886 5e-06 2e-06 1e-06 -10.634521 -5.686961 -3.565588 10.573232 -17.922884 -3.113876 -8e-06 -13.821174 1.3e-05 -0.501804 -31.181473 -4.026999 -11.566137 -59.560009 7.614115 -13.982695 -7.15019 -2.875041 13.772689 -8.401452 -3.218226 0.347692 -34.211437 0.771692 -0.963051 -17.733353 2.621035 -1e-06 2e-06 -1e-06 -17.346403 -20.095173 -4.201781 21.757515 -1.638358 3.866432 -3e-06 -6.338808 8e-06 -1.697599 -22.591703 -6.194 -1e-06 -2e-06 -4e-06 56.720284 -72.989227 137.431107 31.654625 -65.942131 -5.10703 28.574005 -0.232762 -0.019377 2.170366 13.054293 18.501467 22.182106 -20.375898 49.933281 -16.701708 -16.743502 28.47645 3e-06 -12.690571 -7e-06 15.333876 -17.820759 2.835577 -0.105923 -1.513846 -4.275874 -5.039033 -5.612845 -2.953549 2e-06 -11.020482 1.1e-05 -6.111285 -15.89528 -3.840471 -0.0 0.0 -2e-06 -10.283357 -5.68027 -4.341837 11.028261 -11.302353 -2.372607 -1.384272 -14.238516 -6.320102 -0.625444 -26.924093 -3.827566 -4.217474 -49.142025 -3.678594 -13.708508 -7.363454 -3.72094 18.141098 -14.052677 -3.242641 -8e-06 -18.787205 3e-05 -0.429717 -8.45603 2.555522 -0.0 1e-06 0.0 -15.923519 -20.094416 -5.473579 30.419136 -7.190794 1.735948 -0.0 -8.1629 1.3e-05 -1.861917 -22.861403 -6.167892 2e-06 -6e-06 -1e-06 -175.440247 -2.370367 -10.789512 5.574171 0.003761 0.223129 -78.311401 -1.22315 -5.790022 -4.139831 1.488711 2.179013 -0.999998 -0.0 0.0 5.530518 -2.952357 -3.782535 5.53618 -0.039251 0.137957 -79.870796 0.026188 -6.65903 -4.025126 0.662987 1.703194 -1.000002 0.0 0.0 
0.0 0.0 0.0 0.0 -0.0 0.0 -0.253348 99.802841 0.113053 89.806282 0.665448 92.582664 -1.664772 1.212256 -0.003426 -11.298483 -0.229858 -0.316122 15.606375 -1.473663 -2.426703 24.017498 1.90888 2.621136 -2.657931 -0.649978 -0.769219 -33.473007 -0.633166 -0.997075 6e-06 -0.0 -0.0 0.046808 0.01456 0.035819 0.058824 0.016058 0.033106 0.092659 0.009769 0.044006 -130.045731 -68.461739 146.844589 38.216915 -60.158817 -8.349906 22.097336 -0.479287 -0.159905 -4.108914 19.266493 9.694357 17.636627 -26.32275 52.41116 -19.466669 -14.395574 29.410378 -1.2e-05 -8.774815 -4e-06 16.01869 -18.429159 6.364835 -0.609775 -1.795654 -3.889327 -4.807069 -11.04681 -2.937849 3.1e-05 -20.976051 4e-06 -5.019941 -25.033625 -4.031864 6e-06 -1e-06 1e-06 -10.634512 -5.68696 -3.56559 10.573275 -17.922968 -3.113902 1.9e-05 -13.821228 6e-06 -0.501742 -31.181606 -4.026991 -11.586021 -59.570396 7.632631 -13.982683 -7.150185 -2.875047 13.772712 -8.401508 -3.218238 0.347766 -34.211613 0.771669 -0.963021 -17.733437 2.621048 -2e-06 1e-06 -0.0 -17.346361 -20.0952 -4.20179 21.757515 -1.638397 3.866424 1e-05 -6.338833 2e-06 -1.697547 -22.591814 -6.194006 0.0 -3e-06 -2e-06 56.725044 -72.987656 137.453323 31.549601 -65.974197 -4.955542 28.479958 -0.204526 -0.026901 2.154155 13.021556 18.309092 22.182104 -20.375891 49.933323 -16.701864 -16.743536 28.476574 -1.6e-05 -12.690616 4e-06 15.350671 -17.836985 2.850774 -0.105918 -1.513859 -4.275884 -5.03904 -5.612876 -2.95356 1.5e-05 -11.020554 -8e-06 -6.111284 -15.895406 -3.840494 1e-06 0.0 -1e-06 -10.283365 -5.680288 -4.34184 11.028305 -11.302423 -2.372644 -1.384251 -14.238619 -6.320144 -0.625387 -26.924318 -3.827643 -4.229197 -49.164845 -3.682717 -13.708519 -7.363476 -3.720942 18.141172 -14.052772 -3.242692 2.6e-05 -18.787323 -1.2e-05 -0.429702 -8.456088 2.555509 -0.0 0.0 1e-06 -15.923522 -20.094492 -5.473593 30.419231 -7.19085 1.73591 1e-05 -8.162944 -5e-06 -1.861867 -22.861572 -6.167978 -0.0 -4e-06 -3e-06 -175.418976 -2.383686 -10.832026 5.581526 0.002473 0.221079 -78.31086 -1.207327 -5.811656 -4.134568 1.491338 2.181038 -1.000001 -0.0 1e-06 5.547344 -2.939967 -3.778339 5.534856 -0.039799 0.142689 -79.868263 0.070577 -6.668083 -4.007622 0.661353 1.703482 -1.000003 -0.0 0.0 
0.0 0.0 0.0 0.0 -0.0 0.0 -0.271997 99.798164 0.09627 89.797218 0.691047 92.552788 -1.664948 1.217581 -0.007037 -11.29644 -0.234818 -0.304727 15.598274 -1.479872 -2.433648 23.969063 1.951167 2.609493 -2.65087 -0.640387 -0.730312 -33.44165 -0.606447 -0.963156 6e-06 -0.0 0.0 0.045809 0.016363 0.044875 0.065396 0.01595 0.041224 0.098823 0.013415 0.053871 -129.987564 -68.46035 146.726776 38.156635 -60.15884 -8.152685 22.122005 -0.457227 -0.156156 -4.26523 19.190075 9.616318 17.636566 -26.322704 52.411228 -19.466566 -14.395544 29.410378 -1e-06 -8.774783 -5e-06 16.011343 -18.415249 6.365649 -0.60978 -1.795645 -3.889323 -4.80707 -11.046761 -2.937854 7e-06 -20.97592 0.0 -5.01992 -25.033451 -4.031897 6e-06 -0.0 0.0 -10.634501 -5.68695 -3.565592 10.573224 -17.922871 -3.113886 5e-06 -13.821149 8e-06 -0.501756 -31.181381 -4.027001 -11.617254 -59.556564 7.656233 -13.982665 -7.150173 -2.87505 13.772666 -8.401453 -3.218227 0.347726 -34.211384 0.771682 -0.963044 -17.733315 2.621042 0.0 0.0 -1e-06 -17.346352 -20.095142 -4.201802 21.757467 -1.63837 3.86643 2e-06 -6.338799 8e-06 -1.697565 -22.591663 -6.194008 0.0 -3e-06 -3e-06 56.733704 -72.987373 137.478851 31.471621 -66.019371 -4.894079 28.39188 -0.192751 -0.031144 2.16063 13.005674 18.127827 22.182032 -20.375843 49.933193 -16.701712 -16.74345 28.476429 -8e-06 -12.69053 0.0 15.372161 -17.827456 2.846237 -0.105922 -1.513851 -4.275869 -5.039016 -5.61284 -2.95355 1e-05 -11.020475 1e-06 -6.111244 -15.895269 -3.840469 0.0 -0.0 -1e-06 -10.283326 -5.680261 -4.341831 11.028236 -11.302349 -2.372611 -1.384253 -14.238506 -6.320101 -0.625415 -26.924074 -3.827575 -4.242571 -49.195461 -3.675433 -13.708467 -7.363442 -3.720936 18.141052 -14.052671 -3.242646 7e-06 -18.787178 1.4e-05 -0.42971 -8.456017 2.555508 2e-06 0.0 1e-06 -15.923465 -20.094387 -5.473576 30.41905 -7.190794 1.735925 5e-06 -8.16289 8e-06 -1.861881 -22.861383 -6.167898 -1e-06 -2e-06 1e-06 -175.401764 -2.395642 -10.870702 5.581823 0.00015 0.220047 -78.319878 -1.2109 -5.834702 -4.148107 1.491136 2.180743 -0.999997 -0.0 -0.0 5.559085 -2.931 -3.791336 5.535008 -0.040352 0.14722 -79.87027 0.125307 -6.682979 -4.014162 0.6537 1.701151 -0.999999 -0.0 -0.0 
0.0 0.0 0.0 0.0 -0.0 0.0 -0.292767 99.796852 0.08246 89.787407 0.719914 92.505928 -1.655462 1.224159 -0.011277 -11.299991 -0.239067 -0.286681 15.594495 -1.485527 -2.441334 23.927683 1.986203 2.591827 -2.646075 -0.631803 -0.67873 -33.404251 -0.577246 -0.941659 6e-06 -0.0 0.0 0.042356 0.016817 0.051801 0.074509 0.014754 0.048193 0.105286 0.015526 0.060401 -129.92276 -68.457275 146.635803 38.159176 -60.142227 -8.084146 22.133709 -0.457217 -0.161916 -4.395277 19.135366 9.547744 17.636662 -26.322748 52.411114 -19.466745 -14.395695 29.41041 7e-06 -8.774887 2e-06 16.005095 -18.402239 6.360515 -0.609772 -1.795659 -3.88933 -4.807124 -11.046863 -2.937836 -1.2e-05 -20.976135 4e-06 -5.020051 -25.033758 -4.031896 6e-06 -4e-06 0.0 -10.634583 -5.686998 -3.565565 10.573328 -17.923025 -3.113919 -7e-06 -13.821287 -2e-06 -0.50181 -31.18177 -4.027049 -11.643351 -59.515816 7.666642 -13.982779 -7.150228 -2.87501 13.772807 -8.401517 -3.218266 0.347715 -34.211784 0.771648 -0.963034 -17.733524 2.62102 1e-06 -1e-06 1e-06 -17.346521 -20.095299 -4.201728 21.757694 -1.638366 3.866419 -4e-06 -6.33886 -3e-06 -1.697627 -22.591934 -6.194041 -0.0 -2e-06 -3e-06 56.73315 -73.006912 137.540146 31.459698 -66.062454 -4.938068 28.302868 -0.192684 -0.036716 2.198003 12.995097 17.982353 22.182167 -20.375883 49.933346 -16.701902 -16.743607 28.476599 -0.0 -12.690675 3e-06 15.390959 -17.794861 2.836733 -0.105918 -1.513864 -4.275888 -5.039066 -5.6129 -2.953558 1e-06 -11.020589 -4e-06 -6.111342 -15.895462 -3.84049 0.0 1e-06 -1e-06 -10.283411 -5.680316 -4.341835 11.028343 -11.302448 -2.372649 -1.384279 -14.238657 -6.320148 -0.625425 -26.924383 -3.827651 -4.245231 -49.236832 -3.671109 -13.708581 -7.363512 -3.720931 18.141237 -14.052794 -3.242704 7e-06 -18.787376 -2e-05 -0.429706 -8.456108 2.555504 -0.0 -2e-06 2e-06 -15.923615 -20.094568 -5.473569 30.419353 -7.190837 1.735923 0.0 -8.162961 -1.1e-05 -1.861901 -22.861624 -6.168012 1e-06 -3e-06 -1e-06 -175.382004 -2.404035 -10.905527 5.58393 4.7e-05 0.215699 -78.328278 -1.234113 -5.82935 -4.165173 1.492695 2.180875 -1.0 0.0 -0.0 5.569901 -2.926955 -3.826363 5.538153 -0.04204 0.154002 -79.860748 0.189646 -6.683781 -4.041581 0.64225 1.697305 -1.0 -0.0 0.0 
0.0 0.0 0.0 0.0 -0.0 0.0 -0.306524 99.803307 0.063409 89.778038 0.761785 92.46756 -1.633981 1.225073 -0.018183 -11.301143 -0.242879 -0.271733 15.589751 -1.490225 -2.437907 23.904978 2.032622 2.578275 -2.654415 -0.630979 -0.620264 -33.380219 -0.555189 -0.935983 5e-06 -0.0 0.0 0.036292 0.01643 0.055741 0.087384 0.012696 0.054688 0.113298 0.016931 0.061312 -129.89003 -68.469467 146.600113 38.210407 -60.107674 -8.083301 22.140324 -0.475054 -0.175359 -4.496039 19.082722 9.532279 17.636627 -26.322845 52.4114 -19.466751 -14.395747 29.410557 1.3e-05 -8.774904 9e-06 16.01786 -18.402185 6.356128 -0.609775 -1.795657 -3.889341 -4.807136 -11.046856 -2.937849 -2.3e-05 -20.97612 5e-06 -5.020066 -25.033739 -4.031928 7e-06 -3e-06 0.0 -10.634593 -5.686997 -3.565582 10.573333 -17.923 -3.113927 -1.8e-05 -13.821274 3e-06 -0.50183 -31.181734 -4.027063 -11.652987 -59.485226 7.660342 -13.982793 -7.15023 -2.875025 13.772822 -8.401499 -3.218275 0.347675 -34.211742 0.77168 -0.963068 -17.7335 2.621037 1e-06 -3e-06 -1e-06 -17.346546 -20.095299 -4.201755 21.757727 -1.638355 3.866421 -9e-06 -6.338855 4e-06 -1.697648 -22.591915 -6.194067 0.0 -1e-06 -2e-06 56.77673 -73.020531 137.573227 31.499857 -66.093277 -5.021987 28.186831 -0.204399 -0.052626 2.265835 13.000944 17.919498 22.182165 -20.375895 49.933353 -16.701832 -16.743587 28.476564 1.1e-05 -12.690659 -0.0 15.407064 -17.740955 2.822323 -0.105922 -1.513858 -4.275885 -5.039064 -5.612885 -2.953554 -7e-06 -11.020557 1e-06 -6.11135 -15.895418 -3.840495 0.0 0.0 0.0 -10.283404 -5.680304 -4.341835 11.028319 -11.302415 -2.372637 -1.38429 -14.238625 -6.320141 -0.625447 -26.92432 -3.827644 -4.256721 -49.296467 -3.663943 -13.70857 -7.363498 -3.720932 18.141201 -14.052744 -3.242679 -1.3e-05 -18.787325 -2e-06 -0.429718 -8.456087 2.555513 1e-06 1e-06 3e-06 -15.923608 -20.094528 -5.473571 30.419321 -7.190812 1.73594 -5e-06 -8.162949 -2e-06 -1.861925 -22.861597 -6.167999 -1e-06 -3e-06 -3e-06 -175.357071 -2.4071 -10.90411 5.587473 0.001437 0.211658 -78.340317 -1.284703 -5.787277 -4.184313 1.502056 2.182894 -1.000006 -1e-06 -0.0 5.596437 -2.923957 -3.876431 5.531054 -0.041865 0.161807 -79.847252 0.235781 -6.676817 -4.076364 0.633601 1.694467 -1.000003 0.0 -0.0 
0.0 0.0 0.0 0.0 -0.0 0.0 -0.310442 99.814644 0.043183 89.773773 0.799677 92.449539 -1.606151 1.217029 -0.023985 -11.307638 -0.248185 -0.273008 15.583714 -1.494497 -2.424853 23.878132 2.097113 2.589824 -2.664325 -0.632349 -0.598761 -33.359081 -0.537506 -0.926985 6e-06 -0.0 0.0 0.032011 0.014813 0.054119 0.099967 0.010203 0.056875 0.120329 0.016375 0.055158 -129.893311 -68.476097 146.589966 38.244667 -60.06073 -8.081636 22.126268 -0.519714 -0.190001 -4.545291 19.050587 9.531819 17.63658 -26.322733 52.411228 -19.466539 -14.395704 29.410364 4.2e-05 -8.774876 4e-06 16.033379 -18.390194 6.341678 -0.60978 -1.795644 -3.889323 -4.807153 -11.046797 -2.937819 -9.2e-05 -20.975971 3.9e-05 -5.020133 -25.033571 -4.031905 6e-06 -2e-06 1e-06 -10.634583 -5.686987 -3.565564 10.573242 -17.922863 -3.113869 -6.2e-05 -13.821183 1.8e-05 -0.50195 -31.181511 -4.027025 -11.649817 -59.46981 7.643167 -13.98278 -7.150222 -2.875009 13.772763 -8.401413 -3.218237 0.347544 -34.211502 0.771737 -0.963116 -17.733389 2.621017 0.0 1e-06 -1e-06 -17.346561 -20.095221 -4.201721 21.757673 -1.638294 3.866434 -2.8e-05 -6.338816 1.2e-05 -1.697742 -22.591755 -6.194006 0.0 -3e-06 -1e-06 56.833691 -73.011787 137.569992 31.559196 -66.093254 -5.050501 28.0394 -0.23995 -0.076864 2.31992 13.033484 17.967369 22.182079 -20.375824 49.933193 -16.701588 -16.743547 28.476351 5.6e-05 -12.690597 -8e-06 15.411685 -17.679266 2.814872 -0.105925 -1.513839 -4.275866 -5.03906 -5.612842 -2.953533 -4.5e-05 -11.020431 2.3e-05 -6.111374 -15.895224 -3.840452 0.0 1e-06 0.0 -10.283384 -5.680285 -4.341807 11.028238 -11.302279 -2.372595 -1.384342 -14.238464 -6.320078 -0.625556 -26.923943 -3.827577 -4.275381 -49.353508 -3.661591 -13.708546 -7.363475 -3.720906 18.141069 -14.052565 -3.242611 -8.8e-05 -18.787125 3.7e-05 -0.429748 -8.455985 2.555504 1e-06 0.0 4e-06 -15.923615 -20.09441 -5.473522 30.419184 -7.190672 1.735987 -3.3e-05 -8.162868 1.8e-05 -1.862036 -22.861303 -6.167895 1e-06 -6e-06 1e-06 -175.340408 -2.405565 -10.857579 5.591484 0.002021 0.208795 -78.353844 -1.337317 -5.73782 -4.210714 1.520064 2.188515 -0.999998 0.0 0.0 5.630095 -2.922583 -3.899131 5.506034 -0.041119 0.169897 -79.822945 0.210832 -6.669587 -4.122046 0.626287 1.692635 -1.000003 0.0 -0.0 
0.0 0.0 0.0 0.0 -0.0 0.0 -0.31759 99.82579 0.016997 89.763725 0.822873 92.448036 -1.582464 1.215998 -0.028828 -11.319163 -0.258449 -0.284054 15.582416 -1.498922 -2.421613 23.836182 2.153716 2.626868 -2.658654 -0.6169 -0.619953 -33.309765 -0.509903 -0.894411 6e-06 -0.0 0.0 0.033231 0.010307 0.040639 0.107523 0.006192 0.04627 0.124055 0.011509 0.037559 -129.891281 -68.451996 146.544388 38.222069 -59.991772 -8.05286 22.1159 -0.593321 -0.199335 -4.613432 19.01136 9.43568 17.636555 -26.322598 52.411003 -19.466633 -14.395566 29.410328 -2e-06 -8.774808 1e-06 16.008175 -18.341936 6.326079 -0.609774 -1.795649 -3.889318 -4.807079 -11.046786 -2.937848 1.2e-05 -20.975986 -2.2e-05 -5.019936 -25.033564 -4.031909 6e-06 -1e-06 2e-06 -10.634505 -5.686957 -3.565575 10.573247 -17.922909 -3.113909 9e-06 -13.821187 -1.1e-05 -0.50173 -31.181524 -4.027048 -11.683932 -59.47718 7.66509 -13.982678 -7.150184 -2.875029 13.772697 -8.401469 -3.218242 0.347756 -34.211517 0.771617 -0.963012 -17.733391 2.62101 -1e-06 -1e-06 0.0 -17.346375 -20.095169 -4.201767 21.757513 -1.638365 3.866407 2e-06 -6.338817 -6e-06 -1.697558 -22.591766 -6.194037 -0.0 -2e-06 -3e-06 56.822464 -73.01445 137.618561 31.60832 -66.054024 -4.938366 27.902617 -0.269478 -0.097591 2.298122 13.039829 18.030107 22.182087 -20.375914 49.933273 -16.701775 -16.743498 28.476507 -1.7e-05 -12.690576 0.0 15.42617 -17.649145 2.824223 -0.105918 -1.513852 -4.275874 -5.039028 -5.612854 -2.95356 1.8e-05 -11.020519 3e-06 -6.111251 -15.895336 -3.840481 0.0 0.0 -1e-06 -10.283346 -5.680269 -4.341837 11.028274 -11.302392 -2.372619 -1.384244 -14.238564 -6.320119 -0.6254 -26.924223 -3.827579 -4.284029 -49.408394 -3.680427 -13.708494 -7.363451 -3.72094 18.141115 -14.052732 -3.24266 2e-05 -18.787266 2.1e-05 -0.429711 -8.45606 2.555527 -0.0 0.0 1e-06 -15.923491 -20.094429 -5.473586 30.419146 -7.190838 1.735924 8e-06 -8.162928 1.1e-05 -1.861873 -22.861509 -6.167914 1e-06 -5e-06 2e-06 -175.337112 -2.415951 -10.791043 5.600257 0.001432 0.20324 -78.358025 -1.371015 -5.708991 -4.234248 1.555755 2.200845 -0.999999 -0.0 -0.0 5.650809 -2.910319 -3.881628 5.469625 -0.042589 0.179579 -79.769814 0.128957 -6.651533 -4.172429 0.617789 1.691367 -0.999998 0.0 -0.0 
0.0 0.0 0.0 0.0 -0.0 0.0 -0.321341 99.829239 -0.012742 89.748535 0.835071 92.433525 -1.576399 1.223176 -0.023321 -11.328491 -0.279571 -0.287976 15.588036 -1.487044 -2.431795 23.801228 2.184985 2.660122 -2.632986 -0.561467 -0.67153 -33.283836 -0.475632 -0.821783 6e-06 -0.0 0.0 0.042614 0.002214 0.012279 0.107136 -0.003479 0.016784 0.119909 0.005204 0.009509 -129.849731 -68.418961 146.47403 38.228497 -59.888008 -8.032684 22.123575 -0.673801 -0.200658 -4.749918 18.963648 9.256975 17.6366 -26.322771 52.411312 -19.46652 -14.395585 29.410393 1.9e-05 -8.774813 -8e-06 15.961995 -18.287203 6.323184 -0.609782 -1.795642 -3.889327 -4.807105 -11.046769 -2.937842 -4.2e-05 -20.975935 2.9e-05 -5.020014 -25.033501 -4.031898 6e-06 2e-06 1e-06 -10.634533 -5.68696 -3.565594 10.573217 -17.922857 -3.11386 -3e-05 -13.821161 2.3e-05 -0.501859 -31.181429 -4.026993 -11.799973 -59.518726 7.768162 -13.982714 -7.150189 -2.875048 13.772695 -8.401434 -3.218217 0.347627 -34.211433 0.771741 -0.963092 -17.73336 2.621054 -0.0 0.0 0.0 -17.346436 -20.09516 -4.201785 21.757538 -1.638337 3.866449 -1.3e-05 -6.338806 1.6e-05 -1.697648 -22.591705 -6.194002 -0.0 -2e-06 -4e-06 56.715263 -73.043114 137.796005 31.639711 -65.959412 -4.723033 27.834375 -0.258783 -0.100851 2.211186 12.97631 18.135099 22.182171 -20.375984 49.933453 -16.701771 -16.743595 28.47658 2.4e-05 -12.690654 -2e-06 15.47274 -17.677938 2.862733 -0.105924 -1.513851 -4.275887 -5.03907 -5.612884 -2.953557 -2e-05 -11.02056 1.4e-05 -6.111369 -15.895433 -3.840491 1e-06 0.0 1e-06 -10.283404 -5.680304 -4.341843 11.028307 -11.302402 -2.372619 -1.384309 -14.238627 -6.320136 -0.625503 -26.924345 -3.827612 -4.281168 -49.505718 -3.675509 -13.70857 -7.3635 -3.720939 18.141176 -14.052727 -3.242656 -4.3e-05 -18.78734 2.7e-05 -0.429735 -8.456104 2.55553 -1e-06 4e-06 -3e-06 -15.923616 -20.094517 -5.473574 30.419292 -7.190782 1.735961 -1.8e-05 -8.162958 8e-06 -1.861966 -22.861641 -6.167974 -1e-06 -5e-06 -0.0 -175.333801 -2.434006 -10.776385 5.591942 0.001926 0.188571 -78.354607 -1.363567 -5.706539 -4.246709 1.602213 2.21577 -0.999997 -0.0 -0.0 5.652968 -2.895658 -3.879548 5.437572 -0.047689 0.189852 -79.69294 0.092 -6.610545 -4.242007 0.60924 1.690542 -1.000005 0.0 -0.0 
