HIERARCHY
ROOT Root
{
  OFFSET 0.0 0.0 0.0
  CHANNELS 6 Xposition Yposition Zposition Zrotation Yrotation Xrotation
  JOINT Hips
  {
    OFFSET 0.0 100.0 0.0
    CHANNELS 6 Xposition Yposition Zposition Zrotation Yrotation Xrotation
    JOINT Spine1
    {
      OFFSET 5.003913 -0.037094 -0.013727
      CHANNELS 3 Zrotation Yrotation Xrotation
      JOINT Spine2
      {
        OFFSET 7.125363 -1e-06 0.0
        CHANNELS 3 Zrotation Yrotation Xrotation
        JOINT Chest
        {
          OFFSET 7.594027 1e-06 0.0
          CHANNELS 3 Zrotation Yrotation Xrotation
          JOINT Neck1
          {
            OFFSET 26.313086 -0.460272 -0.181672
            CHANNELS 3 Zrotation Yrotation Xrotation
            JOINT Neck2
            {
              OFFSET 8.045911 0.0 0.0
              CHANNELS 3 Zrotation Yrotation Xrotation
              JOINT Head
              {
                OFFSET 6.432774 0.0 0.0
                CHANNELS 3 Zrotation Yrotation Xrotation
                JOINT HeadEnd
                {
                  OFFSET 16.169773 0.06451 0.00362
                  CHANNELS 3 Zrotation Yrotation Xrotation
                }
                JOINT Jaw
                {
                  OFFSET 0.108741 3.12938 0.002639
                  CHANNELS 3 Zrotation Yrotation Xrotation
                }
                JOINT LeftEye
                {
                  OFFSET 4.45173 8.166359 3.206392
                  CHANNELS 3 Zrotation Yrotation Xrotation
                }
                JOINT RightEye
                {
                  OFFSET 4.436895 8.135758 -3.222429
                  CHANNELS 3 Zrotation Yrotation Xrotation
                }
              }
            }
          }
          JOINT LeftShoulder
          {
            OFFSET 23.218927 5.195579 1.621656
            CHANNELS 3 Zrotation Yrotation Xrotation
            JOINT LeftArm
            {
              OFFSET 15.902118 2e-06 -2e-06
              CHANNELS 3 Zrotation Yrotation Xrotation
              JOINT LeftForeArm
              {
                OFFSET 28.739307 0.0 -1e-06
                CHANNELS 3 Zrotation Yrotation Xrotation
                JOINT LeftHand
                {
                  OFFSET 27.093981 -4e-06 0.0
                  CHANNELS 3 Zrotation Yrotation Xrotation
                  JOINT LeftHandThumb1
                  {
                    OFFSET 2.276781 3.380274 0.83384
                    CHANNELS 3 Zrotation Yrotation Xrotation
                    JOINT LeftHandThumb2
                    {
                      OFFSET 4.705309 -1e-06 -1e-06
                      CHANNELS 3 Zrotation Yrotation Xrotation
                      JOINT LeftHandThumb3
                      {
                        OFFSET 2.798515 0.0 3e-06
                        CHANNELS 3 Zrotation Yrotation Xrotation
                        JOINT LeftHandThumbEnd
                        {
                          OFFSET 3.180793 4e-06 -4e-06
                          CHANNELS 3 Zrotation Yrotation Xrotation
                        }
                      }
                    }
                  }
                  JOINT LeftHandIndex1
                  {
                    OFFSET 3.247786 2.352677 0.137192
                    CHANNELS 3 Zrotation Yrotation Xrotation
                    JOINT LeftHandIndex2
                    {
                      OFFSET 6.367095 1e-06 0.0
                      CHANNELS 3 Zrotation Yrotation Xrotation
                      JOINT LeftHandIndex3
                      {
                        OFFSET 3.662364 0.0 0.0
                        CHANNELS 3 Zrotation Yrotation Xrotation
                        JOINT LeftHandIndex4
                        {
                          OFFSET 2.329242 4e-06 -4e-06
                          CHANNELS 3 Zrotation Yrotation Xrotation
                          JOINT LeftHandIndexEnd
                          {
                            OFFSET 2.767823 1e-06 0.0
                            CHANNELS 3 Zrotation Yrotation Xrotation
                          }
                        }
                      }
                    }
                  }
                  JOINT LeftHandMiddle1
                  {
                    OFFSET 3.163612 0.945023 -0.406112
                    CHANNELS 3 Zrotation Yrotation Xrotation
                    JOINT LeftHandMiddle2
                    {
                      OFFSET 6.276789 3e-06 0.0
                      CHANNELS 3 Zrotation Yrotation Xrotation
                      JOINT LeftHandMiddle3
                      {
                        OFFSET 4.35652 -1e-06 4e-06
                        CHANNELS 3 Zrotation Yrotation Xrotation
                        JOINT LeftHandMiddle4
                        {
                          OFFSET 2.996877 0.0 8e-06
                          CHANNELS 3 Zrotation Yrotation Xrotation
                          JOINT LeftHandMiddleEnd
                          {
                            OFFSET 2.323256 3e-06 -4e-06
                            CHANNELS 3 Zrotation Yrotation Xrotation
                          }
                        }
                      }
                    }
                  }
                  JOINT LeftHandRing1
                  {
                    OFFSET 2.882606 -0.309162 0.107445
                    CHANNELS 3 Zrotation Yrotation Xrotation
                    JOINT LeftHandRing2
                    {
                      OFFSET 6.033198 0.0 4e-06
                      CHANNELS 3 Zrotation Yrotation Xrotation
                      JOINT LeftHandRing3
                      {
                        OFFSET 4.350578 3e-06 0.0
                        CHANNELS 3 Zrotation Yrotation Xrotation
                        JOINT LeftHandRing4
                        {
                          OFFSET 2.651321 2e-06 -7e-06
                          CHANNELS 3 Zrotation Yrotation Xrotation
                          JOINT LeftHandRingEnd
                          {
                            OFFSET 1.937663 1e-06 -4e-06
                            CHANNELS 3 Zrotation Yrotation Xrotation
                          }
                        }
                      }
                    }
                  }
                  JOINT LeftHandPinky1
                  {
                    OFFSET 2.865315 -1.525436 0.575687
                    CHANNELS 3 Zrotation Yrotation Xrotation
                    JOINT LeftHandPinky2
                    {
                      OFFSET 5.54936 1e-06 -8e-06
                      CHANNELS 3 Zrotation Yrotation Xrotation
                      JOINT LeftHandPinky3
                      {
                        OFFSET 3.070974 0.0 -4e-06
                        CHANNELS 3 Zrotation Yrotation Xrotation
                        JOINT LeftHandPinky4
                        {
                          OFFSET 1.549672 1e-06 0.0
                          CHANNELS 3 Zrotation Yrotation Xrotation
                          JOINT LeftHandPinkyEnd
                          {
                            OFFSET 1.952123 0.0 0.0
                            CHANNELS 3 Zrotation Yrotation Xrotation
                          }
                        }
                      }
                    }
                  }
                }
              }
            }
          }
          JOINT RightShoulder
          {
            OFFSET 23.161716 5.296122 -1.380114
            CHANNELS 3 Zrotation Yrotation Xrotation
            JOINT RightArm
            {
              OFFSET -16.027195 -2e-06 1.1e-05
              CHANNELS 3 Zrotation Yrotation Xrotation
              JOINT RightForeArm
              {
                OFFSET -28.736639 4e-06 2e-06
                CHANNELS 3 Zrotation Yrotation Xrotation
                JOINT RightHand
                {
                  OFFSET -27.133619 6e-06 0.0
                  CHANNELS 3 Zrotation Yrotation Xrotation
                  JOINT RightHandThumb1
                  {
                    OFFSET -2.274328 -3.351035 -0.83067
                    CHANNELS 3 Zrotation Yrotation Xrotation
                    JOINT RightHandThumb2
                    {
                      OFFSET -4.703594 -3e-06 2e-06
                      CHANNELS 3 Zrotation Yrotation Xrotation
                      JOINT RightHandThumb3
                      {
                        OFFSET -2.794935 -4e-06 -3e-06
                        CHANNELS 3 Zrotation Yrotation Xrotation
                        JOINT RightHandThumbEnd
                        {
                          OFFSET -3.183852 4e-06 1e-06
                          CHANNELS 3 Zrotation Yrotation Xrotation
                        }
                      }
                    }
                  }
                  JOINT RightHandIndex1
                  {
                    OFFSET -3.253496 -2.33755 -0.127667
                    CHANNELS 3 Zrotation Yrotation Xrotation
                    JOINT RightHandIndex2
                    {
                      OFFSET -6.344434 0.0 0.0
                      CHANNELS 3 Zrotation Yrotation Xrotation
                      JOINT RightHandIndex3
                      {
                        OFFSET -3.654871 0.0 -8e-06
                        CHANNELS 3 Zrotation Yrotation Xrotation
                        JOINT RightHandIndex4
                        {
                          OFFSET -2.327586 -1e-06 0.0
                          CHANNELS 3 Zrotation Yrotation Xrotation
                          JOINT RightHandIndexEnd
                          {
                            OFFSET -2.770001 3e-06 8e-06
                            CHANNELS 3 Zrotation Yrotation Xrotation
                          }
                        }
                      }
                    }
                  }
                  JOINT RightHandMiddle1
                  {
                    OFFSET -3.168223 -0.944764 0.411762
                    CHANNELS 3 Zrotation Yrotation Xrotation
                    JOINT RightHandMiddle2
                    {
                      OFFSET -6.266691 -1e-06 -4e-06
                      CHANNELS 3 Zrotation Yrotation Xrotation
                      JOINT RightHandMiddle3
                      {
                        OFFSET -4.348901 0.0 0.0
                        CHANNELS 3 Zrotation Yrotation Xrotation
                        JOINT RightHandMiddle4
                        {
                          OFFSET -3.00024 2e-06 -4e-06
                          CHANNELS 3 Zrotation Yrotation Xrotation
                          JOINT RightHandMiddleEnd
                          {
                            OFFSET -2.321477 -4e-06 -4e-06
                            CHANNELS 3 Zrotation Yrotation Xrotation
                          }
                        }
                      }
                    }
                  }
                  JOINT RightHandRing1
                  {
                    OFFSET -2.885654 0.293261 -0.119232
                    CHANNELS 3 Zrotation Yrotation Xrotation
                    JOINT RightHandRing2
                    {
                      OFFSET -6.032835 -1e-06 -4e-06
                      CHANNELS 3 Zrotation Yrotation Xrotation
                      JOINT RightHandRing3
                      {
                        OFFSET -4.33881 0.0 -4e-06
                        CHANNELS 3 Zrotation Yrotation Xrotation
                        JOINT RightHandRing4
                        {
                          OFFSET -2.654903 -4e-06 -4e-06
                          CHANNELS 3 Zrotation Yrotation Xrotation
                          JOINT RightHandRingEnd
                          {
                            OFFSET -1.935122 0.0 4e-06
                            CHANNELS 3 Zrotation Yrotation Xrotation
                          }
                        }
                      }
                    }
                  }
                  JOINT RightHandPinky1
                  {
                    OFFSET -2.866241 1.503904 -0.60527
                    CHANNELS 3 Zrotation Yrotation Xrotation
                    JOINT RightHandPinky2
                    {
                      OFFSET -5.553177 -2e-06 0.0
                      CHANNELS 3 Zrotation Yrotation Xrotation
                      JOINT RightHandPinky3
                      {
                        OFFSET -3.062664 -1e-06 -4e-06
                        CHANNELS 3 Zrotation Yrotation Xrotation
                        JOINT RightHandPinky4
                        {
                          OFFSET -1.546529 2e-06 4e-06
                          CHANNELS 3 Zrotation Yrotation Xrotation
                          JOINT RightHandPinkyEnd
                          {
                            OFFSET -1.952341 0.0 -4e-06
                            CHANNELS 3 Zrotation Yrotation Xrotation
                          }
                        }
                      }
                    }
                  }
                }
              }
            }
          }
        }
      }
    }
    JOINT LeftLeg
    {
      OFFSET -8.443107 2.567604 10.043214
      CHANNELS 3 Zrotation Yrotation Xrotation
      JOINT LeftShin
      {
        OFFSET 43.229198 1e-06 -1e-06
        CHANNELS 3 Zrotation Yrotation Xrotation
        JOINT LeftFoot
        {
          OFFSET 42.298611 1e-06 1e-06
          CHANNELS 3 Zrotation Yrotation Xrotation
          JOINT LeftToeBase
          {
            OFFSET 14.165858 1e-06 0.0
            CHANNELS 3 Zrotation Yrotation Xrotation
            JOINT LeftToeEnd
            {
              OFFSET 6.7141 -0.234461 0.0
              CHANNELS 3 Zrotation Yrotation Xrotation
            }
          }
        }
      }
    }
    JOINT RightLeg
    {
      OFFSET -8.303923 2.592729 -10.047278
      CHANNELS 3 Zrotation Yrotation Xrotation
      JOINT RightShin
      {
        OFFSET -43.369682 0.0 1e-06
        CHANNELS 3 Zrotation Yrotation Xrotation
        JOINT RightFoot
        {
          OFFSET -42.260784 4e-06 2e-06
          CHANNELS 3 Zrotation Yrotation Xrotation
          JOINT RightToeBase
          {
            OFFSET -14.222245 -2e-06 -1e-06
            CHANNELS 3 Zrotation Yrotation Xrotation
            JOINT RightToeEnd
            {
              OFFSET -6.660062 0.232574 -2e-06
              CHANNELS 3 Zrotation Yrotation Xrotation
            }
          }
        }
      }
    }
  }
}
MOTION
Frames: 136
Frame Time: 0.03333333333333333
0.000000 0.000000 0.000000 0.000000 -0.000000 0.000000 0.039661 99.677979 -0.125259 89.038437 7.801754 90.225922 0.572245 0.070708 0.021658 -10.532267 -0.396471 -0.051969 18.262678 0.631891 -1.604322 22.973349 0.326351 2.483069 -2.558976 -0.633199 -0.491912 -33.391045 0.691514 -1.720188 0.000007 -0.000000 -0.000000 0.011411 0.002700 0.055354 0.104231 -0.004282 0.050115 0.076829 0.007704 0.070513 -108.254562 -75.479660 121.705231 43.366699 -63.535404 8.680799 26.396427 0.014975 -0.129878 -0.014343 -3.253625 8.696506 17.636677 -26.322744 52.411259 -19.466690 -14.395606 29.410442 0.000015 -8.774858 -0.000010 15.709410 -17.861076 6.195863 -0.609782 -1.795659 -3.889333 -4.807121 -11.046851 -2.937855 -0.000023 -20.976118 -0.000011 -5.020019 -25.033756 -4.031936 0.000004 0.000005 0.000001 -10.634565 -5.686996 -3.565589 10.573280 -17.922991 -3.113906 -0.000014 -13.821270 -0.000008 -0.501798 -31.181740 -4.027082 -11.235024 -59.437229 7.375214 -13.982754 -7.150230 -2.875041 13.772754 -8.401497 -3.218239 0.347687 -34.211727 0.771647 -0.963048 -17.733496 2.621016 -0.000003 0.000000 0.000001 -17.346491 -20.095285 -4.201777 21.757622 -1.638351 3.866454 -0.000006 -6.338851 -0.000005 -1.697626 -22.591908 -6.194075 -0.000001 -0.000001 -0.000001 45.841541 -74.283257 149.865509 38.341908 -59.111565 9.384812 24.727968 -0.236189 0.009737 -2.579557 -1.708981 7.894833 22.182203 -20.375900 49.933414 -16.701866 -16.743603 28.476599 0.000023 -12.690693 -0.000006 15.913011 -17.934286 2.953811 -0.105920 -1.513861 -4.275887 -5.039079 -5.612906 -2.953563 -0.000015 -11.020593 -0.000005 -6.111386 -15.895490 -3.840513 0.000000 0.000000 -0.000001 -10.283422 -5.680323 -4.341841 11.028337 -11.302440 -2.372638 -1.384309 -14.238678 -6.320162 -0.625475 -26.924444 -3.827667 -4.449064 -50.326859 -3.710005 -13.708594 -7.363524 -3.720937 18.141230 -14.052773 -3.242686 -0.000021 -18.787392 -0.000020 -0.429720 -8.456114 2.555516 -0.000003 0.000003 0.000001 -15.923644 -20.094584 -5.473577 30.419378 -7.190810 1.735956 -0.000008 -8.162972 -0.000010 -1.861937 -22.861677 -6.168040 -0.000000 -0.000004 -0.000003 -169.377335 -3.306533 0.059481 5.430089 -0.086108 0.164821 -76.782272 -8.564754 -5.884194 -5.584649 1.564851 2.151424 -0.999997 -0.000000 0.000000 10.404428 -1.681848 -3.312464 5.265940 -0.004418 0.167193 -77.625526 -4.855630 -6.808680 -6.064538 0.660101 1.653499 -1.000002 -0.000000 0.000000
0.000000 0.000000 0.000000 0.000000 -0.000000 0.000000 0.025038 99.712143 -0.146757 89.024910 7.800448 90.166138 0.574192 0.032858 0.017321 -10.524174 -0.381719 -0.019194 18.258598 0.633028 -1.593363 22.925447 0.453601 2.498898 -2.541611 -0.670374 -0.509666 -33.381893 0.648293 -1.792516 0.000006 -0.000000 0.000000 0.017190 0.011293 0.068717 0.115894 -0.002484 0.068099 0.086731 0.022927 0.079354 -108.462074 -75.472610 121.918411 43.235966 -63.424515 8.622107 26.337690 -0.051368 -0.148341 0.119228 -3.384827 8.867866 17.636549 -26.322680 52.411251 -19.466612 -14.395585 29.410410 0.000023 -8.774824 -0.000002 15.762579 -17.861649 6.210666 -0.609781 -1.795655 -3.889328 -4.807114 -11.046815 -2.937854 -0.000043 -20.976002 -0.000016 -5.020005 -25.033602 -4.031939 0.000003 0.000005 -0.000000 -10.634539 -5.686992 -3.565583 10.573228 -17.922913 -3.113904 -0.000028 -13.821199 -0.000014 -0.501811 -31.181541 -4.027088 -11.325547 -59.579842 7.501238 -13.982724 -7.150227 -2.875036 13.772707 -8.401452 -3.218242 0.347660 -34.211533 0.771632 -0.963052 -17.733389 2.620990 -0.000004 0.000000 0.000002 -17.346458 -20.095255 -4.201771 21.757557 -1.638319 3.866430 -0.000013 -6.338821 -0.000005 -1.697634 -22.591776 -6.194057 -0.000002 -0.000002 -0.000003 45.620972 -74.236366 150.140747 38.055470 -58.943958 8.952058 24.983952 -0.166364 0.018284 -2.444086 -1.474290 8.293980 22.182089 -20.375875 49.933464 -16.701773 -16.743546 28.476595 0.000044 -12.690626 0.000002 15.933667 -17.914703 2.897612 -0.105925 -1.513858 -4.275890 -5.039067 -5.612898 -2.953562 -0.000037 -11.020546 -0.000009 -6.111363 -15.895430 -3.840517 0.000001 -0.000001 -0.000001 -10.283396 -5.680326 -4.341841 11.028269 -11.302381 -2.372636 -1.384319 -14.238623 -6.320161 -0.625497 -26.924276 -3.827696 -4.338138 -50.220936 -3.793355 -13.708558 -7.363529 -3.720943 18.141119 -14.052693 -3.242677 -0.000057 -18.787304 -0.000029 -0.429739 -8.456067 2.555497 -0.000002 0.000002 -0.000001 -15.923616 -20.094564 -5.473580 30.419239 -7.190727 1.735954 -0.000025 -8.162935 -0.000006 -1.861963 -22.861559 -6.168033 0.000001 -0.000006 -0.000003 -169.374557 -3.315101 0.075838 5.425415 -0.067341 0.159962 -76.835098 -8.659086 -5.839390 -5.692321 1.568618 2.146228 -1.000005 0.000000 0.000000 10.408505 -1.690289 -3.343256 5.231731 -0.012269 0.138439 -77.615082 -4.755353 -6.785138 -6.215002 0.658327 1.646344 -1.000004 0.000001 0.000000
0.000000 0.000000 0.000000 0.000000 -0.000000 0.000000 0.038811 99.735458 -0.179319 89.004425 7.808542 90.120659 0.581780 0.007698 0.020349 -10.524127 -0.386689 0.000707 18.258499 0.620121 -1.581751 22.874729 0.600553 2.548827 -2.527604 -0.693067 -0.539303 -33.373451 0.615312 -1.829154 0.000006 0.000000 0.000000 0.023867 0.011521 0.052776 0.116782 -0.009509 0.055013 0.089934 0.030088 0.060444 -108.634117 -75.441406 122.102119 43.113754 -63.289963 8.698178 26.257324 -0.091572 -0.154341 0.217060 -3.565166 9.038493 17.636616 -26.322681 52.411179 -19.466616 -14.395566 29.410364 0.000014 -8.774820 -0.000006 15.813804 -17.889771 6.244675 -0.609779 -1.795654 -3.889324 -4.807104 -11.046809 -2.937849 -0.000021 -20.976000 -0.000012 -5.019984 -25.033579 -4.031927 0.000006 0.000001 0.000000 -10.634536 -5.686982 -3.565584 10.573239 -17.922922 -3.113894 -0.000012 -13.821203 -0.000009 -0.501791 -31.181549 -4.027060 -11.408320 -59.714714 7.623572 -13.982718 -7.150214 -2.875041 13.772710 -8.401466 -3.218233 0.347693 -34.211544 0.771644 -0.963040 -17.733391 2.621008 0.000000 0.000001 0.000000 -17.346441 -20.095236 -4.201777 21.757559 -1.638344 3.866440 -0.000005 -6.338824 -0.000003 -1.697610 -22.591778 -6.194048 -0.000001 -0.000002 -0.000001 45.135883 -74.183105 150.651825 37.623089 -58.560780 8.406895 25.393221 -0.049335 0.014830 -2.289613 -1.145828 8.762838 22.182140 -20.375902 49.933369 -16.701782 -16.743530 28.476532 0.000017 -12.690615 -0.000008 15.957004 -17.902758 2.842765 -0.105921 -1.513855 -4.275878 -5.039056 -5.612883 -2.953559 -0.000011 -11.020544 0.000001 -6.111330 -15.895404 -3.840501 -0.000001 -0.000002 -0.000001 -10.283384 -5.680302 -4.341843 11.028290 -11.302399 -2.372625 -1.384291 -14.238607 -6.320140 -0.625458 -26.924286 -3.827636 -4.252740 -50.116737 -3.844084 -13.708543 -7.363494 -3.720939 18.141142 -14.052728 -3.242661 -0.000018 -18.787304 -0.000003 -0.429721 -8.456075 2.555516 -0.000000 -0.000001 0.000002 -15.923573 -20.094511 -5.473581 30.419228 -7.190792 1.735952 -0.000007 -8.162938 0.000002 -1.861923 -22.861549 -6.167981 0.000004 -0.000005 -0.000002 -169.369385 -3.327831 0.076634 5.436380 -0.050442 0.137119 -76.910828 -8.714409 -5.863057 -5.706322 1.577648 2.144907 -1.000000 -0.000000 0.000000 10.396149 -1.687627 -3.329423 5.232333 -0.023123 0.112655 -77.566040 -4.673004 -6.735165 -6.266513 0.647130 1.634770 -1.000008 0.000000 0.000000
0.000000 0.000000 0.000000 0.000000 -0.000000 0.000000 0.060690 99.733330 -0.202143 88.978325 7.835668 90.047188 0.604190 -0.006206 0.023920 -10.516421 -0.397905 0.026279 18.251656 0.596427 -1.578219 22.791883 0.761221 2.622193 -2.519535 -0.726751 -0.588302 -33.315815 0.564985 -1.897113 0.000006 -0.000000 0.000000 0.030400 0.010331 0.038670 0.119562 -0.016847 0.044789 0.095343 0.034810 0.042403 -108.802994 -75.383942 122.285904 42.941528 -63.175858 8.887076 26.196657 -0.110068 -0.146312 0.324737 -3.748087 9.169155 17.636690 -26.322880 52.411335 -19.466784 -14.395686 29.410522 -0.000025 -8.774870 0.000000 15.861279 -17.927368 6.264222 -0.609772 -1.795657 -3.889338 -4.807075 -11.046834 -2.937856 0.000064 -20.976135 0.000012 -5.019949 -25.033726 -4.031854 0.000006 0.000001 -0.000001 -10.634546 -5.686959 -3.565591 10.573362 -17.923040 -3.113922 0.000036 -13.821286 0.000014 -0.501723 -31.181778 -4.026975 -11.456904 -59.828297 7.671503 -13.982733 -7.150181 -2.875046 13.772802 -8.401555 -3.218263 0.347821 -34.211777 0.771697 -0.963016 -17.733528 2.621096 0.000002 0.000001 -0.000001 -17.346413 -20.095219 -4.201797 21.757627 -1.638436 3.866419 0.000018 -6.338860 0.000007 -1.697529 -22.591925 -6.194019 -0.000001 -0.000004 -0.000003 44.495136 -74.125877 151.268478 37.067390 -57.923653 7.490738 25.916382 0.074639 -0.007388 -2.060959 -0.567772 9.270791 22.182220 -20.376003 49.933456 -16.702051 -16.743668 28.476748 -0.000041 -12.690734 0.000014 15.984219 -17.892664 2.778613 -0.105910 -1.513868 -4.275903 -5.039064 -5.612916 -2.953566 0.000036 -11.020666 -0.000011 -6.111319 -15.895580 -3.840508 -0.000000 -0.000000 0.000001 -10.283416 -5.680308 -4.341847 11.028412 -11.302533 -2.372674 -1.384237 -14.238751 -6.320177 -0.625349 -26.924664 -3.827649 -4.209801 -50.018440 -3.840320 -13.708588 -7.363500 -3.720946 18.141336 -14.052911 -3.242740 0.000063 -18.787516 -0.000023 -0.429684 -8.456184 2.555535 -0.000000 0.000002 -0.000000 -15.923591 -20.094589 -5.473600 30.419468 -7.190952 1.735886 0.000024 -8.163023 -0.000014 -1.861835 -22.861834 -6.168040 -0.000000 -0.000005 -0.000001 -169.347870 -3.342608 0.006673 5.454829 -0.041478 0.112029 -76.992569 -8.729808 -5.907226 -5.661534 1.586881 2.147465 -0.999997 0.000000 0.000000 10.389091 -1.683306 -3.303608 5.257433 -0.029482 0.094891 -77.566177 -4.622804 -6.710382 -6.268522 0.649955 1.629858 -1.000004 0.000000 -0.000000
0.000000 0.000000 0.000000 0.000000 -0.000000 0.000000 0.078058 99.721161 -0.220721 88.963577 7.872859 89.962151 0.636763 -0.024019 0.024068 -10.505979 -0.411272 0.059871 18.240772 0.561860 -1.565311 22.680170 0.914524 2.694130 -2.527444 -0.751588 -0.641302 -33.230618 0.504987 -2.008952 0.000007 -0.000000 -0.000000 0.035981 0.009495 0.033053 0.130174 -0.022537 0.046346 0.110160 0.038472 0.029322 -109.012291 -75.309570 122.524551 42.756046 -63.076366 9.055490 26.133966 -0.132088 -0.135002 0.472827 -3.916906 9.230734 17.636604 -26.322626 52.411087 -19.466585 -14.395533 29.410311 0.000017 -8.774806 -0.000011 15.887310 -17.949188 6.276954 -0.609781 -1.795654 -3.889318 -4.807102 -11.046804 -2.937850 -0.000029 -20.975988 -0.000009 -5.019985 -25.033575 -4.031914 0.000006 0.000003 0.000000 -10.634530 -5.686985 -3.565579 10.573215 -17.922907 -3.113889 -0.000017 -13.821192 -0.000011 -0.501797 -31.181507 -4.027061 -11.432971 -59.880432 7.637104 -13.982709 -7.150217 -2.875036 13.772689 -8.401457 -3.218224 0.347687 -34.211521 0.771631 -0.963038 -17.733379 2.621002 -0.000000 -0.000001 0.000001 -17.346437 -20.095232 -4.201766 21.757524 -1.638333 3.866442 -0.000007 -6.338818 -0.000003 -1.697612 -22.591766 -6.194039 -0.000001 -0.000003 -0.000001 43.725975 -74.070137 151.956680 36.432522 -57.018654 5.992762 26.563601 0.192040 -0.045753 -1.822638 0.446429 9.798358 22.182039 -20.375723 49.933102 -16.701653 -16.743458 28.476334 0.000027 -12.690547 -0.000010 15.971810 -17.900337 2.733360 -0.105921 -1.513845 -4.275862 -5.039037 -5.612843 -2.953537 -0.000019 -11.020438 -0.000006 -6.111299 -15.895228 -3.840476 -0.000002 0.000001 0.000001 -10.283353 -5.680280 -4.341813 11.028223 -11.302299 -2.372610 -1.384300 -14.238468 -6.320094 -0.625461 -26.923943 -3.827618 -4.200711 -49.928196 -3.803083 -13.708501 -7.363467 -3.720915 18.141043 -14.052600 -3.242637 -0.000032 -18.787121 -0.000009 -0.429721 -8.455977 2.555487 0.000002 0.000001 0.000002 -15.923538 -20.094416 -5.473548 30.419092 -7.190715 1.735963 -0.000013 -8.162861 -0.000003 -1.861938 -22.861294 -6.167935 -0.000000 -0.000006 -0.000002 -169.317261 -3.336488 -0.077922 5.473706 -0.036848 0.091721 -77.051025 -8.763124 -5.933376 -5.589110 1.604225 2.154447 -1.000002 0.000000 0.000000 10.379207 -1.692188 -3.274170 5.297984 -0.034386 0.077615 -77.583473 -4.598800 -6.719474 -6.261972 0.654601 1.629123 -1.000004 0.000000 0.000000
0.000000 0.000000 0.000000 0.000000 -0.000000 0.000000 0.093016 99.717155 -0.246519 88.959373 7.919166 89.879906 0.685988 -0.047359 0.014396 -10.492404 -0.412688 0.104653 18.218946 0.505396 -1.534038 22.525373 1.047514 2.748128 -2.534615 -0.758724 -0.704071 -33.134190 0.456034 -2.149721 0.000007 -0.000000 -0.000000 0.039257 0.009502 0.036648 0.137437 -0.025068 0.056015 0.121305 0.040603 0.026492 -109.227539 -75.224709 122.758759 42.593632 -63.011848 9.149045 26.030502 -0.171838 -0.133595 0.653117 -4.046524 9.234005 17.636560 -26.322515 52.410816 -19.466532 -14.395471 29.410164 0.000003 -8.774761 -0.000009 15.899590 -17.956213 6.281617 -0.609774 -1.795647 -3.889300 -4.807068 -11.046762 -2.937835 -0.000004 -20.975912 -0.000012 -5.019929 -25.033463 -4.031873 0.000004 0.000002 -0.000000 -10.634482 -5.686954 -3.565569 10.573190 -17.922859 -3.113877 0.000003 -13.821147 -0.000009 -0.501757 -31.181389 -4.027009 -11.374401 -59.879852 7.562744 -13.982644 -7.150176 -2.875027 13.772632 -8.401446 -3.218210 0.347727 -34.211388 0.771631 -0.963017 -17.733320 2.620997 0.000000 -0.000001 -0.000001 -17.346340 -20.095142 -4.201752 21.757423 -1.638350 3.866418 -0.000001 -6.338795 -0.000005 -1.697574 -22.591667 -6.193996 -0.000000 -0.000001 -0.000003 42.853050 -74.080292 152.700516 35.791798 -55.864510 3.731125 27.379225 0.315048 -0.087224 -1.660887 1.938505 10.208773 22.182014 -20.375692 49.932961 -16.701683 -16.743410 28.476290 0.000005 -12.690514 -0.000003 15.895638 -17.933317 2.736773 -0.105921 -1.513848 -4.275853 -5.039018 -5.612842 -2.953533 -0.000001 -11.020453 -0.000008 -6.111261 -15.895244 -3.840456 0.000000 0.000001 -0.000000 -10.283328 -5.680266 -4.341808 11.028220 -11.302325 -2.372610 -1.384274 -14.238489 -6.320081 -0.625425 -26.924004 -3.827598 -4.200966 -49.833626 -3.771816 -13.708465 -7.363447 -3.720913 18.141029 -14.052634 -3.242641 0.000007 -18.787136 -0.000016 -0.429701 -8.455989 2.555479 0.000003 -0.000002 -0.000001 -15.923480 -20.094389 -5.473544 30.419027 -7.190757 1.735940 0.000001 -8.162864 -0.000009 -1.861874 -22.861317 -6.167939 0.000000 -0.000003 -0.000001 -169.288788 -3.310560 -0.141441 5.500580 -0.031818 0.070805 -77.088043 -8.821350 -5.936791 -5.518854 1.621634 2.161347 -1.000000 -0.000000 0.000000 10.359869 -1.715118 -3.239489 5.358834 -0.039410 0.060582 -77.586479 -4.591028 -6.730531 -6.233799 0.660871 1.630953 -1.000002 -0.000000 0.000000
0.000000 0.000000 0.000000 0.000000 -0.000000 0.000000 0.107741 99.718803 -0.285816 88.961090 7.983612 89.815842 0.755091 -0.073336 0.003552 -10.470572 -0.405171 0.164612 18.183407 0.425136 -1.494918 22.338095 1.180558 2.793507 -2.536140 -0.766910 -0.783215 -33.028030 0.421176 -2.310643 0.000007 -0.000000 -0.000000 0.041894 0.009743 0.042060 0.132962 -0.026301 0.064071 0.119568 0.042002 0.028863 -109.405815 -75.157722 122.945564 42.475723 -62.996517 9.141306 25.880646 -0.204472 -0.136466 0.803219 -4.164528 9.320369 17.636553 -26.322634 52.411037 -19.466570 -14.395550 29.410303 0.000004 -8.774793 -0.000001 15.912079 -17.951958 6.280772 -0.609775 -1.795648 -3.889313 -4.807077 -11.046768 -2.937841 -0.000007 -20.975941 0.000002 -5.019955 -25.033501 -4.031883 0.000005 -0.000003 -0.000001 -10.634499 -5.686955 -3.565575 10.573223 -17.922880 -3.113887 -0.000006 -13.821166 0.000004 -0.501792 -31.181450 -4.027004 -11.328908 -59.861137 7.507062 -13.982666 -7.150177 -2.875035 13.772672 -8.401455 -3.218227 0.347709 -34.211445 0.771668 -0.963037 -17.733349 2.621028 0.000000 0.000002 0.000001 -17.346361 -20.095146 -4.201767 21.757481 -1.638355 3.866415 -0.000002 -6.338803 0.000003 -1.697594 -22.591696 -6.194000 0.000000 -0.000002 -0.000001 41.876842 -74.173370 153.549149 35.191212 -54.461834 0.747447 28.426195 0.465783 -0.113869 -1.610960 3.746769 10.375186 22.182007 -20.375784 49.933094 -16.701693 -16.743462 28.476374 0.000004 -12.690533 0.000000 15.763501 -17.972521 2.802320 -0.105920 -1.513846 -4.275862 -5.039020 -5.612840 -2.953536 -0.000000 -11.020455 0.000003 -6.111268 -15.895244 -3.840460 0.000000 0.000000 -0.000001 -10.283333 -5.680264 -4.341816 11.028235 -11.302332 -2.372618 -1.384266 -14.238493 -6.320085 -0.625432 -26.924034 -3.827583 -4.188177 -49.745708 -3.761485 -13.708467 -7.363444 -3.720919 18.141050 -14.052648 -3.242654 -0.000003 -18.787157 0.000005 -0.429714 -8.456000 2.555499 -0.000001 -0.000003 0.000002 -15.923478 -20.094385 -5.473555 30.419058 -7.190763 1.735924 -0.000001 -8.162878 0.000006 -1.861903 -22.861332 -6.167903 -0.000000 -0.000002 -0.000002 -169.251053 -3.274142 -0.171979 5.526001 -0.021681 0.045024 -77.106773 -8.890215 -5.916083 -5.450427 1.638100 2.167624 -1.000003 -0.000000 -0.000000 10.347939 -1.745944 -3.228890 5.442544 -0.043940 0.047270 -77.603859 -4.579392 -6.697799 -6.168338 0.659011 1.632092 -1.000003 -0.000000 -0.000000
0.000000 0.000000 0.000000 0.000000 -0.000000 0.000000 0.123965 99.727295 -0.329889 88.959152 8.056227 89.757393 0.826903 -0.102870 -0.000677 -10.445763 -0.393376 0.241549 18.146532 0.338966 -1.441569 22.125601 1.324054 2.843799 -2.539124 -0.775466 -0.897108 -32.901333 0.379659 -2.455384 0.000006 -0.000000 -0.000000 0.043974 0.010395 0.047075 0.116600 -0.026413 0.069332 0.104615 0.043254 0.033181 -109.512939 -75.114441 123.057358 42.453922 -63.017902 9.046198 25.705236 -0.214404 -0.140194 0.888471 -4.255695 9.466502 17.636600 -26.322519 52.410789 -19.466562 -14.395518 29.410152 -0.000021 -8.774773 -0.000010 15.941072 -17.947063 6.288837 -0.609771 -1.795643 -3.889303 -4.807038 -11.046719 -2.937834 0.000069 -20.975859 -0.000007 -5.019856 -25.033342 -4.031839 0.000008 0.000003 -0.000001 -10.634474 -5.686918 -3.565563 10.573252 -17.922842 -3.113880 0.000041 -13.821111 0.000007 -0.501694 -31.181276 -4.026938 -11.332400 -59.876350 7.522914 -13.982636 -7.150131 -2.875031 13.772667 -8.401461 -3.218218 0.347835 -34.211266 0.771644 -0.962979 -17.733250 2.621044 -0.000001 0.000000 -0.000002 -17.346296 -20.095057 -4.201772 21.757437 -1.638414 3.866405 0.000018 -6.338776 0.000001 -1.697513 -22.591566 -6.193954 -0.000002 -0.000001 0.000002 40.762783 -74.331696 154.551117 34.599361 -52.798946 -2.662481 29.756109 0.613024 -0.129320 -1.614432 5.656954 10.447376 22.182049 -20.375811 49.933159 -16.701847 -16.743437 28.476475 -0.000039 -12.690544 0.000001 15.574680 -18.020655 2.925024 -0.105914 -1.513859 -4.275871 -5.039008 -5.612856 -2.953558 0.000036 -11.020521 -0.000017 -6.111208 -15.895345 -3.840487 -0.000001 0.000000 -0.000001 -10.283324 -5.680264 -4.341838 11.028271 -11.302415 -2.372641 -1.384213 -14.238576 -6.320125 -0.625329 -26.924244 -3.827617 -4.157309 -49.670116 -3.767489 -13.708462 -7.363444 -3.720943 18.141109 -14.052762 -3.242689 0.000068 -18.787262 -0.000024 -0.429681 -8.456058 2.555500 -0.000001 0.000000 0.000001 -15.923435 -20.094425 -5.473597 30.419094 -7.190877 1.735894 0.000029 -8.162920 -0.000010 -1.861788 -22.861485 -6.167958 0.000002 -0.000003 -0.000001 -169.201416 -3.241732 -0.180197 5.537923 -0.008216 0.016812 -77.104904 -8.961535 -5.879066 -5.388784 1.657331 2.174430 -0.999999 -0.000001 -0.000000 10.342288 -1.770420 -3.232245 5.534311 -0.046223 0.036396 -77.615746 -4.558122 -6.629598 -6.081648 0.645142 1.631140 -1.000000 0.000002 0.000000
0.000000 0.000000 0.000000 0.000000 -0.000000 0.000000 0.140977 99.739929 -0.372375 88.959045 8.114506 89.731079 0.886048 -0.142542 0.005353 -10.426393 -0.381341 0.325944 18.101969 0.247394 -1.360329 21.879395 1.493759 2.918691 -2.550457 -0.777844 -1.064146 -32.757416 0.331959 -2.563417 0.000007 -0.000000 -0.000000 0.042620 0.011851 0.050086 0.101501 -0.027150 0.073000 0.091040 0.046830 0.035010 -109.595215 -75.113777 123.136375 42.486050 -63.072392 8.821849 25.561735 -0.216920 -0.137800 0.904154 -4.348064 9.627877 17.636629 -26.322786 52.411343 -19.466730 -14.395635 29.410524 0.000009 -8.774867 0.000002 15.986553 -17.943256 6.293878 -0.609778 -1.795659 -3.889336 -4.807118 -11.046865 -2.937863 -0.000019 -20.976156 -0.000011 -5.020021 -25.033827 -4.031947 0.000005 0.000003 0.000003 -10.634559 -5.686998 -3.565594 10.573294 -17.923023 -3.113924 -0.000011 -13.821302 -0.000007 -0.501779 -31.181852 -4.027100 -11.330174 -59.899914 7.543457 -13.982748 -7.150232 -2.875046 13.772767 -8.401512 -3.218259 0.347699 -34.211819 0.771647 -0.963054 -17.733564 2.621033 -0.000001 -0.000001 0.000001 -17.346474 -20.095293 -4.201787 21.757635 -1.638356 3.866438 -0.000005 -6.338864 -0.000003 -1.697600 -22.591982 -6.194100 0.000001 -0.000003 0.000000 39.458332 -74.512115 155.735138 33.880001 -50.797115 -6.393689 31.511436 0.691130 -0.151797 -1.598754 7.618381 10.560112 22.182121 -20.375870 49.933163 -16.701666 -16.743477 28.476362 0.000007 -12.690557 -0.000018 15.325933 -18.074360 3.093068 -0.105925 -1.513843 -4.275865 -5.039029 -5.612838 -2.953539 0.000002 -11.020461 0.000017 -6.111284 -15.895239 -3.840449 0.000000 0.000000 -0.000002 -10.283354 -5.680260 -4.341825 11.028250 -11.302339 -2.372590 -1.384283 -14.238486 -6.320075 -0.625468 -26.924025 -3.827535 -4.155805 -49.615154 -3.735950 -13.708503 -7.363443 -3.720930 18.141081 -14.052658 -3.242615 -0.000008 -18.787169 0.000039 -0.429715 -8.456008 2.555518 -0.000001 0.000002 -0.000002 -15.923517 -20.094389 -5.473563 30.419115 -7.190798 1.735970 0.000000 -8.162887 0.000019 -1.861923 -22.861351 -6.167869 -0.000001 -0.000003 -0.000000 -169.164642 -3.217107 -0.175938 5.532828 0.002158 -0.007192 -77.093254 -8.994075 -5.838018 -5.345527 1.672477 2.179604 -0.999995 0.000000 0.000000 10.331361 -1.792095 -3.256661 5.610084 -0.046333 0.022018 -77.592567 -4.536749 -6.562378 -6.005126 0.625379 1.629066 -1.000001 0.000000 0.000000
0.000000 0.000000 0.000000 0.000000 -0.000000 0.000000 0.150686 99.758133 -0.410318 88.964455 8.147958 89.749428 0.923506 -0.186818 0.020625 -10.418098 -0.373013 0.405052 18.057690 0.144650 -1.258288 21.601257 1.676978 2.991104 -2.562603 -0.756238 -1.246608 -32.601425 0.296405 -2.614903 0.000007 -0.000000 0.000000 0.038523 0.011067 0.042157 0.100054 -0.028812 0.068814 0.090853 0.046934 0.022961 -109.514046 -75.160454 123.063293 42.651585 -63.128750 8.352416 25.442184 -0.248551 -0.139375 0.876046 -4.445018 9.849867 17.636606 -26.322798 52.411293 -19.466711 -14.395639 29.410471 -0.000018 -8.774839 0.000002 16.041670 -17.970591 6.294064 -0.609772 -1.795651 -3.889331 -4.807069 -11.046802 -2.937859 0.000052 -20.976046 -0.000002 -5.019925 -25.033619 -4.031875 0.000004 -0.000001 0.000001 -10.634523 -5.686956 -3.565593 10.573314 -17.922972 -3.113917 0.000026 -13.821229 0.000013 -0.501719 -31.181614 -4.026986 -11.304083 -59.910595 7.534640 -13.982701 -7.150177 -2.875047 13.772751 -8.401515 -3.218255 0.347800 -34.211628 0.771676 -0.963019 -17.733452 2.621079 0.000002 -0.000001 -0.000000 -17.346386 -20.095184 -4.201795 21.757568 -1.638410 3.866413 0.000013 -6.338832 0.000006 -1.697534 -22.591806 -6.194018 -0.000002 -0.000001 -0.000000 38.106632 -74.713387 156.928818 32.973686 -48.535816 -10.355795 33.796139 0.657328 -0.196617 -1.472471 9.604810 10.648877 22.182079 -20.375830 49.933147 -16.701708 -16.743446 28.476383 -0.000014 -12.690532 -0.000009 15.013506 -18.087601 3.302109 -0.105921 -1.513847 -4.275865 -5.039014 -5.612833 -2.953545 0.000019 -11.020458 -0.000000 -6.111234 -15.895232 -3.840469 -0.000003 -0.000000 -0.000000 -10.283331 -5.680251 -4.341831 11.028247 -11.302350 -2.372607 -1.384247 -14.238482 -6.320088 -0.625394 -26.924021 -3.827555 -4.182462 -49.602348 -3.652328 -13.708467 -7.363430 -3.720938 18.141064 -14.052667 -3.242633 0.000025 -18.787149 0.000017 -0.429700 -8.456001 2.555510 -0.000001 -0.000001 -0.000001 -15.923461 -20.094366 -5.473580 30.419064 -7.190817 1.735942 0.000010 -8.162881 0.000011 -1.861860 -22.861338 -6.167884 0.000000 -0.000002 0.000002 -169.159790 -3.197270 -0.141544 5.521670 0.004108 -0.016678 -77.062454 -9.021593 -5.819171 -5.318010 1.686705 2.181349 -0.999994 0.000000 0.000000 10.310838 -1.813231 -3.305888 5.657518 -0.046688 0.006846 -77.541321 -4.536529 -6.513639 -5.934668 0.602243 1.624635 -1.000001 0.000000 -0.000000
0.000000 0.000000 0.000000 0.000000 -0.000000 0.000000 0.160613 99.775589 -0.448850 88.965836 8.168520 89.820015 0.942767 -0.228565 0.030864 -10.419442 -0.362928 0.485519 18.022310 0.032031 -1.150688 21.312691 1.859863 3.054950 -2.574947 -0.718879 -1.403326 -32.461151 0.254761 -2.636309 0.000006 0.000000 0.000000 0.035627 0.009996 0.031266 0.104570 -0.027583 0.062011 0.097435 0.043636 0.007628 -109.319397 -75.247765 122.881622 42.916927 -63.151474 7.689840 25.330976 -0.317171 -0.139587 0.840605 -4.548234 10.101718 17.636604 -26.322824 52.411224 -19.466700 -14.395648 29.410437 -0.000033 -8.774825 0.000006 16.116638 -18.018599 6.275614 -0.609770 -1.795647 -3.889328 -4.807046 -11.046775 -2.937846 0.000079 -20.976021 0.000023 -5.019901 -25.033567 -4.031815 0.000006 0.000002 -0.000000 -10.634504 -5.686931 -3.565584 10.573321 -17.922956 -3.113904 0.000044 -13.821213 0.000028 -0.501720 -31.181559 -4.026906 -11.259294 -59.905910 7.494852 -13.982679 -7.150145 -2.875046 13.772748 -8.401522 -3.218252 0.347824 -34.211590 0.771719 -0.963015 -17.733431 2.621105 0.000000 0.000000 0.000000 -17.346336 -20.095123 -4.201788 21.757540 -1.638440 3.866396 0.000023 -6.338830 0.000012 -1.697511 -22.591789 -6.193968 0.000001 -0.000003 -0.000002 36.774231 -74.965149 158.031586 31.847786 -45.982723 -14.612196 36.721111 0.500807 -0.246149 -1.122658 11.774326 10.567758 22.182098 -20.375854 49.933250 -16.701803 -16.743427 28.476484 -0.000033 -12.690540 -0.000005 14.640029 -18.024223 3.548498 -0.105921 -1.513855 -4.275872 -5.039011 -5.612855 -2.953563 0.000032 -11.020518 -0.000014 -6.111213 -15.895341 -3.840497 0.000001 0.000001 -0.000001 -10.283330 -5.680265 -4.341847 11.028268 -11.302406 -2.372627 -1.384221 -14.238566 -6.320132 -0.625340 -26.924232 -3.827613 -4.220793 -49.662369 -3.518760 -13.708463 -7.363441 -3.720955 18.141096 -14.052752 -3.242666 0.000056 -18.787260 -0.000008 -0.429690 -8.456058 2.555514 -0.000002 -0.000002 0.000001 -15.923433 -20.094414 -5.473617 30.419067 -7.190871 1.735924 0.000023 -8.162915 0.000001 -1.861808 -22.861483 -6.167936 -0.000001 -0.000003 -0.000001 -169.177475 -3.186736 -0.055919 5.519335 -0.000008 -0.021024 -77.026627 -9.067784 -5.825470 -5.326805 1.700006 2.180937 -0.999997 0.000001 -0.000000 10.300060 -1.822569 -3.351142 5.679477 -0.046055 -0.005594 -77.480782 -4.575000 -6.486843 -5.890750 0.581346 1.619410 -0.999999 0.000000 -0.000000
0.000000 0.000000 0.000000 0.000000 -0.000000 0.000000 0.173063 99.775940 -0.484614 88.974709 8.196427 89.956871 0.962565 -0.267830 0.037554 -10.417030 -0.355546 0.574396 17.975361 -0.082285 -1.055984 21.075777 2.033494 3.108427 -2.592961 -0.686684 -1.527168 -32.377274 0.212401 -2.630462 0.000006 -0.000000 -0.000000 0.035854 0.009821 0.022367 0.102313 -0.025669 0.054111 0.098744 0.041396 -0.002220 -109.095215 -75.362625 122.683365 43.282665 -63.100033 7.017651 25.211096 -0.389970 -0.125838 0.803376 -4.667463 10.337412 17.636499 -26.322699 52.411194 -19.466524 -14.395535 29.410355 0.000003 -8.774769 0.000002 16.200451 -18.053459 6.244574 -0.609775 -1.795641 -3.889319 -4.807064 -11.046743 -2.937846 -0.000002 -20.975887 0.000006 -5.019925 -25.033424 -4.031877 0.000005 0.000001 0.000002 -10.634477 -5.686943 -3.565588 10.573196 -17.922834 -3.113880 -0.000007 -13.821124 0.000010 -0.501780 -31.181337 -4.026988 -11.233759 -59.910240 7.469124 -13.982635 -7.150161 -2.875050 13.772637 -8.401436 -3.218225 0.347694 -34.211330 0.771699 -0.963057 -17.733290 2.621040 -0.000001 0.000001 0.000000 -17.346315 -20.095110 -4.201792 21.757425 -1.638356 3.866412 -0.000003 -6.338788 0.000010 -1.697580 -22.591625 -6.193989 -0.000004 -0.000002 0.000001 35.486378 -75.343155 158.972427 30.552311 -43.254715 -19.169325 40.133102 0.188312 -0.297492 -0.533228 14.091461 10.158895 22.182096 -20.375868 49.933044 -16.701635 -16.743416 28.476286 -0.000018 -12.690498 -0.000017 14.277142 -17.837372 3.780176 -0.105920 -1.513843 -4.275856 -5.039002 -5.612813 -2.953537 0.000020 -11.020432 0.000015 -6.111217 -15.895177 -3.840436 0.000001 0.000001 -0.000001 -10.283318 -5.680233 -4.341823 11.028229 -11.302327 -2.372584 -1.384247 -14.238437 -6.320050 -0.625419 -26.923937 -3.827491 -4.223553 -49.748787 -3.390046 -13.708455 -7.363404 -3.720930 18.141027 -14.052649 -3.242601 0.000016 -18.787113 0.000049 -0.429705 -8.455986 2.555521 0.000001 0.000000 0.000001 -15.923432 -20.094313 -5.473563 30.418999 -7.190818 1.735952 0.000011 -8.162868 0.000023 -1.861884 -22.861284 -6.167821 -0.000002 -0.000002 -0.000001 -169.194550 -3.175388 0.055629 5.518793 -0.006954 -0.024698 -76.998322 -9.071551 -5.820158 -5.355244 1.702351 2.178136 -1.000003 -0.000000 -0.000000 10.326934 -1.832362 -3.407596 5.677512 -0.044601 -0.021735 -77.433434 -4.615521 -6.492461 -5.868234 0.573105 1.616285 -1.000003 -0.000000 -0.000000
0.000000 0.000000 0.000000 0.000000 -0.000000 0.000000 0.193151 99.761467 -0.516886 88.990456 8.236986 90.131348 0.979271 -0.306646 0.047258 -10.413603 -0.349090 0.662793 17.925949 -0.194762 -0.969534 20.913429 2.180662 3.137946 -2.619399 -0.666996 -1.577656 -32.330017 0.176876 -2.617316 0.000006 -0.000000 -0.000000 0.037899 0.011605 0.025441 0.096554 -0.023667 0.056111 0.096031 0.042981 0.002273 -108.917366 -75.488235 122.553223 43.733555 -62.932491 6.470603 25.054632 -0.453297 -0.104295 0.763597 -4.744186 10.458812 17.636637 -26.322811 52.411350 -19.466743 -14.395676 29.410524 -0.000002 -8.774879 0.000001 16.247940 -18.073524 6.235076 -0.609776 -1.795656 -3.889339 -4.807104 -11.046839 -2.937858 0.000011 -20.976118 -0.000002 -5.020002 -25.033745 -4.031915 0.000005 -0.000000 0.000000 -10.634559 -5.686979 -3.565595 10.573322 -17.923010 -3.113920 0.000007 -13.821278 0.000002 -0.501772 -31.181753 -4.027048 -11.277128 -59.940041 7.504468 -13.982744 -7.150207 -2.875042 13.772784 -8.401518 -3.218262 0.347737 -34.211742 0.771668 -0.963046 -17.733517 2.621055 -0.000001 -0.000001 0.000000 -17.346457 -20.095249 -4.201790 21.757641 -1.638382 3.866431 0.000002 -6.338854 0.000004 -1.697590 -22.591906 -6.194057 0.000002 -0.000004 -0.000000 34.267406 -75.880249 159.711655 29.208181 -40.371628 -23.960859 43.833977 -0.233361 -0.327543 0.071614 16.252386 9.210323 22.182177 -20.375927 49.933361 -16.701853 -16.743555 28.476572 -0.000006 -12.690642 -0.000008 14.015236 -17.500235 3.881887 -0.105917 -1.513857 -4.275882 -5.039051 -5.612877 -2.953558 0.000010 -11.020566 0.000001 -6.111313 -15.895432 -3.840494 -0.000002 0.000001 0.000000 -10.283387 -5.680291 -4.341845 11.028321 -11.302425 -2.372633 -1.384267 -14.238626 -6.320141 -0.625423 -26.924360 -3.827615 -4.142294 -49.692486 -3.325331 -13.708546 -7.363480 -3.720944 18.141195 -14.052780 -3.242674 0.000023 -18.787352 0.000001 -0.429708 -8.456102 2.555526 0.000002 0.000001 0.000000 -15.923562 -20.094500 -5.473589 30.419283 -7.190855 1.735937 0.000006 -8.162962 0.000001 -1.861892 -22.861633 -6.167975 -0.000003 -0.000005 0.000000 -169.205597 -3.155569 0.196969 5.525145 -0.019045 -0.026275 -76.980385 -9.058902 -5.802442 -5.366456 1.695703 2.174881 -1.000000 -0.000001 -0.000000 10.389754 -1.848165 -3.464698 5.650077 -0.042452 -0.035694 -77.383827 -4.653491 -6.529003 -5.859387 0.580301 1.616677 -0.999999 -0.000001 0.000000
0.000000 0.000000 0.000000 0.000000 -0.000000 0.000000 0.220358 99.740982 -0.543129 89.014336 8.278607 90.349495 0.988879 -0.345290 0.052741 -10.404918 -0.340085 0.740301 17.857342 -0.305670 -0.875380 20.816465 2.300949 3.169392 -2.650312 -0.662906 -1.624750 -32.296566 0.142766 -2.575737 0.000005 -0.000000 -0.000000 0.039988 0.013328 0.030365 0.078361 -0.022936 0.055883 0.079817 0.045726 0.012861 -108.872375 -75.636093 122.531410 44.131187 -62.690197 6.135977 24.886873 -0.485770 -0.091636 0.724519 -4.791977 10.617462 17.636633 -26.322809 52.411301 -19.466673 -14.395607 29.410454 0.000005 -8.774838 -0.000004 16.248404 -18.090742 6.250731 -0.609781 -1.795659 -3.889331 -4.807100 -11.046837 -2.937850 -0.000014 -20.976095 0.000009 -5.020009 -25.033710 -4.031894 0.000006 -0.000002 0.000000 -10.634542 -5.686984 -3.565593 10.573271 -17.922989 -3.113898 -0.000011 -13.821261 0.000009 -0.501800 -31.181717 -4.027023 -11.386331 -59.970871 7.589098 -13.982725 -7.150217 -2.875044 13.772734 -8.401500 -3.218244 0.347695 -34.211708 0.771687 -0.963055 -17.733492 2.621042 -0.000001 0.000000 0.000000 -17.346441 -20.095259 -4.201782 21.757576 -1.638363 3.866436 -0.000004 -6.338850 0.000004 -1.697604 -22.591900 -6.194034 0.000000 0.000000 -0.000001 33.074066 -76.592484 160.300354 27.881266 -37.285965 -28.922628 47.772804 -0.633552 -0.274689 0.214483 18.007248 7.619537 22.182192 -20.375994 49.933388 -16.701881 -16.743567 28.476616 -0.000019 -12.690649 -0.000003 14.010962 -17.079903 3.757927 -0.105920 -1.513857 -4.275885 -5.039054 -5.612889 -2.953566 0.000019 -11.020606 0.000003 -6.111298 -15.895483 -3.840495 -0.000002 0.000001 0.000000 -10.283392 -5.680291 -4.341847 11.028329 -11.302467 -2.372631 -1.384251 -14.238670 -6.320148 -0.625398 -26.924469 -3.827612 -4.032300 -49.468922 -3.293181 -13.708550 -7.363479 -3.720943 18.141212 -14.052821 -3.242683 0.000028 -18.787413 0.000005 -0.429709 -8.456136 2.555535 0.000000 -0.000001 -0.000001 -15.923560 -20.094521 -5.473584 30.419287 -7.190887 1.735929 0.000013 -8.162986 -0.000001 -1.861871 -22.861710 -6.167979 -0.000000 -0.000003 -0.000001 -169.224365 -3.132405 0.347139 5.531914 -0.034506 -0.024754 -76.972404 -9.009665 -5.759838 -5.363701 1.682150 2.171421 -1.000003 -0.000001 -0.000000 10.462791 -1.873153 -3.550518 5.612342 -0.035433 -0.043095 -77.324066 -4.675791 -6.584770 -5.850237 0.598175 1.621513 -0.999998 -0.000000 -0.000000
0.000000 0.000000 0.000000 0.000000 -0.000000 0.000000 0.253891 99.725594 -0.566291 89.032883 8.313018 90.599060 0.994395 -0.366112 0.052739 -10.386428 -0.325610 0.791123 17.775789 -0.415051 -0.771013 20.735786 2.389964 3.191163 -2.665784 -0.673859 -1.690524 -32.247528 0.112121 -2.517403 0.000006 -0.000000 0.000000 0.039585 0.013388 0.032482 0.052787 -0.023293 0.051205 0.057166 0.046069 0.022122 -108.857635 -75.800262 122.496231 44.417122 -62.445000 5.917364 24.773531 -0.507883 -0.096118 0.679731 -4.824926 10.828557 17.636497 -26.322630 52.411106 -19.466528 -14.395535 29.410316 0.000025 -8.774788 0.000001 16.217402 -18.098585 6.259009 -0.609779 -1.795648 -3.889318 -4.807100 -11.046786 -2.937836 -0.000054 -20.975948 0.000004 -5.020009 -25.033527 -4.031899 0.000005 0.000001 -0.000001 -10.634506 -5.686976 -3.565577 10.573178 -17.922861 -3.113880 -0.000038 -13.821163 -0.000001 -0.501846 -31.181450 -4.027045 -11.505023 -59.960140 7.664787 -13.982678 -7.150208 -2.875031 13.772654 -8.401428 -3.218228 0.347618 -34.211460 0.771668 -0.963081 -17.733358 2.621000 -0.000001 -0.000001 -0.000001 -17.346401 -20.095198 -4.201759 21.757481 -1.638308 3.866420 -0.000016 -6.338805 -0.000001 -1.697638 -22.591713 -6.194018 -0.000001 -0.000003 -0.000002 31.918499 -77.462013 160.784210 26.642391 -34.117561 -33.810699 51.971142 -0.895631 -0.105502 -0.605321 19.197086 5.353408 22.181984 -20.375883 49.933029 -16.701719 -16.743544 28.476383 -0.000010 -12.690561 0.000023 14.257654 -16.666101 3.449039 -0.105909 -1.513844 -4.275861 -5.039015 -5.612836 -2.953525 0.000006 -11.020479 0.000020 -6.111270 -15.895266 -3.840412 0.000002 -0.000000 -0.000002 -10.283329 -5.680249 -4.341798 11.028259 -11.302352 -2.372621 -1.384262 -14.238505 -6.320054 -0.625455 -26.924074 -3.827519 -3.933432 -49.152134 -3.287798 -13.708471 -7.363426 -3.720896 18.141094 -14.052672 -3.242663 -0.000007 -18.787201 0.000037 -0.429719 -8.456028 2.555507 -0.000000 -0.000001 0.000002 -15.923478 -20.094366 -5.473507 30.419128 -7.190786 1.735882 -0.000003 -8.162902 0.000009 -1.861924 -22.861420 -6.167869 0.000002 -0.000002 -0.000001 -169.258011 -3.124890 0.498605 5.546763 -0.051918 -0.018179 -76.992508 -8.957560 -5.702056 -5.355568 1.668269 2.167117 -0.999998 -0.000000 -0.000000 10.529241 -1.886332 -3.670306 5.577193 -0.026999 -0.038776 -77.266685 -4.710615 -6.641665 -5.842323 0.624485 1.631057 -1.000001 0.000000 0.000000
0.000000 0.000000 0.000000 0.000000 -0.000000 0.000000 0.284485 99.716576 -0.589049 89.054367 8.341824 90.879440 1.001866 -0.372368 0.057639 -10.357621 -0.304196 0.824970 17.696226 -0.518232 -0.675460 20.644619 2.448623 3.221789 -2.674282 -0.693950 -1.785420 -32.163937 0.085958 -2.469276 0.000007 -0.000000 0.000000 0.037926 0.012358 0.033929 0.031126 -0.024971 0.047669 0.040401 0.045381 0.029088 -108.854248 -75.956589 122.424805 44.533989 -62.250523 5.766844 24.762026 -0.520885 -0.115093 0.646889 -4.882074 11.155555 17.636696 -26.322813 52.411213 -19.466728 -14.395650 29.410429 -0.000021 -8.774849 -0.000005 16.198299 -18.081583 6.224729 -0.609774 -1.795653 -3.889331 -4.807073 -11.046817 -2.937849 0.000055 -20.976091 0.000015 -5.019945 -25.033670 -4.031849 0.000004 0.000002 0.000002 -10.634541 -5.686952 -3.565591 10.573335 -17.923006 -3.113900 0.000031 -13.821258 0.000020 -0.501740 -31.181684 -4.026955 -11.567258 -59.897247 7.677852 -13.982724 -7.150177 -2.875045 13.772779 -8.401537 -3.218253 0.347799 -34.211712 0.771695 -0.963021 -17.733498 2.621084 0.000001 -0.000001 -0.000002 -17.346409 -20.095196 -4.201782 21.757603 -1.638425 3.866424 0.000016 -6.338848 0.000008 -1.697543 -22.591875 -6.194007 -0.000001 -0.000000 -0.000000 30.750181 -78.394348 161.287140 25.509651 -30.959629 -38.410496 56.518452 -1.003264 0.161182 -2.471288 20.045876 2.631946 22.182186 -20.375774 49.933388 -16.701847 -16.743420 28.476538 -0.000010 -12.690576 -0.000033 14.629601 -16.351189 3.107529 -0.105928 -1.513863 -4.275886 -5.039040 -5.612877 -2.953581 0.000020 -11.020528 -0.000035 -6.111246 -15.895371 -3.840550 0.000001 -0.000000 -0.000001 -10.283373 -5.680300 -4.341870 11.028281 -11.302405 -2.372638 -1.384243 -14.238588 -6.320174 -0.625328 -26.924227 -3.827695 -3.890913 -48.949085 -3.286664 -13.708523 -7.363490 -3.720978 18.141130 -14.052746 -3.242674 0.000057 -18.787256 -0.000050 -0.429683 -8.456045 2.555498 -0.000000 0.000000 -0.000000 -15.923521 -20.094513 -5.473657 30.419149 -7.190857 1.735968 0.000024 -8.162913 -0.000012 -1.861793 -22.861467 -6.168020 0.000002 -0.000002 -0.000004 -169.287445 -3.124191 0.660802 5.552474 -0.068838 -0.002281 -77.018501 -8.915799 -5.638976 -5.367739 1.651619 2.159846 -0.999999 -0.000000 -0.000000 10.597062 -1.887704 -3.824222 5.541678 -0.021989 -0.024070 -77.245796 -4.772048 -6.707802 -5.860883 0.647003 1.642248 -1.000000 0.000001 0.000000
0.000000 0.000000 0.000000 0.000000 -0.000000 0.000000 0.307578 99.718811 -0.609850 89.076889 8.357104 91.171066 1.002486 -0.371210 0.074445 -10.319806 -0.277123 0.842993 17.623150 -0.616861 -0.598439 20.549404 2.524472 3.254306 -2.674495 -0.724223 -1.892028 -32.090771 0.074383 -2.432533 0.000006 0.000000 -0.000000 0.036224 0.011481 0.036720 0.018336 -0.024844 0.048825 0.033645 0.043059 0.034199 -108.903481 -76.077240 122.390366 44.498730 -62.077000 5.669937 24.796289 -0.533450 -0.143752 0.652669 -4.912191 11.515121 17.636589 -26.322641 52.411095 -19.466631 -14.395582 29.410358 0.000012 -8.774830 -0.000003 16.208321 -18.041746 6.157068 -0.609777 -1.795653 -3.889323 -4.807101 -11.046808 -2.937850 -0.000016 -20.976019 -0.000015 -5.019994 -25.033617 -4.031923 0.000007 -0.000002 -0.000001 -10.634529 -5.686976 -3.565576 10.573251 -17.922922 -3.113903 -0.000008 -13.821206 -0.000008 -0.501778 -31.181566 -4.027057 -11.552287 -59.814209 7.625326 -13.982707 -7.150205 -2.875031 13.772714 -8.401468 -3.218241 0.347710 -34.211552 0.771630 -0.963033 -17.733404 2.621008 -0.000001 0.000001 -0.000001 -17.346426 -20.095215 -4.201765 21.757561 -1.638351 3.866429 -0.000005 -6.338823 -0.000003 -1.697607 -22.591793 -6.194042 -0.000001 -0.000004 -0.000002 29.500807 -79.262794 161.914200 24.550144 -27.768644 -42.646339 61.396591 -1.050468 0.483570 -4.913527 20.929857 -0.109749 22.182114 -20.375917 49.933331 -16.701820 -16.743574 28.476562 -0.000007 -12.690634 0.000004 14.943102 -16.153788 2.862227 -0.105920 -1.513851 -4.275882 -5.039045 -5.612869 -2.953557 0.000011 -11.020535 -0.000001 -6.111303 -15.895373 -3.840494 0.000001 -0.000001 -0.000002 -10.283379 -5.680281 -4.341834 11.028312 -11.302398 -2.372637 -1.384260 -14.238583 -6.320136 -0.625402 -26.924238 -3.827616 -3.909286 -48.958107 -3.283733 -13.708536 -7.363466 -3.720934 18.141178 -14.052733 -3.242681 0.000014 -18.787279 0.000005 -0.429708 -8.456063 2.555523 0.000000 -0.000000 -0.000001 -15.923550 -20.094467 -5.473584 30.419256 -7.190828 1.735923 0.000004 -8.162929 0.000007 -1.861891 -22.861506 -6.167957 0.000001 -0.000003 -0.000003 -169.323334 -3.129124 0.825058 5.555199 -0.084588 0.015230 -77.028412 -8.871499 -5.574030 -5.408385 1.631871 2.150062 -1.000001 -0.000000 -0.000000 10.659107 -1.875643 -3.991916 5.504359 -0.022576 -0.002537 -77.238701 -4.868454 -6.776607 -5.894140 0.670727 1.654070 -1.000002 0.000000 -0.000000
0.000000 0.000000 0.000000 0.000000 -0.000000 0.000000 0.323023 99.722755 -0.621241 89.101921 8.363334 91.445557 0.997525 -0.373837 0.106073 -10.282935 -0.251339 0.853328 17.559704 -0.704197 -0.535676 20.475086 2.675239 3.281403 -2.670942 -0.762745 -1.984724 -32.064762 0.070461 -2.403036 0.000005 -0.000000 0.000000 0.033014 0.010866 0.039605 0.007774 -0.023864 0.051429 0.028829 0.040430 0.037869 -108.971138 -76.159149 122.418304 44.501640 -61.900639 5.589270 24.730509 -0.514110 -0.170331 0.695082 -4.889997 11.789746 17.636730 -26.322870 52.411415 -19.466766 -14.395654 29.410542 -0.000004 -8.774879 -0.000009 16.232349 -17.995884 6.090775 -0.609781 -1.795662 -3.889343 -4.807110 -11.046863 -2.937864 0.000013 -20.976152 0.000000 -5.019992 -25.033777 -4.031915 0.000007 0.000001 -0.000001 -10.634579 -5.686994 -3.565604 10.573331 -17.923052 -3.113912 0.000009 -13.821307 0.000004 -0.501759 -31.181826 -4.027041 -11.505898 -59.764961 7.576307 -13.982774 -7.150228 -2.875054 13.772799 -8.401538 -3.218256 0.347747 -34.211834 0.771666 -0.963039 -17.733551 2.621061 -0.000000 0.000000 -0.000001 -17.346493 -20.095306 -4.201797 21.757666 -1.638392 3.866458 0.000005 -6.338868 0.000003 -1.697580 -22.591955 -6.194067 0.000000 -0.000003 -0.000003 28.116419 -80.009499 162.753891 23.822323 -24.521273 -46.523907 66.472603 -1.136673 0.859820 -7.459087 22.100456 -2.495102 22.182066 -20.375975 49.933411 -16.701855 -16.743595 28.476620 0.000001 -12.690624 0.000029 15.085084 -16.039276 2.744285 -0.105919 -1.513857 -4.275892 -5.039044 -5.612889 -2.953553 -0.000001 -11.020572 0.000001 -6.111312 -15.895425 -3.840466 -0.000001 0.000001 -0.000001 -10.283376 -5.680298 -4.341835 11.028304 -11.302431 -2.372648 -1.384272 -14.238630 -6.320127 -0.625452 -26.924328 -3.827610 -3.960171 -49.111954 -3.287214 -13.708538 -7.363491 -3.720930 18.141174 -14.052774 -3.242704 -0.000008 -18.787354 0.000002 -0.429722 -8.456097 2.555515 -0.000000 -0.000000 -0.000001 -15.923562 -20.094536 -5.473571 30.419270 -7.190810 1.735889 -0.000008 -8.162958 -0.000004 -1.861920 -22.861616 -6.167966 -0.000000 -0.000003 -0.000003 -169.355789 -3.136788 0.971738 5.550192 -0.094363 0.030950 -77.014481 -8.815341 -5.505846 -5.460423 1.608659 2.139837 -1.000001 0.000000 0.000000 10.716299 -1.858824 -4.153762 5.469061 -0.027577 0.022394 -77.252403 -4.963270 -6.867589 -5.926106 0.697033 1.666036 -1.000002 0.000000 -0.000000
0.000000 0.000000 0.000000 0.000000 -0.000000 0.000000 0.331429 99.723526 -0.622123 89.129066 8.358659 91.711067 0.986725 -0.378197 0.151221 -10.260654 -0.226531 0.862387 17.516691 -0.789607 -0.479441 20.422703 2.927656 3.311272 -2.675370 -0.822647 -2.048932 -32.094475 0.063423 -2.413640 0.000006 -0.000000 0.000000 0.026537 0.009560 0.040093 -0.000551 -0.022767 0.053904 0.024022 0.036450 0.036689 -109.107109 -76.220108 122.571487 44.613811 -61.700974 5.508721 24.491507 -0.485399 -0.186962 0.711750 -4.817874 11.990590 17.636755 -26.322783 52.411312 -19.466846 -14.395691 29.410549 -0.000000 -8.774914 -0.000006 16.262577 -17.950294 6.034443 -0.609779 -1.795669 -3.889342 -4.807130 -11.046899 -2.937870 0.000016 -20.976223 -0.000027 -5.020008 -25.033886 -4.031958 0.000004 0.000004 0.000001 -10.634606 -5.687013 -3.565596 10.573366 -17.923086 -3.113939 0.000012 -13.821340 -0.000017 -0.501741 -31.181929 -4.027106 -11.465257 -59.764614 7.553220 -13.982810 -7.150249 -2.875040 13.772849 -8.401559 -3.218270 0.347786 -34.211945 0.771604 -0.963006 -17.733612 2.621035 -0.000001 0.000004 0.000002 -17.346554 -20.095358 -4.201784 21.757750 -1.638387 3.866456 0.000004 -6.338884 -0.000008 -1.697588 -22.592043 -6.194119 -0.000004 -0.000000 -0.000000 26.636118 -80.589005 163.796906 23.252811 -21.321903 -49.864723 71.612579 -1.269259 1.298584 -9.750653 23.554716 -4.099740 22.182222 -20.376026 49.933605 -16.701817 -16.743574 28.476656 0.000018 -12.690656 -0.000013 15.087702 -15.959943 2.691245 -0.105922 -1.513856 -4.275898 -5.039073 -5.612892 -2.953573 -0.000009 -11.020572 0.000003 -6.111346 -15.895440 -3.840524 -0.000001 -0.000000 -0.000000 -10.283415 -5.680311 -4.341862 11.028317 -11.302426 -2.372630 -1.384291 -14.238639 -6.320168 -0.625450 -26.924353 -3.827652 -4.030043 -49.241428 -3.304207 -13.708586 -7.363516 -3.720962 18.141193 -14.052757 -3.242665 -0.000020 -18.787355 0.000012 -0.429729 -8.456102 2.555534 0.000000 0.000001 0.000001 -15.923621 -20.094559 -5.473612 30.419313 -7.190817 1.735969 -0.000008 -8.162965 0.000010 -1.861933 -22.861626 -6.167991 -0.000000 -0.000003 -0.000002 -169.397034 -3.155160 1.083957 5.548485 -0.095832 0.035707 -76.995071 -8.713227 -5.427552 -5.497321 1.585374 2.129874 -0.999999 -0.000000 -0.000000 10.764024 -1.837213 -4.272109 5.435320 -0.033869 0.048714 -77.274750 -5.062730 -6.938878 -5.936055 0.724435 1.677057 -1.000001 0.000001 0.000000
0.000000 0.000000 0.000000 0.000000 -0.000000 0.000000 0.335996 99.721107 -0.615180 89.158379 8.350982 91.992844 0.976745 -0.371262 0.208170 -10.249779 -0.204115 0.877004 17.486967 -0.879495 -0.440277 20.393539 3.289309 3.330304 -2.683171 -0.907205 -2.088746 -32.172642 0.051258 -2.452466 0.000004 -0.000000 0.000000 0.019785 0.005248 0.032458 -0.006353 -0.025151 0.048482 0.019707 0.030148 0.027167 -109.333412 -76.268730 122.869316 44.891666 -61.504681 5.338093 24.009161 -0.455805 -0.186687 0.680968 -4.681100 12.187152 17.636707 -26.322676 52.411095 -19.466761 -14.395616 29.410393 -0.000015 -8.774862 -0.000010 16.300152 -17.908466 5.980672 -0.609775 -1.795660 -3.889326 -4.807087 -11.046827 -2.937860 0.000052 -20.976099 -0.000028 -5.019935 -25.033707 -4.031921 0.000005 0.000002 -0.000000 -10.634546 -5.686966 -3.565583 10.573337 -17.923006 -3.113925 0.000039 -13.821263 -0.000015 -0.501677 -31.181734 -4.027056 -11.468611 -59.784634 7.579802 -13.982736 -7.150191 -2.875038 13.772784 -8.401534 -3.218249 0.347838 -34.211720 0.771603 -0.962976 -17.733503 2.621039 0.000000 0.000001 -0.000001 -17.346428 -20.095221 -4.201787 21.757618 -1.638415 3.866432 0.000019 -6.338845 -0.000008 -1.697527 -22.591877 -6.194067 0.000002 -0.000004 -0.000000 25.146246 -81.062241 164.962051 22.711737 -18.271240 -52.566383 77.135612 -1.344044 1.769934 -11.682143 25.227442 -4.532793 22.182177 -20.375835 49.933353 -16.701805 -16.743498 28.476532 -0.000014 -12.690609 -0.000018 15.144922 -15.923319 2.621087 -0.105924 -1.513855 -4.275878 -5.039050 -5.612864 -2.953566 0.000013 -11.020509 -0.000016 -6.111280 -15.895348 -3.840530 0.000001 -0.000000 -0.000002 -10.283384 -5.680283 -4.341854 11.028303 -11.302384 -2.372627 -1.384257 -14.238560 -6.320157 -0.625366 -26.924189 -3.827649 -4.132784 -49.285999 -3.324265 -13.708537 -7.363467 -3.720957 18.141165 -14.052723 -3.242665 0.000033 -18.787237 -0.000013 -0.429697 -8.456046 2.555517 -0.000000 0.000000 0.000003 -15.923539 -20.094450 -5.473619 30.419218 -7.190841 1.735958 0.000014 -8.162907 0.000003 -1.861864 -22.861450 -6.167965 0.000000 -0.000003 -0.000001 -169.448669 -3.184250 1.186270 5.558819 -0.086517 0.034176 -76.978531 -8.586510 -5.336156 -5.506143 1.571573 2.124342 -0.999996 -0.000000 -0.000000 10.812592 -1.810648 -4.342093 5.409358 -0.037733 0.080366 -77.321053 -5.208278 -6.990397 -5.922361 0.753408 1.687371 -1.000003 -0.000000 -0.000000
0.000000 0.000000 0.000000 0.000000 -0.000000 0.000000 0.340910 99.714066 -0.597225 89.197327 8.337817 92.292542 0.966826 -0.359219 0.268287 -10.244476 -0.181416 0.900790 17.476940 -0.977206 -0.419714 20.346737 3.721372 3.320061 -2.688318 -0.984755 -2.090569 -32.278172 0.019814 -2.496750 0.000005 -0.000000 0.000000 0.014013 -0.001243 0.020546 -0.013157 -0.027527 0.037051 0.014678 0.019352 0.014928 -109.618690 -76.285553 123.233635 45.304459 -61.343548 5.095040 23.321875 -0.419432 -0.167710 0.591816 -4.476133 12.349117 17.636665 -26.322762 52.411259 -19.466658 -14.395606 29.410429 0.000029 -8.774860 -0.000008 16.323812 -17.888340 5.944165 -0.609784 -1.795660 -3.889332 -4.807138 -11.046865 -2.937848 -0.000062 -20.976124 0.000008 -5.020074 -25.033777 -4.031930 0.000004 0.000002 0.000001 -10.634572 -5.687010 -3.565587 10.573251 -17.922989 -3.113894 -0.000040 -13.821279 -0.000002 -0.501862 -31.181767 -4.027083 -11.519904 -59.805725 7.645259 -13.982763 -7.150250 -2.875039 13.772746 -8.401484 -3.218236 0.347618 -34.211754 0.771668 -0.963077 -17.733513 2.621007 0.000002 0.000001 -0.000000 -17.346523 -20.095324 -4.201763 21.757635 -1.638321 3.866462 -0.000017 -6.338857 -0.000002 -1.697673 -22.591930 -6.194077 -0.000001 -0.000004 0.000000 23.965059 -81.458107 165.929169 22.047182 -15.509632 -54.331837 83.312119 -1.264068 2.209842 -12.897840 26.918064 -3.280303 22.182074 -20.375967 49.933273 -16.701782 -16.743591 28.476519 0.000011 -12.690628 0.000019 15.377223 -15.981421 2.505683 -0.105914 -1.513848 -4.275881 -5.039049 -5.612880 -2.953539 -0.000014 -11.020553 0.000023 -6.111347 -15.895404 -3.840438 0.000000 0.000002 -0.000001 -10.283377 -5.680297 -4.341820 11.028291 -11.302402 -2.372625 -1.384297 -14.238610 -6.320097 -0.625513 -26.924299 -3.827568 -4.276056 -49.230923 -3.339831 -13.708535 -7.363488 -3.720914 18.141146 -14.052732 -3.242668 -0.000042 -18.787334 0.000027 -0.429735 -8.456092 2.555517 -0.000001 -0.000001 -0.000001 -15.923572 -20.094503 -5.473528 30.419245 -7.190777 1.735913 -0.000014 -8.162951 0.000008 -1.861971 -22.861601 -6.167939 -0.000002 -0.000004 0.000001 -169.511002 -3.207801 1.303994 5.577855 -0.075657 0.036873 -76.965218 -8.457149 -5.255621 -5.487664 1.567859 2.122729 -0.999997 -0.000001 -0.000001 10.856880 -1.788981 -4.389532 5.393921 -0.039314 0.114538 -77.370644 -5.383307 -7.042857 -5.906501 0.777268 1.695786 -1.000000 -0.000000 -0.000000
0.000000 0.000000 0.000000 0.000000 -0.000000 0.000000 0.343679 99.709373 -0.559061 89.238068 8.308191 92.591484 0.949566 -0.346286 0.329968 -10.231850 -0.152469 0.939168 17.467180 -1.075638 -0.426880 20.254587 4.162045 3.285434 -2.681736 -1.024678 -2.074508 -32.387489 -0.031876 -2.518083 0.000007 -0.000000 -0.000000 0.012786 -0.006766 0.010464 -0.025177 -0.027587 0.023285 0.006792 0.007823 0.008262 -109.838020 -76.263229 123.489250 45.713791 -61.302261 4.737968 22.593391 -0.378165 -0.129664 0.426685 -4.156450 12.605495 17.636597 -26.322729 52.411175 -19.466618 -14.395557 29.410360 -0.000003 -8.774797 0.000001 16.320393 -17.906240 5.928413 -0.609777 -1.795651 -3.889324 -4.807073 -11.046791 -2.937852 0.000012 -20.975994 0.000004 -5.019942 -25.033560 -4.031867 0.000004 0.000005 0.000002 -10.634512 -5.686960 -3.565590 10.573247 -17.922924 -3.113890 0.000007 -13.821193 0.000007 -0.501764 -31.181505 -4.026986 -11.646364 -59.802773 7.736453 -13.982686 -7.150183 -2.875048 13.772695 -8.401484 -3.218234 0.347744 -34.211529 0.771672 -0.963034 -17.733391 2.621042 -0.000000 0.000002 0.000002 -17.346376 -20.095184 -4.201787 21.757496 -1.638376 3.866422 0.000004 -6.338819 0.000005 -1.697564 -22.591755 -6.193994 -0.000002 -0.000005 -0.000003 23.420206 -81.783005 166.354782 21.010895 -13.118490 -54.837692 90.335793 -1.067339 2.468674 -12.714655 28.351160 0.194315 22.182106 -20.375942 49.933380 -16.701860 -16.743557 28.476603 -0.000015 -12.690623 0.000009 15.837184 -16.135124 2.360887 -0.105917 -1.513856 -4.275887 -5.039043 -5.612881 -2.953562 0.000016 -11.020560 -0.000004 -6.111292 -15.895412 -3.840485 -0.000002 -0.000001 -0.000002 -10.283372 -5.680291 -4.341841 11.028309 -11.302432 -2.372644 -1.384255 -14.238628 -6.320140 -0.625411 -26.924351 -3.827617 -4.417933 -49.152977 -3.357281 -13.708527 -7.363480 -3.720940 18.141172 -14.052775 -3.242695 0.000020 -18.787336 -0.000005 -0.429708 -8.456090 2.555516 -0.000001 -0.000000 0.000001 -15.923536 -20.094507 -5.473588 30.419245 -7.190848 1.735904 0.000007 -8.162959 0.000000 -1.861877 -22.861605 -6.167966 -0.000001 -0.000003 -0.000001 -169.591431 -3.226188 1.431590 5.600704 -0.068720 0.049888 -76.952927 -8.317461 -5.195759 -5.462759 1.572069 2.121984 -0.999999 0.000000 -0.000000 10.885674 -1.771068 -4.449629 5.388633 -0.038677 0.144244 -77.423004 -5.542967 -7.080858 -5.893885 0.789406 1.699363 -1.000002 0.000001 -0.000000
0.000000 0.000000 0.000000 0.000000 -0.000000 0.000000 0.340645 99.703835 -0.501217 89.277870 8.242690 92.900192 0.917953 -0.338861 0.395148 -10.215033 -0.124974 0.995562 17.455465 -1.157320 -0.479981 20.111383 4.549501 3.268357 -2.659810 -1.005861 -2.073447 -32.525303 -0.101366 -2.505614 0.000006 0.000000 -0.000000 0.014756 -0.009656 0.006727 -0.043041 -0.024340 0.011937 -0.005875 -0.001999 0.011667 -109.825661 -76.194527 123.444252 46.029678 -61.421482 4.228606 21.979189 -0.353334 -0.090633 0.201498 -3.724216 13.036180 17.636574 -26.322733 52.411186 -19.466608 -14.395576 29.410364 -0.000005 -8.774804 0.000002 16.278952 -17.959272 5.943189 -0.609776 -1.795646 -3.889326 -4.807074 -11.046779 -2.937842 0.000013 -20.975977 0.000012 -5.019951 -25.033541 -4.031864 0.000006 0.000002 0.000002 -10.634505 -5.686951 -3.565588 10.573249 -17.922907 -3.113887 0.000008 -13.821184 0.000013 -0.501767 -31.181494 -4.026978 -11.833725 -59.788723 7.821876 -13.982677 -7.150173 -2.875042 13.772695 -8.401474 -3.218230 0.347728 -34.211502 0.771692 -0.963044 -17.733391 2.621053 0.000002 -0.000001 -0.000003 -17.346359 -20.095152 -4.201785 21.757502 -1.638379 3.866424 0.000004 -6.338817 0.000005 -1.697574 -22.591757 -6.193999 -0.000002 -0.000005 -0.000002 23.847075 -81.996925 165.946365 19.417797 -10.979229 -54.021866 98.297737 -0.898260 2.348944 -10.384937 29.236168 6.231599 22.181965 -20.375774 49.933243 -16.701794 -16.743534 28.476526 -0.000019 -12.690576 0.000024 16.416475 -16.301910 2.273903 -0.105914 -1.513852 -4.275874 -5.039021 -5.612837 -2.953553 0.000020 -11.020447 -0.000021 -6.111238 -15.895228 -3.840508 -0.000000 0.000000 0.000001 -10.283337 -5.680261 -4.341829 11.028272 -11.302337 -2.372655 -1.384233 -14.238477 -6.320126 -0.625332 -26.923990 -3.827638 -4.486551 -49.158058 -3.387758 -13.708480 -7.363442 -3.720930 18.141113 -14.052649 -3.242707 0.000027 -18.787128 -0.000018 -0.429704 -8.455982 2.555499 0.000001 0.000001 0.000001 -15.923471 -20.094383 -5.473588 30.419153 -7.190792 1.735873 0.000008 -8.162868 0.000001 -1.861867 -22.861288 -6.167919 0.000000 -0.000002 -0.000003 -169.703430 -3.243375 1.605504 5.615767 -0.071386 0.070538 -76.939018 -8.180714 -5.180486 -5.438904 1.588853 2.122125 -0.999997 0.000001 0.000000 10.882503 -1.748166 -4.509791 5.386900 -0.035899 0.159461 -77.477989 -5.687220 -7.102457 -5.856179 0.779350 1.694448 -1.000001 0.000001 0.000000
0.000000 0.000000 0.000000 0.000000 -0.000000 0.000000 0.329095 99.687592 -0.428131 89.315910 8.134464 93.204643 0.869659 -0.348634 0.461336 -10.203666 -0.115836 1.063519 17.431824 -1.210854 -0.571092 19.950117 4.845640 3.298048 -2.627620 -0.909968 -2.090986 -32.670803 -0.225685 -2.460109 0.000006 0.000000 -0.000000 0.019443 -0.009188 0.008211 -0.060923 -0.017633 0.003710 -0.020810 -0.008528 0.021723 -109.422852 -76.121552 122.982704 46.179291 -61.703075 3.620117 21.548716 -0.341107 -0.060452 -0.029542 -3.281116 13.529924 17.636610 -26.322680 52.411148 -19.466721 -14.395591 29.410433 0.000001 -8.774843 -0.000001 16.206564 -18.009926 5.971704 -0.609777 -1.795658 -3.889324 -4.807096 -11.046844 -2.937858 0.000010 -20.976118 -0.000029 -5.019964 -25.033756 -4.031934 0.000006 -0.000001 0.000000 -10.634537 -5.686985 -3.565583 10.573280 -17.922997 -3.113922 0.000006 -13.821277 -0.000017 -0.501734 -31.181778 -4.027092 -11.990617 -59.767624 7.847397 -13.982718 -7.150214 -2.875036 13.772740 -8.401509 -3.218251 0.347757 -34.211727 0.771605 -0.963016 -17.733501 2.621014 0.000002 0.000004 0.000001 -17.346432 -20.095259 -4.201775 21.757586 -1.638369 3.866426 0.000002 -6.338854 -0.000006 -1.697571 -22.591936 -6.194090 -0.000002 0.000000 -0.000002 25.465311 -82.055267 164.510025 17.284323 -8.895047 -51.946323 106.973312 -0.817113 1.833313 -5.758265 29.046152 14.152370 22.182055 -20.375832 49.933247 -16.701748 -16.743496 28.476480 0.000000 -12.690577 -0.000003 16.694122 -16.385870 2.441678 -0.105921 -1.513850 -4.275874 -5.039032 -5.612854 -2.953555 0.000005 -11.020485 -0.000004 -6.111277 -15.895295 -3.840498 -0.000001 -0.000001 -0.000001 -10.283349 -5.680271 -4.341829 11.028264 -11.302351 -2.372627 -1.384264 -14.238517 -6.320124 -0.625404 -26.924091 -3.827621 -4.473541 -49.350227 -3.391968 -13.708494 -7.363455 -3.720935 18.141102 -14.052674 -3.242663 0.000004 -18.787201 0.000002 -0.429711 -8.456022 2.555513 -0.000001 0.000000 0.000001 -15.923504 -20.094416 -5.473581 30.419146 -7.190793 1.735931 0.000002 -8.162893 0.000006 -1.861896 -22.861401 -6.167934 -0.000001 -0.000002 -0.000001 -169.836029 -3.267925 1.831879 5.609761 -0.074565 0.083747 -76.914574 -8.069077 -5.228059 -5.412251 1.620119 2.123815 -0.999996 0.000000 -0.000000 10.847483 -1.716727 -4.567894 5.380351 -0.032426 0.164023 -77.548752 -5.815440 -7.098522 -5.806474 0.738328 1.676869 -1.000001 0.000000 0.000000
0.000000 0.000000 0.000000 0.000000 -0.000000 0.000000 0.304287 99.664124 -0.341101 89.365181 7.987579 93.457855 0.818627 -0.383597 0.491399 -10.232550 -0.139754 1.138651 17.396444 -1.263786 -0.667296 19.852760 5.081760 3.321000 -2.606827 -0.798459 -2.040387 -32.776134 -0.393213 -2.391797 0.000008 -0.000000 -0.000000 0.017914 -0.008125 0.003994 -0.081769 -0.014797 -0.009866 -0.047482 -0.009217 0.025635 -108.447517 -76.060936 121.918030 46.050056 -62.138439 3.229730 21.296476 -0.321767 -0.058867 -0.145610 -2.949226 13.598964 17.636494 -26.322599 52.411018 -19.466518 -14.395520 29.410265 -0.000006 -8.774755 0.000004 16.123989 -18.068743 6.006333 -0.609774 -1.795641 -3.889311 -4.807050 -11.046723 -2.937838 0.000016 -20.975842 0.000001 -5.019899 -25.033342 -4.031858 0.000006 -0.000000 0.000000 -10.634467 -5.686931 -3.565580 10.573198 -17.922812 -3.113885 0.000008 -13.821093 0.000008 -0.501754 -31.181225 -4.026961 -12.040171 -59.747005 7.797329 -13.982626 -7.150148 -2.875039 13.772632 -8.401432 -3.218222 0.347736 -34.211273 0.771668 -0.963030 -17.733257 2.621027 0.000000 0.000001 0.000002 -17.346294 -20.095079 -4.201784 21.757402 -1.638369 3.866399 0.000005 -6.338773 0.000005 -1.697548 -22.591557 -6.193964 -0.000000 -0.000003 -0.000000 28.320539 -81.832085 161.958740 14.963471 -6.659794 -48.788837 115.652290 -0.914695 1.198286 0.544851 27.356178 21.858698 22.181900 -20.375734 49.933010 -16.701662 -16.743437 28.476324 -0.000003 -12.690485 0.000022 16.286524 -16.526205 2.786246 -0.105913 -1.513845 -4.275856 -5.038999 -5.612823 -2.953529 0.000003 -11.020410 -0.000004 -6.111226 -15.895165 -3.840433 0.000001 -0.000002 -0.000000 -10.283299 -5.680247 -4.341804 11.028201 -11.302296 -2.372623 -1.384250 -14.238431 -6.320063 -0.625411 -26.923874 -3.827570 -4.505451 -49.559982 -3.411391 -13.708431 -7.363426 -3.720908 18.140997 -14.052595 -3.242664 -0.000003 -18.787083 -0.000002 -0.429714 -8.455958 2.555481 -0.000001 -0.000000 -0.000001 -15.923424 -20.094334 -5.473540 30.418972 -7.190737 1.735881 -0.000007 -8.162842 0.000002 -1.861888 -22.861206 -6.167870 -0.000001 -0.000003 -0.000000 -169.965866 -3.283988 2.080497 5.569259 -0.069242 0.051935 -76.884575 -7.999155 -5.289794 -5.386437 1.673364 2.127260 -1.000002 0.000000 -0.000000 10.782509 -1.695166 -4.671051 5.367538 -0.029429 0.161123 -77.664139 -5.850359 -7.051836 -5.767105 0.691655 1.653600 -1.000005 -0.000000 0.000000
0.000000 0.000000 0.000000 0.000000 -0.000000 0.000000 0.259098 99.633476 -0.242183 89.422249 7.849066 93.616577 0.774860 -0.443179 0.462409 -10.293496 -0.198285 1.200481 17.372025 -1.344170 -0.674145 19.850544 5.319090 3.296369 -2.602855 -0.717062 -1.884779 -32.781307 -0.587727 -2.331504 0.000006 0.000000 -0.000000 0.013647 -0.007841 -0.003698 -0.083776 -0.015670 -0.019980 -0.063836 -0.007013 0.019465 -107.026085 -75.989304 120.399231 45.711750 -62.627304 3.182206 21.105967 -0.335005 -0.102981 -0.046495 -2.752666 13.018725 17.636683 -26.322863 52.411427 -19.466782 -14.395656 29.410566 -0.000006 -8.774872 -0.000003 16.077278 -18.185423 6.068237 -0.609778 -1.795660 -3.889347 -4.807105 -11.046867 -2.937869 0.000017 -20.976168 -0.000003 -5.019984 -25.033796 -4.031912 0.000006 0.000001 -0.000002 -10.634567 -5.686993 -3.565603 10.573326 -17.923052 -3.113925 0.000011 -13.821312 0.000004 -0.501743 -31.181852 -4.027052 -12.043118 -59.794846 7.795436 -13.982760 -7.150227 -2.875057 13.772787 -8.401541 -3.218265 0.347754 -34.211826 0.771658 -0.963034 -17.733553 2.621058 -0.000001 -0.000002 -0.000001 -17.346474 -20.095301 -4.201797 21.757650 -1.638389 3.866442 0.000006 -6.338870 -0.000001 -1.697567 -22.591986 -6.194077 -0.000001 -0.000002 -0.000000 31.828037 -81.397369 158.805847 12.787011 -4.321971 -45.221024 123.604935 -1.497022 0.958348 7.244623 24.206276 29.175909 22.182201 -20.375927 49.933460 -16.701933 -16.743587 28.476660 -0.000006 -12.690683 -0.000007 15.713644 -16.857193 2.944472 -0.105914 -1.513868 -4.275897 -5.039068 -5.612907 -2.953569 0.000011 -11.020620 -0.000010 -6.111335 -15.895520 -3.840515 -0.000002 0.000001 0.000000 -10.283408 -5.680316 -4.341852 11.028356 -11.302475 -2.372653 -1.384271 -14.238701 -6.320173 -0.625404 -26.924515 -3.827666 -4.679995 -49.434269 -3.537748 -13.708574 -7.363513 -3.720951 18.141243 -14.052825 -3.242701 0.000025 -18.787424 -0.000024 -0.429703 -8.456136 2.555521 0.000002 -0.000000 -0.000001 -15.923594 -20.094587 -5.473605 30.419361 -7.190875 1.735933 0.000011 -8.162988 -0.000013 -1.861871 -22.861719 -6.168035 -0.000004 -0.000004 0.000001 -170.041550 -3.297239 2.313797 5.506820 -0.052267 -0.007536 -76.884277 -8.004071 -5.306653 -5.339095 1.719817 2.131295 -0.999999 -0.000000 -0.000000 10.726916 -1.694296 -4.785609 5.356432 -0.026797 0.156709 -77.799301 -5.772182 -6.950849 -5.743931 0.671381 1.636673 -1.000005 0.000000 -0.000001
0.000000 0.000000 0.000000 0.000000 -0.000000 0.000000 0.186619 99.607780 -0.134305 89.492317 7.751814 93.705330 0.724621 -0.535088 0.391681 -10.368515 -0.273494 1.231393 17.389065 -1.462790 -0.578996 19.962721 5.573696 3.224789 -2.642145 -0.694988 -1.595157 -32.682171 -0.763588 -2.341891 0.000008 0.000000 0.000000 0.013711 -0.006169 -0.003551 -0.053132 -0.016347 -0.013730 -0.052346 -0.001930 0.013943 -105.494728 -75.910789 118.834938 45.372883 -63.010708 3.507484 20.894104 -0.344659 -0.168044 0.291266 -2.601214 11.825315 17.636602 -26.322708 52.411148 -19.466570 -14.395555 29.410324 -0.000004 -8.774788 -0.000006 16.099083 -18.355368 6.150233 -0.609777 -1.795647 -3.889321 -4.807068 -11.046758 -2.937843 0.000016 -20.975918 0.000009 -5.019925 -25.033434 -4.031872 0.000005 -0.000000 -0.000000 -10.634505 -5.686947 -3.565588 10.573242 -17.922882 -3.113881 0.000008 -13.821157 0.000014 -0.501770 -31.181412 -4.026972 -12.105603 -59.928318 7.939309 -13.982677 -7.150167 -2.875044 13.772686 -8.401464 -3.218226 0.347735 -34.211399 0.771690 -0.963034 -17.733322 2.621048 0.000000 -0.000001 -0.000001 -17.346365 -20.095140 -4.201784 21.757484 -1.638379 3.866424 0.000003 -6.338797 0.000009 -1.697568 -22.591652 -6.193982 -0.000001 -0.000002 -0.000001 35.246380 -80.993881 155.698532 11.110625 -2.333615 -42.017853 130.035187 -2.498611 1.417303 13.775965 20.253809 37.352852 22.182089 -20.375872 49.933174 -16.701719 -16.743488 28.476414 -0.000001 -12.690561 -0.000002 15.933242 -17.174307 2.802923 -0.105918 -1.513848 -4.275869 -5.039028 -5.612850 -2.953542 0.000003 -11.020482 0.000012 -6.111281 -15.895276 -3.840449 -0.000001 -0.000001 -0.000002 -10.283348 -5.680265 -4.341824 11.028255 -11.302359 -2.372608 -1.384275 -14.238518 -6.320086 -0.625449 -26.924088 -3.827563 -4.822598 -49.349564 -3.686922 -13.708495 -7.363451 -3.720927 18.141085 -14.052681 -3.242641 -0.000009 -18.787207 0.000021 -0.429721 -8.456031 2.555508 0.000001 -0.000001 0.000002 -15.923506 -20.094414 -5.473559 30.419115 -7.190788 1.735940 -0.000001 -8.162903 0.000006 -1.861916 -22.861418 -6.167901 -0.000000 -0.000005 -0.000002 -170.049011 -3.301540 2.494370 5.441193 -0.033897 -0.048015 -76.926994 -8.018371 -5.277262 -5.280131 1.734056 2.134650 -1.000000 -0.000000 0.000000 10.707345 -1.712790 -4.899723 5.341513 -0.025970 0.151744 -77.937279 -5.641047 -6.772120 -5.711185 0.692859 1.633710 -0.999999 -0.000000 0.000000
0.000000 0.000000 0.000000 0.000000 -0.000000 0.000000 0.096097 99.601418 -0.042783 89.552826 7.701419 93.713898 0.674150 -0.642007 0.356450 -10.417793 -0.342934 1.233345 17.406002 -1.587001 -0.496516 20.131182 5.785894 3.137389 -2.694029 -0.699283 -1.294746 -32.516308 -0.798486 -2.310493 0.000006 0.000000 0.000000 0.014040 -0.002683 0.002977 -0.030519 -0.015630 -0.000003 -0.040433 0.004630 0.014373 -104.425995 -75.794754 117.802460 44.985069 -63.161999 4.168837 20.733252 -0.337237 -0.204424 0.667400 -2.532982 10.449841 17.636551 -26.322622 52.411095 -19.466595 -14.395529 29.410330 0.000017 -8.774796 -0.000004 16.164524 -18.451977 6.175224 -0.609779 -1.795654 -3.889321 -4.807099 -11.046810 -2.937846 -0.000037 -20.976004 -0.000011 -5.019988 -25.033594 -4.031914 0.000006 0.000003 -0.000000 -10.634517 -5.686984 -3.565582 10.573204 -17.922913 -3.113891 -0.000020 -13.821205 -0.000013 -0.501800 -31.181570 -4.027070 -12.128079 -60.040184 8.051678 -13.982692 -7.150217 -2.875031 13.772671 -8.401457 -3.218226 0.347672 -34.211555 0.771629 -0.963047 -17.733404 2.620992 -0.000001 0.000002 0.000002 -17.346415 -20.095230 -4.201764 21.757498 -1.638327 3.866425 -0.000009 -6.338820 -0.000001 -1.697608 -22.591770 -6.194033 -0.000000 -0.000002 -0.000002 37.508522 -80.695259 153.652481 10.411545 -1.168457 -39.905254 134.603348 -3.250419 2.014023 19.044086 16.814625 44.925224 22.182011 -20.375843 49.933506 -16.701912 -16.743538 28.476709 -0.000012 -12.690603 0.000022 16.584641 -17.219341 2.680582 -0.105919 -1.513865 -4.275897 -5.039038 -5.612888 -2.953579 0.000006 -11.020553 -0.000035 -6.111269 -15.895423 -3.840548 -0.000001 -0.000002 -0.000000 -10.283364 -5.680308 -4.341852 11.028296 -11.302420 -2.372676 -1.384238 -14.238622 -6.320198 -0.625338 -26.924313 -3.827732 -4.794876 -49.215778 -3.765648 -13.708513 -7.363499 -3.720953 18.141163 -14.052755 -3.242738 0.000026 -18.787302 -0.000047 -0.429709 -8.456067 2.555503 0.000001 -0.000001 0.000000 -15.923519 -20.094534 -5.473629 30.419214 -7.190817 1.735879 0.000006 -8.162930 -0.000012 -1.861843 -22.861528 -6.168029 0.000001 -0.000001 -0.000002 -170.012543 -3.307194 2.627517 5.387680 -0.026053 -0.044204 -76.943970 -8.014395 -5.247644 -5.241992 1.720112 2.138339 -1.000000 -0.000001 0.000000 10.707638 -1.728991 -4.966912 5.344309 -0.017031 0.135060 -78.061172 -5.522124 -6.553300 -5.669505 0.735359 1.640382 -1.000002 -0.000000 -0.000000
0.000000 0.000000 0.000000 0.000000 -0.000000 0.000000 0.011490 99.610268 0.001039 89.565353 7.680771 93.621414 0.629295 -0.746358 0.361724 -10.430284 -0.387014 1.245334 17.382582 -1.648920 -0.466426 20.268078 5.862410 3.071314 -2.722715 -0.680216 -1.097274 -32.289131 -0.727215 -2.214644 0.000007 0.000000 -0.000000 0.010147 0.004591 0.019376 -0.025791 -0.007174 0.022984 -0.034053 0.009984 0.024931 -104.005554 -75.657173 117.426010 44.592503 -63.128475 4.772360 20.648565 -0.371132 -0.212310 0.900061 -2.583847 9.357553 17.636620 -26.322733 52.411125 -19.466663 -14.395602 29.410372 -0.000024 -8.774807 -0.000002 16.217003 -18.458487 6.159827 -0.609769 -1.795648 -3.889320 -4.807054 -11.046777 -2.937851 0.000062 -20.975988 0.000003 -5.019893 -25.033527 -4.031854 0.000006 0.000003 -0.000000 -10.634505 -5.686938 -3.565586 10.573294 -17.922932 -3.113901 0.000037 -13.821184 0.000012 -0.501713 -31.181477 -4.026949 -12.081385 -60.126339 8.094864 -13.982678 -7.150156 -2.875042 13.772721 -8.401502 -3.218243 0.347805 -34.211487 0.771683 -0.963012 -17.733366 2.621066 0.000001 -0.000001 -0.000001 -17.346344 -20.095142 -4.201789 21.757511 -1.638417 3.866407 0.000017 -6.338814 0.000006 -1.697521 -22.591724 -6.193988 -0.000000 -0.000002 -0.000004 37.043171 -80.322014 154.198059 10.716076 -0.684602 -39.478504 137.336273 -3.207269 2.203048 22.416840 15.174169 50.565331 22.182167 -20.375891 49.933182 -16.701719 -16.743498 28.476398 0.000003 -12.690578 -0.000015 17.071064 -17.075638 2.706507 -0.105921 -1.513849 -4.275869 -5.039039 -5.612851 -2.953545 0.000006 -11.020489 0.000015 -6.111290 -15.895288 -3.840459 0.000000 -0.000001 0.000002 -10.283368 -5.680269 -4.341826 11.028273 -11.302370 -2.372602 -1.384280 -14.238528 -6.320086 -0.625461 -26.924120 -3.827549 -4.723249 -48.961552 -3.791769 -13.708520 -7.363454 -3.720930 18.141117 -14.052698 -3.242627 -0.000004 -18.787222 0.000027 -0.429713 -8.456031 2.555519 -0.000001 -0.000002 0.000001 -15.923538 -20.094425 -5.473560 30.419159 -7.190813 1.735964 0.000002 -8.162909 0.000009 -1.861911 -22.861423 -6.167901 0.000001 -0.000001 -0.000001 -169.976791 -3.342119 2.757854 5.364382 -0.025207 -0.025326 -76.907181 -8.109884 -5.282560 -5.251396 1.705868 2.141341 -0.999997 -0.000000 0.000000 10.683081 -1.714777 -5.016431 5.392685 -0.000609 0.131779 -78.155807 -5.385560 -6.348790 -5.657528 0.769851 1.649144 -0.999999 -0.000000 0.000000
0.000000 0.000000 0.000000 0.000000 -0.000000 0.000000 -0.062381 99.620422 -0.000177 89.528404 7.664494 93.449303 0.588282 -0.830899 0.365669 -10.428521 -0.405568 1.261519 17.335358 -1.629308 -0.442307 20.352962 5.841397 3.093703 -2.733099 -0.664431 -1.027506 -32.105625 -0.647082 -2.056546 0.000006 -0.000000 -0.000000 0.005282 0.010719 0.022020 -0.021188 0.001864 0.032911 -0.023542 0.012468 0.021376 -104.263641 -75.489769 117.697647 44.273643 -62.956326 5.237816 20.656513 -0.405092 -0.197745 1.035387 -2.774206 8.597965 17.636612 -26.322598 52.410973 -19.466570 -14.395544 29.410252 0.000014 -8.774810 -0.000014 16.284243 -18.430689 6.114950 -0.609778 -1.795650 -3.889314 -4.807096 -11.046786 -2.937838 -0.000026 -20.975964 0.000000 -5.019996 -25.033535 -4.031897 0.000006 0.000001 -0.000000 -10.634521 -5.686967 -3.565574 10.573230 -17.922892 -3.113880 -0.000010 -13.821175 -0.000003 -0.501802 -31.181471 -4.027030 -11.978208 -60.233936 8.086369 -13.982697 -7.150196 -2.875026 13.772692 -8.401456 -3.218223 0.347692 -34.211475 0.771653 -0.963039 -17.733362 2.621008 0.000001 -0.000002 -0.000001 -17.346415 -20.095186 -4.201751 21.757526 -1.638344 3.866431 -0.000004 -6.338810 0.000001 -1.697613 -22.591726 -6.194016 0.000001 0.000002 -0.000004 33.947163 -79.764229 157.289017 11.936230 -0.617531 -40.703926 138.350342 -2.290421 2.001553 25.014544 15.800497 54.825596 22.182007 -20.375820 49.933285 -16.701811 -16.743488 28.476536 -0.000020 -12.690558 0.000014 17.457848 -16.874968 2.726068 -0.105919 -1.513854 -4.275878 -5.039021 -5.612855 -2.953561 0.000019 -11.020496 -0.000019 -6.111236 -15.895315 -3.840503 0.000002 0.000000 0.000001 -10.283336 -5.680273 -4.341838 11.028264 -11.302377 -2.372647 -1.384232 -14.238544 -6.320134 -0.625361 -26.924156 -3.827638 -4.703295 -48.895607 -3.783503 -13.708477 -7.363454 -3.720940 18.141106 -14.052709 -3.242698 0.000034 -18.787214 -0.000021 -0.429703 -8.456031 2.555502 0.000002 0.000004 0.000002 -15.923463 -20.094427 -5.473602 30.419109 -7.190814 1.735887 0.000009 -8.162900 -0.000004 -1.861846 -22.861420 -6.167950 0.000001 -0.000003 0.000002 -169.979874 -3.405216 2.800954 5.382659 -0.022223 -0.019390 -76.854134 -8.232817 -5.341462 -5.261009 1.691620 2.142143 -0.999999 0.000000 0.000000 10.616048 -1.648682 -5.053322 5.444942 0.003175 0.157059 -78.175995 -5.287047 -6.166265 -5.671574 0.772400 1.650481 -1.000001 -0.000000 0.000000
0.000000 0.000000 0.000000 0.000000 -0.000000 0.000000 -0.124497 99.616570 -0.039085 89.448059 7.648198 93.200188 0.553697 -0.883213 0.379029 -10.423796 -0.402224 1.276475 17.265984 -1.539650 -0.425957 20.463512 5.722703 3.168896 -2.747228 -0.660304 -1.107898 -31.996782 -0.536148 -1.884060 0.000005 0.000000 0.000000 -0.001571 0.006719 -0.015308 -0.025515 -0.000294 0.001664 -0.022712 0.006469 -0.020689 -105.024017 -75.263802 118.438133 44.085487 -62.704594 5.409897 20.781357 -0.454994 -0.178674 1.085621 -3.190391 8.368128 17.636635 -26.322786 52.411266 -19.466682 -14.395604 29.410446 -0.000002 -8.774837 -0.000004 16.371265 -18.395647 6.062542 -0.609777 -1.795655 -3.889328 -4.807092 -11.046829 -2.937853 0.000006 -20.976097 0.000006 -5.019981 -25.033722 -4.031893 0.000006 0.000000 -0.000001 -10.634534 -5.686973 -3.565588 10.573280 -17.922983 -3.113904 0.000004 -13.821253 0.000007 -0.501768 -31.181688 -4.027024 -11.852197 -60.326061 8.070826 -13.982716 -7.150203 -2.875047 13.772739 -8.401508 -3.218245 0.347728 -34.211712 0.771677 -0.963041 -17.733496 2.621049 0.000001 -0.000001 -0.000002 -17.346416 -20.095232 -4.201788 21.757568 -1.638378 3.866434 0.000002 -6.338850 0.000004 -1.697585 -22.591902 -6.194039 -0.000001 0.000000 -0.000004 29.497995 -79.064705 161.733521 14.169472 -1.096018 -43.480694 137.781906 -0.946671 1.526664 27.875408 19.331493 58.520638 22.182079 -20.375896 49.933353 -16.701847 -16.743538 28.476589 -0.000017 -12.690609 0.000009 17.665661 -16.678083 2.642293 -0.105918 -1.513856 -4.275885 -5.039032 -5.612873 -2.953563 0.000016 -11.020540 -0.000013 -6.111276 -15.895388 -3.840505 0.000002 -0.000000 0.000001 -10.283364 -5.680285 -4.341841 11.028303 -11.302414 -2.372645 -1.384246 -14.238601 -6.320148 -0.625377 -26.924286 -3.827638 -4.860609 -49.239372 -3.670370 -13.708519 -7.363472 -3.720942 18.141163 -14.052754 -3.242695 0.000031 -18.787296 -0.000015 -0.429702 -8.456072 2.555512 -0.000000 0.000002 0.000000 -15.923515 -20.094479 -5.473593 30.419218 -7.190838 1.735904 0.000009 -8.162936 -0.000001 -1.861865 -22.861542 -6.167969 0.000001 0.000002 -0.000001 -170.017761 -3.488401 2.707008 5.429816 -0.018599 -0.026232 -76.801132 -8.309280 -5.402223 -5.220029 1.670914 2.144688 -0.999999 0.000000 0.000000 10.504821 -1.530272 -5.022564 5.499577 -0.005809 0.200062 -78.133598 -5.306829 -5.979744 -5.685122 0.728339 1.640041 -1.000001 -0.000000 -0.000000
0.000000 0.000000 0.000000 0.000000 -0.000000 0.000000 -0.175057 99.593147 -0.092360 89.355202 7.653982 92.933670 0.526586 -0.910150 0.409127 -10.421178 -0.374554 1.304072 17.201948 -1.420555 -0.396753 20.625130 5.506490 3.185099 -2.762284 -0.655164 -1.322016 -31.968615 -0.414223 -1.805493 0.000006 0.000000 0.000000 -0.005745 0.000238 -0.047297 -0.028700 -0.007319 -0.025361 -0.022346 0.000860 -0.056835 -105.839058 -75.015457 119.230995 44.172112 -62.434650 5.222370 21.183935 -0.525348 -0.146000 0.949582 -3.772023 8.731577 17.636810 -26.322992 52.411564 -19.466875 -14.395729 29.410658 -0.000020 -8.774920 -0.000010 16.440729 -18.396528 6.043706 -0.609776 -1.795664 -3.889348 -4.807107 -11.046896 -2.937881 0.000056 -20.976271 0.000003 -5.019978 -25.033926 -4.031919 0.000008 -0.000000 0.000001 -10.634600 -5.686988 -3.565614 10.573407 -17.923132 -3.113930 0.000032 -13.821370 0.000012 -0.501724 -31.182020 -4.027032 -11.780254 -60.380203 8.103048 -13.982800 -7.150219 -2.875064 13.772865 -8.401593 -3.218273 0.347813 -34.212013 0.771692 -0.963019 -17.733667 2.621107 -0.000000 -0.000000 -0.000000 -17.346510 -20.095318 -4.201817 21.757740 -1.638438 3.866457 0.000017 -6.338896 0.000006 -1.697543 -22.592083 -6.194084 0.000000 -0.000001 -0.000005 25.405312 -78.577904 165.733948 17.164986 -2.613300 -47.658665 135.750076 0.142951 1.206029 30.375446 26.004345 60.195168 22.182341 -20.376059 49.933681 -16.702015 -16.743734 28.476812 -0.000015 -12.690793 -0.000006 17.464857 -16.636837 2.602252 -0.105918 -1.513862 -4.275913 -5.039097 -5.612915 -2.953584 0.000021 -11.020642 -0.000009 -6.111373 -15.895553 -3.840557 -0.000003 -0.000000 -0.000000 -10.283470 -5.680324 -4.341864 11.028440 -11.302504 -2.372662 -1.384274 -14.238728 -6.320204 -0.625387 -26.924574 -3.827668 -5.193031 -49.980854 -3.479443 -13.708658 -7.363521 -3.720960 18.141392 -14.052869 -3.242717 0.000030 -18.787481 -0.000001 -0.429706 -8.456168 2.555553 0.000002 0.000005 -0.000001 -15.923695 -20.094614 -5.473620 30.419594 -7.190922 1.735946 0.000015 -8.163012 0.000002 -1.861900 -22.861792 -6.168045 0.000002 -0.000001 -0.000001 -170.046982 -3.575087 2.544160 5.491436 -0.010871 -0.039692 -76.767570 -8.328599 -5.485669 -5.084118 1.648402 2.157300 -1.000002 0.000000 0.000000 10.391185 -1.407815 -4.920302 5.575487 -0.017869 0.230191 -78.099136 -5.384968 -5.846309 -5.679628 0.656442 1.623374 -1.000002 0.000000 0.000000
0.000000 0.000000 0.000000 0.000000 -0.000000 0.000000 -0.221521 99.574280 -0.138855 89.291458 7.702089 92.739471 0.509022 -0.925655 0.436953 -10.431702 -0.325075 1.334736 17.173399 -1.323431 -0.298582 20.827841 5.242899 3.117621 -2.771862 -0.677410 -1.561206 -32.002048 -0.342756 -1.910868 0.000007 -0.000000 0.000000 -0.004730 0.001559 -0.032717 -0.011878 -0.010532 -0.004760 -0.003239 0.007100 -0.049008 -106.418373 -74.775696 119.810699 44.579834 -62.167728 4.852654 21.952135 -0.589846 -0.115971 0.674529 -4.251568 9.552732 17.636665 -26.322765 52.411274 -19.466661 -14.395598 29.410437 0.000009 -8.774846 -0.000011 16.467821 -18.390350 6.055233 -0.609781 -1.795655 -3.889333 -4.807107 -11.046830 -2.937854 -0.000014 -20.976072 0.000005 -5.020000 -25.033684 -4.031918 0.000006 0.000001 0.000001 -10.634548 -5.686984 -3.565594 10.573270 -17.922970 -3.113894 -0.000009 -13.821247 0.000004 -0.501796 -31.181675 -4.027042 -11.750253 -60.363861 8.171644 -13.982734 -7.150216 -2.875047 13.772739 -8.401490 -3.218238 0.347698 -34.211670 0.771678 -0.963054 -17.733469 2.621044 -0.000001 -0.000001 -0.000001 -17.346455 -20.095253 -4.201785 21.757591 -1.638361 3.866448 -0.000002 -6.338841 0.000003 -1.697601 -22.591854 -6.194046 -0.000001 0.000000 -0.000003 22.620430 -78.666588 168.247894 20.318661 -5.399192 -52.729530 132.597961 0.682690 1.397507 30.732317 34.670303 58.357548 22.182121 -20.375862 49.933376 -16.701851 -16.743528 28.476593 0.000001 -12.690619 -0.000001 17.484493 -16.746990 2.432889 -0.105922 -1.513860 -4.275887 -5.039048 -5.612889 -2.953566 -0.000000 -11.020559 -0.000011 -6.111305 -15.895421 -3.840508 -0.000002 -0.000001 -0.000001 -10.283378 -5.680305 -4.341845 11.028296 -11.302421 -2.372640 -1.384274 -14.238626 -6.320150 -0.625423 -26.924320 -3.827648 -5.594680 -51.048527 -3.225613 -13.708534 -7.363499 -3.720947 18.141153 -14.052756 -3.242684 0.000013 -18.787323 -0.000020 -0.429711 -8.456081 2.555511 0.000002 0.000001 0.000001 -15.923553 -20.094534 -5.473598 30.419231 -7.190823 1.735931 0.000000 -8.162946 -0.000007 -1.861886 -22.861582 -6.168006 -0.000004 -0.000004 -0.000004 -170.036102 -3.640397 2.355345 5.558445 -0.006312 -0.045720 -76.752930 -8.299631 -5.556577 -4.901720 1.624335 2.172653 -1.000001 0.000001 -0.000000 10.358991 -1.326529 -4.848242 5.616420 -0.027951 0.247193 -78.080734 -5.451463 -5.802713 -5.653595 0.595365 1.611504 -1.000004 -0.000000 -0.000001
0.000000 0.000000 0.000000 0.000000 -0.000000 0.000000 -0.275263 99.578133 -0.169402 89.255264 7.791280 92.653748 0.490535 -0.927974 0.443653 -10.451536 -0.255408 1.380209 17.179129 -1.280371 -0.145085 21.089479 4.984219 3.027149 -2.778075 -0.754342 -1.784376 -32.088055 -0.310083 -2.205654 0.000006 -0.000000 -0.000000 -0.003178 0.008635 0.007866 0.014594 -0.012982 0.041842 0.025597 0.023659 -0.016270 -106.890816 -74.577377 120.313538 45.094250 -61.917675 4.212783 23.074766 -0.666857 -0.116199 0.395850 -4.441897 10.834630 17.636433 -26.322504 52.410870 -19.466450 -14.395476 29.410183 0.000018 -8.774746 -0.000001 16.477215 -18.351454 6.069371 -0.609775 -1.795640 -3.889308 -4.807071 -11.046737 -2.937824 -0.000039 -20.975859 0.000003 -5.019962 -25.033407 -4.031868 0.000007 0.000002 -0.000000 -10.634459 -5.686948 -3.565563 10.573139 -17.922789 -3.113867 -0.000028 -13.821105 -0.000005 -0.501824 -31.181293 -4.027015 -11.688671 -60.296864 8.172651 -13.982615 -7.150172 -2.875021 13.772596 -8.401403 -3.218213 0.347649 -34.211273 0.771664 -0.963059 -17.733263 2.620994 0.000000 0.000000 0.000001 -17.346317 -20.095102 -4.201750 21.757385 -1.638316 3.866403 -0.000012 -6.338779 0.000001 -1.697612 -22.591610 -6.193982 -0.000002 0.000001 -0.000004 21.276979 -79.365860 169.237427 23.393764 -9.211923 -58.319351 128.403671 0.732150 2.002504 26.289885 44.257282 51.445709 22.181885 -20.375668 49.932953 -16.701599 -16.743258 28.476257 0.000013 -12.690402 -0.000005 18.022722 -17.049952 1.923922 -0.105923 -1.513848 -4.275843 -5.038985 -5.612836 -2.953543 -0.000010 -11.020438 -0.000013 -6.111203 -15.895235 -3.840474 0.000001 0.000000 0.000002 -10.283260 -5.680259 -4.341817 11.028130 -11.302299 -2.372601 -1.384256 -14.238469 -6.320090 -0.625423 -26.923965 -3.827630 -5.869340 -52.151398 -3.131310 -13.708372 -7.363437 -3.720930 18.140879 -14.052608 -3.242625 -0.000002 -18.787106 -0.000028 -0.429711 -8.455973 2.555472 0.000000 0.000001 0.000001 -15.923353 -20.094353 -5.473570 30.418766 -7.190717 1.735933 -0.000004 -8.162850 -0.000011 -1.861851 -22.861279 -6.167933 0.000000 -0.000002 -0.000001 -169.997009 -3.689620 2.123250 5.627494 -0.014846 -0.044661 -76.744110 -8.234482 -5.583821 -4.751301 1.598903 2.180488 -0.999998 0.000001 -0.000000 10.433385 -1.272646 -4.856801 5.598478 -0.033416 0.255007 -78.022751 -5.466793 -5.863213 -5.606483 0.557283 1.606868 -1.000001 0.000000 -0.000000
0.000000 0.000000 0.000000 0.000000 -0.000000 0.000000 -0.332078 99.592300 -0.190603 89.229767 7.926993 92.664597 0.476184 -0.904891 0.434032 -10.487278 -0.181170 1.453900 17.240499 -1.298784 0.001855 21.355682 4.757545 2.974689 -2.759741 -0.879728 -2.018411 -32.254978 -0.263243 -2.641516 0.000006 -0.000000 0.000000 0.004568 0.014025 0.048443 0.039853 -0.018039 0.086872 0.055279 0.038945 0.017876 -107.228416 -74.464256 120.715141 45.536072 -61.695660 3.325860 24.411926 -0.788633 -0.154499 0.195118 -4.381577 12.456821 17.636723 -26.322802 52.411224 -19.466717 -14.395630 29.410412 -0.000012 -8.774848 -0.000012 16.480633 -18.267342 6.053944 -0.609777 -1.795657 -3.889332 -4.807089 -11.046821 -2.937854 0.000032 -20.976072 0.000007 -5.019957 -25.033648 -4.031878 0.000007 0.000003 0.000000 -10.634557 -5.686967 -3.565593 10.573326 -17.922997 -3.113904 0.000020 -13.821247 0.000011 -0.501750 -31.181648 -4.026997 -11.543680 -60.232803 8.016368 -13.982745 -7.150195 -2.875044 13.772775 -8.401522 -3.218239 0.347782 -34.211655 0.771673 -0.963017 -17.733444 2.621059 0.000001 -0.000000 -0.000000 -17.346445 -20.095232 -4.201782 21.757618 -1.638409 3.866438 0.000013 -6.338840 0.000002 -1.697558 -22.591833 -6.194018 -0.000000 -0.000002 -0.000000 21.414280 -80.565849 168.663513 26.242525 -13.558973 -63.958282 123.375870 0.347306 2.738775 11.801912 52.458870 34.746719 22.182234 -20.376003 49.933578 -16.701990 -16.743687 28.476757 -0.000027 -12.690730 0.000010 18.134926 -17.585415 1.496626 -0.105915 -1.513862 -4.275906 -5.039072 -5.612899 -2.953573 0.000026 -11.020606 -0.000011 -6.111325 -15.895483 -3.840526 0.000000 0.000001 0.000001 -10.283430 -5.680304 -4.341857 11.028398 -11.302476 -2.372667 -1.384250 -14.238680 -6.320180 -0.625366 -26.924475 -3.827649 -5.882530 -52.632736 -3.273093 -13.708609 -7.363495 -3.720951 18.141325 -14.052839 -3.242727 0.000041 -18.787409 -0.000006 -0.429701 -8.456127 2.555535 -0.000001 0.000002 -0.000000 -15.923625 -20.094557 -5.473615 30.419468 -7.190907 1.735908 0.000015 -8.162983 0.000001 -1.861873 -22.861689 -6.168006 -0.000000 -0.000003 -0.000002 -169.905121 -3.738798 1.890239 5.673429 -0.031397 -0.051415 -76.749367 -8.153107 -5.579102 -4.695871 1.574505 2.177997 -1.000002 0.000002 0.000000 10.601839 -1.219645 -4.837587 5.527504 -0.037352 0.253211 -77.874443 -5.477019 -6.024855 -5.567891 0.553099 1.612533 -1.000002 0.000000 0.000000
0.000000 0.000000 0.000000 0.000000 -0.000000 0.000000 -0.389106 99.609169 -0.205593 89.207619 8.127989 92.743736 0.495625 -0.849696 0.399828 -10.517371 -0.121961 1.529824 17.326982 -1.383571 0.132909 21.594690 4.583241 2.989987 -2.704201 -1.011997 -2.296067 -32.463673 -0.169448 -3.098548 0.000006 -0.000000 -0.000000 0.025346 0.010343 0.062158 0.063223 -0.028799 0.100917 0.084810 0.041673 0.029842 -107.262222 -74.493492 120.830612 45.815350 -61.516968 2.705953 25.715515 -0.882198 -0.198020 0.168320 -4.230532 14.020183 17.636740 -26.322866 52.411404 -19.466818 -14.395654 29.410549 -0.000016 -8.774879 -0.000007 16.467897 -18.159504 6.009333 -0.609776 -1.795661 -3.889347 -4.807098 -11.046872 -2.937867 0.000045 -20.976191 -0.000009 -5.019954 -25.033817 -4.031914 0.000004 0.000003 0.000002 -10.634576 -5.686990 -3.565602 10.573358 -17.923077 -3.113929 0.000030 -13.821318 -0.000000 -0.501701 -31.181864 -4.027040 -11.375319 -60.238937 7.751818 -13.982769 -7.150220 -2.875060 13.772810 -8.401562 -3.218258 0.347808 -34.211868 0.771639 -0.963008 -17.733580 2.621065 -0.000002 0.000003 0.000001 -17.346474 -20.095299 -4.201808 21.757666 -1.638418 3.866450 0.000014 -6.338872 0.000000 -1.697535 -22.591986 -6.194076 -0.000001 -0.000004 0.000001 23.523336 -82.046532 165.978851 28.743353 -17.863503 -68.989777 117.876045 -0.220978 3.194156 -14.320120 53.682480 7.873772 22.182283 -20.376087 49.933628 -16.701975 -16.743677 28.476768 -0.000006 -12.690739 0.000001 16.989964 -17.652594 1.921644 -0.105919 -1.513867 -4.275911 -5.039083 -5.612924 -2.953574 0.000009 -11.020665 0.000006 -6.111377 -15.895587 -3.840510 0.000001 -0.000000 0.000002 -10.283444 -5.680329 -4.341860 11.028395 -11.302515 -2.372652 -1.384280 -14.238757 -6.320188 -0.625447 -26.924639 -3.827643 -5.506496 -52.186028 -3.317846 -13.708623 -7.363527 -3.720956 18.141317 -14.052882 -3.242704 0.000011 -18.787518 0.000005 -0.429712 -8.456185 2.555543 0.000001 0.000000 -0.000000 -15.923660 -20.094641 -5.473605 30.419483 -7.190901 1.735941 0.000003 -8.163033 -0.000003 -1.861913 -22.861876 -6.168036 0.000000 -0.000003 0.000001 -169.705338 -3.800885 1.791137 5.669304 -0.046974 -0.038664 -76.819901 -8.125232 -5.557140 -4.734707 1.552669 2.164298 -0.999998 -0.000000 -0.000000 10.873492 -1.151929 -4.757400 5.424489 -0.046896 0.234307 -77.701210 -5.517178 -6.235544 -5.527104 0.601000 1.633012 -1.000005 0.000001 -0.000000
0.000000 0.000000 0.000000 0.000000 -0.000000 0.000000 -0.438345 99.609589 -0.213970 89.199127 8.382245 92.869827 0.555494 -0.776841 0.367493 -10.516392 -0.106074 1.556265 17.402781 -1.513670 0.250882 21.824200 4.500641 3.053751 -2.668027 -1.091701 -2.573539 -32.562088 -0.047513 -3.339097 0.000006 0.000000 0.000000 0.040155 -0.001782 0.040030 0.061516 -0.051181 0.072837 0.083468 0.039557 0.013316 -107.037422 -74.669518 120.670509 45.974678 -61.351685 2.821639 26.674088 -0.827422 -0.194737 0.198118 -4.149829 15.040527 17.636719 -26.322798 52.411274 -19.466833 -14.395672 29.410515 -0.000015 -8.774885 -0.000005 16.427588 -18.147739 6.017317 -0.609773 -1.795663 -3.889337 -4.807099 -11.046871 -2.937866 0.000047 -20.976191 -0.000017 -5.019964 -25.033825 -4.031911 0.000007 0.000002 0.000002 -10.634575 -5.686986 -3.565594 10.573366 -17.923073 -3.113937 0.000029 -13.821319 -0.000012 -0.501708 -31.181873 -4.027062 -11.394049 -60.347569 7.628400 -13.982767 -7.150215 -2.875043 13.772824 -8.401561 -3.218272 0.347818 -34.211876 0.771617 -0.962996 -17.733578 2.621049 -0.000001 0.000001 0.000001 -17.346476 -20.095287 -4.201787 21.757685 -1.638416 3.866431 0.000014 -6.338869 -0.000006 -1.697549 -22.591988 -6.194077 -0.000000 -0.000005 -0.000000 27.127472 -83.185715 161.878342 30.252390 -20.915497 -71.616905 112.007866 -0.347059 3.378982 -33.414551 46.651138 -8.498934 22.182261 -20.376059 49.933472 -16.701883 -16.743612 28.476631 -0.000005 -12.690675 -0.000006 15.780809 -16.520998 2.685503 -0.105920 -1.513858 -4.275892 -5.039067 -5.612897 -2.953563 0.000012 -11.020616 0.000018 -6.111346 -15.895492 -3.840474 0.000002 0.000001 -0.000002 -10.283416 -5.680300 -4.341848 11.028354 -11.302478 -2.372629 -1.384277 -14.238688 -6.320140 -0.625462 -26.924490 -3.827579 -4.734469 -50.763905 -3.320942 -13.708584 -7.363495 -3.720950 18.141245 -14.052831 -3.242669 0.000005 -18.787434 0.000025 -0.429714 -8.456143 2.555543 -0.000000 -0.000000 0.000001 -15.923606 -20.094557 -5.473587 30.419353 -7.190881 1.735946 0.000006 -8.162993 0.000009 -1.861912 -22.861727 -6.167968 0.000000 -0.000003 -0.000000 -169.435089 -3.858764 1.837319 5.643828 -0.053145 0.000164 -76.926804 -8.179742 -5.510945 -4.752085 1.541103 2.145570 -0.999999 0.000000 0.000000 11.207067 -1.088819 -4.695325 5.343450 -0.053733 0.203740 -77.621841 -5.598565 -6.427208 -5.498850 0.679856 1.657587 -1.000000 0.000000 0.000000
0.000000 0.000000 0.000000 0.000000 -0.000000 0.000000 -0.469497 99.595955 -0.234417 89.229782 8.612779 92.996758 0.627183 -0.711924 0.395628 -10.505029 -0.128284 1.526925 17.528694 -1.620705 0.296137 21.930477 4.452361 3.126549 -2.687553 -1.123603 -2.704492 -32.481049 0.036236 -3.392900 0.000006 -0.000000 -0.000000 0.033757 -0.009099 0.019618 0.043955 -0.069930 0.044978 0.059921 0.043811 0.001174 -107.120781 -74.855438 120.826523 46.121593 -61.043896 3.339454 27.036169 -0.709924 -0.184622 0.075395 -4.192124 15.673353 17.636642 -26.322851 52.411350 -19.466686 -14.395623 29.410488 -0.000004 -8.774845 -0.000002 16.373917 -18.210957 6.070016 -0.609775 -1.795652 -3.889336 -4.807087 -11.046823 -2.937855 0.000015 -20.976095 0.000012 -5.019973 -25.033709 -4.031888 0.000005 -0.000000 -0.000002 -10.634537 -5.686966 -3.565603 10.573293 -17.922985 -3.113897 0.000005 -13.821259 0.000014 -0.501773 -31.181719 -4.027006 -11.571912 -60.441971 7.699390 -13.982716 -7.150193 -2.875052 13.772744 -8.401508 -3.218242 0.347736 -34.211700 0.771694 -0.963047 -17.733498 2.621067 -0.000003 0.000000 -0.000001 -17.346409 -20.095213 -4.201799 21.757578 -1.638390 3.866435 0.000003 -6.338846 0.000006 -1.697578 -22.591879 -6.194033 -0.000001 -0.000005 0.000002 29.791161 -83.618591 159.062012 30.255703 -21.943300 -71.254425 106.880951 -0.391243 3.367403 -38.517986 39.369354 -9.497522 22.182146 -20.375788 49.933388 -16.701904 -16.743498 28.476612 -0.000010 -12.690621 -0.000010 15.163219 -15.375550 2.836514 -0.105923 -1.513866 -4.275887 -5.039049 -5.612889 -2.953578 0.000012 -11.020562 -0.000033 -6.111280 -15.895433 -3.840548 0.000003 -0.000001 0.000001 -10.283380 -5.680308 -4.341855 11.028304 -11.302426 -2.372656 -1.384255 -14.238635 -6.320181 -0.625350 -26.924351 -3.827710 -4.160152 -49.314831 -3.396241 -13.708536 -7.363496 -3.720960 18.141176 -14.052774 -3.242705 0.000047 -18.787323 -0.000051 -0.429695 -8.456079 2.555502 0.000000 -0.000000 -0.000001 -15.923545 -20.094532 -5.473634 30.419235 -7.190851 1.735933 0.000015 -8.162942 -0.000019 -1.861824 -22.861582 -6.168047 -0.000000 -0.000001 -0.000003 -169.209564 -3.866116 1.931096 5.634010 -0.041466 0.018081 -76.984718 -8.274062 -5.432134 -4.677411 1.544554 2.137713 -0.999999 -0.000001 -0.000000 11.464618 -1.077682 -4.621715 5.336228 -0.050915 0.185022 -77.635597 -5.765474 -6.580298 -5.513048 0.741326 1.670345 -1.000002 -0.000000 0.000000
0.000000 0.000000 0.000000 0.000000 -0.000000 0.000000 -0.479526 99.600510 -0.286886 89.303253 8.719748 93.099625 0.674395 -0.658274 0.463332 -10.510432 -0.165372 1.446733 17.696747 -1.690242 0.276537 21.849136 4.409007 3.164548 -2.721088 -1.121722 -2.609054 -32.313126 0.065898 -3.399723 0.000006 -0.000000 -0.000000 0.022743 -0.005532 0.032458 0.035828 -0.071868 0.055579 0.047618 0.052871 0.017956 -107.588501 -75.006912 121.329704 46.424534 -60.666866 3.756579 26.592100 -0.635967 -0.222012 -0.085203 -4.246484 15.995627 17.636536 -26.322683 52.411060 -19.466536 -14.395550 29.410286 -0.000004 -8.774776 -0.000001 16.356737 -18.280302 6.084471 -0.609774 -1.795641 -3.889314 -4.807058 -11.046740 -2.937834 0.000011 -20.975897 0.000020 -5.019938 -25.033430 -4.031843 0.000006 -0.000000 -0.000000 -10.634478 -5.686932 -3.565580 10.573220 -17.922848 -3.113873 0.000003 -13.821136 0.000019 -0.501787 -31.181368 -4.026948 -11.666147 -60.457241 7.729215 -13.982638 -7.150149 -2.875036 13.772656 -8.401449 -3.218223 0.347725 -34.211361 0.771709 -0.963041 -17.733316 2.621053 -0.000000 -0.000000 0.000001 -17.346312 -20.095085 -4.201777 21.757439 -1.638376 3.866407 0.000004 -6.338794 0.000012 -1.697572 -22.591640 -6.193963 -0.000000 -0.000006 0.000000 30.807056 -83.570808 158.174362 29.110182 -21.443167 -68.716530 104.106842 -0.547519 3.192984 -36.162445 34.642555 -4.509547 22.182083 -20.375731 49.933224 -16.701849 -16.743443 28.476515 -0.000019 -12.690580 -0.000013 14.898969 -15.098588 2.727701 -0.105922 -1.513860 -4.275875 -5.039029 -5.612866 -2.953568 0.000023 -11.020528 -0.000030 -6.111247 -15.895388 -3.840537 -0.000002 0.000002 -0.000001 -10.283345 -5.680283 -4.341844 11.028281 -11.302399 -2.372645 -1.384238 -14.238586 -6.320168 -0.625327 -26.924273 -3.827691 -3.953435 -48.922325 -3.476347 -13.708488 -7.363465 -3.720950 18.141127 -14.052737 -3.242688 0.000056 -18.787258 -0.000044 -0.429690 -8.456056 2.555502 -0.000001 -0.000002 0.000002 -15.923474 -20.094450 -5.473619 30.419140 -7.190851 1.735927 0.000019 -8.162912 -0.000016 -1.861805 -22.861486 -6.168010 0.000000 -0.000004 0.000000 -169.133026 -3.798664 1.993387 5.634962 -0.022488 0.018122 -76.972160 -8.354945 -5.313798 -4.612219 1.556818 2.137492 -1.000002 0.000000 -0.000000 11.535097 -1.132041 -4.556820 5.381811 -0.051413 0.200627 -77.636169 -5.962505 -6.668800 -5.568985 0.811280 1.684904 -1.000002 0.000001 -0.000000
0.000000 0.000000 0.000000 0.000000 -0.000000 0.000000 -0.453694 99.612465 -0.361970 89.396980 8.714929 93.175247 0.715665 -0.606696 0.542809 -10.501139 -0.184929 1.374952 17.837345 -1.715585 0.183874 21.718731 4.369061 3.130870 -2.732922 -1.080100 -2.393761 -32.296535 0.064647 -3.290870 0.000006 0.000000 0.000000 0.019691 0.002282 0.063560 0.032245 -0.059021 0.084497 0.041244 0.055342 0.052644 -108.089592 -75.137032 121.880272 47.035213 -60.372856 3.614327 25.476055 -0.638839 -0.236662 -0.287822 -4.147701 16.072029 17.636667 -26.322752 52.411198 -19.466745 -14.395652 29.410429 -0.000019 -8.774857 -0.000001 16.308802 -18.344891 6.088606 -0.609772 -1.795655 -3.889331 -4.807076 -11.046811 -2.937858 0.000059 -20.976065 -0.000011 -5.019929 -25.033649 -4.031891 0.000004 0.000000 0.000003 -10.634542 -5.686956 -3.565590 10.573340 -17.922987 -3.113921 0.000037 -13.821237 0.000000 -0.501705 -31.181627 -4.027004 -11.699249 -60.377426 7.710364 -13.982728 -7.150177 -2.875044 13.772783 -8.401527 -3.218255 0.347826 -34.211643 0.771644 -0.962999 -17.733458 2.621060 0.000001 0.000002 0.000000 -17.346411 -20.095194 -4.201791 21.757610 -1.638425 3.866422 0.000015 -6.338839 0.000000 -1.697535 -22.591837 -6.194032 0.000001 -0.000004 -0.000002 31.268078 -83.405632 158.026291 27.259407 -20.073292 -65.010292 104.128403 -0.545641 3.018722 -30.165380 31.975435 2.909184 22.182276 -20.375925 49.933456 -16.701900 -16.743542 28.476614 -0.000021 -12.690650 -0.000023 15.152152 -15.520079 2.538951 -0.105922 -1.513862 -4.275892 -5.039063 -5.612883 -2.953578 0.000028 -11.020572 -0.000012 -6.111291 -15.895435 -3.840531 -0.000000 -0.000001 0.000000 -10.283410 -5.680295 -4.341860 11.028353 -11.302454 -2.372635 -1.384252 -14.238640 -6.320167 -0.625367 -26.924383 -3.827640 -4.025252 -49.096455 -3.536826 -13.708573 -7.363485 -3.720965 18.141239 -14.052804 -3.242676 0.000050 -18.787344 -0.000012 -0.429689 -8.456095 2.555532 0.000000 -0.000001 0.000001 -15.923582 -20.094519 -5.473636 30.419323 -7.190904 1.735966 0.000022 -8.162961 0.000003 -1.861843 -22.861618 -6.167996 -0.000001 -0.000003 0.000001 -169.179398 -3.678502 2.036574 5.616949 -0.013757 0.031194 -76.940224 -8.456983 -5.201550 -4.624085 1.568025 2.135788 -0.999997 -0.000000 -0.000000 11.469152 -1.231881 -4.407064 5.418232 -0.049652 0.230823 -77.627609 -6.214561 -6.706236 -5.646602 0.883771 1.705008 -0.999997 -0.000000 -0.000000
0.000000 0.000000 0.000000 0.000000 -0.000000 0.000000 -0.400923 99.635330 -0.432790 89.494225 8.617777 93.280006 0.753850 -0.549741 0.609566 -10.453029 -0.188823 1.345603 17.909550 -1.680987 0.017860 21.565550 4.285210 3.107439 -2.714071 -0.967072 -2.188142 -32.518330 0.036152 -3.003212 0.000007 0.000000 0.000000 0.022173 0.006985 0.078516 0.017789 -0.041271 0.092525 0.028390 0.046391 0.075883 -108.375084 -75.272652 122.247482 47.809414 -60.294167 2.852793 24.071400 -0.630529 -0.203338 -0.601226 -3.927613 16.135183 17.636496 -26.322609 52.410950 -19.466541 -14.395548 29.410242 -0.000026 -8.774758 0.000005 16.172962 -18.357658 6.104352 -0.609767 -1.795636 -3.889307 -4.807024 -11.046696 -2.937835 0.000066 -20.975815 0.000004 -5.019854 -25.033293 -4.031821 0.000004 0.000001 -0.000001 -10.634450 -5.686902 -3.565578 10.573234 -17.922810 -3.113882 0.000038 -13.821082 0.000015 -0.501707 -31.181196 -4.026918 -11.795172 -60.223328 7.714271 -13.982603 -7.150109 -2.875037 13.772645 -8.401447 -3.218227 0.347811 -34.211220 0.771685 -0.963005 -17.733227 2.621059 0.000001 -0.000003 -0.000001 -17.346243 -20.095001 -4.201786 21.757393 -1.638415 3.866383 0.000017 -6.338768 0.000009 -1.697506 -22.591528 -6.193930 0.000001 -0.000005 -0.000003 31.348314 -83.207825 158.422272 24.611906 -18.001488 -60.603012 106.696365 -0.366278 2.897032 -20.571587 30.487297 13.527965 22.181952 -20.375631 49.933006 -16.701735 -16.743410 28.476343 -0.000028 -12.690505 0.000002 15.891928 -16.254070 2.330759 -0.105917 -1.513849 -4.275858 -5.038999 -5.612815 -2.953543 0.000028 -11.020414 -0.000028 -6.111196 -15.895170 -3.840487 -0.000000 -0.000004 0.000003 -10.283303 -5.680240 -4.341818 11.028235 -11.302309 -2.372634 -1.384221 -14.238440 -6.320094 -0.625321 -26.923908 -3.827613 -4.226532 -49.261929 -3.588285 -13.708436 -7.363410 -3.720927 18.141045 -14.052622 -3.242674 0.000054 -18.787064 -0.000030 -0.429685 -8.455955 2.555481 0.000000 -0.000001 0.000001 -15.923405 -20.094305 -5.473589 30.419003 -7.190801 1.735897 0.000020 -8.162834 -0.000005 -1.861815 -22.861206 -6.167902 -0.000000 -0.000003 -0.000000 -169.340332 -3.537385 2.154933 5.589471 -0.017712 0.057929 -76.875748 -8.550443 -5.100584 -4.683708 1.584292 2.133178 -0.999996 0.000000 0.000000 11.320867 -1.349172 -4.186992 5.421621 -0.046434 0.237296 -77.630173 -6.542058 -6.714215 -5.730496 0.900674 1.713664 -1.000002 -0.000000 0.000001
0.000000 0.000000 0.000000 0.000000 -0.000000 0.000000 -0.341734 99.655510 -0.473739 89.586090 8.438476 93.439423 0.772397 -0.500454 0.618605 -10.403901 -0.209946 1.331567 17.925674 -1.602675 -0.166757 21.390514 4.181351 3.156313 -2.686614 -0.812702 -1.998283 -32.783806 -0.051911 -2.624123 0.000006 -0.000000 -0.000000 0.023383 0.009161 0.077211 -0.021991 -0.028135 0.076966 -0.010873 0.037653 0.089786 -108.500648 -75.415794 122.370712 48.255066 -60.477001 1.862370 22.826477 -0.648145 -0.183451 -0.840755 -3.807725 16.055967 17.636684 -26.322634 52.411049 -19.466661 -14.395580 29.410328 0.000013 -8.774841 -0.000011 16.055607 -18.264288 6.101235 -0.609778 -1.795658 -3.889323 -4.807112 -11.046829 -2.937847 -0.000017 -20.976044 -0.000018 -5.019996 -25.033638 -4.031929 0.000005 0.000001 -0.000000 -10.634560 -5.686992 -3.565575 10.573271 -17.922962 -3.113902 -0.000006 -13.821228 -0.000019 -0.501775 -31.181618 -4.027078 -11.833980 -60.058853 7.660582 -13.982746 -7.150222 -2.875029 13.772742 -8.401485 -3.218235 0.347724 -34.211613 0.771610 -0.963020 -17.733431 2.620994 0.000002 -0.000000 -0.000001 -17.346481 -20.095268 -4.201759 21.757599 -1.638352 3.866446 -0.000004 -6.338831 -0.000009 -1.697605 -22.591822 -6.194061 -0.000001 -0.000003 -0.000002 30.960449 -82.832924 159.533829 21.470509 -15.068907 -56.318256 111.349083 -0.335063 2.475086 -8.614191 29.103409 25.744324 22.182297 -20.375984 49.933388 -16.701895 -16.743563 28.476580 -0.000004 -12.690670 -0.000019 16.253386 -16.739912 2.446365 -0.105922 -1.513864 -4.275889 -5.039069 -5.612909 -2.953564 0.000008 -11.020631 0.000006 -6.111339 -15.895522 -3.840488 -0.000002 -0.000003 -0.000000 -10.283422 -5.680316 -4.341851 11.028346 -11.302488 -2.372625 -1.384279 -14.238704 -6.320146 -0.625442 -26.924515 -3.827615 -4.330969 -49.355042 -3.656250 -13.708588 -7.363513 -3.720948 18.141235 -14.052848 -3.242666 0.000016 -18.787457 -0.000004 -0.429703 -8.456150 2.555525 0.000000 -0.000000 -0.000000 -15.923620 -20.094597 -5.473585 30.419344 -7.190886 1.735967 0.000009 -8.163001 -0.000007 -1.861874 -22.861759 -6.168017 0.000000 -0.000003 -0.000001 -169.599869 -3.404203 2.352926 5.577578 -0.035168 0.074921 -76.718246 -8.599431 -5.096009 -4.717645 1.619721 2.137101 -0.999999 -0.000000 -0.000000 11.110619 -1.446555 -3.936449 5.414211 -0.029045 0.194136 -77.639809 -6.948545 -6.746950 -5.774568 0.839558 1.700719 -0.999997 -0.000000 0.000000
0.000000 0.000000 0.000000 0.000000 -0.000000 0.000000 -0.290140 99.663757 -0.489058 89.665771 8.220951 93.585304 0.758569 -0.464345 0.579341 -10.403318 -0.247615 1.302300 17.935013 -1.514645 -0.276222 21.266439 4.104375 3.209785 -2.695565 -0.666167 -1.770339 -32.882004 -0.221548 -2.222465 0.000007 -0.000000 -0.000000 0.021923 0.009134 0.065561 -0.071527 -0.020812 0.051113 -0.064598 0.031191 0.091739 -108.474945 -75.541786 122.324921 48.406658 -60.694126 1.120546 21.865496 -0.718652 -0.207192 -0.695987 -4.013608 15.576948 17.636370 -26.322498 52.410851 -19.466393 -14.395442 29.410131 -0.000009 -8.774688 0.000007 16.074827 -18.178032 6.058247 -0.609771 -1.795630 -3.889299 -4.807012 -11.046650 -2.937827 0.000019 -20.975687 -0.000001 -5.019840 -25.033127 -4.031821 0.000006 0.000002 0.000001 -10.634402 -5.686898 -3.565571 10.573124 -17.922701 -3.113857 0.000009 -13.821001 0.000012 -0.501749 -31.180984 -4.026924 -11.720528 -59.969116 7.521875 -13.982540 -7.150107 -2.875037 13.772537 -8.401381 -3.218208 0.347729 -34.210976 0.771676 -0.963031 -17.733099 2.621013 0.000003 -0.000001 0.000000 -17.346180 -20.094957 -4.201779 21.757248 -1.638359 3.866370 0.000006 -6.338729 0.000006 -1.697524 -22.591379 -6.193908 0.000001 -0.000000 -0.000002 30.631510 -82.103325 160.473785 18.593521 -11.303459 -52.193748 117.349533 -0.521405 1.700813 2.513661 26.820772 36.073719 22.181702 -20.375732 49.932911 -16.701584 -16.743402 28.476297 -0.000020 -12.690411 0.000045 15.762596 -16.976042 2.774118 -0.105912 -1.513832 -4.275848 -5.038963 -5.612787 -2.953521 0.000011 -11.020362 0.000004 -6.111166 -15.895080 -3.840413 -0.000001 0.000002 0.000001 -10.283235 -5.680208 -4.341792 11.028146 -11.302243 -2.372622 -1.384223 -14.238350 -6.320036 -0.625394 -26.923740 -3.827530 -4.374571 -49.398003 -3.765647 -13.708346 -7.363373 -3.720896 18.140909 -14.052542 -3.242665 -0.000004 -18.786991 0.000027 -0.429721 -8.455934 2.555488 -0.000001 0.000002 0.000001 -15.923312 -20.094210 -5.473525 30.418818 -7.190702 1.735827 -0.000006 -8.162812 0.000016 -1.861889 -22.861124 -6.167796 -0.000000 -0.000005 -0.000003 -169.870529 -3.295321 2.486563 5.530333 -0.049495 0.032167 -76.555626 -8.469172 -5.094087 -4.748451 1.640333 2.133481 -0.999998 -0.000000 -0.000000 10.880166 -1.510213 -3.784153 5.390144 -0.019104 0.139180 -77.681839 -7.232117 -6.822569 -5.796093 0.776570 1.683425 -1.000003 0.000000 0.000000
0.000000 0.000000 0.000000 0.000000 -0.000000 0.000000 -0.243675 99.677734 -0.487089 89.699951 8.066283 93.673752 0.732746 -0.437622 0.500542 -10.435535 -0.296952 1.269104 17.962198 -1.406465 -0.243907 21.234863 4.082945 3.187755 -2.721164 -0.554869 -1.448352 -32.754177 -0.448930 -1.886831 0.000005 -0.000000 0.000000 0.024596 0.006604 0.047231 -0.078831 -0.020731 0.031922 -0.089231 0.028157 0.074102 -107.921288 -75.641876 121.750114 48.750965 -60.916004 0.714516 21.080122 -0.768570 -0.246177 -0.254653 -4.366610 14.741507 17.636793 -26.322924 52.411377 -19.466866 -14.395732 29.410570 -0.000053 -8.774898 -0.000004 16.191574 -18.224451 6.047869 -0.609769 -1.795657 -3.889340 -4.807056 -11.046824 -2.937874 0.000140 -20.976151 0.000010 -5.019875 -25.033722 -4.031838 0.000007 0.000002 0.000002 -10.634562 -5.686938 -3.565604 10.573442 -17.923077 -3.113929 0.000084 -13.821297 0.000027 -0.501632 -31.181791 -4.026924 -11.678560 -60.096348 7.555296 -13.982753 -7.150155 -2.875065 13.772862 -8.401598 -3.218267 0.347939 -34.211819 0.771705 -0.962974 -17.733555 2.621151 -0.000002 0.000002 -0.000000 -17.346409 -20.095184 -4.201824 21.757683 -1.638506 3.866430 0.000040 -6.338862 0.000012 -1.697460 -22.591913 -6.194008 -0.000000 -0.000004 -0.000001 30.259398 -81.195404 161.222397 16.644150 -7.493056 -48.685936 123.283615 -0.949152 1.193379 11.748577 24.039425 44.964447 22.182297 -20.375992 49.933372 -16.701736 -16.743582 28.476471 0.000004 -12.690643 -0.000024 15.568843 -17.218933 2.745427 -0.105929 -1.513847 -4.275880 -5.039062 -5.612854 -2.953551 0.000003 -11.020505 0.000023 -6.111331 -15.895300 -3.840463 -0.000001 -0.000000 0.000000 -10.283415 -5.680276 -4.341843 11.028319 -11.302378 -2.372595 -1.384294 -14.238534 -6.320092 -0.625485 -26.924133 -3.827522 -4.514974 -49.411743 -3.983623 -13.708584 -7.363465 -3.720946 18.141193 -14.052708 -3.242619 -0.000012 -18.787247 0.000049 -0.429719 -8.456050 2.555543 0.000000 -0.000002 -0.000002 -15.923618 -20.094448 -5.473582 30.419300 -7.190834 1.735994 -0.000001 -8.162921 0.000023 -1.861951 -22.861473 -6.167894 0.000001 -0.000003 0.000002 -170.002731 -3.253542 2.493998 5.427246 -0.038140 -0.042705 -76.496231 -8.260928 -4.993337 -4.799593 1.646554 2.129713 -1.000003 -0.000000 0.000000 10.743578 -1.535096 -3.840553 5.336862 -0.023044 0.106217 -77.750160 -7.247843 -6.809105 -5.837632 0.752077 1.670498 -1.000003 0.000000 0.000000
0.000000 0.000000 0.000000 0.000000 -0.000000 0.000000 -0.218263 99.699257 -0.465586 89.721649 8.026912 93.760170 0.711358 -0.470014 0.416269 -10.471490 -0.333504 1.245182 18.027132 -1.294156 -0.136153 21.312534 4.161796 3.105841 -2.739898 -0.489610 -1.095540 -32.550861 -0.615669 -1.678735 0.000006 0.000000 0.000000 0.034048 0.007706 0.037581 -0.040008 -0.015188 0.033876 -0.069718 0.027205 0.054096 -106.955841 -75.661278 120.805779 49.462421 -61.086945 0.536487 20.419230 -0.718907 -0.254251 0.284297 -4.466412 13.663464 17.636604 -26.322664 52.411018 -19.466595 -14.395580 29.410269 -0.000025 -8.774788 -0.000006 16.301407 -18.295692 6.077685 -0.609769 -1.795642 -3.889316 -4.807038 -11.046722 -2.937840 0.000074 -20.975859 0.000003 -5.019865 -25.033323 -4.031835 0.000006 0.000000 -0.000003 -10.634488 -5.686915 -3.565583 10.573279 -17.922857 -3.113888 0.000042 -13.821112 0.000021 -0.501703 -31.181252 -4.026919 -11.745718 -60.323833 7.744818 -13.982653 -7.150128 -2.875039 13.772695 -8.401472 -3.218230 0.347822 -34.211300 0.771684 -0.962999 -17.733263 2.621063 -0.000000 0.000002 0.000000 -17.346306 -20.095060 -4.201796 21.757471 -1.638428 3.866404 0.000019 -6.338779 0.000006 -1.697516 -22.591560 -6.193944 -0.000000 -0.000004 -0.000002 29.557247 -80.491135 162.175583 15.915034 -5.007740 -46.760307 128.311111 -1.389122 1.125026 18.472858 21.513420 53.073181 22.182207 -20.375969 49.933247 -16.701773 -16.743578 28.476471 -0.000007 -12.690642 -0.000010 16.152367 -17.337273 2.508446 -0.105921 -1.513846 -4.275874 -5.039057 -5.612860 -2.953545 0.000012 -11.020534 0.000021 -6.111316 -15.895362 -3.840455 -0.000002 -0.000003 -0.000001 -10.283390 -5.680269 -4.341826 11.028319 -11.302402 -2.372608 -1.384275 -14.238586 -6.320098 -0.625452 -26.924282 -3.827546 -4.600387 -49.481339 -4.082596 -13.708549 -7.363455 -3.720929 18.141188 -14.052739 -3.242638 0.000004 -18.787304 0.000039 -0.429709 -8.456083 2.555535 0.000000 0.000003 0.000002 -15.923571 -20.094433 -5.473554 30.419283 -7.190845 1.735955 0.000007 -8.162946 0.000017 -1.861930 -22.861570 -6.167904 -0.000001 -0.000003 -0.000003 -169.970947 -3.257410 2.514604 5.311775 -0.012571 -0.086803 -76.512703 -8.045249 -4.865464 -4.778932 1.640742 2.136981 -0.999999 0.000000 0.000000 10.757214 -1.545255 -4.051500 5.274327 -0.026001 0.093674 -77.823433 -7.083727 -6.652420 -5.799293 0.752239 1.665205 -1.000002 -0.000000 0.000001
0.000000 0.000000 0.000000 0.000000 -0.000000 0.000000 -0.214708 99.719200 -0.451879 89.735352 8.058107 93.834259 0.685530 -0.528746 0.384116 -10.508476 -0.345529 1.252102 18.122816 -1.217688 -0.042039 21.526560 4.254705 3.042770 -2.744617 -0.454265 -0.877048 -32.399265 -0.581054 -1.565105 0.000006 0.000000 0.000000 0.034296 0.011621 0.033869 -0.005081 -0.005507 0.043488 -0.035626 0.026344 0.038375 -106.437325 -75.579414 120.288200 50.105927 -61.114540 0.636255 20.010054 -0.613572 -0.209499 0.739196 -4.360884 12.660119 17.636614 -26.322695 52.411137 -19.466583 -14.395563 29.410316 0.000009 -8.774809 -0.000010 16.383402 -18.247128 6.059673 -0.609780 -1.795651 -3.889321 -4.807093 -11.046793 -2.937842 -0.000013 -20.975986 0.000007 -5.019982 -25.033556 -4.031886 0.000006 0.000003 -0.000002 -10.634528 -5.686971 -3.565582 10.573235 -17.922907 -3.113881 -0.000008 -13.821187 0.000002 -0.501798 -31.181494 -4.027006 -11.703232 -60.374611 7.831334 -13.982703 -7.150201 -2.875040 13.772699 -8.401464 -3.218230 0.347697 -34.211514 0.771672 -0.963044 -17.733383 2.621025 -0.000001 -0.000001 -0.000000 -17.346420 -20.095203 -4.201771 21.757532 -1.638353 3.866435 -0.000003 -6.338815 0.000001 -1.697603 -22.591745 -6.194008 -0.000000 -0.000002 0.000001 28.274401 -80.047974 163.596436 16.431648 -4.654957 -46.613312 131.829041 -1.306412 1.069421 22.731461 20.637619 59.235123 22.182074 -20.375927 49.933308 -16.701752 -16.743496 28.476505 0.000004 -12.690578 0.000001 16.859173 -17.389517 2.429596 -0.105923 -1.513852 -4.275878 -5.039032 -5.612869 -2.953554 0.000000 -11.020530 0.000009 -6.111294 -15.895362 -3.840469 -0.000002 0.000003 0.000000 -10.283354 -5.680286 -4.341836 11.028261 -11.302392 -2.372618 -1.384272 -14.238583 -6.320116 -0.625461 -26.924240 -3.827593 -4.739484 -49.570770 -3.948575 -13.708500 -7.363472 -3.720938 18.141098 -14.052725 -3.242657 -0.000011 -18.787287 0.000015 -0.429725 -8.456069 2.555520 0.000001 0.000001 0.000001 -15.923517 -20.094473 -5.473574 30.419140 -7.190801 1.735930 -0.000005 -8.162938 0.000006 -1.861913 -22.861557 -6.167943 0.000003 -0.000002 0.000000 -169.895233 -3.290321 2.599828 5.252463 0.007483 -0.081680 -76.527176 -7.890338 -4.879961 -4.715283 1.627965 2.148555 -1.000001 -0.000000 0.000000 10.821109 -1.532004 -4.227697 5.264269 -0.022897 0.086607 -77.812370 -6.934084 -6.516412 -5.674440 0.751569 1.665277 -1.000003 0.000000 0.000000
0.000000 0.000000 0.000000 0.000000 -0.000000 0.000000 -0.215050 99.720337 -0.455505 89.739319 8.115432 93.879326 0.646276 -0.586172 0.389984 -10.542913 -0.316824 1.324918 18.211832 -1.197057 -0.036590 21.887857 4.289606 2.996909 -2.732382 -0.443960 -0.844959 -32.321774 -0.370502 -1.544887 0.000007 0.000000 -0.000000 0.025032 0.017527 0.035915 0.010783 0.004803 0.054406 -0.004626 0.027572 0.031675 -106.409943 -75.434860 120.241913 50.449692 -61.082443 0.736819 19.947134 -0.496646 -0.130626 1.113860 -4.393241 11.973944 17.636543 -26.322708 52.411175 -19.466536 -14.395544 29.410337 0.000002 -8.774776 -0.000003 16.431438 -18.177862 6.010066 -0.609776 -1.795642 -3.889318 -4.807070 -11.046752 -2.937841 -0.000003 -20.975904 0.000013 -5.019941 -25.033436 -4.031871 0.000006 0.000000 0.000002 -10.634492 -5.686947 -3.565582 10.573211 -17.922855 -3.113873 -0.000004 -13.821141 0.000016 -0.501787 -31.181368 -4.026973 -11.540659 -60.258423 7.761225 -13.982656 -7.150171 -2.875046 13.772659 -8.401444 -3.218220 0.347698 -34.211380 0.771698 -0.963052 -17.733316 2.621041 -0.000002 -0.000001 -0.000000 -17.346346 -20.095129 -4.201784 21.757454 -1.638361 3.866421 -0.000001 -6.338793 0.000007 -1.697582 -22.591642 -6.193982 -0.000000 -0.000004 -0.000002 26.726748 -79.916985 165.103577 18.128557 -6.374282 -48.190403 133.178543 -0.706240 1.004071 25.394318 22.980438 62.184528 22.182041 -20.375875 49.933201 -16.701735 -16.743431 28.476448 -0.000015 -12.690530 -0.000002 17.396311 -17.272453 2.391740 -0.105925 -1.513850 -4.275868 -5.039017 -5.612852 -2.953554 0.000014 -11.020507 0.000001 -6.111238 -15.895328 -3.840478 -0.000002 -0.000002 -0.000001 -10.283324 -5.680264 -4.341835 11.028238 -11.302379 -2.372613 -1.384247 -14.238548 -6.320112 -0.625396 -26.924187 -3.827592 -4.976682 -50.004208 -3.687159 -13.708458 -7.363446 -3.720942 18.141058 -14.052711 -3.242650 0.000019 -18.787239 0.000008 -0.429707 -8.456047 2.555513 -0.000001 0.000001 0.000001 -15.923454 -20.094408 -5.473582 30.419046 -7.190820 1.735926 0.000012 -8.162912 0.000007 -1.861862 -22.861473 -6.167919 -0.000002 -0.000005 -0.000002 -169.842545 -3.326510 2.615713 5.250394 0.010838 -0.054966 -76.492462 -7.764419 -5.032093 -4.679768 1.602288 2.153961 -0.999995 0.000000 -0.000000 10.851248 -1.503533 -4.410347 5.333139 -0.024408 0.117503 -77.725754 -6.809557 -6.460874 -5.527165 0.744406 1.668983 -1.000000 0.000001 0.000000
0.000000 0.000000 0.000000 0.000000 -0.000000 0.000000 -0.228217 99.696800 -0.480295 89.719864 8.175467 93.900024 0.605144 -0.642922 0.400881 -10.548107 -0.244838 1.427064 18.234694 -1.213832 -0.086875 22.364992 4.269828 2.934018 -2.730967 -0.472838 -0.907906 -32.338764 -0.080311 -1.588868 0.000006 0.000000 -0.000000 0.023098 0.020033 0.038481 0.019404 0.005543 0.062722 0.021811 0.031435 0.027552 -106.439163 -75.227638 120.226357 50.470421 -61.137974 0.616709 20.346703 -0.416554 -0.053335 1.312178 -4.663458 11.501090 17.636711 -26.322826 52.411308 -19.466721 -14.395648 29.410475 0.000002 -8.774869 -0.000009 16.482553 -18.171339 5.959971 -0.609777 -1.795657 -3.889338 -4.807108 -11.046847 -2.937855 0.000007 -20.976126 0.000008 -5.020007 -25.033745 -4.031907 0.000006 0.000004 -0.000001 -10.634567 -5.686983 -3.565597 10.573319 -17.923016 -3.113905 0.000003 -13.821281 0.000009 -0.501786 -31.181765 -4.027028 -11.459928 -60.109127 7.768379 -13.982756 -7.150213 -2.875051 13.772784 -8.401522 -3.218247 0.347743 -34.211765 0.771684 -0.963037 -17.733528 2.621064 0.000001 -0.000000 0.000001 -17.346479 -20.095270 -4.201784 21.757650 -1.638385 3.866450 0.000001 -6.338858 0.000002 -1.697600 -22.591928 -6.194056 0.000001 -0.000004 -0.000001 25.713148 -80.315842 165.872787 20.955711 -9.816006 -51.885788 132.143158 -0.410498 1.169647 26.848577 29.887039 61.274529 22.182219 -20.376007 49.933472 -16.701881 -16.743587 28.476639 -0.000022 -12.690656 -0.000005 17.775322 -16.977158 2.181154 -0.105924 -1.513856 -4.275892 -5.039053 -5.612881 -2.953569 0.000025 -11.020576 0.000004 -6.111296 -15.895433 -3.840504 -0.000001 0.000001 0.000002 -10.283397 -5.680289 -4.341855 11.028342 -11.302447 -2.372632 -1.384256 -14.238634 -6.320147 -0.625398 -26.924383 -3.827595 -5.222904 -50.527439 -3.438430 -13.708560 -7.363477 -3.720957 18.141228 -14.052804 -3.242676 0.000028 -18.787361 0.000019 -0.429702 -8.456108 2.555544 0.000002 0.000001 -0.000000 -15.923565 -20.094509 -5.473608 30.419310 -7.190889 1.735936 0.000010 -8.162968 0.000011 -1.861878 -22.861639 -6.167949 -0.000000 -0.000002 -0.000001 -169.820847 -3.374605 2.510742 5.295253 -0.002021 -0.020855 -76.463875 -7.596423 -5.153862 -4.646023 1.569735 2.156685 -1.000001 0.000000 0.000000 10.845288 -1.455926 -4.532040 5.448071 -0.028210 0.151055 -77.645302 -6.744275 -6.451397 -5.422320 0.696814 1.664867 -1.000003 -0.000000 0.000000
0.000000 0.000000 0.000000 0.000000 -0.000000 0.000000 -0.257865 99.651268 -0.504555 89.687683 8.269160 93.913887 0.574341 -0.697241 0.405283 -10.522806 -0.173318 1.486279 18.220095 -1.253653 -0.073733 22.846907 4.225164 2.859897 -2.731164 -0.536140 -0.986747 -32.438065 0.126583 -1.629493 0.000006 -0.000000 0.000000 0.030259 0.018189 0.050602 0.029263 -0.005584 0.080251 0.040228 0.039110 0.032628 -106.383507 -75.073967 120.266312 50.316475 -61.135288 -0.002338 21.204109 -0.540734 -0.051727 1.269668 -4.842312 11.317745 17.636528 -26.322453 52.410725 -19.466518 -14.395488 29.410118 0.000000 -8.774757 -0.000009 16.535103 -18.197231 5.932172 -0.609772 -1.795644 -3.889299 -4.807055 -11.046732 -2.937830 0.000014 -20.975859 -0.000009 -5.019908 -25.033367 -4.031856 0.000004 0.000002 0.000002 -10.634471 -5.686937 -3.565559 10.573195 -17.922819 -3.113880 0.000005 -13.821102 -0.000005 -0.501756 -31.181273 -4.026992 -11.477320 -59.986507 7.873345 -13.982632 -7.150156 -2.875019 13.772636 -8.401436 -3.218218 0.347755 -34.211288 0.771625 -0.963001 -17.733271 2.620994 -0.000001 -0.000001 0.000000 -17.346313 -20.095089 -4.201746 21.757414 -1.638359 3.866401 0.000003 -6.338777 -0.000007 -1.697570 -22.591587 -6.193968 -0.000001 -0.000001 0.000001 25.239014 -81.132973 166.021622 24.311316 -13.913898 -57.031990 128.616776 -0.379857 1.581909 24.935217 39.142239 55.065899 22.181999 -20.375755 49.933083 -16.701757 -16.743473 28.476414 -0.000012 -12.690551 0.000007 18.045916 -16.939320 1.640712 -0.105915 -1.513848 -4.275864 -5.039019 -5.612845 -2.953545 0.000012 -11.020475 -0.000012 -6.111252 -15.895283 -3.840475 0.000000 -0.000000 -0.000001 -10.283329 -5.680264 -4.341816 11.028256 -11.302353 -2.372632 -1.384251 -14.238527 -6.320109 -0.625386 -26.924128 -3.827620 -5.305571 -50.645554 -3.570960 -13.708470 -7.363444 -3.720921 18.141087 -14.052676 -3.242674 0.000021 -18.787188 -0.000012 -0.429702 -8.456020 2.555497 -0.000001 0.000003 0.000000 -15.923470 -20.094391 -5.473563 30.419106 -7.190798 1.735904 0.000006 -8.162888 -0.000004 -1.861864 -22.861391 -6.167940 0.000000 -0.000006 -0.000002 -169.777603 -3.434769 2.367423 5.376539 -0.024449 0.003938 -76.440659 -7.456648 -5.228736 -4.623571 1.560308 2.162820 -1.000002 -0.000000 0.000000 10.886456 -1.408888 -4.534987 5.545514 -0.016061 0.160286 -77.596985 -6.735839 -6.522288 -5.416702 0.622463 1.654500 -1.000004 0.000000 0.000000
0.000000 0.000000 0.000000 0.000000 -0.000000 0.000000 -0.286809 99.612236 -0.515763 89.643211 8.444493 93.956062 0.573640 -0.739867 0.408562 -10.527714 -0.118205 1.527130 18.241140 -1.284469 -0.027984 23.333586 4.140686 2.853160 -2.736338 -0.646862 -1.097245 -32.531555 0.259970 -1.713754 0.000006 -0.000000 0.000000 0.040729 0.015229 0.071687 0.042273 -0.026798 0.102462 0.050756 0.055056 0.051040 -106.282089 -75.090530 120.441696 50.126694 -61.070061 -0.837131 22.073490 -0.730192 -0.114147 1.323378 -4.822210 11.335094 17.636637 -26.322908 52.411484 -19.466722 -14.395669 29.410576 0.000006 -8.774870 0.000003 16.568443 -18.162992 5.890520 -0.609779 -1.795657 -3.889338 -4.807116 -11.046861 -2.937859 -0.000020 -20.976158 0.000018 -5.020035 -25.033802 -4.031905 0.000006 0.000003 -0.000001 -10.634567 -5.686993 -3.565596 10.573303 -17.923023 -3.113911 -0.000014 -13.821304 0.000011 -0.501819 -31.181843 -4.027038 -11.441827 -59.867256 7.872910 -13.982753 -7.150226 -2.875050 13.772774 -8.401515 -3.218259 0.347679 -34.211819 0.771703 -0.963075 -17.733555 2.621061 0.000000 0.000001 0.000000 -17.346481 -20.095287 -4.201784 21.757643 -1.638366 3.866439 -0.000006 -6.338870 0.000010 -1.697619 -22.591978 -6.194057 0.000000 -0.000001 0.000000 24.851210 -81.980263 166.098038 27.382526 -17.429090 -62.266766 122.741356 -0.657613 2.269141 14.674943 47.284893 39.268707 22.182138 -20.375959 49.933456 -16.701870 -16.743610 28.476645 -0.000007 -12.690660 0.000018 18.017416 -17.413403 1.051376 -0.105918 -1.513855 -4.275894 -5.039055 -5.612885 -2.953562 0.000006 -11.020562 -0.000003 -6.111319 -15.895421 -3.840497 0.000000 0.000001 0.000001 -10.283396 -5.680299 -4.341846 11.028329 -11.302425 -2.372650 -1.384267 -14.238631 -6.320152 -0.625418 -26.924351 -3.827636 -5.179005 -50.724850 -3.969609 -13.708556 -7.363487 -3.720947 18.141209 -14.052762 -3.242694 0.000001 -18.787334 0.000001 -0.429717 -8.456088 2.555522 0.000002 -0.000001 -0.000001 -15.923579 -20.094519 -5.473592 30.419310 -7.190829 1.735911 -0.000001 -8.162952 0.000001 -1.861909 -22.861599 -6.167978 -0.000000 -0.000000 -0.000000 -169.618484 -3.516566 2.252743 5.421159 -0.049315 0.005701 -76.498055 -7.326509 -5.256017 -4.657902 1.559391 2.160687 -0.999999 -0.000000 0.000000 11.086211 -1.347637 -4.564562 5.553374 -0.013117 0.166853 -77.552872 -6.720787 -6.708610 -5.443893 0.590607 1.651130 -1.000002 0.000001 -0.000000
0.000000 0.000000 0.000000 0.000000 -0.000000 0.000000 -0.310577 99.610672 -0.504241 89.584122 8.692002 93.997055 0.584328 -0.738429 0.407654 -10.554852 -0.103109 1.567122 18.316782 -1.330751 0.007654 23.758938 4.084504 2.956154 -2.720962 -0.783099 -1.237680 -32.510181 0.358470 -1.873523 0.000007 -0.000000 0.000000 0.059571 0.009171 0.083876 0.068591 -0.048136 0.111008 0.079732 0.064096 0.066137 -106.071518 -75.249695 120.462105 49.845024 -61.056831 -1.151197 22.482033 -0.814747 -0.175666 1.570824 -4.709483 11.408983 17.636564 -26.322729 52.411201 -19.466667 -14.395591 29.410416 -0.000006 -8.774816 0.000006 16.550364 -18.078133 5.844902 -0.609774 -1.795652 -3.889330 -4.807077 -11.046807 -2.937854 0.000018 -20.976046 -0.000009 -5.019943 -25.033632 -4.031891 0.000006 0.000001 -0.000001 -10.634513 -5.686965 -3.565588 10.573263 -17.922951 -3.113908 0.000010 -13.821223 0.000002 -0.501742 -31.181606 -4.027023 -11.334713 -59.848640 7.712769 -13.982688 -7.150192 -2.875044 13.772715 -8.401491 -3.218253 0.347750 -34.211594 0.771650 -0.963026 -17.733433 2.621034 -0.000001 0.000001 0.000002 -17.346378 -20.095200 -4.201787 21.757523 -1.638377 3.866414 0.000006 -6.338830 -0.000001 -1.697553 -22.591818 -6.194038 -0.000001 -0.000001 -0.000000 25.407965 -82.726677 165.193649 29.709391 -19.852636 -66.285965 115.672371 -1.277586 2.890286 -7.382503 48.256271 13.341916 22.182024 -20.375849 49.933292 -16.701780 -16.743477 28.476522 -0.000002 -12.690565 0.000005 16.999783 -17.540312 1.357729 -0.105921 -1.513855 -4.275879 -5.039024 -5.612868 -2.953558 -0.000000 -11.020520 -0.000009 -6.111274 -15.895365 -3.840488 -0.000000 0.000000 0.000002 -10.283340 -5.680282 -4.341835 11.028255 -11.302386 -2.372637 -1.384257 -14.238579 -6.320137 -0.625413 -26.924240 -3.827632 -4.931254 -50.598324 -3.895309 -13.708485 -7.363471 -3.720941 18.141087 -14.052712 -3.242676 0.000002 -18.787266 -0.000013 -0.429717 -8.456060 2.555505 0.000001 -0.000001 -0.000001 -15.923483 -20.094454 -5.473594 30.419102 -7.190795 1.735914 -0.000000 -8.162919 -0.000004 -1.861879 -22.861498 -6.167964 0.000001 -0.000001 -0.000002 -169.332977 -3.625572 2.227196 5.419963 -0.064100 0.012791 -76.665588 -7.294795 -5.226307 -4.645214 1.543517 2.151127 -0.999998 -0.000001 -0.000000 11.416186 -1.262925 -4.640216 5.492105 -0.032195 0.180638 -77.484657 -6.620043 -6.906121 -5.404682 0.660821 1.670636 -1.000002 0.000001 -0.000000
0.000000 0.000000 0.000000 0.000000 -0.000000 0.000000 -0.325681 99.635452 -0.472402 89.532028 8.933343 94.005646 0.574048 -0.690468 0.434877 -10.568106 -0.116355 1.551990 18.393877 -1.442600 0.086921 24.087664 4.158853 3.116651 -2.713274 -0.892938 -1.359904 -32.305954 0.369024 -1.968302 0.000007 -0.000000 0.000000 0.071881 -0.001464 0.074821 0.079103 -0.075573 0.092293 0.094497 0.069395 0.066476 -105.944847 -75.451103 120.428978 49.363811 -61.078251 -0.479827 22.493155 -0.774155 -0.214114 1.673720 -4.533934 11.420965 17.636728 -26.322647 52.411125 -19.466745 -14.395585 29.410406 0.000014 -8.774871 -0.000018 16.458792 -18.096083 5.894087 -0.609781 -1.795667 -3.889328 -4.807128 -11.046880 -2.937865 -0.000013 -20.976177 -0.000038 -5.020010 -25.033844 -4.031971 0.000007 -0.000000 -0.000002 -10.634580 -5.687013 -3.565586 10.573300 -17.923038 -3.113922 -0.000000 -13.821307 -0.000028 -0.501746 -31.181860 -4.027139 -11.347266 -59.991657 7.621970 -13.982775 -7.150250 -2.875036 13.772776 -8.401519 -3.218249 0.347740 -34.211819 0.771571 -0.963010 -17.733541 2.620988 -0.000002 0.000001 0.000001 -17.346519 -20.095339 -4.201776 21.757662 -1.638355 3.866461 -0.000003 -6.338865 -0.000018 -1.697602 -22.591995 -6.194118 0.000001 -0.000001 -0.000001 28.134356 -83.257675 161.970230 30.706167 -20.996399 -67.384987 109.196121 -1.251159 3.094330 -24.562695 40.067188 -0.716249 22.182089 -20.375952 49.933186 -16.701752 -16.743578 28.476454 0.000003 -12.690612 0.000014 15.842069 -16.556458 2.402094 -0.105914 -1.513849 -4.275874 -5.039043 -5.612866 -2.953531 -0.000005 -11.020534 0.000023 -6.111322 -15.895351 -3.840419 -0.000002 -0.000000 -0.000004 -10.283371 -5.680283 -4.341813 11.028288 -11.302395 -2.372613 -1.384289 -14.238581 -6.320075 -0.625503 -26.924231 -3.827527 -4.318330 -49.895947 -3.635084 -13.708528 -7.363472 -3.720910 18.141142 -14.052722 -3.242658 -0.000027 -18.787296 0.000035 -0.429726 -8.456075 2.555515 0.000000 0.000001 -0.000000 -15.923560 -20.094469 -5.473518 30.419224 -7.190793 1.735915 -0.000010 -8.162938 0.000008 -1.861951 -22.861542 -6.167905 0.000000 -0.000003 -0.000002 -169.043518 -3.702248 2.319781 5.441755 -0.056755 0.031575 -76.870361 -7.489039 -5.146694 -4.568343 1.525834 2.133689 -1.000001 -0.000000 0.000000 11.739060 -1.194893 -4.762318 5.404710 -0.044126 0.202458 -77.417191 -6.389343 -7.035044 -5.440837 0.811219 1.704639 -1.000005 -0.000000 -0.000000
0.000000 0.000000 0.000000 0.000000 -0.000000 0.000000 -0.333417 99.649757 -0.471174 89.511551 9.042439 93.998840 0.550382 -0.608849 0.516261 -10.564486 -0.142684 1.488750 18.466257 -1.544893 0.197760 24.185051 4.250841 3.237436 -2.735610 -0.941077 -1.392713 -32.067936 0.350647 -2.014738 0.000006 -0.000000 0.000001 0.069220 -0.005552 0.086973 0.085766 -0.088028 0.099401 0.093852 0.073081 0.082584 -105.963165 -75.618279 120.568497 48.982262 -61.080803 0.197734 22.302698 -0.639083 -0.249312 1.282497 -4.335109 11.637086 17.636686 -26.322739 52.411263 -19.466768 -14.395626 29.410488 0.000002 -8.774873 -0.000005 16.380466 -18.164333 5.906123 -0.609778 -1.795663 -3.889335 -4.807116 -11.046867 -2.937862 0.000006 -20.976158 -0.000023 -5.019981 -25.033796 -4.031951 0.000008 0.000001 -0.000000 -10.634570 -5.687002 -3.565591 10.573313 -17.923038 -3.113926 0.000007 -13.821305 -0.000017 -0.501730 -31.181849 -4.027102 -11.504841 -60.053730 7.624169 -13.982763 -7.150238 -2.875044 13.772784 -8.401530 -3.218257 0.347764 -34.211834 0.771609 -0.963015 -17.733555 2.621029 -0.000002 -0.000000 0.000001 -17.346491 -20.095314 -4.201785 21.757652 -1.638371 3.866446 0.000002 -6.338864 -0.000007 -1.697572 -22.591978 -6.194102 -0.000001 0.000000 -0.000002 31.580257 -83.600060 158.218521 29.929415 -20.912882 -65.684349 105.148781 -1.035926 3.084472 -28.010447 33.857975 0.502472 22.182106 -20.375914 49.933266 -16.701797 -16.743582 28.476505 0.000004 -12.690626 0.000009 15.297126 -15.819499 2.816839 -0.105919 -1.513851 -4.275878 -5.039049 -5.612869 -2.953545 -0.000000 -11.020519 0.000009 -6.111321 -15.895343 -3.840461 -0.000003 -0.000001 -0.000002 -10.283381 -5.680287 -4.341823 11.028306 -11.302395 -2.372632 -1.384278 -14.238579 -6.320109 -0.625439 -26.924221 -3.827599 -3.970704 -49.488087 -3.513255 -13.708543 -7.363478 -3.720922 18.141176 -14.052719 -3.242674 -0.000009 -18.787275 0.000011 -0.429716 -8.456059 2.555518 0.000003 0.000002 0.000001 -15.923569 -20.094482 -5.473548 30.419270 -7.190802 1.735920 -0.000004 -8.162931 0.000003 -1.861927 -22.861525 -6.167942 0.000001 -0.000001 -0.000002 -168.932678 -3.712577 2.403891 5.485816 -0.039432 0.032358 -76.948929 -7.680652 -5.047105 -4.608094 1.529346 2.119862 -0.999998 -0.000000 -0.000000 11.876184 -1.197454 -4.839292 5.388810 -0.022003 0.212411 -77.408737 -6.228138 -7.053452 -5.570865 0.891143 1.712901 -1.000000 0.000001 -0.000000
0.000000 0.000000 0.000000 0.000000 -0.000000 0.000000 -0.316845 99.657982 -0.506079 89.506813 8.987963 93.989029 0.531102 -0.556009 0.586390 -10.527598 -0.137130 1.462328 18.490290 -1.568647 0.127602 24.011600 4.302737 3.348970 -2.725554 -0.907438 -1.389717 -32.059410 0.370156 -1.837717 0.000006 -0.000000 -0.000001 0.057173 -0.002596 0.106177 0.049727 -0.069280 0.111343 0.057142 0.059021 0.108873 -105.660095 -75.693184 120.305313 48.822372 -61.274364 0.093444 21.820210 -0.489051 -0.209142 0.897052 -3.862305 11.940639 17.636539 -26.322588 52.410965 -19.466467 -14.395494 29.410198 0.000019 -8.774765 -0.000009 16.280827 -18.200871 5.901646 -0.609778 -1.795642 -3.889310 -4.807083 -11.046747 -2.937831 -0.000044 -20.975874 0.000020 -5.019982 -25.033415 -4.031874 0.000005 0.000004 0.000001 -10.634490 -5.686956 -3.565575 10.573165 -17.922819 -3.113853 -0.000027 -13.821124 0.000012 -0.501842 -31.181337 -4.026995 -11.705379 -60.004154 7.619004 -13.982653 -7.150180 -2.875036 13.772623 -8.401416 -3.218200 0.347638 -34.211315 0.771695 -0.963069 -17.733276 2.621009 -0.000003 0.000002 0.000002 -17.346357 -20.095131 -4.201760 21.757435 -1.638328 3.866431 -0.000011 -6.338784 0.000008 -1.697629 -22.591625 -6.193974 -0.000002 -0.000000 -0.000002 33.666397 -83.724144 156.167175 28.274315 -19.781118 -62.477982 105.604675 -0.712443 2.863100 -24.296900 31.141743 6.453645 22.181950 -20.375788 49.933044 -16.701710 -16.743454 28.476368 -0.000004 -12.690520 0.000010 15.387424 -16.044966 2.862048 -0.105916 -1.513849 -4.275860 -5.039007 -5.612842 -2.953538 0.000005 -11.020463 0.000002 -6.111244 -15.895246 -3.840440 -0.000001 0.000000 -0.000001 -10.283314 -5.680261 -4.341808 11.028229 -11.302340 -2.372621 -1.384256 -14.238500 -6.320076 -0.625423 -26.924044 -3.827565 -4.164758 -49.545475 -3.365214 -13.708451 -7.363440 -3.720910 18.141043 -14.052656 -3.242661 0.000003 -18.787170 0.000010 -0.429709 -8.456005 2.555496 -0.000001 -0.000000 -0.000001 -15.923454 -20.094381 -5.473538 30.419041 -7.190773 1.735899 0.000003 -8.162883 -0.000001 -1.861885 -22.861353 -6.167896 -0.000002 -0.000004 0.000000 -169.039749 -3.670813 2.637992 5.545021 -0.026786 0.033191 -76.943008 -7.957152 -5.089747 -4.721879 1.581979 2.127686 -0.999999 -0.000000 -0.000000 11.771579 -1.226770 -4.749135 5.444553 -0.017385 0.220160 -77.433517 -6.293783 -7.007950 -5.696890 0.911575 1.714503 -1.000001 0.000000 -0.000000
0.000000 0.000000 0.000000 0.000000 -0.000000 0.000000 -0.275702 99.669510 -0.521708 89.512550 8.837816 93.996735 0.548544 -0.521833 0.626423 -10.481245 -0.163928 1.445406 18.472782 -1.504147 -0.012115 23.669872 4.400283 3.486838 -2.681416 -0.813879 -1.302580 -32.279083 0.306206 -1.564075 0.000006 -0.000000 -0.000000 0.053243 0.001768 0.108559 -0.006672 -0.041080 0.101725 0.011778 0.038081 0.124663 -105.327515 -75.638641 119.868744 48.622303 -61.579742 -0.260226 21.269270 -0.368681 -0.129602 0.539630 -3.306733 12.275096 17.636576 -26.322676 52.411098 -19.466631 -14.395563 29.410351 -0.000017 -8.774790 0.000001 16.155010 -18.133533 5.896434 -0.609772 -1.795647 -3.889324 -4.807053 -11.046764 -2.937851 0.000047 -20.975950 -0.000003 -5.019893 -25.033484 -4.031855 0.000009 0.000003 -0.000003 -10.634494 -5.686939 -3.565585 10.573260 -17.922899 -3.113898 0.000028 -13.821165 0.000006 -0.501709 -31.181429 -4.026982 -11.797071 -59.932396 7.553411 -13.982659 -7.150159 -2.875044 13.772686 -8.401482 -3.218238 0.347794 -34.211445 0.771660 -0.963012 -17.733353 2.621049 0.000000 0.000000 0.000001 -17.346333 -20.095127 -4.201789 21.757475 -1.638399 3.866407 0.000012 -6.338804 0.000004 -1.697528 -22.591682 -6.193989 -0.000001 -0.000001 -0.000001 33.218895 -83.327148 157.025360 25.884853 -17.306534 -57.968731 110.107277 -0.209978 2.332169 -16.188938 29.439919 16.442898 22.182121 -20.375807 49.933228 -16.701790 -16.743505 28.476471 -0.000011 -12.690592 -0.000005 16.007833 -16.674055 2.829955 -0.105920 -1.513852 -4.275874 -5.039035 -5.612853 -2.953556 0.000018 -11.020485 -0.000011 -6.111266 -15.895295 -3.840498 -0.000002 -0.000000 -0.000002 -10.283361 -5.680272 -4.341834 11.028286 -11.302366 -2.372632 -1.384253 -14.238529 -6.320122 -0.625377 -26.924116 -3.827621 -4.417112 -49.835876 -3.327557 -13.708510 -7.363454 -3.720938 18.141132 -14.052694 -3.242669 0.000030 -18.787205 -0.000012 -0.429700 -8.456027 2.555508 -0.000002 0.000001 0.000001 -15.923517 -20.094418 -5.473594 30.419184 -7.190830 1.735933 0.000012 -8.162898 -0.000001 -1.861863 -22.861404 -6.167944 -0.000001 -0.000001 -0.000002 -169.293411 -3.586234 3.003091 5.677681 -0.043818 0.046735 -76.876320 -8.270856 -5.186578 -4.761001 1.649374 2.143060 -0.999999 0.000001 0.000000 11.530843 -1.273536 -4.615253 5.551360 -0.026141 0.213995 -77.486694 -6.381977 -6.896949 -5.744970 0.858531 1.703173 -1.000001 -0.000000 0.000001
0.000000 0.000000 0.000000 0.000000 -0.000000 0.000000 -0.242315 99.673332 -0.512158 89.507072 8.584146 93.991699 0.504820 -0.498525 0.619338 -10.505633 -0.209979 1.429463 18.513504 -1.414148 -0.090404 23.242397 4.506292 3.517627 -2.634128 -0.724174 -1.019457 -32.363163 0.109653 -1.319302 0.000007 0.000000 -0.000000 0.050026 0.008173 0.098933 -0.058113 -0.018346 0.081459 -0.034706 0.028169 0.127503 -105.349503 -75.525162 119.771194 48.436592 -61.731804 -0.371635 20.703194 -0.386415 -0.132178 0.267059 -3.013050 12.574580 17.636461 -26.322557 52.410965 -19.466509 -14.395498 29.410246 0.000002 -8.774750 0.000001 16.064627 -18.060143 5.940969 -0.609773 -1.795640 -3.889309 -4.807054 -11.046731 -2.937838 0.000001 -20.975849 -0.000010 -5.019911 -25.033375 -4.031874 0.000006 -0.000001 0.000001 -10.634459 -5.686938 -3.565571 10.573178 -17.922813 -3.113882 0.000001 -13.821107 -0.000004 -0.501760 -31.181273 -4.027000 -11.802052 -59.878044 7.521641 -13.982614 -7.150156 -2.875032 13.772613 -8.401425 -3.218223 0.347716 -34.211277 0.771647 -0.963035 -17.733257 2.621006 -0.000001 0.000000 0.000002 -17.346291 -20.095091 -4.201772 21.757393 -1.638352 3.866401 0.000001 -6.338780 0.000000 -1.697569 -22.591597 -6.193987 0.000001 -0.000004 -0.000004 31.370110 -82.238457 159.447433 23.534815 -13.328121 -52.927017 117.410774 0.142448 1.501033 -4.695557 27.891933 28.278652 22.181826 -20.375784 49.933041 -16.701723 -16.743477 28.476416 -0.000021 -12.690495 0.000045 16.216661 -17.074911 2.889383 -0.105912 -1.513844 -4.275861 -5.038988 -5.612825 -2.953529 0.000013 -11.020439 -0.000004 -6.111209 -15.895203 -3.840427 -0.000000 0.000002 0.000001 -10.283284 -5.680244 -4.341803 11.028216 -11.302320 -2.372643 -1.384231 -14.238464 -6.320069 -0.625393 -26.923986 -3.827569 -4.565773 -50.157372 -3.367547 -13.708413 -7.363417 -3.720905 18.141016 -14.052630 -3.242694 0.000008 -18.787125 0.000002 -0.429714 -8.455985 2.555486 -0.000001 0.000001 -0.000000 -15.923392 -20.094334 -5.473541 30.418993 -7.190753 1.735831 -0.000001 -8.162861 0.000001 -1.861882 -22.861288 -6.167872 -0.000004 -0.000002 -0.000001 -169.617233 -3.523297 3.329741 5.736578 -0.063642 0.024187 -76.809021 -8.429803 -5.280040 -4.664163 1.692091 2.151836 -0.999996 0.000000 0.000001 11.218344 -1.290087 -4.541854 5.602621 -0.026583 0.195043 -77.661186 -6.420202 -6.826170 -5.660809 0.767847 1.679579 -1.000001 -0.000000 -0.000000
0.000000 0.000000 0.000000 0.000000 -0.000000 0.000000 -0.205270 99.660164 -0.491565 89.523964 8.346722 94.017960 0.422712 -0.495067 0.548556 -10.588067 -0.256466 1.433916 18.602478 -1.367880 -0.029056 22.949503 4.617772 3.381377 -2.643312 -0.658808 -0.633676 -32.173580 -0.036574 -1.070662 0.000007 -0.000000 0.000000 0.026787 0.004723 0.046753 -0.063922 -0.023192 0.034672 -0.060370 0.028248 0.070775 -105.239601 -75.360222 119.699562 48.898560 -61.562771 -0.214524 20.175972 -0.488177 -0.166881 0.051480 -3.026667 12.538913 17.636631 -26.322763 52.411289 -19.466667 -14.395607 29.410446 0.000015 -8.774840 -0.000003 16.149857 -18.193085 6.050301 -0.609780 -1.795658 -3.889335 -4.807118 -11.046841 -2.937856 -0.000035 -20.976072 -0.000007 -5.020019 -25.033688 -4.031928 0.000007 0.000001 0.000000 -10.634561 -5.686999 -3.565597 10.573260 -17.922972 -3.113903 -0.000020 -13.821254 -0.000006 -0.501804 -31.181684 -4.027079 -11.896148 -59.994362 7.788392 -13.982746 -7.150234 -2.875043 13.772737 -8.401485 -3.218246 0.347666 -34.211689 0.771657 -0.963060 -17.733467 2.621014 -0.000001 0.000000 0.000002 -17.346485 -20.095291 -4.201775 21.757605 -1.638340 3.866440 -0.000010 -6.338843 0.000000 -1.697622 -22.591875 -6.194064 -0.000001 -0.000002 -0.000003 29.863958 -80.958382 161.392334 22.092037 -9.320204 -48.495327 124.189659 0.072780 1.188665 8.589466 25.761572 41.228367 22.182095 -20.375942 49.933441 -16.701864 -16.743538 28.476637 -0.000005 -12.690610 0.000011 16.202511 -17.021126 2.621685 -0.105921 -1.513862 -4.275891 -5.039043 -5.612894 -2.953567 0.000005 -11.020576 -0.000006 -6.111294 -15.895445 -3.840497 -0.000002 -0.000002 0.000000 -10.283373 -5.680307 -4.341850 11.028297 -11.302441 -2.372645 -1.384262 -14.238653 -6.320155 -0.625420 -26.924393 -3.827647 -4.674561 -49.770947 -3.673551 -13.708525 -7.363500 -3.720949 18.141153 -14.052781 -3.242696 0.000008 -18.787357 -0.000013 -0.429716 -8.456102 2.555515 0.000003 0.000002 0.000002 -15.923543 -20.094543 -5.473598 30.419214 -7.190828 1.735907 -0.000001 -8.162962 -0.000008 -1.861880 -22.861628 -6.167989 0.000003 -0.000002 -0.000001 -169.835220 -3.486334 3.388304 5.631668 -0.047917 -0.059054 -76.720573 -8.359148 -5.229135 -4.624569 1.697329 2.148634 -1.000002 -0.000000 -0.000000 11.034912 -1.307719 -4.786263 5.471125 -0.034469 0.165442 -77.904152 -6.223589 -6.762236 -5.632229 0.705444 1.653970 -1.000006 0.000000 0.000000
0.000000 0.000000 0.000000 0.000000 -0.000000 0.000000 -0.177304 99.663429 -0.465514 89.568024 8.243248 94.059509 0.367318 -0.547843 0.507635 -10.659517 -0.260243 1.485402 18.697187 -1.388460 0.060321 22.796467 4.808947 3.294737 -2.668042 -0.608028 -0.386061 -31.857800 -0.006789 -0.942224 0.000005 0.000000 -0.000000 0.020322 0.000300 0.010890 -0.000890 -0.030018 0.013578 -0.018554 0.028180 0.021196 -105.153816 -75.195541 119.708778 49.710403 -61.346321 -0.088983 19.754782 -0.409946 -0.139990 0.080191 -2.980756 11.906372 17.636501 -26.322697 52.411278 -19.466640 -14.395596 29.410463 0.000004 -8.774817 0.000008 16.259514 -18.341801 6.095515 -0.609776 -1.795650 -3.889330 -4.807088 -11.046801 -2.937862 -0.000009 -20.976015 -0.000019 -5.019964 -25.033619 -4.031927 0.000006 -0.000002 -0.000001 -10.634511 -5.686971 -3.565589 10.573241 -17.922913 -3.113917 -0.000007 -13.821213 -0.000007 -0.501772 -31.181597 -4.027059 -11.870776 -60.109409 7.922165 -13.982684 -7.150198 -2.875038 13.772701 -8.401469 -3.218256 0.347709 -34.211563 0.771645 -0.963045 -17.733419 2.621022 -0.000002 -0.000001 0.000004 -17.346388 -20.095200 -4.201791 21.757526 -1.638347 3.866407 -0.000004 -6.338825 0.000002 -1.697585 -22.591801 -6.194052 0.000001 -0.000005 -0.000002 29.352970 -80.369751 162.225464 21.769150 -7.445675 -46.473606 128.733246 -0.740942 1.461157 15.603362 24.465321 51.224236 22.181885 -20.375727 49.932983 -16.701626 -16.743393 28.476286 0.000013 -12.690474 0.000010 16.535187 -17.070988 2.531942 -0.105919 -1.513844 -4.275854 -5.039002 -5.612835 -2.953530 -0.000013 -11.020435 0.000001 -6.111250 -15.895213 -3.840434 -0.000000 -0.000001 -0.000001 -10.283293 -5.680260 -4.341805 11.028177 -11.302305 -2.372613 -1.384273 -14.238465 -6.320065 -0.625452 -26.923948 -3.827581 -4.827371 -49.492371 -3.747494 -13.708418 -7.363442 -3.720907 18.140966 -14.052607 -3.242643 -0.000016 -18.787117 -0.000003 -0.429721 -8.455982 2.555484 -0.000002 0.000000 -0.000003 -15.923429 -20.094366 -5.473533 30.418941 -7.190717 1.735906 -0.000011 -8.162863 -0.000002 -1.861906 -22.861307 -6.167904 -0.000000 -0.000003 0.000000 -169.880386 -3.440584 3.495649 5.494647 -0.035783 -0.063385 -76.656090 -8.263130 -5.102991 -4.668610 1.682235 2.145232 -0.999999 0.000001 0.000000 11.042542 -1.343961 -5.040313 5.299777 -0.037367 0.136703 -77.966888 -5.982526 -6.590007 -5.594700 0.702890 1.646578 -1.000000 -0.000000 -0.000000
0.000000 0.000000 0.000000 0.000000 -0.000000 0.000000 -0.171745 99.681557 -0.452587 89.601814 8.244855 94.091499 0.333710 -0.594132 0.529715 -10.681848 -0.245359 1.591700 18.775589 -1.445583 0.057091 22.818794 4.880473 3.264192 -2.685538 -0.562821 -0.208547 -31.631241 0.227226 -0.956963 0.000006 0.000000 0.000000 0.020769 -0.000692 0.017776 0.041546 -0.025674 0.029689 0.019796 0.022193 0.019598 -105.376976 -74.960770 119.936401 50.333813 -61.107155 -0.227681 19.682518 -0.403046 -0.144038 0.335861 -2.738302 11.325541 17.636553 -26.322695 52.411171 -19.466583 -14.395574 29.410372 0.000005 -8.774802 0.000002 16.234060 -18.396965 6.149426 -0.609776 -1.795647 -3.889324 -4.807080 -11.046777 -2.937845 -0.000010 -20.975960 0.000004 -5.019966 -25.033524 -4.031886 0.000008 -0.000003 0.000001 -10.634503 -5.686956 -3.565583 10.573231 -17.922888 -3.113888 -0.000005 -13.821176 0.000009 -0.501792 -31.181473 -4.026997 -11.832164 -60.103836 7.911098 -13.982676 -7.150183 -2.875042 13.772682 -8.401458 -3.218236 0.347696 -34.211472 0.771688 -0.963054 -17.733366 2.621042 -0.000001 -0.000002 -0.000000 -17.346375 -20.095161 -4.201780 21.757496 -1.638359 3.866421 -0.000003 -6.338809 0.000005 -1.697595 -22.591730 -6.194004 -0.000002 -0.000004 0.000000 28.784306 -80.285088 162.942734 22.209099 -7.622849 -46.102650 130.023560 -1.129762 1.602555 16.738003 25.562408 55.246082 22.182045 -20.375807 49.933220 -16.701784 -16.743456 28.476480 -0.000008 -12.690549 0.000003 16.759296 -17.147278 2.493887 -0.105920 -1.513856 -4.275873 -5.039022 -5.612866 -2.953556 0.000006 -11.020519 -0.000010 -6.111258 -15.895353 -3.840486 -0.000001 -0.000000 -0.000000 -10.283337 -5.680283 -4.341835 11.028248 -11.302386 -2.372633 -1.384250 -14.238571 -6.320127 -0.625392 -26.924202 -3.827635 -4.910992 -49.506252 -3.712208 -13.708477 -7.363468 -3.720938 18.141077 -14.052717 -3.242676 0.000021 -18.787247 -0.000024 -0.429704 -8.456041 2.555498 0.000003 0.000000 0.000001 -15.923480 -20.094458 -5.473587 30.419092 -7.190808 1.735913 0.000006 -8.162915 -0.000009 -1.861853 -22.861486 -6.167974 0.000000 -0.000005 -0.000003 -169.856842 -3.423317 3.681021 5.426013 -0.033868 -0.044448 -76.578613 -8.246080 -5.169862 -4.737395 1.656676 2.148797 -0.999999 -0.000001 0.000000 11.084629 -1.374441 -5.027071 5.251076 -0.029673 0.125009 -77.850868 -5.970212 -6.465549 -5.532394 0.734338 1.659932 -1.000002 -0.000000 0.000000
0.000000 0.000000 0.000000 0.000000 -0.000000 0.000000 -0.163001 99.674278 -0.450856 89.624657 8.318580 94.056557 0.347041 -0.607539 0.559261 -10.670531 -0.229401 1.695573 18.817560 -1.518822 0.052776 22.946121 4.874844 3.275484 -2.673571 -0.536793 -0.103670 -31.556314 0.517906 -1.029883 0.000006 -0.000000 -0.000000 0.024266 0.000012 0.040885 0.058542 -0.017244 0.057585 0.046181 0.014142 0.038872 -105.620560 -74.759109 120.148384 50.875008 -60.902802 -0.548432 19.823551 -0.484011 -0.146727 0.681447 -2.523451 10.869148 17.636679 -26.322784 52.411228 -19.466728 -14.395645 29.410440 -0.000011 -8.774858 -0.000007 16.167534 -18.371990 6.192158 -0.609774 -1.795656 -3.889330 -4.807091 -11.046829 -2.937852 0.000030 -20.976095 0.000006 -5.019972 -25.033689 -4.031880 0.000008 -0.000002 0.000000 -10.634549 -5.686971 -3.565583 10.573323 -17.923000 -3.113911 0.000020 -13.821258 0.000008 -0.501746 -31.181688 -4.026999 -11.817516 -60.075203 7.900073 -13.982736 -7.150198 -2.875044 13.772775 -8.401525 -3.218251 0.347769 -34.211712 0.771675 -0.963025 -17.733482 2.621061 0.000000 -0.000000 -0.000000 -17.346441 -20.095234 -4.201779 21.757618 -1.638398 3.866431 0.000009 -6.338847 0.000004 -1.697569 -22.591879 -6.194031 -0.000001 -0.000001 0.000000 28.027527 -80.514381 163.646881 23.083754 -8.673257 -46.741299 129.129501 -1.408633 1.735683 14.638945 28.107304 54.572834 22.182312 -20.375956 49.933430 -16.701880 -16.743649 28.476599 0.000003 -12.690725 -0.000020 16.797232 -17.169872 2.374964 -0.105921 -1.513858 -4.275892 -5.039083 -5.612889 -2.953564 0.000008 -11.020576 0.000003 -6.111374 -15.895435 -3.840510 -0.000001 -0.000000 -0.000001 -10.283444 -5.680306 -4.341845 11.028384 -11.302441 -2.372631 -1.384295 -14.238649 -6.320154 -0.625437 -26.924393 -3.827623 -4.933523 -49.508183 -3.693837 -13.708623 -7.363500 -3.720942 18.141296 -14.052787 -3.242666 0.000010 -18.787373 0.000009 -0.429708 -8.456113 2.555537 0.000002 0.000002 0.000002 -15.923669 -20.094540 -5.473586 30.419460 -7.190869 1.735980 0.000004 -8.162966 0.000004 -1.861920 -22.861635 -6.167994 0.000002 0.000001 0.000001 -169.789246 -3.421428 3.758051 5.468184 -0.030938 -0.020138 -76.556625 -8.300115 -5.294024 -4.806214 1.648067 2.153224 -0.999999 -0.000000 0.000000 11.141675 -1.407387 -4.890257 5.286610 -0.013063 0.134197 -77.777298 -5.991634 -6.410163 -5.482531 0.771623 1.675738 -0.999998 0.000000 0.000000
0.000000 0.000000 0.000000 0.000000 -0.000000 0.000000 -0.147952 99.651855 -0.449065 89.629555 8.389552 93.938568 0.378223 -0.594942 0.575408 -10.647041 -0.213703 1.757210 18.796484 -1.595771 0.103847 23.127623 4.907402 3.309819 -2.659447 -0.558161 -0.077297 -31.567144 0.700797 -1.131137 0.000006 -0.000000 -0.000000 0.027457 0.003594 0.062124 0.070517 -0.008921 0.083194 0.068871 0.011730 0.056232 -105.801208 -74.621735 120.293510 51.330467 -60.783485 -0.661081 20.115120 -0.539474 -0.137454 0.841461 -2.474347 10.558387 17.636614 -26.322691 52.411201 -19.466608 -14.395572 29.410378 0.000025 -8.774827 -0.000009 16.165207 -18.306694 6.169143 -0.609782 -1.795656 -3.889327 -4.807118 -11.046827 -2.937847 -0.000050 -20.976038 -0.000008 -5.020024 -25.033644 -4.031936 0.000007 0.000002 -0.000001 -10.634546 -5.686996 -3.565583 10.573230 -17.922935 -3.113893 -0.000031 -13.821221 -0.000009 -0.501830 -31.181604 -4.027081 -11.854389 -60.112251 7.952280 -13.982732 -7.150232 -2.875035 13.772711 -8.401464 -3.218234 0.347649 -34.211601 0.771646 -0.963065 -17.733431 2.621002 -0.000004 -0.000002 -0.000000 -17.346474 -20.095270 -4.201767 21.757572 -1.638321 3.866446 -0.000015 -6.338830 -0.000003 -1.697643 -22.591829 -6.194057 -0.000001 0.000000 -0.000004 27.440493 -80.849297 164.046661 24.100767 -9.792206 -47.648819 127.529404 -1.625456 1.985633 11.957671 29.797260 51.966484 22.182026 -20.375788 49.933262 -16.701859 -16.743496 28.476543 -0.000002 -12.690588 0.000013 16.598562 -17.185755 2.327623 -0.105918 -1.513864 -4.275881 -5.039032 -5.612890 -2.953558 0.000001 -11.020555 -0.000022 -6.111289 -15.895421 -3.840494 -0.000000 -0.000002 -0.000001 -10.283353 -5.680308 -4.341833 11.028274 -11.302423 -2.372657 -1.384261 -14.238632 -6.320144 -0.625404 -26.924326 -3.827676 -4.998706 -49.428600 -3.659389 -13.708502 -7.363499 -3.720932 18.141117 -14.052756 -3.242707 0.000013 -18.787315 -0.000047 -0.429706 -8.456067 2.555485 0.000001 -0.000002 -0.000001 -15.923519 -20.094536 -5.473581 30.419163 -7.190807 1.735894 0.000002 -8.162937 -0.000021 -1.861858 -22.861567 -6.168021 -0.000004 0.000001 -0.000001 -169.715744 -3.407982 3.723211 5.540079 -0.014871 -0.010851 -76.591026 -8.397310 -5.332901 -4.762974 1.658271 2.161561 -0.999999 0.000001 0.000000 11.185156 -1.436639 -4.761548 5.326054 -0.001489 0.174137 -77.789391 -5.999195 -6.437873 -5.465022 0.781617 1.678890 -1.000006 0.000000 -0.000000
0.000000 0.000000 0.000000 0.000000 -0.000000 0.000000 -0.147589 99.641830 -0.444776 89.639656 8.430168 93.812561 0.397562 -0.590431 0.580637 -10.641301 -0.200340 1.771472 18.751011 -1.645132 0.189331 23.304007 4.992439 3.334165 -2.681734 -0.614134 -0.093557 -31.591702 0.814376 -1.211713 0.000006 -0.000000 -0.000000 0.021139 0.007998 0.066968 0.064054 -0.007615 0.089179 0.069186 0.018113 0.059557 -105.853874 -74.555878 120.288200 51.690086 -60.762020 -0.442981 20.566008 -0.537986 -0.131069 0.872739 -2.539353 10.336086 17.636620 -26.322725 52.411182 -19.466637 -14.395606 29.410381 -0.000004 -8.774822 -0.000002 16.208586 -18.253780 6.124245 -0.609776 -1.795651 -3.889324 -4.807085 -11.046790 -2.937848 0.000014 -20.975996 0.000002 -5.019959 -25.033560 -4.031889 0.000006 0.000005 0.000001 -10.634529 -5.686959 -3.565583 10.573276 -17.922930 -3.113900 0.000008 -13.821199 0.000005 -0.501769 -31.181532 -4.027007 -11.863955 -60.168129 7.983795 -13.982710 -7.150187 -2.875041 13.772729 -8.401485 -3.218243 0.347738 -34.211540 0.771673 -0.963037 -17.733397 2.621044 0.000001 0.000000 -0.000000 -17.346401 -20.095182 -4.201785 21.757553 -1.638383 3.866429 0.000006 -6.338817 0.000003 -1.697579 -22.591738 -6.194006 -0.000001 -0.000002 0.000002 27.338202 -81.233818 163.857376 25.194153 -10.865502 -48.328960 125.955658 -1.649161 2.254736 10.096007 30.205580 49.334137 22.182186 -20.375944 49.933353 -16.701815 -16.743578 28.476545 -0.000008 -12.690645 -0.000005 16.367832 -17.218460 2.297590 -0.105919 -1.513853 -4.275883 -5.039055 -5.612865 -2.953555 0.000013 -11.020534 0.000006 -6.111311 -15.895367 -3.840486 0.000001 -0.000002 0.000000 -10.283391 -5.680281 -4.341839 11.028323 -11.302403 -2.372625 -1.384273 -14.238581 -6.320124 -0.625422 -26.924253 -3.827589 -5.013924 -49.238491 -3.652579 -13.708550 -7.363469 -3.720942 18.141197 -14.052743 -3.242662 0.000012 -18.787294 0.000014 -0.429708 -8.456075 2.555529 0.000000 0.000000 0.000000 -15.923565 -20.094465 -5.473585 30.419287 -7.190846 1.735945 0.000004 -8.162937 0.000010 -1.861906 -22.861536 -6.167939 0.000003 -0.000001 0.000000 -169.666382 -3.369255 3.614662 5.591697 0.007499 -0.022032 -76.676842 -8.434894 -5.294840 -4.630604 1.661451 2.169024 -0.999998 0.000001 0.000000 11.205284 -1.479048 -4.719945 5.338771 -0.006371 0.221083 -77.811775 -5.970894 -6.510712 -5.450515 0.785672 1.678759 -1.000001 0.000000 0.000000
0.000000 0.000000 0.000000 0.000000 -0.000000 0.000000 -0.149608 99.636566 -0.434228 89.642624 8.438912 93.697258 0.399628 -0.592695 0.586585 -10.643149 -0.177919 1.764133 18.690193 -1.672735 0.264119 23.463598 5.097265 3.343580 -2.700566 -0.664897 -0.214685 -31.646429 0.923367 -1.265026 0.000007 -0.000000 -0.000000 0.011587 0.011144 0.058018 0.061813 -0.012144 0.081807 0.073986 0.027896 0.047968 -105.757500 -74.522072 120.154015 51.961941 -60.796394 -0.123550 21.234570 -0.484872 -0.126655 0.932768 -2.680419 10.275581 17.636559 -26.322708 52.411148 -19.466618 -14.395575 29.410378 -0.000009 -8.774803 -0.000000 16.283901 -18.227518 6.051547 -0.609773 -1.795647 -3.889319 -4.807065 -11.046773 -2.937847 0.000025 -20.975971 -0.000002 -5.019924 -25.033524 -4.031878 0.000009 -0.000002 0.000002 -10.634497 -5.686946 -3.565582 10.573252 -17.922901 -3.113894 0.000013 -13.821175 0.000008 -0.501750 -31.181477 -4.026983 -11.728750 -60.155689 7.860820 -13.982664 -7.150167 -2.875043 13.772690 -8.401473 -3.218238 0.347744 -34.211472 0.771679 -0.963032 -17.733362 2.621044 0.000001 0.000000 -0.000000 -17.346346 -20.095140 -4.201784 21.757488 -1.638384 3.866409 0.000007 -6.338808 0.000007 -1.697553 -22.591719 -6.194002 0.000002 -0.000006 -0.000003 27.719826 -81.784172 163.159103 26.412457 -12.289342 -49.225994 124.366066 -1.445666 2.391750 8.577155 30.297722 46.631699 22.182034 -20.375917 49.933216 -16.701712 -16.743538 28.476446 -0.000012 -12.690561 0.000013 16.213577 -17.234793 2.235616 -0.105917 -1.513842 -4.275872 -5.039022 -5.612833 -2.953538 0.000012 -11.020460 0.000015 -6.111264 -15.895232 -3.840439 -0.000001 -0.000000 0.000000 -10.283340 -5.680252 -4.341822 11.028260 -11.302341 -2.372614 -1.384256 -14.238478 -6.320075 -0.625440 -26.924021 -3.827527 -4.939357 -49.067852 -3.621774 -13.708488 -7.363431 -3.720925 18.141100 -14.052663 -3.242651 -0.000002 -18.787174 0.000041 -0.429717 -8.456019 2.555520 0.000000 -0.000001 -0.000001 -15.923491 -20.094368 -5.473557 30.419132 -7.190791 1.735910 -0.000003 -8.162892 0.000019 -1.861923 -22.861376 -6.167857 -0.000003 -0.000001 -0.000001 -169.665787 -3.323467 3.383465 5.648000 0.017392 -0.029969 -76.769958 -8.401070 -5.193455 -4.484831 1.640847 2.166958 -0.999998 0.000001 -0.000000 11.186913 -1.518070 -4.743742 5.348624 -0.019878 0.260095 -77.803627 -5.889119 -6.602633 -5.475014 0.784619 1.677452 -1.000000 0.000000 -0.000001
0.000000 0.000000 0.000000 0.000000 -0.000000 0.000000 -0.136845 99.632057 -0.414407 89.624298 8.440186 93.601822 0.395647 -0.575477 0.590758 -10.662154 -0.139106 1.765495 18.656185 -1.699618 0.293232 23.600492 5.148977 3.315564 -2.694438 -0.699760 -0.409116 -31.765495 1.079873 -1.316184 0.000006 -0.000000 -0.000000 0.004023 0.008838 0.035992 0.063346 -0.023098 0.059741 0.083108 0.033654 0.024749 -105.510872 -74.462601 119.915649 52.128681 -60.871399 -0.058635 22.156570 -0.419333 -0.123212 1.084039 -2.880060 10.527274 17.636703 -26.322821 52.411289 -19.466805 -14.395662 29.410507 -0.000018 -8.774879 -0.000007 16.381163 -18.226551 5.977391 -0.609775 -1.795660 -3.889335 -4.807094 -11.046862 -2.937862 0.000044 -20.976185 -0.000009 -5.019960 -25.033829 -4.031907 0.000006 0.000001 -0.000001 -10.634557 -5.686977 -3.565593 10.573350 -17.923061 -3.113928 0.000029 -13.821314 -0.000001 -0.501709 -31.181881 -4.027036 -11.536602 -60.033062 7.676713 -13.982745 -7.150205 -2.875047 13.772803 -8.401557 -3.218261 0.347815 -34.211876 0.771642 -0.963002 -17.733595 2.621071 -0.000001 0.000001 -0.000001 -17.346453 -20.095266 -4.201786 21.757652 -1.638414 3.866432 0.000013 -6.338871 -0.000001 -1.697539 -22.592001 -6.194072 0.000001 -0.000002 -0.000003 28.456507 -82.468315 162.162933 27.600222 -14.126999 -50.952003 122.690155 -0.920889 2.268955 6.637074 31.351559 43.443119 22.182158 -20.375952 49.933403 -16.701820 -16.743530 28.476570 -0.000008 -12.690617 -0.000007 16.317701 -17.194414 2.121917 -0.105923 -1.513856 -4.275885 -5.039045 -5.612877 -2.953564 0.000009 -11.020557 0.000000 -6.111295 -15.895410 -3.840497 0.000001 0.000001 0.000001 -10.283378 -5.680289 -4.341851 11.028299 -11.302421 -2.372626 -1.384263 -14.238615 -6.320139 -0.625420 -26.924320 -3.827615 -4.794968 -49.128201 -3.620700 -13.708534 -7.363479 -3.720951 18.141165 -14.052763 -3.242668 0.000012 -18.787327 0.000008 -0.429715 -8.456093 2.555528 0.000000 0.000000 -0.000001 -15.923545 -20.094496 -5.473600 30.419222 -7.190845 1.735939 0.000005 -8.162952 0.000002 -1.861887 -22.861582 -6.167964 0.000001 -0.000006 -0.000002 -169.677719 -3.292672 3.108962 5.696126 0.007852 -0.032159 -76.844604 -8.317031 -5.105451 -4.404455 1.608798 2.157592 -0.999997 0.000000 0.000000 11.167661 -1.527997 -4.732597 5.364435 -0.040312 0.272400 -77.732658 -5.828323 -6.709980 -5.529190 0.763437 1.673507 -1.000001 0.000000 -0.000000
0.000000 0.000000 0.000000 0.000000 -0.000000 0.000000 -0.103603 99.624229 -0.378470 89.592422 8.485284 93.547699 0.393535 -0.543867 0.573588 -10.686214 -0.083807 1.807913 18.688787 -1.720867 0.296497 23.723879 5.062453 3.261070 -2.697425 -0.721768 -0.594588 -31.929024 1.251297 -1.445879 0.000006 -0.000000 -0.000000 0.009345 0.003414 0.026102 0.054428 -0.036343 0.042100 0.077838 0.036173 0.022227 -105.427254 -74.358688 119.843651 52.090229 -60.932236 -0.315421 23.190722 -0.426152 -0.131232 1.298568 -3.057596 11.123742 17.636751 -26.322975 52.411469 -19.466806 -14.395693 29.410570 -0.000025 -8.774879 -0.000003 16.404118 -18.244141 5.988850 -0.609776 -1.795660 -3.889346 -4.807084 -11.046857 -2.937867 0.000056 -20.976183 0.000022 -5.019964 -25.033787 -4.031859 0.000004 0.000000 0.000002 -10.634569 -5.686970 -3.565608 10.573370 -17.923077 -3.113914 0.000032 -13.821319 0.000022 -0.501740 -31.181856 -4.026968 -11.447384 -59.905342 7.600992 -13.982760 -7.150194 -2.875062 13.772821 -8.401570 -3.218261 0.347806 -34.211864 0.771716 -0.963028 -17.733568 2.621109 -0.000002 -0.000002 -0.000001 -17.346451 -20.095259 -4.201808 21.757660 -1.638442 3.866436 0.000019 -6.338875 0.000010 -1.697538 -22.591982 -6.194026 0.000001 -0.000001 -0.000001 29.813068 -83.182205 160.592026 28.644003 -16.279158 -54.186230 120.818344 -0.460979 1.999409 2.078986 34.282497 37.782608 22.182322 -20.376055 49.933575 -16.701937 -16.743664 28.476698 -0.000023 -12.690725 -0.000010 16.575529 -17.195074 2.012443 -0.105919 -1.513859 -4.275903 -5.039075 -5.612891 -2.953574 0.000025 -11.020600 0.000001 -6.111340 -15.895474 -3.840511 0.000000 0.000000 0.000000 -10.283440 -5.680297 -4.341864 11.028399 -11.302474 -2.372639 -1.384261 -14.238666 -6.320162 -0.625393 -26.924463 -3.827610 -4.635913 -49.361664 -3.730251 -13.708613 -7.363488 -3.720964 18.141317 -14.052834 -3.242685 0.000036 -18.787403 0.000017 -0.429701 -8.456130 2.555552 0.000001 0.000002 -0.000000 -15.923632 -20.094540 -5.473621 30.419464 -7.190926 1.735953 0.000015 -8.162985 0.000009 -1.861885 -22.861694 -6.167974 -0.000002 -0.000003 -0.000002 -169.621353 -3.280664 2.965605 5.721867 -0.016509 -0.024595 -76.908661 -8.256411 -5.106289 -4.449015 1.590549 2.150932 -0.999999 0.000000 0.000001 11.221519 -1.516620 -4.562745 5.381168 -0.050041 0.240751 -77.646667 -5.890590 -6.801280 -5.567464 0.739840 1.672992 -1.000004 0.000000 0.000000
0.000000 0.000000 0.000000 0.000000 -0.000000 0.000000 -0.049726 99.618431 -0.323631 89.579445 8.597027 93.571640 0.425933 -0.523262 0.544260 -10.661202 -0.031636 1.848722 18.694059 -1.748066 0.299459 23.809927 4.863838 3.262355 -2.718392 -0.722548 -0.798910 -32.111149 1.385685 -1.569271 0.000006 -0.000000 0.000000 0.032519 -0.003018 0.034582 0.039271 -0.047325 0.036965 0.062682 0.034656 0.045108 -105.687126 -74.259262 120.210770 51.891346 -60.742035 -0.478420 24.031416 -0.579888 -0.162501 1.629245 -3.092865 11.686994 17.636686 -26.322895 52.411411 -19.466770 -14.395698 29.410545 -0.000024 -8.774871 0.000001 16.329937 -18.289106 6.107674 -0.609774 -1.795656 -3.889342 -4.807081 -11.046828 -2.937862 0.000060 -20.976105 0.000010 -5.019940 -25.033686 -4.031872 0.000005 0.000004 -0.000000 -10.634553 -5.686962 -3.565598 10.573358 -17.923019 -3.113921 0.000029 -13.821264 0.000022 -0.501738 -31.181713 -4.026966 -11.548167 -59.938038 7.749633 -13.982738 -7.150185 -2.875057 13.772802 -8.401546 -3.218266 0.347804 -34.211735 0.771705 -0.963024 -17.733505 2.621099 -0.000001 0.000002 0.000001 -17.346434 -20.095224 -4.201804 21.757639 -1.638430 3.866424 0.000017 -6.338848 0.000009 -1.697539 -22.591867 -6.194015 -0.000002 -0.000003 -0.000002 32.119797 -83.671661 158.160568 29.235016 -18.221622 -58.148365 118.801399 -0.391150 1.978358 -7.260284 37.759628 27.516001 22.182188 -20.375933 49.933502 -16.701860 -16.743587 28.476633 -0.000016 -12.690646 0.000000 16.603567 -17.214346 2.106783 -0.105920 -1.513856 -4.275893 -5.039054 -5.612864 -2.953571 0.000020 -11.020515 -0.000013 -6.111289 -15.895336 -3.840527 0.000002 0.000001 0.000001 -10.283401 -5.680285 -4.341857 11.028336 -11.302397 -2.372647 -1.384251 -14.238564 -6.320157 -0.625362 -26.924192 -3.827636 -4.504556 -49.435658 -3.904388 -13.708564 -7.363471 -3.720957 18.141222 -14.052733 -3.242688 0.000031 -18.787254 0.000000 -0.429706 -8.456052 2.555527 0.000000 0.000003 -0.000001 -15.923571 -20.094473 -5.473625 30.419306 -7.190851 1.735929 0.000011 -8.162917 0.000010 -1.861879 -22.861464 -6.167948 -0.000002 -0.000003 -0.000001 -169.477005 -3.267474 3.027553 5.734105 -0.048808 -0.005974 -76.962059 -8.348001 -5.129559 -4.610989 1.588000 2.145299 -0.999997 -0.000000 0.000000 11.375900 -1.519614 -4.273474 5.397751 -0.027938 0.205364 -77.580284 -6.085054 -6.883419 -5.546840 0.745005 1.683572 -1.000005 0.000000 0.000000
0.000000 0.000000 0.000000 0.000000 -0.000000 0.000000 0.001854 99.619934 -0.270108 89.587502 8.743728 93.628525 0.491693 -0.508866 0.551759 -10.614158 -0.009621 1.814921 18.658087 -1.784994 0.321917 23.877007 4.714067 3.351569 -2.734551 -0.744138 -0.949092 -32.311913 1.385765 -1.636044 0.000006 0.000000 -0.000000 0.060791 -0.007014 0.051685 0.032260 -0.061003 0.044964 0.055029 0.040218 0.071322 -105.934868 -74.235359 120.571907 51.652004 -60.468861 -0.034969 24.476175 -0.629507 -0.161415 1.779679 -3.062186 12.010762 17.636608 -26.322771 52.411324 -19.466660 -14.395598 29.410471 0.000015 -8.774841 -0.000002 16.268152 -18.298187 6.188393 -0.609781 -1.795655 -3.889331 -4.807109 -11.046837 -2.937854 -0.000029 -20.976088 -0.000002 -5.020010 -25.033722 -4.031928 0.000003 0.000001 -0.000001 -10.634544 -5.686991 -3.565591 10.573255 -17.922968 -3.113900 -0.000019 -13.821258 -0.000003 -0.501801 -31.181726 -4.027069 -11.710082 -60.050732 7.940419 -13.982724 -7.150222 -2.875048 13.772728 -8.401485 -3.218241 0.347675 -34.211697 0.771667 -0.963064 -17.733494 2.621034 0.000000 0.000000 -0.000001 -17.346453 -20.095263 -4.201782 21.757580 -1.638341 3.866443 -0.000010 -6.338847 0.000002 -1.697620 -22.591900 -6.194063 -0.000002 -0.000005 0.000001 34.202038 -83.740822 155.973190 28.920858 -19.567278 -60.252644 117.203278 -0.359582 1.974657 -16.827663 38.187794 17.696741 22.181950 -20.375898 49.933338 -16.701834 -16.743526 28.476603 -0.000004 -12.690569 0.000037 16.313238 -16.947807 2.389113 -0.105915 -1.513858 -4.275886 -5.039025 -5.612886 -2.953555 -0.000001 -11.020561 -0.000007 -6.111277 -15.895428 -3.840475 0.000001 -0.000002 0.000000 -10.283340 -5.680299 -4.341833 11.028265 -11.302418 -2.372655 -1.384255 -14.238626 -6.320137 -0.625414 -26.924334 -3.827649 -4.471859 -49.414532 -3.874677 -13.708485 -7.363488 -3.720926 18.141108 -14.052747 -3.242715 -0.000003 -18.787327 -0.000019 -0.429722 -8.456089 2.555500 0.000000 -0.000001 0.000000 -15.923491 -20.094513 -5.473568 30.419136 -7.190786 1.735860 -0.000006 -8.162944 -0.000011 -1.861888 -22.861584 -6.167983 0.000001 -0.000003 -0.000001 -169.278091 -3.237596 3.157810 5.743617 -0.067831 0.023251 -76.992874 -8.485474 -5.089795 -4.725593 1.579571 2.131638 -1.000000 0.000000 0.000000 11.585062 -1.543788 -4.171061 5.403518 -0.011259 0.203923 -77.559883 -6.185559 -6.970278 -5.561122 0.766720 1.691895 -0.999999 0.000000 0.000000
0.000000 0.000000 0.000000 0.000000 -0.000000 0.000000 0.014389 99.634377 -0.208444 89.593529 8.857956 93.647240 0.523048 -0.493088 0.582803 -10.612949 -0.037958 1.713165 18.732256 -1.768331 0.283749 23.826099 4.591793 3.466836 -2.736923 -0.762348 -0.943866 -32.433105 1.258664 -1.674230 0.000006 0.000000 0.000000 0.070438 -0.005108 0.076415 0.026020 -0.068963 0.066202 0.050692 0.051019 0.098262 -105.683006 -74.267662 120.327522 51.572071 -60.386120 0.494234 24.458181 -0.558911 -0.134330 1.698364 -3.028176 12.498116 17.636606 -26.322680 52.411121 -19.466587 -14.395557 29.410337 0.000015 -8.774816 -0.000007 16.232439 -18.255304 6.166567 -0.609778 -1.795648 -3.889324 -4.807099 -11.046802 -2.937842 -0.000031 -20.976000 0.000005 -5.020005 -25.033581 -4.031898 0.000007 0.000001 -0.000001 -10.634528 -5.686974 -3.565580 10.573226 -17.922907 -3.113880 -0.000023 -13.821197 0.000001 -0.501832 -31.181532 -4.027031 -11.736824 -60.105446 7.921677 -13.982701 -7.150201 -2.875035 13.772696 -8.401460 -3.218225 0.347669 -34.211533 0.771667 -0.963056 -17.733398 2.621017 -0.000001 -0.000001 0.000000 -17.346422 -20.095205 -4.201770 21.757534 -1.638342 3.866441 -0.000009 -6.338822 0.000005 -1.697626 -22.591776 -6.194022 -0.000003 -0.000001 -0.000003 35.196068 -83.488319 155.071793 27.954199 -20.120678 -59.686523 117.399834 -0.342629 1.736667 -20.112694 36.095062 14.553542 22.182074 -20.375883 49.933247 -16.701742 -16.743473 28.476465 0.000013 -12.690565 -0.000003 16.135818 -16.718836 2.524250 -0.105923 -1.513852 -4.275871 -5.039032 -5.612870 -2.953552 -0.000008 -11.020523 0.000005 -6.111297 -15.895360 -3.840467 -0.000000 -0.000001 0.000003 -10.283350 -5.680288 -4.341831 11.028253 -11.302384 -2.372615 -1.384281 -14.238574 -6.320110 -0.625468 -26.924219 -3.827597 -4.523365 -49.490746 -3.763825 -13.708500 -7.363477 -3.720934 18.141081 -14.052710 -3.242650 -0.000017 -18.787270 0.000007 -0.429724 -8.456059 2.555508 -0.000000 -0.000001 -0.000001 -15.923517 -20.094477 -5.473567 30.419123 -7.190786 1.735941 -0.000004 -8.162928 -0.000002 -1.861911 -22.861507 -6.167944 -0.000000 -0.000002 -0.000001 -169.097092 -3.216211 3.210191 5.734098 -0.059369 0.028844 -76.978256 -8.618995 -5.061497 -4.733475 1.600292 2.136146 -1.000001 0.000001 0.000000 11.757528 -1.556985 -4.128010 5.417622 -0.007603 0.224045 -77.559662 -6.316252 -7.038813 -5.644166 0.794310 1.692157 -1.000000 0.000000 -0.000000
0.000000 0.000000 0.000000 0.000000 -0.000000 0.000000 0.010209 99.669052 -0.138192 89.571533 8.909788 93.571922 0.519445 -0.471555 0.607271 -10.637597 -0.088151 1.611356 18.872887 -1.667665 0.204810 23.667877 4.460018 3.515285 -2.711060 -0.757719 -0.736548 -32.427799 1.012489 -1.711996 0.000005 -0.000000 -0.000001 0.068498 0.008490 0.129417 0.033313 -0.049822 0.124407 0.060457 0.058245 0.145687 -105.150711 -74.374298 119.764297 51.618481 -60.430016 0.879017 24.101858 -0.433568 -0.132370 1.477885 -3.065031 13.161499 17.636871 -26.323126 52.411697 -19.467052 -14.395855 29.410809 -0.000046 -8.774978 0.000007 16.162889 -18.228497 6.166191 -0.609771 -1.795672 -3.889364 -4.807106 -11.046938 -2.937887 0.000108 -20.976395 0.000008 -5.019973 -25.034069 -4.031889 0.000007 0.000001 -0.000000 -10.634636 -5.686992 -3.565613 10.573522 -17.923246 -3.113967 0.000068 -13.821452 0.000016 -0.501669 -31.182219 -4.026998 -11.706475 -60.165260 7.833852 -13.982851 -7.150222 -2.875064 13.772971 -8.401662 -3.218311 0.347899 -34.212234 0.771690 -0.962994 -17.733776 2.621141 -0.000001 0.000001 0.000003 -17.346556 -20.095371 -4.201820 21.757872 -1.638495 3.866443 0.000030 -6.338931 0.000007 -1.697511 -22.592205 -6.194090 0.000000 -0.000006 -0.000001 35.070400 -82.924599 155.574326 26.640301 -19.784445 -56.950806 120.198875 -0.292949 1.396901 -17.021078 33.413193 17.110737 22.182631 -20.376219 49.934040 -16.702068 -16.743748 28.476942 -0.000012 -12.690861 -0.000049 16.328096 -16.808437 2.475582 -0.105928 -1.513871 -4.275935 -5.039135 -5.612939 -2.953616 0.000023 -11.020708 -0.000006 -6.111416 -15.895658 -3.840614 -0.000001 -0.000001 0.000001 -10.283536 -5.680344 -4.341916 11.028496 -11.302564 -2.372642 -1.384284 -14.238811 -6.320263 -0.625384 -26.924776 -3.827703 -4.603131 -49.746613 -3.695219 -13.708739 -7.363550 -3.721020 18.141487 -14.052956 -3.242680 0.000045 -18.787590 0.000011 -0.429696 -8.456223 2.555591 -0.000003 -0.000000 -0.000000 -15.923782 -20.094700 -5.473704 30.419724 -7.191006 1.736041 0.000023 -8.163060 0.000012 -1.861894 -22.861959 -6.168079 0.000002 -0.000004 -0.000002 -168.975433 -3.212177 3.156770 5.734282 -0.036153 0.031775 -76.985184 -8.793060 -5.050450 -4.608049 1.628732 2.150378 -0.999998 -0.000000 0.000000 11.816268 -1.559025 -4.003747 5.482630 -0.011163 0.255116 -77.595070 -6.453941 -7.039912 -5.698479 0.810370 1.689592 -1.000002 0.000000 0.000000
0.000000 0.000000 0.000000 0.000000 -0.000000 0.000000 0.013484 99.673134 -0.107021 89.545273 8.864211 93.466278 0.496152 -0.472439 0.578105 -10.694160 -0.125919 1.570256 18.968388 -1.496561 0.110861 23.560606 4.301393 3.393715 -2.696076 -0.739605 -0.498222 -32.298061 0.753164 -1.516572 0.000006 0.000000 -0.000001 0.039067 0.017426 0.129228 0.022927 -0.033834 0.135866 0.038481 0.061208 0.134212 -104.480545 -74.433762 118.875443 51.461464 -60.656158 1.349278 23.805218 -0.352067 -0.132624 1.210105 -3.208032 13.660680 17.636730 -26.322712 52.411167 -19.466743 -14.395624 29.410412 -0.000006 -8.774862 -0.000011 16.177357 -18.205847 6.195642 -0.609776 -1.795659 -3.889330 -4.807096 -11.046836 -2.937860 0.000033 -20.976093 -0.000022 -5.019954 -25.033688 -4.031924 0.000008 -0.000001 -0.000002 -10.634567 -5.686979 -3.565589 10.573328 -17.923004 -3.113920 0.000022 -13.821255 -0.000007 -0.501711 -31.181688 -4.027059 -11.769673 -60.188290 7.955330 -13.982755 -7.150206 -2.875040 13.772784 -8.401523 -3.218249 0.347797 -34.211681 0.771619 -0.962998 -17.733461 2.621034 -0.000002 0.000001 -0.000000 -17.346470 -20.095253 -4.201790 21.757639 -1.638401 3.866449 0.000010 -6.338843 -0.000005 -1.697560 -22.591856 -6.194063 -0.000003 -0.000002 -0.000001 33.854618 -82.133087 157.222656 25.839417 -18.868189 -53.721779 124.036125 -0.202613 1.202251 -8.549500 32.187046 22.340626 22.182222 -20.375954 49.933418 -16.701817 -16.743546 28.476561 0.000001 -12.690627 -0.000013 16.669498 -16.979229 2.170593 -0.105923 -1.513857 -4.275886 -5.039056 -5.612880 -2.953563 0.000005 -11.020551 0.000001 -6.111310 -15.895403 -3.840502 -0.000001 0.000001 0.000001 -10.283401 -5.680296 -4.341848 11.028316 -11.302423 -2.372623 -1.384274 -14.238613 -6.320143 -0.625431 -26.924311 -3.827617 -4.717504 -50.103859 -3.702218 -13.708561 -7.363489 -3.720955 18.141184 -14.052763 -3.242659 0.000005 -18.787327 0.000008 -0.429710 -8.456085 2.555526 -0.000001 -0.000000 0.000001 -15.923582 -20.094513 -5.473602 30.419271 -7.190850 1.735959 0.000006 -8.162950 0.000004 -1.861902 -22.861593 -6.167971 0.000001 -0.000002 -0.000001 -168.936691 -3.202361 3.002186 5.664968 -0.007874 -0.002932 -76.996895 -8.955678 -5.048142 -4.450902 1.647952 2.161204 -1.000001 0.000000 0.000000 11.748748 -1.556618 -3.916565 5.525755 -0.029862 0.253218 -77.744102 -6.577924 -7.084832 -5.748055 0.757590 1.670403 -1.000003 -0.000000 0.000001
0.000000 0.000000 0.000000 0.000000 -0.000000 0.000000 0.030672 99.647095 -0.079449 89.526566 8.785030 93.322800 0.473262 -0.491565 0.513135 -10.739106 -0.130937 1.551561 19.006721 -1.354937 0.117582 23.530487 4.214311 3.274969 -2.666788 -0.684677 -0.481141 -32.258179 0.630899 -1.120746 0.000006 -0.000000 -0.000000 0.006617 0.011999 0.064566 0.028092 -0.038235 0.084594 0.034584 0.056177 0.055822 -104.129913 -74.451256 118.432602 51.405708 -60.701584 1.535629 23.620474 -0.361309 -0.092181 1.073880 -3.321902 13.682459 17.636370 -26.322474 52.410889 -19.466377 -14.395442 29.410160 0.000029 -8.774722 0.000004 16.269577 -18.209993 6.189238 -0.609779 -1.795637 -3.889302 -4.807074 -11.046715 -2.937825 -0.000070 -20.975782 -0.000005 -5.019974 -25.033312 -4.031891 0.000004 0.000000 -0.000003 -10.634444 -5.686948 -3.565561 10.573092 -17.922731 -3.113857 -0.000046 -13.821057 -0.000005 -0.501850 -31.181166 -4.027025 -11.635518 -60.139282 7.962400 -13.982594 -7.150172 -2.875023 13.772554 -8.401366 -3.218206 0.347603 -34.211166 0.771650 -0.963070 -17.733206 2.620967 -0.000002 -0.000000 -0.000000 -17.346300 -20.095085 -4.201743 21.757334 -1.638284 3.866399 -0.000022 -6.338760 0.000003 -1.697638 -22.591536 -6.193977 -0.000002 -0.000005 0.000001 32.429249 -81.588074 159.002945 25.717371 -18.132355 -51.922607 127.068352 -0.276252 1.259009 -1.943317 32.042549 27.083845 22.181612 -20.375530 49.932732 -16.701591 -16.743351 28.476215 0.000022 -12.690405 0.000048 16.881336 -17.179865 2.021173 -0.105913 -1.513842 -4.275836 -5.038972 -5.612821 -2.953510 -0.000024 -11.020386 -0.000017 -6.111216 -15.895148 -3.840411 -0.000002 -0.000003 -0.000000 -10.283234 -5.680253 -4.341769 11.028110 -11.302242 -2.372640 -1.384264 -14.238403 -6.320045 -0.625444 -26.923786 -3.827614 -4.799035 -50.078499 -3.761063 -13.708347 -7.363430 -3.720869 18.140856 -14.052519 -3.242684 -0.000038 -18.787020 -0.000044 -0.429725 -8.455925 2.555434 -0.000001 -0.000001 0.000001 -15.923351 -20.094313 -5.473486 30.418795 -7.190621 1.735828 -0.000022 -8.162808 -0.000021 -1.861907 -22.861156 -6.167918 -0.000004 -0.000003 -0.000001 -168.958145 -3.159980 2.756742 5.613698 -0.006942 -0.015989 -76.976349 -9.092359 -4.953665 -4.422424 1.640530 2.158732 -0.999995 -0.000001 -0.000000 11.669412 -1.572857 -3.868014 5.495412 -0.035816 0.215508 -77.852257 -6.506734 -7.069894 -5.775838 0.713521 1.662651 -0.999998 0.000000 -0.000000
0.000000 0.000000 0.000000 0.000000 -0.000000 0.000000 0.055714 99.640236 -0.055423 89.506531 8.767222 93.149590 0.463405 -0.494237 0.487224 -10.742974 -0.106505 1.567705 19.013510 -1.292519 0.106428 23.565191 4.108589 3.219772 -2.634159 -0.647354 -0.373256 -32.307617 0.625819 -0.893771 0.000006 0.000000 0.000000 0.001285 0.005302 0.024742 0.047408 -0.040619 0.051093 0.056258 0.045818 0.009603 -104.340385 -74.403183 118.698769 51.413315 -60.579346 1.308585 23.437185 -0.438990 -0.106867 1.141808 -3.308994 13.810469 17.636726 -26.322779 52.411156 -19.466858 -14.395700 29.410488 -0.000040 -8.774885 0.000002 16.249929 -18.245258 6.197043 -0.609767 -1.795659 -3.889335 -4.807064 -11.046837 -2.937859 0.000111 -20.976156 -0.000017 -5.019893 -25.033749 -4.031869 0.000005 -0.000001 -0.000003 -10.634554 -5.686955 -3.565584 10.573407 -17.923065 -3.113944 0.000066 -13.821299 0.000002 -0.501646 -31.181812 -4.026993 -11.490917 -59.996677 7.836868 -13.982740 -7.150172 -2.875046 13.772834 -8.401579 -3.218277 0.347918 -34.211800 0.771636 -0.962964 -17.733543 2.621092 0.000001 0.000003 0.000004 -17.346415 -20.095211 -4.201791 21.757662 -1.638468 3.866413 0.000031 -6.338859 -0.000003 -1.697477 -22.591928 -6.194043 -0.000002 -0.000002 -0.000003 31.837172 -81.511269 159.787720 25.757095 -18.111237 -51.891514 127.623329 -0.108569 1.378454 -0.870555 32.201591 28.280912 22.182308 -20.375959 49.933281 -16.701851 -16.743572 28.476498 -0.000046 -12.690652 -0.000026 16.932703 -17.311092 2.116958 -0.105920 -1.513850 -4.275879 -5.039046 -5.612847 -2.953556 0.000048 -11.020530 0.000006 -6.111264 -15.895322 -3.840489 -0.000000 -0.000004 0.000000 -10.283397 -5.680254 -4.341846 11.028364 -11.302427 -2.372614 -1.384230 -14.238566 -6.320117 -0.625348 -26.924259 -3.827536 -4.764640 -50.019485 -3.762081 -13.708557 -7.363432 -3.720953 18.141249 -14.052783 -3.242647 0.000075 -18.787285 0.000034 -0.429682 -8.456078 2.555550 0.000001 -0.000003 -0.000001 -15.923548 -20.094406 -5.473602 30.419321 -7.190943 1.735960 0.000030 -8.162940 0.000018 -1.861836 -22.861517 -6.167898 -0.000000 -0.000001 0.000001 -168.921875 -3.123456 2.564433 5.571137 -0.025772 -0.005280 -77.009087 -9.089555 -4.933654 -4.409813 1.602733 2.150028 -0.999996 -0.000000 0.000000 11.662353 -1.594825 -3.745099 5.459602 -0.041379 0.204642 -77.852966 -6.450324 -7.075540 -5.709225 0.711591 1.673101 -0.999997 0.000001 0.000001
0.000000 0.000000 0.000000 0.000000 -0.000000 0.000000 0.084660 99.631676 -0.025151 89.509544 8.828362 93.038307 0.480186 -0.477249 0.496151 -10.724206 -0.091698 1.570542 19.045019 -1.291893 0.073656 23.624048 3.892506 3.214395 -2.629463 -0.657340 -0.187229 -32.383667 0.717601 -0.857513 0.000006 0.000000 0.000000 0.014070 -0.000545 0.012765 0.060461 -0.046590 0.038315 0.069751 0.040741 -0.000902 -104.846344 -74.293678 119.297272 51.402351 -60.343315 1.043808 23.322187 -0.540171 -0.135561 1.320247 -3.286555 14.086035 17.636499 -26.322563 52.410950 -19.466511 -14.395501 29.410234 0.000004 -8.774760 -0.000001 16.200890 -18.274502 6.198191 -0.609776 -1.795644 -3.889312 -4.807063 -11.046741 -2.937834 -0.000005 -20.975878 -0.000004 -5.019929 -25.033413 -4.031869 0.000007 0.000003 -0.000001 -10.634470 -5.686943 -3.565569 10.573186 -17.922829 -3.113876 -0.000004 -13.821123 0.000002 -0.501774 -31.181330 -4.026992 -11.461151 -59.856335 7.738077 -13.982631 -7.150165 -2.875030 13.772629 -8.401430 -3.218220 0.347710 -34.211323 0.771659 -0.963038 -17.733288 2.621016 -0.000002 0.000001 -0.000001 -17.346317 -20.095110 -4.201768 21.757414 -1.638349 3.866409 -0.000002 -6.338789 0.000002 -1.697572 -22.591635 -6.193985 -0.000001 -0.000003 -0.000002 31.774101 -81.652496 159.957458 25.706018 -18.409994 -52.855274 125.766693 0.167355 1.449418 -3.882908 32.510647 25.856930 22.181952 -20.375727 49.933018 -16.701715 -16.743454 28.476364 0.000004 -12.690539 0.000008 16.879864 -17.377869 2.287704 -0.105917 -1.513848 -4.275859 -5.039017 -5.612846 -2.953537 -0.000001 -11.020472 -0.000004 -6.111272 -15.895276 -3.840458 -0.000001 -0.000005 0.000001 -10.283319 -5.680265 -4.341810 11.028230 -11.302334 -2.372625 -1.384266 -14.238505 -6.320087 -0.625425 -26.924072 -3.827595 -4.689338 -50.109501 -3.771105 -13.708456 -7.363445 -3.720909 18.141048 -14.052651 -3.242665 0.000001 -18.787178 -0.000010 -0.429709 -8.456011 2.555489 0.000000 -0.000002 0.000000 -15.923463 -20.094385 -5.473542 30.419067 -7.190765 1.735908 -0.000001 -8.162881 -0.000006 -1.861896 -22.861383 -6.167931 0.000002 -0.000002 -0.000001 -168.787384 -3.092706 2.467601 5.520047 -0.045675 -0.012204 -77.069771 -8.999489 -4.999663 -4.442985 1.566739 2.141052 -0.999996 -0.000001 -0.000000 11.761184 -1.626416 -3.525581 5.426374 -0.042444 0.186393 -77.817383 -6.492581 -7.142210 -5.611096 0.725364 1.685966 -0.999999 0.000000 0.000000
0.000000 0.000000 0.000000 0.000000 -0.000000 0.000000 0.121576 99.626526 0.027699 89.538803 8.932094 92.962036 0.507010 -0.447743 0.498081 -10.678128 -0.085124 1.578788 19.044474 -1.349159 0.047885 23.682795 3.618942 3.301812 -2.660289 -0.674711 -0.073939 -32.419651 0.838507 -0.827312 0.000006 -0.000000 -0.000001 0.040833 -0.005345 0.017260 0.057139 -0.053452 0.031446 0.067848 0.038137 0.016254 -105.700546 -74.214668 120.256699 51.190525 -60.001163 1.098637 23.229252 -0.685006 -0.163172 1.543941 -3.200573 14.483061 17.636696 -26.322737 52.411255 -19.466745 -14.395631 29.410467 0.000013 -8.774879 -0.000005 16.098116 -18.293360 6.250896 -0.609779 -1.795663 -3.889333 -4.807126 -11.046872 -2.937862 -0.000017 -20.976151 -0.000020 -5.020015 -25.033806 -4.031957 0.000005 0.000001 0.000000 -10.634579 -5.687005 -3.565590 10.573308 -17.923031 -3.113920 -0.000007 -13.821303 -0.000016 -0.501769 -31.181831 -4.027106 -11.532186 -59.888180 7.724574 -13.982773 -7.150243 -2.875039 13.772785 -8.401516 -3.218253 0.347718 -34.211811 0.771612 -0.963031 -17.733538 2.621011 -0.000001 -0.000001 -0.000003 -17.346519 -20.095324 -4.201772 21.757671 -1.638357 3.866452 -0.000005 -6.338860 -0.000008 -1.697610 -22.591951 -6.194100 0.000001 -0.000002 0.000001 32.361111 -81.837738 159.343872 25.480213 -18.721910 -53.989635 122.289406 0.208496 1.553572 -10.455840 31.406757 20.370132 22.182190 -20.375967 49.933372 -16.701838 -16.743591 28.476572 0.000004 -12.690661 -0.000004 16.510023 -17.266920 2.556978 -0.105920 -1.513857 -4.275887 -5.039062 -5.612889 -2.953558 -0.000003 -11.020581 0.000010 -6.111346 -15.895447 -3.840479 -0.000002 -0.000001 0.000002 -10.283401 -5.680304 -4.341842 11.028326 -11.302436 -2.372626 -1.384285 -14.238644 -6.320132 -0.625464 -26.924377 -3.827598 -4.545409 -49.964867 -3.788770 -13.708566 -7.363497 -3.720938 18.141211 -14.052785 -3.242668 -0.000008 -18.787384 0.000012 -0.429718 -8.456118 2.555529 -0.000001 -0.000001 -0.000000 -15.923599 -20.094538 -5.473567 30.419317 -7.190833 1.735943 -0.000003 -8.162972 0.000003 -1.861930 -22.861662 -6.167975 -0.000001 -0.000002 -0.000001 -168.585770 -3.054200 2.471689 5.452860 -0.049357 -0.014306 -77.167038 -8.991523 -5.041580 -4.502280 1.562939 2.142218 -1.000001 0.000001 0.000000 11.919127 -1.676019 -3.251906 5.387557 -0.031100 0.182098 -77.740997 -6.612322 -7.260046 -5.535028 0.782848 1.706434 -1.000002 -0.000000 -0.000000
0.000000 0.000000 0.000000 0.000000 -0.000000 0.000000 0.157025 99.625481 0.080388 89.569077 9.011516 92.903404 0.539657 -0.413902 0.500726 -10.623807 -0.085541 1.547701 18.952356 -1.434538 0.093093 23.781677 3.430010 3.439382 -2.710769 -0.703309 -0.106810 -32.360241 0.904610 -0.711699 0.000005 -0.000000 0.000000 0.063028 -0.005736 0.045062 0.051345 -0.061179 0.048872 0.067971 0.044345 0.054888 -106.545723 -74.218460 121.109497 50.741802 -59.816051 1.640477 23.172726 -0.720438 -0.161097 1.552079 -3.091064 14.519113 17.636686 -26.322687 52.411057 -19.466745 -14.395602 29.410376 -0.000019 -8.774840 -0.000005 16.061373 -18.300554 6.263990 -0.609771 -1.795657 -3.889325 -4.807075 -11.046824 -2.937856 0.000056 -20.976088 -0.000018 -5.019918 -25.033686 -4.031888 0.000007 0.000003 -0.000002 -10.634537 -5.686962 -3.565583 10.573322 -17.923004 -3.113917 0.000038 -13.821250 -0.000007 -0.501699 -31.181662 -4.027013 -11.678671 -60.031490 7.808264 -13.982717 -7.150186 -2.875035 13.772759 -8.401532 -3.218246 0.347834 -34.211689 0.771614 -0.962981 -17.733475 2.621037 -0.000001 0.000002 0.000000 -17.346409 -20.095213 -4.201779 21.757584 -1.638414 3.866428 0.000016 -6.338839 -0.000008 -1.697520 -22.591846 -6.194042 -0.000003 -0.000003 -0.000001 33.312000 -81.947067 158.185501 24.972237 -19.049286 -54.021149 119.319336 0.050642 1.615748 -16.012152 28.703159 16.637526 22.182276 -20.375975 49.933445 -16.701830 -16.743547 28.476572 -0.000005 -12.690647 -0.000024 15.944144 -16.959421 2.779148 -0.105924 -1.513856 -4.275887 -5.039062 -5.612879 -2.953571 0.000009 -11.020564 0.000004 -6.111320 -15.895421 -3.840513 -0.000001 0.000000 0.000002 -10.283405 -5.680293 -4.341860 11.028328 -11.302431 -2.372616 -1.384276 -14.238624 -6.320146 -0.625427 -26.924339 -3.827614 -4.374183 -49.597290 -3.718936 -13.708570 -7.363484 -3.720962 18.141203 -14.052777 -3.242652 0.000016 -18.787340 0.000009 -0.429704 -8.456094 2.555531 -0.000001 -0.000000 0.000002 -15.923589 -20.094509 -5.473612 30.419304 -7.190862 1.735983 0.000010 -8.162961 0.000005 -1.861889 -22.861597 -6.167971 -0.000000 -0.000001 -0.000001 -168.419678 -3.007802 2.409453 5.400185 -0.046060 0.007150 -77.218353 -8.955018 -4.952460 -4.536378 1.571159 2.139872 -0.999997 -0.000000 0.000001 12.042427 -1.730024 -3.207450 5.356001 -0.021842 0.195232 -77.678352 -6.548037 -7.362955 -5.572682 0.845655 1.719173 -1.000003 -0.000000 0.000001
0.000000 0.000000 0.000000 0.000000 -0.000000 0.000000 0.161773 99.632530 0.118088 89.589424 9.015319 92.894066 0.534160 -0.391810 0.520932 -10.612662 -0.098895 1.470433 18.944754 -1.461193 0.107207 23.758715 3.270446 3.548140 -2.746923 -0.690451 -0.166875 -32.342587 0.906955 -0.608347 0.000005 -0.000000 -0.000000 0.062992 -0.003150 0.068735 0.043460 -0.061453 0.069007 0.063672 0.048820 0.081478 -106.887199 -74.298141 121.427490 50.439461 -59.818089 1.969712 23.141357 -0.656518 -0.154127 1.534927 -3.017362 14.467384 17.636513 -26.322731 52.411263 -19.466553 -14.395566 29.410389 0.000018 -8.774798 0.000005 16.096809 -18.293316 6.208582 -0.609777 -1.795646 -3.889324 -4.807095 -11.046785 -2.937847 -0.000043 -20.975971 0.000011 -5.020004 -25.033554 -4.031891 0.000002 0.000001 -0.000003 -10.634511 -5.686971 -3.565586 10.573199 -17.922880 -3.113880 -0.000030 -13.821182 0.000008 -0.501843 -31.181498 -4.027015 -11.791964 -60.132370 7.849752 -13.982680 -7.150201 -2.875042 13.772670 -8.401442 -3.218234 0.347632 -34.211498 0.771698 -0.963085 -17.733391 2.621027 -0.000002 0.000002 0.000001 -17.346392 -20.095188 -4.201775 21.757496 -1.638327 3.866423 -0.000014 -6.338817 0.000009 -1.697633 -22.591766 -6.194010 -0.000001 -0.000002 -0.000004 34.027946 -81.918930 157.394455 24.519283 -19.186192 -53.378769 119.052750 -0.267248 1.619871 -16.911251 27.194967 16.479639 22.181938 -20.375782 49.933033 -16.701799 -16.743498 28.476423 -0.000003 -12.690557 0.000026 15.593261 -16.877951 2.849732 -0.105912 -1.513857 -4.275867 -5.039020 -5.612874 -2.953530 -0.000003 -11.020534 -0.000001 -6.111286 -15.895382 -3.840428 0.000001 0.000003 -0.000001 -10.283330 -5.680286 -4.341804 11.028254 -11.302396 -2.372642 -1.384268 -14.238599 -6.320088 -0.625450 -26.924271 -3.827599 -4.317357 -49.357864 -3.715415 -13.708471 -7.363471 -3.720898 18.141085 -14.052725 -3.242697 -0.000001 -18.787294 -0.000023 -0.429710 -8.456065 2.555478 0.000001 0.000001 0.000002 -15.923487 -20.094471 -5.473522 30.419123 -7.190782 1.735871 -0.000004 -8.162929 -0.000018 -1.861884 -22.861536 -6.167972 -0.000002 -0.000003 -0.000001 -168.373611 -2.992607 2.283298 5.365217 -0.031637 0.018133 -77.180283 -8.856317 -4.856095 -4.605490 1.600187 2.141147 -0.999997 0.000001 0.000000 12.079559 -1.748934 -3.246393 5.348092 -0.013754 0.214470 -77.627655 -6.514994 -7.388008 -5.639679 0.843825 1.711491 -0.999998 0.000000 0.000000
0.000000 0.000000 0.000000 0.000000 -0.000000 0.000000 0.158032 99.652885 0.153561 89.578674 8.971781 92.839325 0.514929 -0.389770 0.544194 -10.613263 -0.123401 1.405884 18.985325 -1.390391 0.023424 23.618380 3.136532 3.602916 -2.729934 -0.642324 -0.198731 -32.419834 0.837300 -0.487593 0.000006 0.000000 0.000000 0.060720 0.001641 0.080339 0.018472 -0.048355 0.074853 0.042023 0.044629 0.098199 -106.759659 -74.418159 121.255737 50.253387 -59.997135 1.947454 23.026566 -0.603748 -0.127368 1.630160 -3.009042 14.321022 17.636740 -26.322779 52.411251 -19.466717 -14.395643 29.410442 0.000013 -8.774881 -0.000011 16.129583 -18.297421 6.150932 -0.609780 -1.795661 -3.889330 -4.807129 -11.046863 -2.937852 -0.000021 -20.976139 -0.000003 -5.020041 -25.033772 -4.031939 0.000005 0.000001 0.000001 -10.634586 -5.686999 -3.565588 10.573314 -17.923023 -3.113903 -0.000009 -13.821286 -0.000003 -0.501804 -31.181770 -4.027066 -11.920910 -60.224606 7.855659 -13.982780 -7.150233 -2.875036 13.772793 -8.401512 -3.218245 0.347701 -34.211758 0.771657 -0.963051 -17.733509 2.621035 0.000002 0.000001 -0.000002 -17.346525 -20.095306 -4.201771 21.757685 -1.638365 3.866461 -0.000006 -6.338860 0.000000 -1.697631 -22.591944 -6.194076 -0.000000 -0.000003 0.000001 34.215412 -81.768082 157.339645 24.201672 -19.060553 -52.137806 121.855019 -0.377283 1.521003 -13.934021 26.790657 19.685232 22.182384 -20.376080 49.933681 -16.701941 -16.743622 28.476740 0.000001 -12.690740 -0.000028 15.471555 -17.018997 3.019975 -0.105926 -1.513865 -4.275907 -5.039093 -5.612921 -2.953587 0.000007 -11.020646 0.000003 -6.111373 -15.895574 -3.840548 -0.000001 0.000001 -0.000000 -10.283454 -5.680328 -4.341877 11.028387 -11.302499 -2.372630 -1.384290 -14.238742 -6.320199 -0.625435 -26.924616 -3.827660 -4.414200 -49.254372 -3.705064 -13.708632 -7.363528 -3.720980 18.141304 -14.052863 -3.242669 0.000013 -18.787497 0.000005 -0.429711 -8.456177 2.555555 -0.000000 -0.000000 0.000001 -15.923671 -20.094627 -5.473635 30.419453 -7.190908 1.735998 0.000009 -8.163021 0.000005 -1.861901 -22.861835 -6.168044 -0.000001 -0.000002 -0.000000 -168.404327 -2.994470 2.227241 5.380075 -0.025301 0.043741 -77.174080 -8.888404 -4.841243 -4.717259 1.646302 2.149449 -0.999993 -0.000000 -0.000000 12.020663 -1.743905 -3.161553 5.397017 -0.018108 0.244360 -77.579086 -6.553726 -7.355663 -5.680818 0.813859 1.704505 -1.000001 -0.000000 0.000000
0.000000 0.000000 0.000000 0.000000 -0.000000 0.000000 0.151907 99.661346 0.193828 89.518723 8.872602 92.687584 0.493655 -0.389208 0.542681 -10.630898 -0.174327 1.385825 19.007832 -1.217918 -0.068105 23.443089 3.005211 3.511612 -2.689187 -0.595484 -0.118180 -32.443947 0.645754 -0.366568 0.000006 -0.000000 0.000000 0.058599 0.008293 0.088187 -0.024280 -0.029999 0.074396 -0.001735 0.040356 0.114160 -106.329689 -74.545364 120.660744 50.069588 -60.405983 1.698160 22.759811 -0.551008 -0.121536 1.669732 -3.300003 14.368223 17.636560 -26.322592 52.411022 -19.466579 -14.395537 29.410290 0.000009 -8.774796 -0.000004 16.118246 -18.307991 6.146540 -0.609778 -1.795649 -3.889317 -4.807083 -11.046776 -2.937844 -0.000005 -20.975937 -0.000015 -5.019947 -25.033493 -4.031899 0.000007 0.000006 0.000000 -10.634507 -5.686964 -3.565573 10.573220 -17.922880 -3.113890 -0.000005 -13.821163 -0.000012 -0.501773 -31.181429 -4.027035 -11.991973 -60.282074 7.845411 -13.982680 -7.150189 -2.875032 13.772676 -8.401450 -3.218235 0.347714 -34.211437 0.771640 -0.963031 -17.733343 2.621011 -0.000004 0.000001 -0.000002 -17.346386 -20.095171 -4.201769 21.757490 -1.638351 3.866420 -0.000005 -6.338801 -0.000003 -1.697592 -22.591692 -6.194016 -0.000001 -0.000005 -0.000000 33.690136 -81.222130 158.172546 23.931641 -18.187735 -50.132542 126.976822 -0.336552 1.249225 -6.028567 27.563137 26.600145 22.182074 -20.375816 49.933193 -16.701815 -16.743490 28.476484 -0.000003 -12.690590 -0.000004 15.429302 -17.074114 3.174407 -0.105918 -1.513860 -4.275874 -5.039036 -5.612875 -2.953551 0.000006 -11.020536 -0.000011 -6.111283 -15.895377 -3.840489 -0.000001 -0.000004 -0.000001 -10.283357 -5.680288 -4.341828 11.028278 -11.302406 -2.372635 -1.384266 -14.238595 -6.320127 -0.625411 -26.924267 -3.827632 -4.578326 -49.165051 -3.647475 -13.708504 -7.363474 -3.720929 18.141121 -14.052739 -3.242677 0.000017 -18.787291 -0.000020 -0.429701 -8.456061 2.555498 0.000001 0.000002 0.000001 -15.923512 -20.094486 -5.473570 30.419170 -7.190816 1.735922 0.000005 -8.162930 -0.000010 -1.861867 -22.861530 -6.167986 -0.000004 -0.000003 -0.000001 -168.480820 -3.028555 2.247333 5.408977 -0.023553 0.045420 -77.170502 -9.062367 -4.944281 -4.712602 1.668314 2.158682 -0.999998 0.000000 -0.000000 11.844340 -1.713202 -3.068547 5.505826 -0.026604 0.254003 -77.665970 -6.519395 -7.267491 -5.670481 0.745054 1.687695 -1.000005 0.000000 -0.000000
0.000000 0.000000 0.000000 0.000000 -0.000000 0.000000 0.147808 99.616753 0.222908 89.468468 8.743647 92.574524 0.457360 -0.404017 0.489068 -10.656225 -0.221352 1.380331 19.023411 -1.039451 -0.011649 23.311367 2.919784 3.351998 -2.711820 -0.547016 -0.064032 -32.344093 0.396931 -0.186801 0.000005 -0.000000 0.000000 0.035379 0.008390 0.060239 -0.043597 -0.029194 0.052126 -0.039450 0.042389 0.080643 -105.805466 -74.594658 120.011696 50.308403 -60.647743 1.416928 22.467024 -0.657547 -0.156874 1.686996 -3.654192 14.373619 17.636591 -26.322687 52.411106 -19.466629 -14.395572 29.410364 -0.000005 -8.774816 -0.000005 16.181816 -18.341276 6.238071 -0.609776 -1.795650 -3.889322 -4.807074 -11.046787 -2.937848 0.000018 -20.976004 0.000002 -5.019946 -25.033592 -4.031881 0.000006 -0.000000 -0.000001 -10.634507 -5.686953 -3.565581 10.573262 -17.922922 -3.113894 0.000013 -13.821206 0.000006 -0.501750 -31.181572 -4.027000 -12.033710 -60.348991 8.050903 -13.982678 -7.150176 -2.875040 13.772703 -8.401482 -3.218234 0.347744 -34.211559 0.771667 -0.963031 -17.733425 2.621043 -0.000003 0.000001 -0.000001 -17.346365 -20.095165 -4.201786 21.757515 -1.638381 3.866424 0.000003 -6.338823 0.000001 -1.697571 -22.591797 -6.194020 -0.000001 -0.000001 -0.000003 31.625320 -80.215561 160.497955 23.676056 -16.351622 -48.094429 131.960587 -0.506300 1.159415 5.580883 28.630749 36.491936 22.182070 -20.375820 49.933159 -16.701767 -16.743490 28.476442 -0.000007 -12.690577 -0.000002 15.924385 -17.125162 2.795981 -0.105919 -1.513851 -4.275872 -5.039029 -5.612854 -2.953548 0.000008 -11.020505 0.000000 -6.111277 -15.895322 -3.840474 0.000001 0.000000 -0.000000 -10.283347 -5.680271 -4.341825 11.028269 -11.302374 -2.372625 -1.384262 -14.238547 -6.320106 -0.625416 -26.924171 -3.827597 -4.775058 -49.369976 -3.734368 -13.708494 -7.363454 -3.720928 18.141108 -14.052699 -3.242659 0.000010 -18.787237 -0.000002 -0.429707 -8.456043 2.555508 0.000000 -0.000001 0.000001 -15.923497 -20.094419 -5.473568 30.419146 -7.190811 1.735928 0.000003 -8.162912 0.000001 -1.861882 -22.861469 -6.167942 -0.000001 -0.000004 -0.000003 -168.560562 -3.085089 2.127639 5.340334 -0.005460 -0.019783 -77.163185 -9.079431 -4.919175 -4.621573 1.657219 2.158614 -1.000000 -0.000000 0.000000 11.684236 -1.680612 -3.278361 5.517518 -0.029184 0.233395 -77.887100 -6.260545 -7.187393 -5.694530 0.672960 1.666008 -1.000000 -0.000000 0.000000
0.000000 0.000000 0.000000 0.000000 -0.000000 0.000000 0.130701 99.592598 0.272339 89.461754 8.682742 92.490051 0.452374 -0.455049 0.453130 -10.696234 -0.240909 1.333947 19.047081 -0.911503 0.128132 23.257097 2.945617 3.274841 -2.755666 -0.503693 -0.032267 -32.257957 0.222469 -0.009125 0.000006 -0.000000 -0.000000 0.012945 0.005784 0.030023 -0.011598 -0.041931 0.038060 -0.023477 0.052203 0.034703 -105.724739 -74.588676 119.903587 50.694233 -60.705791 1.470278 22.213522 -0.623214 -0.152841 1.897284 -3.784353 13.865623 17.636616 -26.322807 52.411301 -19.466722 -14.395672 29.410498 -0.000015 -8.774858 0.000006 16.301098 -18.299864 6.207392 -0.609772 -1.795650 -3.889336 -4.807082 -11.046814 -2.937856 0.000040 -20.976072 0.000006 -5.019959 -25.033670 -4.031875 0.000008 -0.000001 -0.000002 -10.634536 -5.686958 -3.565589 10.573321 -17.922979 -3.113914 0.000021 -13.821246 0.000013 -0.501745 -31.181669 -4.026987 -11.872670 -60.348812 8.084295 -13.982719 -7.150183 -2.875043 13.772772 -8.401516 -3.218260 0.347775 -34.211678 0.771695 -0.963029 -17.733482 2.621081 0.000000 0.000002 0.000003 -17.346411 -20.095200 -4.201794 21.757605 -1.638406 3.866413 0.000009 -6.338842 0.000008 -1.697560 -22.591858 -6.194015 -0.000002 -0.000003 0.000000 29.155994 -79.475479 163.140060 23.654049 -14.932163 -47.946461 135.391479 -1.126650 1.491199 14.253475 28.836666 46.336376 22.182045 -20.375847 49.933159 -16.701744 -16.743494 28.476425 -0.000007 -12.690563 0.000006 16.728880 -17.172146 2.424808 -0.105920 -1.513849 -4.275868 -5.039025 -5.612853 -2.953543 0.000007 -11.020498 0.000004 -6.111272 -15.895308 -3.840452 0.000000 -0.000000 0.000001 -10.283339 -5.680269 -4.341822 11.028257 -11.302368 -2.372620 -1.384259 -14.238544 -6.320095 -0.625433 -26.924154 -3.827581 -4.992826 -49.604694 -3.686683 -13.708483 -7.363453 -3.720926 18.141088 -14.052694 -3.242660 0.000001 -18.787235 0.000008 -0.429710 -8.456045 2.555506 0.000002 0.000002 0.000001 -15.923491 -20.094418 -5.473557 30.419115 -7.190799 1.735916 0.000002 -8.162906 0.000004 -1.861892 -22.861452 -6.167922 0.000003 -0.000002 -0.000003 -168.590897 -3.101698 2.032121 5.313721 0.009647 -0.052038 -77.184319 -8.966618 -4.779846 -4.573776 1.637389 2.161230 -0.999999 -0.000000 -0.000000 11.656528 -1.666317 -3.509003 5.447104 -0.032619 0.221728 -77.960457 -6.067578 -7.075810 -5.640802 0.661573 1.659981 -1.000001 -0.000000 -0.000000
0.000000 0.000000 0.000000 0.000000 0.000000 0.000000 0.129106 99.593101 0.273607 89.460622 8.680714 92.482154 0.455209 -0.452131 0.452256 -10.694780 -0.240801 1.331116 19.046461 -0.908052 0.125136 23.244613 2.926695 3.273554 -2.755079 -0.504127 -0.034354 -32.272258 0.216646 -0.012455 0.000006 0.000000 0.000000 0.012987 0.005850 0.030027 -0.010992 -0.041817 0.038094 -0.022798 0.052219 0.034656 -105.730942 -74.589974 119.907787 50.671480 -60.714403 1.474101 22.218456 -0.622705 -0.152736 1.896528 -3.785955 13.847121 17.636616 -26.322806 52.411300 -19.466722 -14.395672 29.410497 -0.000015 -8.774858 0.000006 16.299690 -18.299328 6.207453 -0.609772 -1.795650 -3.889336 -4.807082 -11.046814 -2.937856 0.000040 -20.976072 0.000006 -5.019959 -25.033669 -4.031875 0.000008 -0.000001 -0.000002 -10.634536 -5.686958 -3.565589 10.573321 -17.922979 -3.113914 0.000021 -13.821246 0.000013 -0.501745 -31.181668 -4.026987 -11.870915 -60.347687 8.081688 -13.982719 -7.150183 -2.875043 13.772772 -8.401516 -3.218260 0.347775 -34.211677 0.771695 -0.963029 -17.733482 2.621081 0.000000 0.000002 0.000003 -17.346411 -20.095200 -4.201794 21.757605 -1.638406 3.866413 0.000009 -6.338842 0.000008 -1.697560 -22.591857 -6.194015 -0.000002 -0.000003 0.000000 29.223750 -79.470340 163.081625 23.694047 -15.096464 -47.825740 134.998454 -1.120762 1.486518 14.174184 28.748102 46.165226 22.182045 -20.375847 49.933158 -16.701744 -16.743494 28.476425 -0.000007 -12.690563 0.000006 16.728380 -17.175096 2.425313 -0.105920 -1.513849 -4.275868 -5.039025 -5.612853 -2.953543 0.000007 -11.020498 0.000004 -6.111272 -15.895308 -3.840452 0.000000 0.000000 0.000001 -10.283339 -5.680269 -4.341822 11.028257 -11.302368 -2.372620 -1.384259 -14.238544 -6.320095 -0.625433 -26.924154 -3.827581 -4.991418 -49.610392 -3.685437 -13.708483 -7.363453 -3.720926 18.141088 -14.052694 -3.242660 0.000001 -18.787235 0.000008 -0.429710 -8.456045 2.555506 0.000002 0.000002 0.000001 -15.923491 -20.094418 -5.473557 30.419115 -7.190799 1.735916 0.000002 -8.162906 0.000004 -1.861892 -22.861452 -6.167922 0.000003 -0.000002 -0.000003 -168.591739 -3.102307 2.028310 5.314314 0.009425 -0.051777 -77.183799 -8.969366 -4.782885 -4.575852 1.637195 2.161251 -0.999999 0.000000 0.000000 11.654284 -1.665725 -3.506806 5.446939 -0.032698 0.221509 -77.958567 -6.064807 -7.074276 -5.641355 0.661764 1.660032 -1.000001 0.000000 0.000000
0.000000 0.000000 0.000000 0.000000 0.000000 0.000000 0.125828 99.594737 0.276783 89.457756 8.673627 92.462776 0.463148 -0.444070 0.449732 -10.690270 -0.240286 1.322650 19.045282 -0.897513 0.116060 23.204052 2.878693 3.269919 -2.752871 -0.505316 -0.042787 -32.315344 0.203005 -0.028781 0.000006 0.000000 0.000000 0.012944 0.005996 0.030022 -0.009256 -0.041410 0.038183 -0.020760 0.052096 0.034498 -105.758772 -74.594516 119.928110 50.611587 -60.739688 1.475753 22.241275 -0.621234 -0.152256 1.891232 -3.792366 13.791805 17.636614 -26.322805 52.411299 -19.466719 -14.395670 29.410496 -0.000015 -8.774857 0.000006 16.295884 -18.298462 6.207836 -0.609772 -1.795650 -3.889336 -4.807082 -11.046813 -2.937856 0.000039 -20.976070 0.000006 -5.019959 -25.033667 -4.031875 0.000008 -0.000001 -0.000002 -10.634535 -5.686958 -3.565589 10.573319 -17.922977 -3.113913 0.000020 -13.821245 0.000013 -0.501746 -31.181665 -4.026987 -11.866557 -60.343782 8.074668 -13.982718 -7.150183 -2.875043 13.772770 -8.401515 -3.218260 0.347773 -34.211674 0.771695 -0.963030 -17.733480 2.621080 -0.000000 0.000002 0.000003 -17.346410 -20.095199 -4.201794 21.757603 -1.638405 3.866413 0.000009 -6.338841 0.000008 -1.697561 -22.591855 -6.194015 -0.000002 -0.000003 0.000000 29.415443 -79.452460 162.919084 23.783072 -15.576262 -47.422538 133.814406 -1.109326 1.472323 13.927045 28.447529 45.685630 22.182044 -20.375845 49.933158 -16.701744 -16.743494 28.476424 -0.000007 -12.690563 0.000006 16.724579 -17.182413 2.429509 -0.105920 -1.513849 -4.275868 -5.039025 -5.612853 -2.953543 0.000007 -11.020497 0.000004 -6.111272 -15.895307 -3.840452 -0.000000 0.000000 0.000001 -10.283339 -5.680269 -4.341822 11.028257 -11.302367 -2.372620 -1.384259 -14.238543 -6.320095 -0.625432 -26.924151 -3.827581 -4.987760 -49.625523 -3.681193 -13.708483 -7.363453 -3.720926 18.141088 -14.052693 -3.242660 0.000001 -18.787233 0.000008 -0.429710 -8.456044 2.555506 0.000002 0.000002 0.000001 -15.923491 -20.094417 -5.473557 30.419115 -7.190799 1.735916 0.000002 -8.162905 0.000004 -1.861892 -22.861450 -6.167922 0.000003 -0.000002 -0.000003 -168.596475 -3.103615 2.019729 5.316169 0.008754 -0.051064 -77.182183 -8.975327 -4.791105 -4.581775 1.636751 2.161340 -0.999999 -0.000000 0.000000 11.646726 -1.664500 -3.502671 5.446360 -0.032905 0.221282 -77.952835 -6.057370 -7.071396 -5.643811 0.661988 1.660109 -1.000001 0.000000 0.000000
0.000000 0.000000 0.000000 0.000000 0.000000 0.000000 0.123527 99.597379 0.280602 89.454192 8.660323 92.437967 0.475690 -0.431919 0.446069 -10.683120 -0.239158 1.307846 19.045274 -0.880252 0.098086 23.132112 2.814285 3.264016 -2.748633 -0.508433 -0.059046 -32.388054 0.188743 -0.066380 0.000006 0.000000 0.000000 0.013058 0.006277 0.030409 -0.006410 -0.040592 0.038675 -0.017428 0.051829 0.034688 -105.820675 -74.602173 119.977742 50.535175 -60.777628 1.461528 22.291315 -0.618219 -0.151576 1.873776 -3.807460 13.702608 17.636614 -26.322804 52.411299 -19.466717 -14.395669 29.410495 -0.000014 -8.774857 0.000006 16.292716 -18.297789 6.207971 -0.609772 -1.795650 -3.889336 -4.807082 -11.046813 -2.937856 0.000038 -20.976068 0.000006 -5.019960 -25.033666 -4.031876 0.000008 -0.000001 -0.000002 -10.634536 -5.686958 -3.565589 10.573318 -17.922976 -3.113913 0.000020 -13.821244 0.000013 -0.501747 -31.181663 -4.026988 -11.859935 -60.338955 8.065628 -13.982718 -7.150183 -2.875043 13.772770 -8.401514 -3.218259 0.347772 -34.211671 0.771695 -0.963030 -17.733478 2.621080 -0.000000 0.000002 0.000003 -17.346411 -20.095199 -4.201794 21.757603 -1.638404 3.866414 0.000008 -6.338841 0.000008 -1.697562 -22.591854 -6.194015 -0.000002 -0.000003 -0.000000 29.730296 -79.417295 162.655274 23.849021 -16.343067 -46.626149 131.908944 -1.103244 1.449169 13.529167 27.865134 45.011222 22.182045 -20.375846 49.933164 -16.701746 -16.743496 28.476429 -0.000007 -12.690565 0.000006 16.709751 -17.194275 2.440571 -0.105920 -1.513849 -4.275868 -5.039026 -5.612853 -2.953544 0.000007 -11.020498 0.000003 -6.111272 -15.895308 -3.840454 0.000000 -0.000000 0.000001 -10.283340 -5.680269 -4.341822 11.028258 -11.302368 -2.372621 -1.384259 -14.238544 -6.320097 -0.625431 -26.924154 -3.827583 -4.980241 -49.644310 -3.676688 -13.708484 -7.363453 -3.720926 18.141090 -14.052694 -3.242661 0.000001 -18.787234 0.000007 -0.429710 -8.456045 2.555506 0.000002 0.000002 0.000001 -15.923492 -20.094418 -5.473558 30.419119 -7.190799 1.735916 0.000002 -8.162906 0.000004 -1.861892 -22.861451 -6.167923 0.000003 -0.000002 -0.000003 -168.607561 -3.104242 2.010812 5.318861 0.007577 -0.050073 -77.179812 -8.982051 -4.803447 -4.590518 1.636072 2.161395 -0.999999 0.000000 0.000000 11.632841 -1.664129 -3.498974 5.445103 -0.033219 0.220811 -77.944459 -6.045685 -7.070439 -5.649775 0.661823 1.660007 -1.000001 0.000000 0.000000
0.000000 0.000000 0.000000 0.000000 0.000000 0.000000 0.124285 99.601107 0.282752 89.450081 8.640844 92.406985 0.493742 -0.416397 0.441729 -10.673920 -0.237361 1.285972 19.047502 -0.857265 0.067256 23.028813 2.743017 3.255174 -2.742350 -0.515336 -0.080605 -32.491576 0.180254 -0.127320 0.000006 0.000000 0.000000 0.013842 0.006646 0.031204 -0.001798 -0.039340 0.039613 -0.012301 0.051313 0.035232 -105.921673 -74.612959 120.063442 50.463068 -60.825580 1.417605 22.372555 -0.613757 -0.151222 1.836392 -3.832046 13.578483 17.636616 -26.322799 52.411289 -19.466714 -14.395666 29.410488 -0.000014 -8.774855 0.000005 16.292204 -18.297280 6.206460 -0.609772 -1.795650 -3.889335 -4.807082 -11.046812 -2.937855 0.000038 -20.976065 0.000006 -5.019959 -25.033660 -4.031876 0.000008 -0.000001 -0.000002 -10.634535 -5.686958 -3.565589 10.573317 -17.922974 -3.113912 0.000020 -13.821242 0.000013 -0.501748 -31.181656 -4.026988 -11.852028 -60.333246 8.055070 -13.982718 -7.150183 -2.875043 13.772768 -8.401513 -3.218258 0.347771 -34.211667 0.771694 -0.963030 -17.733476 2.621078 -0.000000 0.000002 0.000003 -17.346411 -20.095199 -4.201793 21.757601 -1.638404 3.866414 0.000008 -6.338840 0.000008 -1.697562 -22.591849 -6.194014 -0.000002 -0.000003 -0.000000 30.176538 -79.364088 162.280134 23.857874 -17.362091 -45.390623 129.398182 -1.105602 1.418286 13.030265 26.990214 44.208968 22.182047 -20.375846 49.933160 -16.701745 -16.743496 28.476427 -0.000007 -12.690565 0.000006 16.688181 -17.215333 2.454769 -0.105920 -1.513849 -4.275868 -5.039026 -5.612853 -2.953543 0.000007 -11.020498 0.000004 -6.111274 -15.895309 -3.840453 0.000000 -0.000000 0.000001 -10.283340 -5.680269 -4.341822 11.028258 -11.302368 -2.372620 -1.384260 -14.238544 -6.320096 -0.625433 -26.924154 -3.827582 -4.968476 -49.668437 -3.676335 -13.708485 -7.363454 -3.720926 18.141090 -14.052694 -3.242660 0.000001 -18.787235 0.000008 -0.429710 -8.456045 2.555506 0.000002 0.000002 0.000001 -15.923494 -20.094419 -5.473557 30.419119 -7.190799 1.735917 0.000002 -8.162906 0.000004 -1.861893 -22.861452 -6.167923 0.000003 -0.000002 -0.000003 -168.625617 -3.102421 2.000199 5.321891 0.005676 -0.049134 -77.175429 -8.989105 -4.819531 -4.601912 1.634982 2.161273 -0.999999 0.000000 0.000000 11.611166 -1.666248 -3.492853 5.442956 -0.033787 0.219321 -77.933002 -6.029201 -7.073734 -5.660275 0.661784 1.659731 -1.000001 0.000000 0.000000
0.000000 0.000000 0.000000 0.000000 0.000000 0.000000 0.129466 99.606654 0.279932 89.443298 8.614743 92.358260 0.517471 -0.397412 0.434789 -10.662050 -0.234489 1.257795 19.051589 -0.829528 0.023015 22.897166 2.667392 3.242711 -2.733409 -0.524465 -0.101081 -32.625441 0.181322 -0.208506 0.000006 0.000000 0.000000 0.015184 0.006871 0.031825 0.005532 -0.037970 0.040651 -0.004437 0.050394 0.035326 -106.059405 -74.627795 120.181250 50.409577 -60.888090 1.333099 22.478811 -0.607054 -0.151337 1.783970 -3.861939 13.412119 17.636621 -26.322805 52.411296 -19.466725 -14.395669 29.410495 -0.000015 -8.774858 0.000005 16.290809 -18.295703 6.203122 -0.609772 -1.795651 -3.889336 -4.807083 -11.046816 -2.937856 0.000039 -20.976077 0.000005 -5.019959 -25.033676 -4.031877 0.000008 -0.000001 -0.000002 -10.634537 -5.686960 -3.565589 10.573321 -17.922983 -3.113914 0.000021 -13.821249 0.000012 -0.501744 -31.181676 -4.026991 -11.842859 -60.321528 8.039028 -13.982720 -7.150185 -2.875043 13.772772 -8.401518 -3.218260 0.347776 -34.211685 0.771691 -0.963028 -17.733485 2.621078 -0.000000 0.000002 0.000003 -17.346413 -20.095205 -4.201794 21.757606 -1.638406 3.866414 0.000009 -6.338843 0.000007 -1.697560 -22.591863 -6.194018 -0.000002 -0.000003 0.000000 30.751622 -79.298706 161.795033 23.872298 -18.602796 -43.822120 126.364416 -1.109931 1.380409 12.447266 25.909933 43.210104 22.182052 -20.375857 49.933173 -16.701750 -16.743496 28.476435 -0.000008 -12.690566 0.000006 16.668638 -17.247073 2.465152 -0.105920 -1.513850 -4.275869 -5.039026 -5.612855 -2.953544 0.000008 -11.020503 0.000004 -6.111273 -15.895316 -3.840454 0.000000 0.000000 0.000001 -10.283341 -5.680270 -4.341824 11.028260 -11.302373 -2.372621 -1.384259 -14.238550 -6.320097 -0.625433 -26.924167 -3.827582 -4.952479 -49.699133 -3.682059 -13.708486 -7.363455 -3.720927 18.141093 -14.052701 -3.242661 0.000002 -18.787243 0.000008 -0.429710 -8.456049 2.555507 0.000002 0.000002 0.000001 -15.923494 -20.094424 -5.473559 30.419122 -7.190803 1.735916 0.000002 -8.162910 0.000004 -1.861891 -22.861463 -6.167924 0.000003 -0.000002 -0.000003 -168.651036 -3.097041 1.980118 5.325451 0.002896 -0.048210 -77.166326 -9.001341 -4.839347 -4.617986 1.633497 2.161054 -0.999999 0.000000 0.000000 11.577044 -1.671901 -3.477852 5.440773 -0.034668 0.217202 -77.913307 -6.004733 -7.080268 -5.673644 0.662238 1.659444 -1.000001 -0.000000 0.000000
0.000000 0.000000 0.000000 0.000000 0.000000 0.000000 0.140562 99.614034 0.269288 89.430059 8.580386 92.273310 0.546225 -0.374421 0.424490 -10.646895 -0.230844 1.224351 19.056187 -0.796943 -0.030999 22.743077 2.587398 3.227341 -2.722243 -0.534104 -0.118233 -32.790386 0.195358 -0.304548 0.000006 0.000000 0.000000 0.016707 0.006678 0.031644 0.014947 -0.037216 0.041013 0.005345 0.049288 0.034487 -106.222926 -74.650334 120.320638 50.391389 -60.972063 1.197358 22.600887 -0.597470 -0.151454 1.721559 -3.894308 13.204726 17.636640 -26.322802 52.411297 -19.466736 -14.395671 29.410498 -0.000013 -8.774865 0.000003 16.287585 -18.289981 6.199106 -0.609773 -1.795652 -3.889336 -4.807089 -11.046825 -2.937858 0.000036 -20.976091 0.000002 -5.019966 -25.033696 -4.031886 0.000008 -0.000000 -0.000002 -10.634545 -5.686965 -3.565589 10.573326 -17.922993 -3.113916 0.000020 -13.821258 0.000009 -0.501745 -31.181700 -4.027003 -11.831922 -60.302049 8.019425 -13.982731 -7.150191 -2.875043 13.772781 -8.401521 -3.218260 0.347775 -34.211708 0.771683 -0.963026 -17.733496 2.621074 -0.000000 0.000002 0.000003 -17.346429 -20.095221 -4.201793 21.757623 -1.638404 3.866420 0.000008 -6.338847 0.000006 -1.697565 -22.591881 -6.194028 -0.000002 -0.000003 0.000000 31.433150 -79.227290 161.222470 23.986163 -20.028879 -42.044396 122.880206 -1.103030 1.335579 11.787174 24.697837 42.005323 22.182079 -20.375869 49.933184 -16.701760 -16.743504 28.476440 -0.000007 -12.690576 0.000003 16.649760 -17.285724 2.472882 -0.105920 -1.513851 -4.275870 -5.039030 -5.612859 -2.953545 0.000007 -11.020512 0.000005 -6.111280 -15.895329 -3.840454 -0.000000 0.000000 0.000001 -10.283349 -5.680274 -4.341825 11.028269 -11.302382 -2.372619 -1.384262 -14.238562 -6.320099 -0.625437 -26.924193 -3.827580 -4.928344 -49.731707 -3.695065 -13.708497 -7.363459 -3.720928 18.141107 -14.052712 -3.242659 0.000003 -18.787260 0.000009 -0.429709 -8.456057 2.555509 0.000002 0.000002 0.000001 -15.923507 -20.094438 -5.473559 30.419144 -7.190811 1.735923 0.000003 -8.162917 0.000003 -1.861892 -22.861487 -6.167929 0.000003 -0.000002 -0.000003 -168.684907 -3.088009 1.939619 5.330167 -0.000051 -0.047354 -77.152074 -9.027566 -4.865684 -4.641136 1.631986 2.160840 -0.999999 0.000000 0.000000 11.522812 -1.682066 -3.445837 5.440889 -0.035660 0.215689 -77.882340 -5.963592 -7.084777 -5.688297 0.662721 1.659210 -1.000001 0.000000 0.000000
0.000000 0.000000 0.000000 0.000000 0.000000 0.000000 0.158718 99.622788 0.249197 89.408002 8.537552 92.139633 0.580666 -0.347120 0.412948 -10.627593 -0.228312 1.184651 19.057255 -0.758524 -0.091345 22.573041 2.500532 3.211253 -2.709847 -0.543301 -0.133754 -32.987991 0.218842 -0.409259 0.000006 0.000000 0.000000 0.018149 0.006260 0.030992 0.025792 -0.037153 0.040879 0.016193 0.048459 0.033143 -106.388091 -74.684984 120.452473 50.407792 -61.088721 1.026018 22.730525 -0.584091 -0.150291 1.644315 -3.933111 12.954865 17.636615 -26.322814 52.411303 -19.466719 -14.395671 29.410496 -0.000015 -8.774856 0.000006 16.283295 -18.280231 6.196566 -0.609772 -1.795650 -3.889336 -4.807081 -11.046812 -2.937855 0.000040 -20.976068 0.000008 -5.019958 -25.033660 -4.031872 0.000008 -0.000001 -0.000002 -10.634535 -5.686957 -3.565590 10.573320 -17.922977 -3.113913 0.000021 -13.821243 0.000013 -0.501746 -31.181660 -4.026983 -11.822184 -60.280877 8.002139 -13.982717 -7.150182 -2.875043 13.772770 -8.401515 -3.218260 0.347773 -34.211669 0.771698 -0.963030 -17.733476 2.621081 -0.000000 0.000002 0.000002 -17.346409 -20.095197 -4.201793 21.757601 -1.638407 3.866413 0.000009 -6.338841 0.000009 -1.697560 -22.591850 -6.194012 -0.000002 -0.000003 -0.000000 32.201848 -79.155073 160.572556 24.282855 -21.601999 -40.155866 119.024211 -1.073677 1.282859 11.068057 23.412416 40.636638 22.182052 -20.375869 49.933202 -16.701761 -16.743500 28.476455 -0.000011 -12.690567 0.000007 16.628146 -17.330083 2.484890 -0.105920 -1.513850 -4.275872 -5.039025 -5.612855 -2.953546 0.000011 -11.020505 0.000002 -6.111267 -15.895317 -3.840458 0.000000 -0.000000 0.000001 -10.283341 -5.680270 -4.341827 11.028264 -11.302377 -2.372623 -1.384254 -14.238552 -6.320102 -0.625422 -26.924173 -3.827585 -4.897528 -49.770523 -3.708569 -13.708486 -7.363454 -3.720931 18.141099 -14.052706 -3.242665 0.000007 -18.787245 0.000008 -0.429709 -8.456050 2.555509 0.000002 0.000002 0.000001 -15.923489 -20.094425 -5.473566 30.419126 -7.190810 1.735912 0.000004 -8.162911 0.000004 -1.861885 -22.861464 -6.167924 0.000003 -0.000002 -0.000003 -168.727245 -3.075702 1.870193 5.336648 -0.002580 -0.046895 -77.134153 -9.072784 -4.903792 -4.672670 1.631109 2.160937 -0.999999 0.000000 0.000000 11.443911 -1.697432 -3.387452 5.445502 -0.036102 0.214099 -77.840995 -5.902062 -7.084790 -5.703906 0.662636 1.658954 -1.000001 0.000000 0.000000
0.000000 0.000000 0.000000 0.000000 0.000000 0.000000 0.185297 99.633059 0.218774 89.375754 8.487371 91.948788 0.624618 -0.314999 0.400588 -10.604747 -0.227569 1.138647 19.051265 -0.714303 -0.157372 22.389879 2.403196 3.195165 -2.696165 -0.552113 -0.147923 -33.219115 0.250924 -0.518003 0.000006 0.000000 0.000000 0.019684 0.006010 0.030977 0.037910 -0.037057 0.041566 0.028188 0.047931 0.032215 -106.531842 -74.730347 120.552613 50.455452 -61.237385 0.838426 22.864651 -0.567645 -0.145283 1.545193 -3.988052 12.671011 17.636625 -26.322821 52.411300 -19.466734 -14.395673 29.410502 -0.000018 -8.774858 0.000006 16.277761 -18.265949 6.195563 -0.609771 -1.795651 -3.889335 -4.807078 -11.046816 -2.937856 0.000046 -20.976082 0.000008 -5.019953 -25.033679 -4.031869 0.000008 -0.000000 -0.000002 -10.634535 -5.686956 -3.565589 10.573327 -17.922990 -3.113915 0.000025 -13.821254 0.000015 -0.501739 -31.181691 -4.026979 -11.815310 -60.257666 7.988801 -13.982718 -7.150181 -2.875043 13.772775 -8.401524 -3.218261 0.347785 -34.211697 0.771697 -0.963026 -17.733493 2.621086 -0.000000 0.000002 0.000003 -17.346406 -20.095199 -4.201794 21.757604 -1.638414 3.866412 0.000012 -6.338845 0.000008 -1.697551 -22.591868 -6.194013 -0.000002 -0.000003 0.000000 33.029130 -79.080981 159.866649 24.806092 -23.278029 -38.233046 114.897799 -1.014195 1.223017 10.318229 22.119652 39.152996 22.182073 -20.375881 49.933200 -16.701775 -16.743504 28.476461 -0.000013 -12.690576 0.000005 16.601353 -17.372336 2.501990 -0.105919 -1.513851 -4.275872 -5.039027 -5.612859 -2.953547 0.000012 -11.020519 0.000004 -6.111272 -15.895340 -3.840456 0.000000 -0.000000 0.000001 -10.283345 -5.680271 -4.341827 11.028272 -11.302391 -2.372623 -1.384254 -14.238569 -6.320104 -0.625425 -26.924220 -3.827581 -4.863328 -49.808732 -3.715202 -13.708491 -7.363456 -3.720931 18.141112 -14.052725 -3.242664 0.000010 -18.787270 0.000010 -0.429708 -8.456064 2.555512 0.000001 0.000002 0.000001 -15.923495 -20.094435 -5.473564 30.419141 -7.190823 1.735915 0.000006 -8.162922 0.000004 -1.861883 -22.861504 -6.167929 0.000002 -0.000002 -0.000003 -168.776376 -3.059043 1.771936 5.344282 -0.004576 -0.047795 -77.112092 -9.144329 -4.953181 -4.707809 1.632347 2.161964 -0.999999 0.000000 0.000000 11.341013 -1.717165 -3.292185 5.452974 -0.036328 0.212462 -77.791410 -5.820068 -7.078942 -5.717642 0.663422 1.658847 -1.000001 0.000000 0.000000
0.000000 0.000000 0.000000 0.000000 0.000000 0.000000 0.222506 99.644240 0.176358 89.331582 8.432967 91.689701 0.680367 -0.279340 0.385403 -10.580426 -0.230194 1.084254 19.042728 -0.663746 -0.228834 22.198932 2.298496 3.179395 -2.683816 -0.561295 -0.156304 -33.482305 0.285490 -0.633149 0.000006 0.000000 0.000000 0.021605 0.006056 0.032128 0.052001 -0.036820 0.044058 0.041880 0.047823 0.031885 -106.631166 -74.787350 120.608141 50.549917 -61.403665 0.645332 23.008014 -0.548042 -0.137270 1.417535 -4.059255 12.380280 17.636621 -26.322776 52.411268 -19.466704 -14.395649 29.410469 -0.000010 -8.774851 0.000003 16.268440 -18.245573 6.197408 -0.609774 -1.795651 -3.889334 -4.807087 -11.046816 -2.937856 0.000028 -20.976065 0.000002 -5.019963 -25.033659 -4.031885 0.000008 -0.000001 -0.000001 -10.634538 -5.686964 -3.565588 10.573306 -17.922972 -3.113912 0.000015 -13.821240 0.000008 -0.501750 -31.181653 -4.027004 -11.808300 -60.230494 7.976790 -13.982721 -7.150191 -2.875043 13.772760 -8.401508 -3.218253 0.347762 -34.211661 0.771681 -0.963030 -17.733470 2.621066 -0.000000 0.000002 0.000002 -17.346420 -20.095211 -4.201790 21.757597 -1.638394 3.866421 0.000006 -6.338839 0.000005 -1.697568 -22.591847 -6.194021 -0.000002 -0.000002 -0.000000 33.883057 -78.993200 159.128141 25.590303 -25.002620 -36.366198 110.634053 -0.918489 1.156456 9.582211 20.934820 37.608789 22.182070 -20.375857 49.933207 -16.701763 -16.743515 28.476457 -0.000004 -12.690584 0.000005 16.564372 -17.399852 2.522944 -0.105920 -1.513851 -4.275872 -5.039033 -5.612859 -2.953547 0.000004 -11.020509 0.000003 -6.111287 -15.895329 -3.840461 -0.000000 0.000000 0.000000 -10.283353 -5.680277 -4.341825 11.028271 -11.302377 -2.372624 -1.384265 -14.238559 -6.320105 -0.625435 -26.924184 -3.827593 -4.832365 -49.834764 -3.707328 -13.708502 -7.363463 -3.720929 18.141112 -14.052704 -3.242665 -0.000001 -18.787253 0.000005 -0.429712 -8.456054 2.555508 0.000002 0.000002 0.000001 -15.923515 -20.094441 -5.473562 30.419158 -7.190801 1.735921 0.000001 -8.162914 0.000003 -1.861898 -22.861477 -6.167935 0.000002 -0.000002 -0.000003 -168.827780 -3.035966 1.640098 5.352267 -0.006184 -0.048425 -77.081958 -9.245757 -5.011573 -4.745215 1.635748 2.163837 -0.999999 0.000000 0.000000 11.217913 -1.739542 -3.154257 5.458534 -0.037241 0.210725 -77.732531 -5.714228 -7.068585 -5.722181 0.667057 1.659432 -1.000001 0.000000 0.000000
0.000000 0.000000 0.000000 0.000000 0.000000 0.000000 0.268325 99.657618 0.123489 89.278161 8.373065 91.381423 0.745041 -0.243181 0.368099 -10.555396 -0.234281 1.020451 19.031983 -0.607299 -0.307213 21.996841 2.188562 3.165162 -2.673299 -0.571602 -0.164314 -33.775019 0.317044 -0.754518 0.000006 0.000000 0.000000 0.023680 0.006413 0.034032 0.066703 -0.036553 0.047954 0.055915 0.048256 0.031780 -106.699821 -74.858363 120.631939 50.676088 -61.577155 0.472787 23.153876 -0.531336 -0.128374 1.268295 -4.142559 12.119687 17.636655 -26.322797 52.411309 -19.466754 -14.395670 29.410511 -0.000011 -8.774871 0.000001 16.254797 -18.220313 6.199359 -0.609774 -1.795655 -3.889336 -4.807094 -11.046836 -2.937861 0.000035 -20.976111 -0.000004 -5.019966 -25.033725 -4.031901 0.000007 0.000000 -0.000001 -10.634553 -5.686972 -3.565591 10.573331 -17.923008 -3.113922 0.000019 -13.821271 0.000004 -0.501738 -31.181739 -4.027025 -11.793840 -60.195304 7.948894 -13.982741 -7.150200 -2.875044 13.772789 -8.401527 -3.218262 0.347780 -34.211739 0.771667 -0.963021 -17.733512 2.621068 0.000000 0.000002 0.000002 -17.346444 -20.095240 -4.201794 21.757637 -1.638402 3.866425 0.000008 -6.338852 0.000004 -1.697563 -22.591905 -6.194046 -0.000002 -0.000003 0.000000 34.746924 -78.877902 158.362998 26.581941 -26.769880 -34.650401 106.304145 -0.808579 1.084898 8.897274 19.948340 35.953586 22.182109 -20.375866 49.933213 -16.701798 -16.743516 28.476471 -0.000007 -12.690598 -0.000001 16.523194 -17.410606 2.544133 -0.105920 -1.513854 -4.275874 -5.039037 -5.612870 -2.953550 0.000008 -11.020536 0.000001 -6.111290 -15.895372 -3.840466 0.000000 -0.000000 0.000001 -10.283362 -5.680283 -4.341829 11.028286 -11.302403 -2.372625 -1.384264 -14.238594 -6.320114 -0.625431 -26.924267 -3.827600 -4.817832 -49.845737 -3.674015 -13.708514 -7.363471 -3.720931 18.141137 -14.052740 -3.242667 0.000009 -18.787298 -0.000002 -0.429706 -8.456076 2.555510 0.000001 0.000001 0.000001 -15.923528 -20.094470 -5.473565 30.419190 -7.190827 1.735928 0.000005 -8.162933 -0.000001 -1.861882 -22.861545 -6.167958 0.000002 -0.000001 -0.000002 -168.884178 -3.009448 1.473535 5.358856 -0.007988 -0.046262 -77.043701 -9.354160 -5.070678 -4.786019 1.638435 2.165270 -1.000000 0.000000 0.000000 11.078550 -1.762053 -2.986237 5.456816 -0.039510 0.207861 -77.656655 -5.593614 -7.060642 -5.718432 0.674861 1.661047 -1.000001 0.000000 0.000000
0.000000 0.000000 0.000000 0.000000 0.000000 0.000000 0.320760 99.674159 0.059332 89.214950 8.301328 91.033695 0.813110 -0.206042 0.348466 -10.529182 -0.235383 0.950884 19.015861 -0.548108 -0.391728 21.781085 2.080041 3.151276 -2.658985 -0.583464 -0.171836 -34.086683 0.345068 -0.885556 0.000006 0.000000 0.000000 0.026136 0.007581 0.037062 0.082800 -0.035591 0.053178 0.071713 0.049510 0.032585 -106.743125 -74.941979 120.635679 50.840541 -61.746685 0.313268 23.281657 -0.514025 -0.120481 1.111760 -4.224550 11.887526 17.636553 -26.322706 52.411176 -19.466614 -14.395604 29.410389 -0.000001 -8.774818 0.000005 16.233376 -18.194856 6.198178 -0.609774 -1.795646 -3.889326 -4.807080 -11.046779 -2.937845 0.000008 -20.975972 0.000003 -5.019961 -25.033542 -4.031880 0.000007 -0.000000 -0.000002 -10.634511 -5.686954 -3.565581 10.573253 -17.922898 -3.113896 0.000001 -13.821181 0.000008 -0.501778 -31.181491 -4.026999 -11.771280 -60.146838 7.901995 -13.982685 -7.150178 -2.875036 13.772706 -8.401468 -3.218243 0.347722 -34.211499 0.771685 -0.963041 -17.733383 2.621046 0.000000 0.000001 0.000002 -17.346380 -20.095162 -4.201780 21.757525 -1.638370 3.866411 -0.000000 -6.338813 0.000006 -1.697585 -22.591735 -6.194001 -0.000002 -0.000003 0.000000 35.620292 -78.739453 157.560616 27.739146 -28.595027 -33.140065 101.933282 -0.702881 1.012859 8.282035 19.135149 34.102541 22.182004 -20.375806 49.933160 -16.701723 -16.743478 28.476426 0.000001 -12.690551 0.000008 16.489745 -17.420912 2.560669 -0.105921 -1.513848 -4.275867 -5.039023 -5.612850 -2.953545 0.000001 -11.020481 -0.000002 -6.111269 -15.895292 -3.840466 0.000000 0.000000 0.000001 -10.283332 -5.680270 -4.341822 11.028240 -11.302345 -2.372623 -1.384264 -14.238524 -6.320103 -0.625429 -26.924104 -3.827605 -4.824068 -49.855649 -3.619702 -13.708474 -7.363454 -3.720925 18.141064 -14.052664 -3.242663 -0.000007 -18.787200 -0.000001 -0.429714 -8.456028 2.555499 0.000002 0.000001 0.000002 -15.923483 -20.094407 -5.473561 30.419086 -7.190772 1.735914 -0.000003 -8.162893 0.000002 -1.861897 -22.861415 -6.167932 0.000002 -0.000004 -0.000003 -168.954702 -2.986086 1.274362 5.365858 -0.009876 -0.040714 -76.998204 -9.463541 -5.126964 -4.835890 1.639810 2.165482 -0.999999 0.000000 -0.000000 10.916212 -1.781489 -2.794572 5.447724 -0.042940 0.207743 -77.562010 -5.465791 -7.055632 -5.709932 0.682384 1.662861 -1.000000 0.000000 0.000000
0.000000 0.000000 0.000000 0.000000 0.000000 0.000000 0.379879 99.693260 -0.016331 89.139590 8.214136 90.638052 0.883246 -0.166344 0.329031 -10.500340 -0.233644 0.877110 18.991021 -0.485581 -0.482755 21.553318 1.975610 3.132948 -2.637641 -0.596276 -0.177153 -34.415930 0.372750 -1.012823 0.000006 0.000000 0.000000 0.028064 0.009437 0.040153 0.098796 -0.033713 0.058091 0.088498 0.051117 0.033678 -106.752482 -75.032065 120.617024 51.049869 -61.907411 0.136555 23.388294 -0.486316 -0.112962 0.943689 -4.293831 11.680766 17.636650 -26.322761 52.411207 -19.466727 -14.395653 29.410445 -0.000017 -8.774853 0.000001 16.207088 -18.179473 6.202136 -0.609772 -1.795652 -3.889332 -4.807079 -11.046812 -2.937855 0.000049 -20.976061 -0.000002 -5.019941 -25.033643 -4.031876 0.000007 -0.000000 -0.000001 -10.634539 -5.686958 -3.565585 10.573326 -17.922980 -3.113915 0.000028 -13.821238 0.000007 -0.501724 -31.181634 -4.026995 -11.769908 -60.106779 7.872843 -13.982722 -7.150182 -2.875039 13.772773 -8.401520 -3.218255 0.347802 -34.211655 0.771668 -0.963009 -17.733463 2.621068 -0.000001 0.000001 0.000001 -17.346413 -20.095201 -4.201788 21.757604 -1.638412 3.866418 0.000013 -6.338838 0.000003 -1.697547 -22.591831 -6.194019 -0.000002 -0.000003 0.000000 36.502733 -78.606885 156.726206 29.075397 -30.482565 -31.830651 97.515125 -0.594753 0.950239 7.696589 18.396441 32.146418 22.182078 -20.375842 49.933143 -16.701781 -16.743508 28.476432 -0.000011 -12.690582 0.000003 16.452674 -17.438970 2.575355 -0.105918 -1.513852 -4.275870 -5.039030 -5.612859 -2.953543 0.000011 -11.020514 0.000003 -6.111278 -15.895329 -3.840453 0.000000 -0.000000 0.000001 -10.283351 -5.680273 -4.341822 11.028277 -11.302388 -2.372625 -1.384259 -14.238565 -6.320098 -0.625425 -26.924203 -3.827582 -4.841070 -49.857746 -3.558253 -13.708498 -7.363457 -3.720925 18.141120 -14.052720 -3.242666 0.000011 -18.787259 0.000004 -0.429704 -8.456057 2.555506 0.000001 0.000003 0.000001 -15.923507 -20.094437 -5.473555 30.419159 -7.190821 1.735918 0.000006 -8.162915 -0.000000 -1.861883 -22.861479 -6.167934 0.000002 -0.000002 -0.000003 -169.044400 -2.967388 1.040128 5.378182 -0.010497 -0.036668 -76.955432 -9.587541 -5.179141 -4.887897 1.642702 2.165701 -1.000000 0.000000 0.000000 10.720628 -1.798788 -2.588183 5.439446 -0.046470 0.208576 -77.452805 -5.306462 -7.051282 -5.704980 0.683072 1.663331 -1.000003 0.000000 0.000000
0.000000 0.000000 0.000000 0.000000 0.000000 0.000000 0.444739 99.710907 -0.097958 89.056063 8.116127 90.198432 0.953256 -0.125000 0.307596 -10.471884 -0.230789 0.803405 18.960507 -0.421360 -0.569348 21.332625 1.875866 3.109128 -2.616204 -0.610188 -0.192887 -34.756647 0.394797 -1.123463 0.000006 0.000000 0.000000 0.029360 0.011136 0.041810 0.108831 -0.032580 0.059782 0.099198 0.053192 0.035052 -106.795167 -75.121994 120.639557 51.239002 -62.051662 -0.015610 23.499230 -0.443107 -0.108263 0.761832 -4.315253 11.511590 17.636630 -26.322796 52.411305 -19.466707 -14.395642 29.410486 -0.000004 -8.774853 0.000002 16.177370 -18.171643 6.218033 -0.609776 -1.795654 -3.889335 -4.807095 -11.046832 -2.937856 0.000014 -20.976096 0.000002 -5.019979 -25.033711 -4.031894 0.000007 0.000000 -0.000001 -10.634543 -5.686975 -3.565592 10.573299 -17.922987 -3.113910 0.000006 -13.821258 0.000008 -0.501769 -31.181707 -4.027017 -11.783123 -60.083813 7.870712 -13.982727 -7.150204 -2.875045 13.772757 -8.401511 -3.218252 0.347739 -34.211713 0.771680 -0.963041 -17.733498 2.621061 -0.000000 0.000000 0.000001 -17.346435 -20.095239 -4.201790 21.757599 -1.638382 3.866428 0.000003 -6.338848 0.000005 -1.697581 -22.591892 -6.194036 -0.000002 -0.000002 0.000000 37.400640 -78.497189 155.867357 30.580153 -32.409173 -30.620167 92.987385 -0.479137 0.900752 7.063008 17.613408 30.255492 22.182108 -20.375893 49.933316 -16.701794 -16.743544 28.476535 0.000005 -12.690616 0.000004 16.398146 -17.469028 2.595720 -0.105923 -1.513854 -4.275880 -5.039048 -5.612877 -2.953556 -0.000003 -11.020543 0.000002 -6.111316 -15.895397 -3.840484 0.000000 0.000000 0.000001 -10.283375 -5.680293 -4.341835 11.028288 -11.302397 -2.372629 -1.384277 -14.238604 -6.320131 -0.625448 -26.924285 -3.827623 -4.850898 -49.842905 -3.500323 -13.708529 -7.363484 -3.720936 18.141142 -14.052726 -3.242670 -0.000013 -18.787304 0.000002 -0.429720 -8.456079 2.555516 0.000002 0.000002 0.000001 -15.923556 -20.094490 -5.473572 30.419224 -7.190801 1.735932 -0.000006 -8.162938 0.000002 -1.861916 -22.861563 -6.167970 0.000002 -0.000003 -0.000003 -169.145764 -2.950552 0.775282 5.395329 -0.011246 -0.034872 -76.928612 -9.725863 -5.232000 -4.935841 1.644504 2.165627 -1.000001 0.000000 0.000000 10.497033 -1.817876 -2.370240 5.437408 -0.046925 0.204881 -77.338455 -5.120559 -7.048325 -5.713533 0.676558 1.661860 -1.000004 0.000000 0.000000
0.000000 0.000000 0.000000 0.000000 0.000000 0.000000 0.510204 99.726303 -0.179872 88.969661 8.018142 89.740503 1.019804 -0.081901 0.284498 -10.444603 -0.228357 0.730683 18.929620 -0.357415 -0.646015 21.133386 1.778329 3.081323 -2.601016 -0.628098 -0.225958 -35.095643 0.415604 -1.220624 0.000006 0.000000 0.000000 0.030641 0.011919 0.041547 0.113503 -0.033358 0.058248 0.105433 0.055323 0.035818 -106.931353 -75.199720 120.761180 51.357545 -62.166382 -0.117318 23.639417 -0.383439 -0.104332 0.571537 -4.287548 11.386724 17.636627 -26.322803 52.411274 -19.466719 -14.395656 29.410478 -0.000018 -8.774849 0.000003 16.135842 -18.159210 6.244215 -0.609773 -1.795651 -3.889335 -4.807077 -11.046811 -2.937855 0.000046 -20.976069 0.000006 -5.019945 -25.033658 -4.031869 0.000008 0.000000 -0.000002 -10.634533 -5.686956 -3.565589 10.573321 -17.922983 -3.113913 0.000025 -13.821244 0.000013 -0.501738 -31.181662 -4.026982 -11.790824 -60.055750 7.876009 -13.982712 -7.150178 -2.875044 13.772765 -8.401519 -3.218258 0.347785 -34.211668 0.771690 -0.963023 -17.733476 2.621078 -0.000001 0.000000 0.000002 -17.346398 -20.095191 -4.201794 21.757590 -1.638411 3.866414 0.000012 -6.338841 0.000008 -1.697551 -22.591849 -6.194015 -0.000002 -0.000004 0.000001 38.313538 -78.402608 155.000701 32.151151 -34.362526 -29.406863 88.312357 -0.371797 0.856205 6.354802 16.771224 28.434924 22.182077 -20.375916 49.933255 -16.701788 -16.743507 28.476494 -0.000018 -12.690575 0.000006 16.327795 -17.502145 2.616829 -0.105919 -1.513853 -4.275877 -5.039025 -5.612859 -2.953550 0.000017 -11.020523 0.000004 -6.111263 -15.895340 -3.840460 0.000000 0.000000 0.000000 -10.283346 -5.680271 -4.341834 11.028278 -11.302399 -2.372625 -1.384247 -14.238571 -6.320109 -0.625414 -26.924228 -3.827576 -4.851323 -49.802347 -3.452204 -13.708490 -7.363454 -3.720936 18.141116 -14.052737 -3.242668 0.000018 -18.787275 0.000014 -0.429705 -8.456067 2.555516 0.000001 0.000001 0.000001 -15.923487 -20.094437 -5.473576 30.419144 -7.190836 1.735911 0.000007 -8.162925 0.000006 -1.861874 -22.861504 -6.167918 0.000001 -0.000001 -0.000002 -169.247198 -2.934472 0.491216 5.413965 -0.012183 -0.034003 -76.916232 -9.861473 -5.291267 -4.983654 1.645792 2.165564 -0.999999 0.000000 0.000000 10.269652 -1.837593 -2.160658 5.433599 -0.045800 0.198858 -77.222133 -4.918679 -7.044641 -5.729378 0.669499 1.659789 -1.000001 0.000000 0.000000
0.000000 0.000000 0.000000 0.000000 0.000000 0.000000 0.571208 99.740589 -0.262613 88.887119 7.931002 89.306339 1.079505 -0.039554 0.261955 -10.421319 -0.230379 0.656689 18.909715 -0.291693 -0.718267 20.962170 1.676333 3.050861 -2.591012 -0.644049 -0.278788 -35.422628 0.442237 -1.318196 0.000005 0.000000 0.000000 0.031616 0.010579 0.037018 0.117148 -0.036419 0.052735 0.110744 0.055442 0.032082 -107.127910 -75.256782 120.955772 51.414545 -62.246393 -0.171070 23.817752 -0.312260 -0.098395 0.394073 -4.220383 11.261696 17.636573 -26.322743 52.411209 -19.466648 -14.395621 29.410413 -0.000013 -8.774819 0.000003 16.089962 -18.135886 6.275571 -0.609772 -1.795646 -3.889327 -4.807068 -11.046774 -2.937850 0.000038 -20.975975 0.000002 -5.019930 -25.033531 -4.031868 0.000008 0.000000 -0.000001 -10.634511 -5.686944 -3.565586 10.573280 -17.922913 -3.113900 0.000018 -13.821185 0.000012 -0.501747 -31.181491 -4.026975 -11.775885 -60.015455 7.878788 -13.982684 -7.150165 -2.875043 13.772723 -8.401485 -3.218246 0.347768 -34.211504 0.771688 -0.963029 -17.733385 2.621063 -0.000001 0.000000 0.000001 -17.346362 -20.095143 -4.201792 21.757528 -1.638398 3.866406 0.000009 -6.338813 0.000008 -1.697552 -22.591721 -6.193992 -0.000002 -0.000003 0.000001 39.266393 -78.306404 154.113746 33.672283 -36.342938 -28.115689 83.478961 -0.287980 0.804675 5.568537 15.846963 26.648948 22.182060 -20.375868 49.933232 -16.701752 -16.743499 28.476464 -0.000004 -12.690572 0.000003 16.245427 -17.532036 2.636330 -0.105921 -1.513850 -4.275872 -5.039029 -5.612857 -2.953549 0.000005 -11.020505 0.000002 -6.111278 -15.895326 -3.840470 0.000000 0.000000 0.000000 -10.283345 -5.680272 -4.341830 11.028262 -11.302373 -2.372623 -1.384263 -14.238550 -6.320108 -0.625431 -26.924171 -3.827599 -4.828319 -49.747263 -3.437642 -13.708492 -7.363457 -3.720934 18.141099 -14.052699 -3.242661 0.000002 -18.787241 0.000005 -0.429711 -8.456048 2.555509 0.000000 0.000002 0.000000 -15.923499 -20.094429 -5.473570 30.419134 -7.190802 1.735921 0.000002 -8.162910 0.000003 -1.861890 -22.861466 -6.167934 0.000001 -0.000003 -0.000002 -169.337906 -2.918480 0.210120 5.431127 -0.013017 -0.031537 -76.905655 -9.976699 -5.354598 -5.034899 1.649880 2.166490 -0.999998 0.000000 0.000000 10.062558 -1.858157 -1.973863 5.427064 -0.044892 0.186943 -77.108284 -4.712940 -7.045735 -5.746946 0.660766 1.657258 -1.000001 0.000000 0.000000
0.000000 0.000000 0.000000 0.000000 0.000000 0.000000 0.627353 99.755350 -0.342127 88.807299 7.856517 88.917177 1.130285 0.001610 0.239062 -10.401846 -0.235137 0.580369 18.889699 -0.230316 -0.785224 20.833032 1.576789 3.023508 -2.583225 -0.656084 -0.356815 -35.732891 0.467033 -1.423136 0.000007 0.000000 0.000000 0.033847 0.009558 0.033713 0.119364 -0.041098 0.047836 0.116196 0.057706 0.030326 -107.357961 -75.299327 121.190542 51.377006 -62.311314 -0.176240 24.034814 -0.242684 -0.090734 0.232650 -4.132866 11.144438 17.636585 -26.322710 52.411200 -19.466644 -14.395588 29.410409 0.000003 -8.774822 0.000001 16.045234 -18.106953 6.301441 -0.609777 -1.795652 -3.889327 -4.807091 -11.046810 -2.937851 -0.000006 -20.976028 -0.000004 -5.019974 -25.033625 -4.031899 0.000007 0.000001 -0.000000 -10.634528 -5.686973 -3.565585 10.573255 -17.922938 -3.113901 -0.000004 -13.821220 0.000000 -0.501777 -31.181605 -4.027029 -11.737742 -59.968023 7.864536 -13.982705 -7.150202 -2.875040 13.772716 -8.401481 -3.218245 0.347714 -34.211596 0.771664 -0.963040 -17.733430 2.621034 0.000001 0.000001 0.000001 -17.346414 -20.095218 -4.201779 21.757547 -1.638361 3.866423 -0.000001 -6.338830 0.000001 -1.697590 -22.591813 -6.194032 -0.000001 -0.000003 0.000001 40.291476 -78.186095 153.186247 35.081702 -38.363186 -26.757676 78.509857 -0.232016 0.747416 4.735138 14.842455 24.894873 22.182090 -20.375838 49.933264 -16.701779 -16.743532 28.476498 0.000011 -12.690610 -0.000001 16.159475 -17.555327 2.654239 -0.105921 -1.513853 -4.275875 -5.039048 -5.612873 -2.953552 -0.000008 -11.020527 -0.000004 -6.111318 -15.895373 -3.840486 0.000000 -0.000001 -0.000000 -10.283373 -5.680293 -4.341829 11.028280 -11.302382 -2.372632 -1.384284 -14.238591 -6.320131 -0.625445 -26.924253 -3.827637 -4.790495 -49.680056 -3.448414 -13.708528 -7.363484 -3.720927 18.141133 -14.052703 -3.242670 -0.000013 -18.787277 -0.000008 -0.429717 -8.456064 2.555505 0.000000 0.000000 0.000001 -15.923558 -20.094482 -5.473565 30.419205 -7.190784 1.735937 -0.000005 -8.162923 -0.000003 -1.861916 -22.861516 -6.167976 0.000002 -0.000003 -0.000002 -169.412035 -2.908185 -0.048087 5.442983 -0.013230 -0.028610 -76.897558 -10.068250 -5.422919 -5.097869 1.652128 2.166364 -1.000000 0.000000 0.000000 9.885968 -1.873864 -1.804752 5.415974 -0.044507 0.170627 -76.995376 -4.531594 -7.047836 -5.769919 0.654121 1.654794 -1.000002 0.000000 0.000000
0.000000 0.000000 0.000000 0.000000 0.000000 0.000000 0.677818 99.770039 -0.411056 88.732836 7.802466 88.583792 1.174045 0.039440 0.220743 -10.384009 -0.240899 0.507321 18.870373 -0.179093 -0.857842 20.734526 1.490219 2.999694 -2.572256 -0.659697 -0.452607 -36.012984 0.473173 -1.539881 0.000007 0.000000 0.000000 0.036635 0.008970 0.032085 0.122305 -0.046237 0.043901 0.122400 0.061313 0.031034 -107.599177 -75.329288 121.423554 51.203966 -62.382440 -0.074627 24.288347 -0.171331 -0.082724 0.093075 -4.061243 11.025016 17.636610 -26.322847 52.411360 -19.466727 -14.395655 29.410521 -0.000014 -8.774851 0.000007 16.005038 -18.079629 6.317579 -0.609774 -1.795653 -3.889336 -4.807080 -11.046827 -2.937859 0.000033 -20.976112 0.000011 -5.019964 -25.033732 -4.031870 0.000008 0.000001 -0.000001 -10.634532 -5.686963 -3.565594 10.573314 -17.923002 -3.113911 0.000018 -13.821271 0.000017 -0.501751 -31.181748 -4.026985 -11.688958 -59.916245 7.832208 -13.982712 -7.150189 -2.875048 13.772760 -8.401523 -3.218259 0.347762 -34.211742 0.771703 -0.963040 -17.733522 2.621084 -0.000001 -0.000000 0.000002 -17.346404 -20.095213 -4.201796 21.757590 -1.638402 3.866416 0.000008 -6.338854 0.000007 -1.697557 -22.591912 -6.194031 -0.000003 -0.000002 -0.000001 41.340999 -78.032158 152.256210 36.267040 -40.443396 -25.215388 73.421869 -0.190243 0.680445 3.879222 13.731382 23.149185 22.182074 -20.375891 49.933260 -16.701736 -16.743486 28.476465 -0.000006 -12.690555 0.000001 16.091686 -17.577697 2.667732 -0.105921 -1.513850 -4.275872 -5.039026 -5.612852 -2.953551 0.000007 -11.020494 0.000003 -6.111265 -15.895301 -3.840466 0.000000 0.000000 0.000000 -10.283346 -5.680269 -4.341833 11.028256 -11.302367 -2.372615 -1.384258 -14.238531 -6.320104 -0.625426 -26.924129 -3.827584 -4.753556 -49.630546 -3.458584 -13.708490 -7.363454 -3.720937 18.141086 -14.052692 -3.242652 0.000005 -18.787219 0.000016 -0.429713 -8.456037 2.555516 0.000001 0.000001 0.000001 -15.923490 -20.094418 -5.473578 30.419105 -7.190803 1.735929 0.000002 -8.162904 0.000011 -1.861892 -22.861423 -6.167905 0.000001 -0.000003 -0.000004 -169.458398 -2.900374 -0.243271 5.447217 -0.014053 -0.028721 -76.889513 -10.169446 -5.497545 -5.179703 1.653318 2.165821 -0.999997 0.000000 0.000000 9.748632 -1.885023 -1.643907 5.404422 -0.043456 0.150248 -76.891011 -4.395112 -7.048987 -5.802985 0.652822 1.653180 -1.000000 0.000000 0.000000
0.000000 0.000000 0.000000 0.000000 0.000000 0.000000 0.721056 99.782442 -0.465248 88.664084 7.770237 88.308896 1.206918 0.073954 0.212595 -10.368783 -0.249987 0.436043 18.853779 -0.138101 -0.934322 20.671276 1.417487 2.971677 -2.565067 -0.659895 -0.550471 -36.263023 0.457081 -1.674134 0.000006 0.000000 0.000000 0.040534 0.009414 0.032682 0.130075 -0.050562 0.042437 0.132863 0.066202 0.033753 -107.860051 -75.352971 121.685854 50.909407 -62.438879 0.145641 24.571233 -0.089415 -0.069995 -0.032362 -4.025174 10.887058 17.636576 -26.322718 52.411101 -19.466653 -14.395597 29.410369 -0.000014 -8.774811 0.000003 15.969556 -18.061139 6.328457 -0.609771 -1.795648 -3.889321 -4.807063 -11.046789 -2.937844 0.000035 -20.976025 0.000012 -5.019938 -25.033608 -4.031842 0.000007 0.000002 -0.000001 -10.634502 -5.686946 -3.565579 10.573274 -17.922939 -3.113898 0.000020 -13.821215 0.000012 -0.501752 -31.181583 -4.026964 -11.633885 -59.880763 7.785454 -13.982672 -7.150167 -2.875035 13.772712 -8.401496 -3.218241 0.347767 -34.211581 0.771687 -0.963030 -17.733433 2.621063 -0.000002 0.000001 0.000000 -17.346355 -20.095154 -4.201775 21.757516 -1.638396 3.866404 0.000008 -6.338828 0.000005 -1.697554 -22.591804 -6.193994 -0.000002 -0.000002 -0.000001 42.405189 -77.845062 151.322227 37.185246 -42.604142 -23.415248 68.255480 -0.141663 0.600021 3.016537 12.502369 21.356461 22.182020 -20.375824 49.933193 -16.701806 -16.743497 28.476494 -0.000012 -12.690575 0.000012 16.046443 -17.602105 2.676334 -0.105916 -1.513854 -4.275874 -5.039023 -5.612865 -2.953549 0.000010 -11.020523 -0.000009 -6.111267 -15.895359 -3.840475 0.000000 0.000000 -0.000000 -10.283337 -5.680276 -4.341826 11.028269 -11.302393 -2.372639 -1.384250 -14.238584 -6.320123 -0.625399 -26.924248 -3.827625 -4.712992 -49.604405 -3.461537 -13.708482 -7.363461 -3.720928 18.141109 -14.052721 -3.242687 0.000017 -18.787264 -0.000016 -0.429705 -8.456058 2.555500 0.000001 0.000001 0.000000 -15.923480 -20.094445 -5.473570 30.419135 -7.190811 1.735895 0.000006 -8.162920 -0.000007 -1.861864 -22.861499 -6.167962 0.000000 -0.000002 -0.000001 -169.475401 -2.895890 -0.367641 5.443465 -0.015503 -0.030148 -76.888113 -10.288740 -5.557556 -5.280790 1.655796 2.164464 -0.999998 0.000000 0.000000 9.654185 -1.891375 -1.508456 5.393311 -0.041425 0.130227 -76.805742 -4.293649 -7.042467 -5.856517 0.658040 1.652808 -0.999998 0.000000 0.000000
0.000000 0.000000 0.000000 0.000000 0.000000 0.000000 0.751771 99.791959 -0.503774 88.609675 7.746964 88.098098 1.225281 0.104096 0.210938 -10.359941 -0.264412 0.371246 18.841012 -0.109726 -1.018617 20.615387 1.360780 2.942737 -2.560329 -0.662550 -0.639316 -36.475439 0.432801 -1.822582 0.000007 0.000000 0.000000 0.043527 0.009794 0.032915 0.142218 -0.054249 0.041634 0.148625 0.070238 0.035124 -108.135810 -75.353089 121.961406 50.495150 -62.482163 0.439227 24.866088 -0.026507 -0.056051 -0.134349 -3.995399 10.715213 17.636625 -26.322766 52.411240 -19.466684 -14.395633 29.410441 -0.000005 -8.774845 0.000000 15.936902 -18.051745 6.336933 -0.609776 -1.795653 -3.889333 -4.807093 -11.046819 -2.937851 0.000010 -20.976067 -0.000000 -5.019981 -25.033671 -4.031897 0.000006 0.000002 0.000000 -10.634539 -5.686968 -3.565587 10.573295 -17.922971 -3.113906 0.000008 -13.821247 0.000007 -0.501764 -31.181670 -4.027017 -11.597634 -59.867137 7.742429 -13.982719 -7.150194 -2.875040 13.772748 -8.401502 -3.218248 0.347737 -34.211662 0.771679 -0.963039 -17.733472 2.621055 -0.000001 0.000001 0.000002 -17.346424 -20.095215 -4.201782 21.757590 -1.638384 3.866426 0.000004 -6.338841 0.000003 -1.697579 -22.591861 -6.194030 -0.000001 -0.000002 -0.000003 43.452162 -77.631370 150.416071 37.810586 -44.835960 -21.287665 63.054525 -0.084151 0.508556 2.149490 11.124094 19.456038 22.182085 -20.375903 49.933321 -16.701827 -16.743532 28.476555 -0.000017 -12.690600 0.000009 16.025673 -17.639111 2.685852 -0.105919 -1.513855 -4.275880 -5.039033 -5.612869 -2.953560 0.000013 -11.020536 -0.000006 -6.111274 -15.895375 -3.840490 -0.000001 0.000000 -0.000000 -10.283358 -5.680282 -4.341838 11.028293 -11.302406 -2.372640 -1.384249 -14.238588 -6.320135 -0.625394 -26.924259 -3.827617 -4.677009 -49.617773 -3.463063 -13.708511 -7.363468 -3.720939 18.141149 -14.052745 -3.242686 0.000020 -18.787289 -0.000001 -0.429707 -8.456070 2.555516 -0.000000 0.000001 -0.000000 -15.923514 -20.094465 -5.473586 30.419189 -7.190834 1.735906 0.000008 -8.162930 0.000001 -1.861868 -22.861524 -6.167954 0.000002 -0.000004 -0.000003 -169.480711 -2.890108 -0.455623 5.431629 -0.018668 -0.030324 -76.879056 -10.392623 -5.598692 -5.387872 1.660098 2.163394 -0.999997 0.000000 0.000000 9.586960 -1.898519 -1.409618 5.379957 -0.040800 0.115094 -76.742655 -4.224949 -7.033262 -5.940878 0.668523 1.653313 -1.000000 0.000000 0.000000
0.000000 0.000000 0.000000 0.000000 0.000000 0.000000 0.770037 99.795399 -0.530813 88.569471 7.726050 87.942463 1.226283 0.133672 0.211434 -10.360647 -0.282491 0.312274 18.835018 -0.098467 -1.101881 20.558866 1.316585 2.907725 -2.556936 -0.668772 -0.705551 -36.651799 0.404531 -1.996627 0.000006 0.000000 0.000000 0.045614 0.010490 0.033236 0.155395 -0.056258 0.042143 0.165985 0.073155 0.035365 -108.459323 -75.330575 122.270457 49.932212 -62.525436 0.787763 25.172575 0.009521 -0.040883 -0.222563 -3.940006 10.514096 17.636722 -26.322871 52.411437 -19.466826 -14.395684 29.410587 -0.000008 -8.774898 -0.000004 15.908088 -18.056539 6.352179 -0.609777 -1.795664 -3.889346 -4.807115 -11.046887 -2.937869 0.000025 -20.976225 -0.000013 -5.019993 -25.033888 -4.031933 0.000004 0.000000 -0.000001 -10.634584 -5.686998 -3.565600 10.573357 -17.923083 -3.113931 0.000014 -13.821339 -0.000002 -0.501738 -31.181926 -4.027068 -11.591054 -59.874080 7.718989 -13.982779 -7.150230 -2.875051 13.772823 -8.401558 -3.218268 0.347779 -34.211923 0.771645 -0.963019 -17.733608 2.621060 0.000001 0.000001 0.000000 -17.346501 -20.095324 -4.201799 21.757697 -1.638399 3.866449 0.000009 -6.338884 -0.000003 -1.697566 -22.592047 -6.194096 -0.000003 -0.000001 0.000000 44.488729 -77.399453 149.552685 38.148669 -47.121056 -18.840364 57.857578 -0.031531 0.413389 1.270709 9.584123 17.460469 22.182134 -20.375894 49.933295 -16.701774 -16.743519 28.476490 0.000000 -12.690592 -0.000005 16.024704 -17.683394 2.702984 -0.105921 -1.513854 -4.275882 -5.039043 -5.612865 -2.953554 0.000002 -11.020514 0.000003 -6.111292 -15.895332 -3.840475 0.000000 0.000001 0.000002 -10.283372 -5.680286 -4.341838 11.028283 -11.302387 -2.372621 -1.384272 -14.238560 -6.320116 -0.625438 -26.924173 -3.827598 -4.636942 -49.673305 -3.467045 -13.708527 -7.363474 -3.720939 18.141134 -14.052721 -3.242658 0.000002 -18.787259 0.000005 -0.429711 -8.456052 2.555513 0.000001 -0.000001 0.000000 -15.923544 -20.094474 -5.473580 30.419196 -7.190813 1.735942 0.000003 -8.162919 0.000005 -1.861899 -22.861472 -6.167937 0.000001 -0.000003 -0.000002 -169.485638 -2.884251 -0.533235 5.420302 -0.019116 -0.026500 -76.875063 -10.469556 -5.625947 -5.473456 1.665688 2.162704 -1.000003 0.000000 0.000000 9.537320 -1.906221 -1.352647 5.367047 -0.041155 0.107844 -76.691773 -4.176646 -7.017778 -6.016370 0.681278 1.654111 -1.000004 0.000000 0.000000
0.000000 0.000000 0.000000 0.000000 0.000000 0.000000 0.781833 99.796332 -0.547877 88.541580 7.698210 87.838526 1.209663 0.162523 0.206001 -10.368424 -0.300199 0.262700 18.835293 -0.097665 -1.177473 20.487368 1.274395 2.868523 -2.556753 -0.673465 -0.756832 -36.798287 0.376112 -2.178821 0.000007 0.000000 0.000000 0.045207 0.013491 0.039735 0.167195 -0.054141 0.050145 0.182071 0.076501 0.040545 -108.845827 -75.280293 122.618452 49.213550 -62.589596 1.179195 25.492691 0.037212 -0.026263 -0.303634 -3.865521 10.189743 17.636623 -26.322805 52.411256 -19.466626 -14.395582 29.410399 -0.000010 -8.774807 -0.000001 15.885229 -18.075107 6.368178 -0.609775 -1.795648 -3.889329 -4.807069 -11.046789 -2.937847 0.000024 -20.976012 0.000019 -5.019944 -25.033577 -4.031848 0.000006 -0.000000 -0.000000 -10.634513 -5.686952 -3.565593 10.573265 -17.922942 -3.113881 0.000011 -13.821208 0.000021 -0.501771 -31.181545 -4.026958 -11.598889 -59.888971 7.701826 -13.982687 -7.150175 -2.875049 13.772706 -8.401495 -3.218229 0.347742 -34.211561 0.771715 -0.963042 -17.733414 2.621075 0.000002 0.000000 -0.000000 -17.346370 -20.095174 -4.201796 21.757513 -1.638396 3.866428 0.000008 -6.338825 0.000010 -1.697562 -22.591759 -6.193983 -0.000001 -0.000002 -0.000001 45.477050 -77.158991 148.767174 38.221021 -49.400146 -16.080061 52.708089 -0.003850 0.322189 0.370958 7.833406 15.464762 22.182072 -20.375859 49.933186 -16.701744 -16.743481 28.476431 -0.000005 -12.690558 -0.000003 16.031967 -17.741800 2.721487 -0.105920 -1.513851 -4.275870 -5.039025 -5.612853 -2.953547 0.000007 -11.020495 0.000004 -6.111270 -15.895296 -3.840461 0.000000 0.000000 0.000001 -10.283346 -5.680271 -4.341828 11.028258 -11.302370 -2.372617 -1.384264 -14.238536 -6.320097 -0.625431 -26.924126 -3.827583 -4.581636 -49.774618 -3.487923 -13.708490 -7.363455 -3.720931 18.141093 -14.052698 -3.242656 0.000008 -18.787219 0.000006 -0.429707 -8.456031 2.555506 0.000000 0.000001 0.000002 -15.923496 -20.094427 -5.473566 30.419115 -7.190803 1.735925 0.000003 -8.162904 0.000005 -1.861890 -22.861414 -6.167914 0.000001 -0.000003 -0.000002 -169.503892 -2.881669 -0.627412 5.418613 -0.016868 -0.012429 -76.880551 -10.500888 -5.642491 -5.533234 1.672813 2.163611 -0.999998 0.000000 0.000000 9.491919 -1.912065 -1.337153 5.356380 -0.042503 0.106972 -76.638802 -4.151204 -7.008713 -6.058548 0.692613 1.654885 -0.999999 0.000000 0.000000
0.000000 0.000000 0.000000 0.000000 0.000000 0.000000 0.790054 99.800734 -0.557199 88.524783 7.666250 87.785561 1.183210 0.184620 0.199223 -10.376710 -0.312661 0.223394 18.836098 -0.100298 -1.248148 20.384046 1.232145 2.834145 -2.556191 -0.676091 -0.815793 -36.927885 0.350808 -2.345573 0.000005 0.000000 -0.000001 0.042159 0.018186 0.051458 0.179328 -0.048736 0.064459 0.197890 0.079951 0.049810 -109.242381 -75.216123 122.958553 48.415842 -62.694648 1.515816 25.779841 0.059969 -0.015000 -0.380701 -3.780349 9.766501 17.636699 -26.322760 52.411266 -19.466716 -14.395630 29.410458 0.000010 -8.774867 -0.000008 15.868756 -18.097220 6.381807 -0.609779 -1.795660 -3.889334 -4.807120 -11.046856 -2.937858 -0.000009 -20.976118 -0.000012 -5.020012 -25.033746 -4.031934 0.000006 0.000002 0.000001 -10.634575 -5.686998 -3.565589 10.573306 -17.923012 -3.113912 -0.000004 -13.821280 -0.000008 -0.501777 -31.181766 -4.027082 -11.589973 -59.899149 7.679991 -13.982769 -7.150232 -2.875038 13.772778 -8.401511 -3.218249 0.347714 -34.211760 0.771639 -0.963040 -17.733513 2.621023 0.000001 0.000000 0.000002 -17.346500 -20.095297 -4.201780 21.757657 -1.638362 3.866449 -0.000005 -6.338855 -0.000003 -1.697614 -22.591931 -6.194079 -0.000000 -0.000001 0.000000 46.389503 -76.923716 148.078953 38.051712 -51.627207 -13.065848 47.669026 -0.026289 0.240352 -0.570190 5.830319 13.584011 22.182185 -20.375957 49.933395 -16.701853 -16.743603 28.476603 0.000001 -12.690666 0.000004 16.036173 -17.819454 2.735237 -0.105921 -1.513858 -4.275888 -5.039062 -5.612892 -2.953560 0.000000 -11.020580 0.000007 -6.111337 -15.895447 -3.840483 0.000000 0.000000 0.000000 -10.283407 -5.680307 -4.341841 11.028332 -11.302439 -2.372633 -1.384279 -14.238650 -6.320139 -0.625453 -26.924395 -3.827612 -4.512169 -49.896849 -3.534227 -13.708570 -7.363500 -3.720937 18.141214 -14.052779 -3.242680 -0.000005 -18.787372 0.000009 -0.429718 -8.456110 2.555525 -0.000000 0.000002 0.000002 -15.923606 -20.094543 -5.473576 30.419335 -7.190838 1.735937 -0.000004 -8.162974 0.000002 -1.861923 -22.861661 -6.167981 0.000001 -0.000001 -0.000001 -169.534341 -2.881438 -0.728987 5.425932 -0.015941 0.011449 -76.881312 -10.470761 -5.654599 -5.574257 1.672837 2.163452 -1.000002 0.000000 0.000000 9.451815 -1.915393 -1.366982 5.349231 -0.044782 0.106015 -76.588416 -4.130196 -7.003642 -6.079815 0.701521 1.656279 -1.000004 0.000000 0.000000
0.000000 0.000000 0.000000 0.000000 0.000000 0.000000 0.793376 99.807123 -0.562922 88.510396 7.632018 87.767395 1.150629 0.200305 0.194531 -10.382065 -0.316198 0.198433 18.831818 -0.096569 -1.319871 20.255984 1.181020 2.811395 -2.551665 -0.684015 -0.890001 -37.030172 0.334733 -2.493476 0.000008 0.000000 0.000000 0.038773 0.024154 0.068260 0.190768 -0.040965 0.083658 0.211388 0.083706 0.064170 -109.610663 -75.144336 123.264283 47.547451 -62.835842 1.768756 26.033142 0.068589 -0.004644 -0.465319 -3.694652 9.269649 17.636625 -26.322712 52.411198 -19.466663 -14.395603 29.410409 0.000001 -8.774836 -0.000003 15.862814 -18.119272 6.388946 -0.609776 -1.795652 -3.889328 -4.807096 -11.046815 -2.937853 0.000005 -20.976044 -0.000004 -5.019976 -25.033641 -4.031900 0.000004 0.000001 0.000001 -10.634538 -5.686974 -3.565589 10.573276 -17.922955 -3.113901 0.000002 -13.821229 0.000000 -0.501771 -31.181625 -4.027027 -11.563742 -59.910553 7.660871 -13.982719 -7.150203 -2.875040 13.772734 -8.401490 -3.218239 0.347730 -34.211612 0.771657 -0.963036 -17.733441 2.621037 0.000000 -0.000001 0.000000 -17.346433 -20.095226 -4.201781 21.757577 -1.638369 3.866433 0.000001 -6.338834 0.000000 -1.697586 -22.591833 -6.194036 -0.000001 -0.000003 -0.000001 47.240154 -76.705361 147.483174 37.707888 -53.757836 -9.798933 42.792876 -0.074083 0.176581 -1.566617 3.549726 11.883045 22.182078 -20.375824 49.933225 -16.701791 -16.743485 28.476472 -0.000007 -12.690576 0.000001 16.033648 -17.904618 2.742356 -0.105918 -1.513854 -4.275875 -5.039031 -5.612863 -2.953552 0.000009 -11.020513 -0.000009 -6.111269 -15.895340 -3.840483 0.000000 0.000002 0.000000 -10.283354 -5.680282 -4.341831 11.028273 -11.302384 -2.372631 -1.384258 -14.238563 -6.320120 -0.625399 -26.924186 -3.827628 -4.442695 -50.018604 -3.592988 -13.708505 -7.363469 -3.720935 18.141116 -14.052716 -3.242673 0.000018 -18.787245 -0.000014 -0.429702 -8.456048 2.555503 0.000001 -0.000001 0.000002 -15.923512 -20.094459 -5.473577 30.419153 -7.190815 1.735925 0.000007 -8.162911 -0.000004 -1.861863 -22.861465 -6.167963 0.000001 -0.000006 -0.000001 -169.573135 -2.887742 -0.823753 5.440898 -0.019472 0.038650 -76.892920 -10.384328 -5.669950 -5.610713 1.664014 2.160518 -1.000000 0.000000 0.000000 9.417533 -1.911013 -1.425629 5.345003 -0.044929 0.106145 -76.545268 -4.108374 -7.002935 -6.097457 0.705037 1.657886 -1.000000 0.000001 0.000000
0.000000 0.000000 0.000000 0.000000 0.000000 0.000000 0.790948 99.812777 -0.571165 88.493970 7.598902 87.761647 1.121833 0.213501 0.191661 -10.382190 -0.314988 0.180558 18.814247 -0.079309 -1.395693 20.122564 1.112034 2.795160 -2.539462 -0.700760 -0.978919 -37.097866 0.333462 -2.595591 0.000007 0.000000 0.000000 0.034905 0.027021 0.075534 0.195678 -0.034393 0.091710 0.216551 0.082682 0.070137 -109.840786 -75.080563 123.458658 46.714798 -62.997786 1.922581 26.222179 0.059764 0.002118 -0.574920 -3.628592 8.726449 17.636402 -26.322500 52.410877 -19.466418 -14.395470 29.410185 0.000015 -8.774725 0.000003 15.867748 -18.136813 6.392126 -0.609775 -1.795636 -3.889301 -4.807058 -11.046706 -2.937825 -0.000032 -20.975792 0.000003 -5.019940 -25.033308 -4.031860 0.000004 0.000001 -0.000001 -10.634444 -5.686935 -3.565567 10.573127 -17.922754 -3.113862 -0.000026 -13.821069 0.000007 -0.501818 -31.181198 -4.026983 -11.556853 -59.929273 7.679938 -13.982595 -7.150155 -2.875027 13.772572 -8.401384 -3.218213 0.347650 -34.211179 0.771679 -0.963065 -17.733214 2.621003 0.000000 0.000002 0.000000 -17.346277 -20.095058 -4.201757 21.757340 -1.638320 3.866392 -0.000012 -6.338761 0.000004 -1.697601 -22.591528 -6.193956 0.000001 -0.000005 -0.000003 48.043984 -76.530974 146.946914 37.323456 -55.736141 -6.506234 38.258917 -0.106301 0.140344 -2.600983 1.145730 10.480913 22.181903 -20.375710 49.933022 -16.701616 -16.743405 28.476319 0.000010 -12.690487 0.000008 16.028678 -17.975001 2.747307 -0.105921 -1.513840 -4.275854 -5.039003 -5.612823 -2.953538 -0.000007 -11.020416 -0.000000 -6.111242 -15.895192 -3.840455 -0.000001 -0.000001 0.000000 -10.283296 -5.680250 -4.341808 11.028181 -11.302278 -2.372608 -1.384270 -14.238440 -6.320079 -0.625437 -26.923920 -3.827594 -4.357546 -50.114755 -3.654846 -13.708423 -7.363428 -3.720917 18.140965 -14.052575 -3.242641 -0.000021 -18.787084 0.000004 -0.429721 -8.455974 2.555491 -0.000001 0.000002 0.000002 -15.923427 -20.094320 -5.473549 30.418944 -7.190714 1.735919 -0.000009 -8.162843 0.000005 -1.861907 -22.861254 -6.167887 0.000000 -0.000006 -0.000005 -169.616862 -2.899435 -0.884953 5.462741 -0.026128 0.056483 -76.909527 -10.297930 -5.672038 -5.645017 1.654466 2.156660 -0.999997 0.000001 0.000000 9.382203 -1.900702 -1.476486 5.351336 -0.041328 0.106627 -76.502508 -4.105462 -7.003183 -6.130120 0.692746 1.656859 -1.000001 0.000000 0.000000
0.000000 0.000000 0.000000 0.000000 0.000000 0.000000 0.786077 99.815165 -0.574010 88.478798 7.586058 87.775552 1.104143 0.224372 0.190377 -10.382080 -0.309369 0.161769 18.792976 -0.059212 -1.464231 20.008006 1.045773 2.773342 -2.520404 -0.727969 -1.067926 -37.162531 0.315770 -2.659320 0.000006 0.000000 0.000000 0.032319 0.026573 0.071817 0.194964 -0.029986 0.086115 0.214567 0.077472 0.067829 -109.983580 -75.042166 123.595889 45.913245 -63.159659 2.101922 26.353622 0.044022 0.004149 -0.699826 -3.600693 8.237015 17.636505 -26.322664 52.411269 -19.466546 -14.395574 29.410401 0.000036 -8.774816 0.000004 15.896853 -18.161549 6.380591 -0.609781 -1.795649 -3.889325 -4.807123 -11.046790 -2.937846 -0.000074 -20.975947 -0.000013 -5.020037 -25.033539 -4.031956 0.000005 0.000003 0.000002 -10.634530 -5.686989 -3.565582 10.573191 -17.922852 -3.113894 -0.000047 -13.821164 -0.000007 -0.501851 -31.181454 -4.027093 -11.545117 -59.972856 7.703056 -13.982707 -7.150222 -2.875034 13.772678 -8.401418 -3.218238 0.347601 -34.211455 0.771650 -0.963085 -17.733355 2.620987 -0.000001 -0.000001 0.000000 -17.346444 -20.095219 -4.201770 21.757530 -1.638291 3.866431 -0.000022 -6.338806 0.000001 -1.697662 -22.591734 -6.194059 -0.000003 0.000001 0.000000 48.839613 -76.362270 146.413969 36.900557 -57.522223 -3.365312 34.219207 -0.107006 0.124280 -3.543075 -1.091316 9.326333 22.181994 -20.375814 49.933243 -16.701640 -16.743455 28.476413 0.000024 -12.690530 0.000001 16.020557 -18.019111 2.759563 -0.105926 -1.513844 -4.275866 -5.039027 -5.612842 -2.953549 -0.000018 -11.020447 0.000003 -6.111284 -15.895247 -3.840473 0.000000 -0.000002 -0.000001 -10.283335 -5.680274 -4.341830 11.028207 -11.302301 -2.372606 -1.384290 -14.238483 -6.320100 -0.625473 -26.924000 -3.827600 -4.274421 -50.187312 -3.696732 -13.708476 -7.363459 -3.720934 18.141012 -14.052600 -3.242634 -0.000040 -18.787136 0.000014 -0.429733 -8.455995 2.555503 -0.000001 0.000002 0.000000 -15.923497 -20.094395 -5.473573 30.419039 -7.190714 1.735947 -0.000017 -8.162871 0.000010 -1.861944 -22.861346 -6.167914 -0.000001 -0.000003 -0.000000 -169.639515 -2.912989 -0.884346 5.481921 -0.033514 0.062568 -76.919621 -10.252279 -5.660879 -5.673023 1.640331 2.151792 -1.000000 0.000001 0.000000 9.368854 -1.887907 -1.504177 5.361060 -0.033767 0.100526 -76.482692 -4.132909 -7.004189 -6.183206 0.675754 1.654287 -1.000001 0.000000 0.000000
0.000000 0.000000 0.000000 0.000000 0.000000 0.000000 0.779903 99.814822 -0.571092 88.464646 7.589925 87.771855 1.097232 0.231801 0.190613 -10.386463 -0.304171 0.138571 18.778340 -0.038499 -1.520884 19.911755 0.985035 2.740142 -2.501459 -0.752613 -1.119668 -37.246963 0.280072 -2.672522 0.000006 0.000000 -0.000001 0.033324 0.023423 0.057829 0.196497 -0.028766 0.069615 0.214323 0.070189 0.056034 -110.114176 -75.013918 123.723168 45.105945 -63.301627 2.429165 26.443535 0.028329 0.006671 -0.814053 -3.607859 7.905181 17.636540 -26.322646 52.411115 -19.466570 -14.395561 29.410342 0.000007 -8.774801 -0.000002 15.929785 -18.176886 6.355282 -0.609777 -1.795645 -3.889316 -4.807083 -11.046769 -2.937845 -0.000010 -20.975945 0.000001 -5.019965 -25.033511 -4.031897 0.000005 0.000004 0.000002 -10.634502 -5.686957 -3.565583 10.573221 -17.922871 -3.113890 -0.000008 -13.821162 0.000003 -0.501786 -31.181448 -4.027018 -11.508108 -60.001310 7.687227 -13.982671 -7.150179 -2.875037 13.772676 -8.401446 -3.218230 0.347697 -34.211427 0.771676 -0.963049 -17.733346 2.621030 0.000000 -0.000001 0.000001 -17.346371 -20.095151 -4.201777 21.757490 -1.638352 3.866418 -0.000004 -6.338805 0.000002 -1.697601 -22.591714 -6.194009 -0.000000 -0.000004 -0.000001 49.526012 -76.166175 145.954321 36.455636 -59.022252 -0.563234 30.834334 -0.081419 0.119343 -4.240023 -2.840019 8.223933 22.181995 -20.375769 49.933145 -16.701712 -16.743448 28.476416 -0.000000 -12.690535 0.000002 15.999981 -18.041119 2.780173 -0.105922 -1.513849 -4.275865 -5.039020 -5.612848 -2.953548 0.000001 -11.020476 -0.000008 -6.111261 -15.895290 -3.840481 0.000000 0.000002 0.000001 -10.283326 -5.680270 -4.341825 11.028232 -11.302340 -2.372625 -1.384262 -14.238517 -6.320111 -0.625414 -26.924102 -3.827618 -4.217785 -50.226127 -3.720336 -13.708468 -7.363454 -3.720931 18.141054 -14.052660 -3.242661 0.000003 -18.787191 -0.000008 -0.429710 -8.456023 2.555498 -0.000002 0.000002 0.000000 -15.923472 -20.094401 -5.473570 30.419061 -7.190771 1.735923 0.000001 -8.162890 -0.000003 -1.861877 -22.861388 -6.167940 -0.000001 -0.000005 -0.000000 -169.638829 -2.925286 -0.850875 5.491885 -0.039570 0.058451 -76.912954 -10.241160 -5.647354 -5.686138 1.626620 2.148649 -0.999999 0.000000 0.000000 9.374029 -1.877552 -1.514130 5.358834 -0.028051 0.091990 -76.473411 -4.153024 -6.993770 -6.232667 0.667802 1.652205 -0.999997 0.000000 0.000000
0.000000 0.000000 0.000000 0.000000 0.000000 0.000000 0.774200 99.809435 -0.571825 88.453891 7.605757 87.743261 1.082023 0.233104 0.189973 -10.399957 -0.303454 0.113641 18.786103 -0.009018 -1.565383 19.837821 0.904839 2.694286 -2.503406 -0.769049 -1.092295 -37.294520 0.234478 -2.661695 0.000007 0.000000 0.000000 0.033672 0.019545 0.044482 0.195785 -0.029214 0.055958 0.212344 0.063012 0.042815 -110.215329 -74.987942 123.828600 44.348275 -63.409445 2.925212 26.482722 0.025118 0.007736 -0.887439 -3.630827 7.738777 17.636659 -26.322846 52.411442 -19.466711 -14.395644 29.410555 0.000017 -8.774874 0.000000 15.955013 -18.169869 6.331712 -0.609784 -1.795659 -3.889339 -4.807129 -11.046867 -2.937863 -0.000037 -20.976154 0.000005 -5.020046 -25.033815 -4.031939 0.000007 -0.000002 -0.000001 -10.634572 -5.687007 -3.565602 10.573279 -17.923011 -3.113905 -0.000029 -13.821299 0.000000 -0.501830 -31.181830 -4.027079 -11.436304 -60.005817 7.629311 -13.982768 -7.150243 -2.875051 13.772771 -8.401504 -3.218253 0.347656 -34.211822 0.771683 -0.963077 -17.733564 2.621041 -0.000001 0.000000 -0.000002 -17.346509 -20.095315 -4.201785 21.757651 -1.638340 3.866455 -0.000013 -6.338865 0.000001 -1.697644 -22.591987 -6.194089 -0.000002 -0.000002 0.000001 50.033015 -75.963133 145.637135 36.043237 -60.180664 1.807659 28.167572 -0.034580 0.116945 -4.711945 -4.077864 7.250100 22.182141 -20.375882 49.933392 -16.701783 -16.743535 28.476540 0.000010 -12.690615 -0.000006 15.966990 -18.035981 2.807451 -0.105923 -1.513855 -4.275885 -5.039052 -5.612872 -2.953560 -0.000006 -11.020519 -0.000004 -6.111315 -15.895355 -3.840503 0.000000 0.000001 -0.000002 -10.283386 -5.680299 -4.341842 11.028286 -11.302380 -2.372630 -1.384284 -14.238572 -6.320141 -0.625437 -26.924188 -3.827642 -4.191545 -50.240266 -3.732624 -13.708546 -7.363491 -3.720943 18.141142 -14.052705 -3.242665 -0.000014 -18.787255 -0.000003 -0.429717 -8.456048 2.555510 0.000000 -0.000002 0.000002 -15.923578 -20.094498 -5.473590 30.419232 -7.190789 1.735955 -0.000006 -8.162919 -0.000001 -1.861917 -22.861489 -6.167970 0.000000 0.000001 -0.000001 -169.620858 -2.932820 -0.820063 5.502792 -0.044108 0.060633 -76.897418 -10.251665 -5.638717 -5.677614 1.617219 2.148015 -1.000004 0.000000 0.000000 9.397900 -1.871825 -1.516247 5.339462 -0.029667 0.089771 -76.477340 -4.155510 -6.986515 -6.250991 0.666962 1.651113 -1.000004 0.000000 0.000000
0.000000 0.000000 0.000000 0.000000 0.000000 0.000000 0.768176 99.798528 -0.576522 88.444343 7.637226 87.700754 1.058678 0.229559 0.187293 -10.416040 -0.303513 0.098000 18.812000 0.029318 -1.606972 19.773352 0.793735 2.659222 -2.514818 -0.770569 -1.040375 -37.302728 0.178102 -2.591785 0.000006 0.000000 0.000000 0.032106 0.017614 0.037285 0.193420 -0.028881 0.049600 0.208604 0.058839 0.034401 -110.286565 -74.969963 123.885819 43.638778 -63.514546 3.498089 26.447556 0.026381 0.008405 -0.916766 -3.653200 7.653062 17.636510 -26.322462 52.410770 -19.466481 -14.395471 29.410127 0.000007 -8.774751 -0.000008 15.977895 -18.156754 6.314689 -0.609774 -1.795641 -3.889300 -4.807062 -11.046725 -2.937833 -0.000002 -20.975845 -0.000007 -5.019926 -25.033371 -4.031872 0.000007 0.000004 0.000001 -10.634465 -5.686936 -3.565559 10.573176 -17.922804 -3.113874 -0.000001 -13.821103 -0.000007 -0.501762 -31.181270 -4.027002 -11.373216 -60.005909 7.569197 -13.982623 -7.150156 -2.875025 13.772616 -8.401422 -3.218206 0.347724 -34.211263 0.771638 -0.963016 -17.733255 2.620997 -0.000002 0.000001 0.000001 -17.346313 -20.095084 -4.201753 21.757396 -1.638350 3.866410 0.000000 -6.338776 -0.000003 -1.697573 -22.591596 -6.193980 -0.000002 -0.000000 -0.000001 50.312456 -75.797300 145.501795 35.765209 -60.987704 3.648985 26.189290 0.024034 0.115139 -5.019201 -4.932012 6.443611 22.181935 -20.375696 49.932978 -16.701652 -16.743411 28.476297 0.000002 -12.690499 0.000000 15.941333 -18.029307 2.832012 -0.105919 -1.513844 -4.275850 -5.039005 -5.612827 -2.953537 0.000000 -11.020424 -0.000005 -6.111238 -15.895201 -3.840454 0.000001 0.000002 -0.000004 -10.283301 -5.680251 -4.341806 11.028201 -11.302298 -2.372616 -1.384264 -14.238451 -6.320076 -0.625418 -26.923946 -3.827590 -4.185011 -50.238404 -3.737739 -13.708434 -7.363429 -3.720911 18.140996 -14.052602 -3.242645 -0.000004 -18.787090 -0.000003 -0.429711 -8.455968 2.555485 0.000000 0.000003 0.000000 -15.923434 -20.094337 -5.473548 30.418984 -7.190742 1.735920 -0.000002 -8.162855 -0.000002 -1.861889 -22.861267 -6.167903 -0.000002 -0.000003 -0.000001 -169.581349 -2.941163 -0.802196 5.506027 -0.046111 0.066936 -76.876862 -10.277106 -5.639109 -5.663999 1.612954 2.149049 -0.999999 0.000001 0.000000 9.435512 -1.864489 -1.485782 5.317303 -0.034832 0.082985 -76.488901 -4.149808 -6.994277 -6.243924 0.670435 1.651197 -1.000001 0.000001 0.000000
0.000000 0.000000 0.000000 0.000000 0.000000 0.000000 0.757204 99.794255 -0.593570 88.425895 7.687536 87.649336 1.038930 0.232606 0.185471 -10.427471 -0.305301 0.083204 18.841427 0.070501 -1.635382 19.722729 0.661099 2.643609 -2.523070 -0.759583 -0.984696 -37.252798 0.104738 -2.480688 0.000005 0.000000 0.000000 0.030772 0.018256 0.036383 0.199679 -0.027066 0.050932 0.213117 0.058381 0.030742 -110.292863 -74.959397 123.863478 43.053564 -63.623915 3.999840 26.330559 0.012072 0.015291 -0.922091 -3.672810 7.612660 17.636473 -26.322589 52.410985 -19.466533 -14.395544 29.410264 -0.000000 -8.774771 0.000006 15.990070 -18.139895 6.304305 -0.609774 -1.795643 -3.889314 -4.807060 -11.046733 -2.937834 0.000006 -20.975854 -0.000005 -5.019925 -25.033366 -4.031866 0.000005 -0.000001 -0.000000 -10.634476 -5.686937 -3.565569 10.573205 -17.922818 -3.113883 0.000001 -13.821111 0.000003 -0.501775 -31.181283 -4.026981 -11.345907 -60.007198 7.544258 -13.982635 -7.150156 -2.875029 13.772645 -8.401431 -3.218231 0.347725 -34.211289 0.771662 -0.963034 -17.733266 2.621019 -0.000001 0.000000 0.000000 -17.346315 -20.095095 -4.201767 21.757430 -1.638356 3.866391 0.000001 -6.338779 0.000002 -1.697577 -22.591588 -6.193973 -0.000002 -0.000004 0.000000 50.366248 -75.696881 145.559562 35.731774 -61.417516 4.831824 24.923874 0.078773 0.115309 -5.215054 -5.439397 5.961896 22.181974 -20.375816 49.933140 -16.701752 -16.743435 28.476433 -0.000024 -12.690512 0.000011 15.927836 -18.015336 2.847569 -0.105917 -1.513850 -4.275868 -5.039003 -5.612844 -2.953544 0.000019 -11.020486 -0.000007 -6.111219 -15.895287 -3.840466 0.000001 0.000001 -0.000002 -10.283308 -5.680257 -4.341831 11.028237 -11.302366 -2.372627 -1.384229 -14.238518 -6.320097 -0.625373 -26.924112 -3.827590 -4.194675 -50.238372 -3.738823 -13.708441 -7.363434 -3.720931 18.141048 -14.052696 -3.242672 0.000031 -18.787191 -0.000004 -0.429700 -8.456023 2.555500 -0.000001 0.000000 0.000000 -15.923422 -20.094385 -5.473580 30.419020 -7.190816 1.735892 0.000009 -8.162895 -0.000001 -1.861836 -22.861404 -6.167913 -0.000001 -0.000001 -0.000001 -169.525052 -2.958372 -0.779413 5.508744 -0.048108 0.069978 -76.849484 -10.336785 -5.638062 -5.653662 1.614011 2.150804 -0.999994 0.000000 0.000000 9.482943 -1.841925 -1.434524 5.303484 -0.039882 0.073093 -76.482487 -4.154346 -7.001561 -6.233102 0.668948 1.651061 -1.000002 0.000000 0.000000
0.000000 0.000000 0.000000 0.000000 0.000000 0.000000 0.732755 99.798080 -0.624504 88.402489 7.750005 87.576302 1.024808 0.245319 0.187370 -10.435603 -0.306647 0.070330 18.865595 0.108204 -1.637877 19.684254 0.494658 2.627526 -2.521609 -0.737240 -0.910488 -37.133633 0.013622 -2.315579 0.000006 0.000000 0.000000 0.028999 0.019463 0.037303 0.209975 -0.025940 0.054569 0.222501 0.059770 0.028468 -110.276680 -74.964897 123.814323 42.642262 -63.705891 4.417749 26.144747 -0.018725 0.017249 -0.923083 -3.690313 7.705830 17.636703 -26.322664 52.410992 -19.466660 -14.395574 29.410290 -0.000008 -8.774823 -0.000013 15.987387 -18.130610 6.305413 -0.609776 -1.795655 -3.889320 -4.807079 -11.046800 -2.937845 0.000028 -20.976019 0.000002 -5.019946 -25.033575 -4.031874 0.000005 0.000003 0.000002 -10.634531 -5.686961 -3.565577 10.573286 -17.922951 -3.113892 0.000021 -13.821206 0.000004 -0.501747 -31.181528 -4.026988 -11.348629 -59.998569 7.553440 -13.982713 -7.150183 -2.875033 13.772735 -8.401505 -3.218235 0.347788 -34.211559 0.771654 -0.963003 -17.733402 2.621045 -0.000003 0.000002 0.000001 -17.346411 -20.095196 -4.201769 21.757555 -1.638400 3.866434 0.000010 -6.338821 -0.000002 -1.697557 -22.591755 -6.194004 -0.000002 -0.000003 0.000000 50.199505 -75.666328 145.802170 35.932350 -61.444431 5.422699 24.416744 0.131134 0.115243 -5.272624 -5.590191 5.767767 22.182186 -20.375870 49.933216 -16.701841 -16.743528 28.476484 -0.000004 -12.690628 -0.000013 15.928124 -17.989580 2.851845 -0.105919 -1.513859 -4.275878 -5.039049 -5.612883 -2.953552 0.000009 -11.020564 -0.000002 -6.111311 -15.895412 -3.840477 0.000001 0.000001 -0.000001 -10.283385 -5.680295 -4.341835 11.028316 -11.302433 -2.372628 -1.384275 -14.238626 -6.320122 -0.625432 -26.924326 -3.827614 -4.225554 -50.232212 -3.714597 -13.708544 -7.363483 -3.720931 18.141182 -14.052780 -3.242667 0.000017 -18.787334 -0.000008 -0.429702 -8.456088 2.555510 0.000003 0.000001 -0.000001 -15.923562 -20.094511 -5.473568 30.419256 -7.190857 1.735944 0.000009 -8.162951 -0.000007 -1.861876 -22.861597 -6.167979 0.000001 -0.000003 0.000000 -169.460892 -2.980145 -0.736098 5.517608 -0.048115 0.063487 -76.813057 -10.451465 -5.644529 -5.631463 1.617316 2.152584 -1.000002 0.000000 0.000000 9.535110 -1.811795 -1.382662 5.302267 -0.041959 0.070642 -76.469063 -4.160448 -6.990070 -6.230395 0.663945 1.650980 -1.000004 0.000000 0.000000
0.000000 0.000000 0.000000 0.000000 -0.000000 0.000000 0.693400 99.802406 -0.660796 88.374672 7.814379 87.485596 1.017994 0.271202 0.186961 -10.443414 -0.305402 0.067951 18.874548 0.143551 -1.622768 19.664148 0.282068 2.615634 -2.518966 -0.729854 -0.817301 -36.975330 -0.092830 -2.122771 0.000005 0.000000 0.000000 0.027608 0.020454 0.037860 0.211656 -0.026964 0.056161 0.224789 0.062873 0.027816 -110.343910 -75.000938 123.845390 42.354637 -63.762466 4.738497 25.932289 -0.064095 0.005274 -0.961921 -3.698336 7.995063 17.636509 -26.322645 52.411087 -19.466616 -14.395570 29.410368 0.000004 -8.774806 0.000008 15.984004 -18.122543 6.310434 -0.609774 -1.795650 -3.889321 -4.807080 -11.046798 -2.937850 -0.000013 -20.976025 -0.000002 -5.019978 -25.033638 -4.031887 0.000002 0.000001 -0.000002 -10.634497 -5.686962 -3.565581 10.573231 -17.922916 -3.113901 -0.000007 -13.821211 -0.000003 -0.501783 -31.181604 -4.027029 -11.348969 -59.996212 7.561090 -13.982663 -7.150186 -2.875034 13.772680 -8.401470 -3.218245 0.347706 -34.211563 0.771651 -0.963048 -17.733431 2.621022 0.000001 0.000001 0.000000 -17.346363 -20.095175 -4.201764 21.757500 -1.638353 3.866406 -0.000002 -6.338827 -0.000000 -1.697585 -22.591822 -6.194028 0.000000 -0.000005 -0.000001 49.947376 -75.694771 146.111435 36.397507 -61.241722 5.628614 24.352758 0.187714 0.114366 -5.245030 -5.535036 5.751526 22.182003 -20.375792 49.933228 -16.701769 -16.743490 28.476496 0.000002 -12.690569 0.000010 15.938993 -17.966370 2.858881 -0.105919 -1.513853 -4.275873 -5.039030 -5.612864 -2.953553 -0.000001 -11.020512 -0.000009 -6.111283 -15.895358 -3.840490 0.000001 0.000001 0.000001 -10.283343 -5.680281 -4.341826 11.028255 -11.302365 -2.372638 -1.384267 -14.238562 -6.320129 -0.625418 -26.924194 -3.827646 -4.274284 -50.241364 -3.655957 -13.708489 -7.363468 -3.720930 18.141094 -14.052688 -3.242682 0.000002 -18.787237 -0.000017 -0.429714 -8.456043 2.555501 0.000000 0.000000 -0.000004 -15.923497 -20.094440 -5.473575 30.419128 -7.190780 1.735913 -0.000002 -8.162907 -0.000007 -1.861885 -22.861465 -6.167973 0.000001 -0.000004 -0.000003 -169.401062 -3.007030 -0.702717 5.535889 -0.045559 0.058425 -76.800629 -10.593620 -5.653396 -5.596870 1.619377 2.154036 -0.999998 0.000000 -0.000001 9.578352 -1.773622 -1.342211 5.316258 -0.041482 0.075613 -76.470863 -4.148809 -6.968027 -6.239281 0.657733 1.650836 -1.000002 -0.000000 0.000000
0.000000 0.000000 0.000000 0.000000 -0.000000 0.000000 0.651407 99.805557 -0.694381 88.351685 7.870313 87.386383 1.014068 0.303903 0.184701 -10.448399 -0.310940 0.061307 18.867830 0.180205 -1.591632 19.654539 0.023629 2.616096 -2.512069 -0.734309 -0.720514 -36.824493 -0.209034 -1.933331 0.000006 0.000000 0.000000 0.029009 0.022020 0.041080 0.211408 -0.027937 0.059335 0.225579 0.067137 0.031082 -110.503983 -75.044632 123.958397 42.159000 -63.788605 5.046004 25.712801 -0.111708 -0.014301 -1.040179 -3.691159 8.278851 17.636538 -26.322565 52.410984 -19.466566 -14.395515 29.410255 -0.000003 -8.774764 -0.000002 15.966054 -18.104364 6.320045 -0.609773 -1.795647 -3.889312 -4.807059 -11.046746 -2.937847 0.000023 -20.975868 -0.000021 -5.019885 -25.033371 -4.031883 0.000004 0.000002 -0.000000 -10.634486 -5.686949 -3.565577 10.573212 -17.922840 -3.113895 0.000012 -13.821107 -0.000011 -0.501722 -31.181248 -4.027014 -11.367862 -60.021099 7.580029 -13.982653 -7.150170 -2.875035 13.772653 -8.401447 -3.218231 0.347759 -34.211300 0.771625 -0.963003 -17.733259 2.621000 -0.000002 -0.000000 0.000000 -17.346338 -20.095133 -4.201776 21.757437 -1.638364 3.866405 0.000005 -6.338780 -0.000003 -1.697546 -22.591589 -6.193998 -0.000001 -0.000002 -0.000001 49.711922 -75.752136 146.357086 37.047539 -61.007038 5.680959 24.394461 0.224987 0.106288 -5.215450 -5.420363 5.828695 22.182051 -20.375862 49.933296 -16.701799 -16.743526 28.476536 -0.000002 -12.690594 0.000010 15.949819 -17.970446 2.874462 -0.105919 -1.513854 -4.275880 -5.039037 -5.612870 -2.953553 0.000001 -11.020529 -0.000004 -6.111297 -15.895375 -3.840485 0.000000 -0.000001 -0.000003 -10.283357 -5.680286 -4.341833 11.028275 -11.302389 -2.372638 -1.384265 -14.238586 -6.320129 -0.625418 -26.924250 -3.827635 -4.327730 -50.269409 -3.597476 -13.708508 -7.363473 -3.720930 18.141123 -14.052715 -3.242683 -0.000001 -18.787270 -0.000006 -0.429714 -8.456063 2.555504 -0.000002 0.000003 0.000002 -15.923519 -20.094467 -5.473578 30.419176 -7.190798 1.735915 -0.000003 -8.162928 -0.000002 -1.861897 -22.861515 -6.167964 0.000001 -0.000001 -0.000002 -169.349075 -3.030748 -0.689529 5.555274 -0.042423 0.053396 -76.813194 -10.733301 -5.667566 -5.557312 1.623407 2.157209 -0.999996 0.000001 0.000001 9.602962 -1.738956 -1.293917 5.336348 -0.040961 0.078421 -76.479889 -4.128818 -6.934471 -6.241886 0.656113 1.651955 -1.000004 -0.000001 0.000000
0.000000 0.000000 0.000000 0.000000 -0.000000 0.000000 0.609004 99.809303 -0.718990 88.334183 7.912929 87.280235 1.006892 0.339684 0.179938 -10.452105 -0.318432 0.056128 18.848101 0.217014 -1.565537 19.666515 -0.279075 2.617629 -2.509326 -0.747912 -0.628172 -36.684429 -0.328473 -1.756373 0.000005 0.000000 -0.000000 0.031585 0.024442 0.049726 0.210477 -0.027043 0.067928 0.224713 0.071229 0.039952 -110.691429 -75.081993 124.119499 42.099854 -63.767090 5.335686 25.495123 -0.144981 -0.024397 -1.136606 -3.680825 8.481495 17.636560 -26.322783 52.411297 -19.466650 -14.395623 29.410450 -0.000005 -8.774824 0.000007 15.934678 -18.080656 6.336452 -0.609774 -1.795649 -3.889333 -4.807080 -11.046799 -2.937849 0.000018 -20.976028 0.000010 -5.019961 -25.033613 -4.031874 0.000007 0.000002 0.000001 -10.634519 -5.686959 -3.565592 10.573277 -17.922941 -3.113903 0.000009 -13.821221 0.000015 -0.501769 -31.181604 -4.026987 -11.382894 -60.051529 7.585099 -13.982695 -7.150185 -2.875042 13.772724 -8.401488 -3.218250 0.347731 -34.211590 0.771694 -0.963042 -17.733435 2.621058 0.000001 -0.000000 -0.000003 -17.346392 -20.095184 -4.201785 21.757547 -1.638378 3.866410 0.000004 -6.338830 0.000006 -1.697578 -22.591805 -6.194010 0.000001 -0.000004 -0.000001 49.534081 -75.831161 146.487518 37.792217 -60.771294 5.583585 24.574888 0.217490 0.091037 -5.178848 -5.242060 5.969526 22.181992 -20.375910 49.933353 -16.701742 -16.743498 28.476532 -0.000015 -12.690544 0.000020 15.950964 -17.986551 2.900572 -0.105919 -1.513848 -4.275880 -5.039015 -5.612844 -2.953558 0.000012 -11.020478 0.000000 -6.111235 -15.895274 -3.840481 -0.000001 -0.000000 -0.000001 -10.283328 -5.680265 -4.341842 11.028245 -11.302352 -2.372633 -1.384240 -14.238505 -6.320114 -0.625391 -26.924067 -3.827595 -4.391356 -50.297791 -3.532624 -13.708468 -7.363446 -3.720943 18.141069 -14.052675 -3.242672 0.000006 -18.787189 0.000020 -0.429719 -8.456019 2.555519 0.000001 -0.000000 0.000002 -15.923461 -20.094398 -5.473596 30.419077 -7.190791 1.735893 -0.000001 -8.162895 0.000016 -1.861887 -22.861397 -6.167889 -0.000001 -0.000003 -0.000004 -169.310577 -3.049990 -0.708288 5.572710 -0.041557 0.051704 -76.833656 -10.846311 -5.680624 -5.513705 1.625658 2.160889 -0.999996 0.000000 0.000000 9.618890 -1.710515 -1.255401 5.347499 -0.042838 0.080295 -76.490501 -4.083604 -6.908875 -6.244759 0.665504 1.655145 -1.000000 0.000001 0.000000
0.000000 0.000000 0.000000 0.000000 -0.000000 0.000000 0.566074 99.809120 -0.743822 88.322197 7.954080 87.175354 0.992687 0.378073 0.171123 -10.457448 -0.318670 0.046484 18.828285 0.247110 -1.549108 19.709148 -0.628440 2.633054 -2.515631 -0.763169 -0.568038 -36.551533 -0.470268 -1.554271 0.000006 0.000000 0.000000 0.033163 0.024567 0.052190 0.205769 -0.026990 0.069523 0.217305 0.071791 0.043513 -110.873894 -75.137215 124.332657 42.282692 -63.709293 5.418821 25.262636 -0.170950 -0.025726 -1.241567 -3.640314 8.734288 17.636459 -26.322729 52.411289 -19.466539 -14.395561 29.410406 -0.000001 -8.774774 0.000015 15.905428 -18.045700 6.354593 -0.609776 -1.795639 -3.889324 -4.807061 -11.046739 -2.937849 0.000004 -20.975883 0.000003 -5.019927 -25.033415 -4.031876 0.000004 -0.000001 -0.000001 -10.634473 -5.686939 -3.565594 10.573206 -17.922829 -3.113890 -0.000005 -13.821127 0.000014 -0.501778 -31.181343 -4.026988 -11.403964 -60.080818 7.598126 -13.982635 -7.150159 -2.875052 13.772645 -8.401436 -3.218240 0.347699 -34.211346 0.771703 -0.963058 -17.733303 2.621048 -0.000002 -0.000001 -0.000001 -17.346312 -20.095097 -4.201797 21.757431 -1.638356 3.866402 0.000000 -6.338788 0.000008 -1.697572 -22.591629 -6.193991 -0.000002 -0.000002 0.000000 49.486454 -75.932007 146.438049 38.651367 -60.572052 5.311033 24.890905 0.179921 0.066741 -5.134819 -4.975630 6.148572 22.181915 -20.375868 49.933323 -16.701700 -16.743471 28.476503 -0.000004 -12.690514 0.000024 15.935354 -18.003935 2.934457 -0.105920 -1.513845 -4.275877 -5.039008 -5.612835 -2.953554 0.000003 -11.020450 -0.000004 -6.111234 -15.895244 -3.840473 -0.000001 0.000002 0.000002 -10.283309 -5.680259 -4.341837 11.028216 -11.302320 -2.372636 -1.384246 -14.238475 -6.320110 -0.625400 -26.923992 -3.827611 -4.447555 -50.305721 -3.465938 -13.708446 -7.363440 -3.720938 18.141024 -14.052625 -3.242673 -0.000011 -18.787136 0.000012 -0.429726 -8.455998 2.555508 0.000000 0.000002 -0.000000 -15.923435 -20.094368 -5.473589 30.419012 -7.190746 1.735886 -0.000008 -8.162874 0.000011 -1.861899 -22.861320 -6.167890 0.000002 -0.000004 -0.000002 -169.268341 -3.068508 -0.759663 5.576563 -0.038641 0.049487 -76.841873 -10.902335 -5.685059 -5.491537 1.617860 2.161262 -0.999999 0.000001 0.000001 9.639689 -1.688679 -1.216586 5.346723 -0.042995 0.077600 -76.504303 -4.009395 -6.898308 -6.255814 0.682086 1.659424 -1.000001 0.000000 0.000000
0.000000 0.000000 0.000000 0.000000 -0.000000 0.000000 0.523292 99.802864 -0.770125 88.307777 8.011464 87.085320 0.982330 0.420934 0.155484 -10.463893 -0.305358 0.033230 18.821095 0.267991 -1.553247 19.772755 -0.997468 2.649765 -2.521378 -0.770042 -0.517666 -36.423809 -0.627592 -1.351223 0.000007 0.000000 0.000000 0.033036 0.023131 0.048634 0.200556 -0.028174 0.064570 0.207764 0.070531 0.041275 -111.049667 -75.204552 124.583733 42.674236 -63.619797 5.321747 25.041502 -0.186245 -0.022643 -1.320385 -3.598467 9.025367 17.636684 -26.322783 52.411320 -19.466738 -14.395641 29.410505 0.000018 -8.774884 -0.000004 15.878211 -18.010258 6.361459 -0.609782 -1.795663 -3.889338 -4.807137 -11.046885 -2.937863 -0.000038 -20.976183 -0.000010 -5.020053 -25.033861 -4.031960 0.000005 0.000001 -0.000000 -10.634584 -5.687015 -3.565588 10.573296 -17.923033 -3.113915 -0.000021 -13.821313 -0.000012 -0.501813 -31.181873 -4.027113 -11.426539 -60.064911 7.614646 -13.982780 -7.150255 -2.875041 13.772786 -8.401513 -3.218254 0.347677 -34.211864 0.771637 -0.963053 -17.733576 2.621017 -0.000001 0.000001 -0.000002 -17.346533 -20.095343 -4.201770 21.757683 -1.638341 3.866456 -0.000010 -6.338871 -0.000007 -1.697639 -22.592014 -6.194103 -0.000002 -0.000004 -0.000002 49.558704 -76.037346 146.249115 39.522739 -60.419930 4.913122 25.404211 0.154090 0.050221 -5.053235 -4.690148 6.142044 22.182268 -20.375952 49.933521 -16.701923 -16.743643 28.476685 0.000029 -12.690742 -0.000008 15.939146 -18.017509 2.938861 -0.105922 -1.513868 -4.275901 -5.039096 -5.612933 -2.953570 -0.000020 -11.020652 -0.000003 -6.111420 -15.895596 -3.840520 -0.000000 0.000003 0.000000 -10.283451 -5.680346 -4.341851 11.028369 -11.302485 -2.372651 -1.384321 -14.238758 -6.320188 -0.625490 -26.924612 -3.827696 -4.470980 -50.305779 -3.430312 -13.708631 -7.363552 -3.720944 18.141281 -14.052831 -3.242692 -0.000025 -18.787487 -0.000019 -0.429724 -8.456162 2.555521 0.000002 -0.000004 0.000002 -15.923698 -20.094666 -5.473586 30.419474 -7.190835 1.735971 -0.000010 -8.163017 -0.000015 -1.861947 -22.861843 -6.168087 -0.000000 -0.000000 -0.000002 -169.203888 -3.093983 -0.821064 5.570293 -0.034314 0.046351 -76.838570 -10.945370 -5.694627 -5.486642 1.609853 2.160265 -1.000002 0.000000 -0.000000 9.680783 -1.660472 -1.176355 5.335930 -0.041917 0.078872 -76.517410 -3.943471 -6.903254 -6.257383 0.697418 1.663203 -1.000003 -0.000000 -0.000000
0.000000 0.000000 0.000000 0.000000 -0.000000 0.000000 0.477372 99.793495 -0.795061 88.282013 8.090038 87.007599 0.986558 0.466703 0.133834 -10.467996 -0.285282 0.013732 18.823833 0.290449 -1.573592 19.856384 -1.361587 2.666265 -2.523011 -0.769309 -0.458571 -36.305248 -0.779002 -1.166388 0.000006 0.000000 0.000000 0.033994 0.022677 0.047466 0.205093 -0.027168 0.064091 0.209967 0.068786 0.039032 -111.202232 -75.258057 124.828773 43.167419 -63.510098 5.130987 24.874073 -0.199359 -0.024295 -1.349314 -3.574396 9.303122 17.636641 -26.322914 52.411549 -19.466753 -14.395691 29.410622 -0.000004 -8.774875 0.000008 15.859766 -17.977859 6.353142 -0.609779 -1.795657 -3.889350 -4.807104 -11.046843 -2.937870 0.000014 -20.976120 -0.000000 -5.019987 -25.033733 -4.031923 0.000006 0.000000 0.000004 -10.634564 -5.686980 -3.565609 10.573330 -17.923014 -3.113924 0.000006 -13.821279 0.000011 -0.501765 -31.181761 -4.027036 -11.461997 -60.011150 7.644870 -13.982753 -7.150212 -2.875060 13.772794 -8.401524 -3.218271 0.347730 -34.211769 0.771689 -0.963050 -17.733528 2.621065 -0.000002 -0.000000 -0.000000 -17.346460 -20.095263 -4.201812 21.757648 -1.638391 3.866435 0.000002 -6.338858 0.000005 -1.697582 -22.591925 -6.194066 -0.000003 -0.000001 -0.000002 49.732479 -76.126854 145.964005 40.334122 -60.301174 4.425950 26.167955 0.136731 0.043252 -4.851805 -4.378095 5.889691 22.182169 -20.376104 49.933662 -16.701904 -16.743635 28.476772 -0.000001 -12.690684 0.000015 15.967916 -18.026579 2.914167 -0.105919 -1.513859 -4.275910 -5.039064 -5.612905 -2.953576 0.000001 -11.020625 0.000004 -6.111349 -15.895531 -3.840505 0.000000 -0.000002 -0.000001 -10.283403 -5.680310 -4.341866 11.028341 -11.302469 -2.372647 -1.384276 -14.238701 -6.320177 -0.625455 -26.924517 -3.827648 -4.492951 -50.288193 -3.422610 -13.708568 -7.363505 -3.720964 18.141230 -14.052816 -3.242698 -0.000013 -18.787447 0.000018 -0.429734 -8.456152 2.555547 0.000002 -0.000001 -0.000004 -15.923586 -20.094568 -5.473618 30.419348 -7.190850 1.735919 -0.000007 -8.163000 0.000007 -1.861932 -22.861773 -6.167996 -0.000000 -0.000002 -0.000002 -169.115616 -3.134827 -0.878803 5.566278 -0.032218 0.049465 -76.820709 -10.985356 -5.715375 -5.525225 1.610391 2.158430 -1.000000 0.000001 -0.000000 9.748697 -1.616371 -1.140854 5.320303 -0.040513 0.088838 -76.517380 -3.906393 -6.921151 -6.250545 0.706539 1.665874 -1.000004 -0.000000 -0.000000
0.000000 0.000000 0.000000 0.000000 -0.000000 0.000000 0.427078 99.782906 -0.812802 88.250793 8.184114 86.941307 0.997267 0.512869 0.107847 -10.468988 -0.257170 -0.003923 18.834721 0.308432 -1.601810 19.965431 -1.703619 2.673698 -2.520180 -0.754022 -0.389993 -36.204327 -0.936334 -1.002201 0.000007 -0.000000 0.000000 0.036582 0.022029 0.045614 0.214674 -0.026001 0.063973 0.218356 0.066340 0.034831 -111.323128 -75.309517 125.016502 43.683327 -63.420288 4.989480 24.780195 -0.193346 -0.026966 -1.345801 -3.536397 9.523452 17.636660 -26.322681 52.411156 -19.466627 -14.395565 29.410360 0.000025 -8.774840 -0.000013 15.848365 -17.961096 6.341335 -0.609783 -1.795659 -3.889322 -4.807129 -11.046849 -2.937848 -0.000055 -20.976091 -0.000002 -5.020049 -25.033728 -4.031930 0.000006 0.000002 0.000001 -10.634562 -5.687006 -3.565583 10.573240 -17.922966 -3.113886 -0.000029 -13.821258 -0.000007 -0.501831 -31.181709 -4.027077 -11.511722 -59.937546 7.687836 -13.982746 -7.150243 -2.875038 13.772726 -8.401478 -3.218225 0.347656 -34.211700 0.771649 -0.963060 -17.733482 2.621012 -0.000001 0.000001 -0.000000 -17.346500 -20.095297 -4.201760 21.757597 -1.638325 3.866459 -0.000014 -6.338845 -0.000004 -1.697647 -22.591887 -6.194063 -0.000000 -0.000003 0.000000 49.937435 -76.175751 145.640350 41.026535 -60.210312 3.974071 27.142523 0.137630 0.052740 -4.487937 -4.062451 5.370435 22.182199 -20.375868 49.933441 -16.701914 -16.743563 28.476646 0.000011 -12.690675 -0.000005 16.029991 -18.054539 2.859950 -0.105922 -1.513867 -4.275891 -5.039075 -5.612921 -2.953576 -0.000007 -11.020632 -0.000016 -6.111354 -15.895559 -3.840532 0.000000 0.000001 -0.000001 -10.283419 -5.680336 -4.341848 11.028336 -11.302466 -2.372658 -1.384290 -14.238729 -6.320186 -0.625429 -26.924564 -3.827710 -4.499247 -50.265808 -3.451960 -13.708589 -7.363538 -3.720947 18.141224 -14.052816 -3.242699 0.000004 -18.787449 -0.000043 -0.429710 -8.456142 2.555511 -0.000000 -0.000001 -0.000000 -15.923634 -20.094624 -5.473598 30.419352 -7.190833 1.735954 -0.000001 -8.162989 -0.000020 -1.861881 -22.861765 -6.168086 0.000002 -0.000006 -0.000001 -169.007706 -3.185499 -0.921204 5.564705 -0.031708 0.054561 -76.791260 -11.022061 -5.747161 -5.564738 1.620714 2.158122 -0.999998 0.000001 -0.000000 9.839652 -1.562792 -1.127384 5.303616 -0.039220 0.098287 -76.542038 -3.875970 -6.946062 -6.236853 0.714414 1.667583 -1.000002 0.000000 -0.000000
0.000000 0.000000 0.000000 0.000000 -0.000000 0.000000 0.367085 99.772926 -0.820052 88.220551 8.276748 86.880127 1.001360 0.560154 0.086474 -10.470654 -0.228038 -0.009639 18.843573 0.322643 -1.628577 20.110422 -2.000952 2.672141 -2.519833 -0.731429 -0.345709 -36.119404 -1.090124 -0.857265 0.000005 0.000000 -0.000000 0.041304 0.021986 0.042927 0.225160 -0.025460 0.064047 0.228947 0.065731 0.028879 -111.424835 -75.363319 125.164230 44.206028 -63.355038 4.858280 24.782660 -0.181714 -0.023150 -1.357160 -3.515766 9.744719 17.636496 -26.322622 52.411152 -19.466564 -14.395541 29.410358 0.000020 -8.774790 0.000006 15.830924 -17.943830 6.322378 -0.609780 -1.795650 -3.889323 -4.807095 -11.046783 -2.937848 -0.000041 -20.975939 -0.000020 -5.019975 -25.033506 -4.031931 0.000006 0.000002 -0.000001 -10.634504 -5.686976 -3.565584 10.573195 -17.922863 -3.113899 -0.000026 -13.821159 -0.000013 -0.501799 -31.181446 -4.027076 -11.545327 -59.858250 7.704186 -13.982676 -7.150203 -2.875041 13.772656 -8.401432 -3.218236 0.347665 -34.211414 0.771630 -0.963055 -17.733322 2.620991 -0.000000 -0.000000 -0.000001 -17.346392 -20.095194 -4.201775 21.757483 -1.638315 3.866418 -0.000012 -6.338802 -0.000002 -1.697620 -22.591711 -6.194043 -0.000001 -0.000001 -0.000002 50.144371 -76.182930 145.299973 41.604603 -60.159878 3.538893 28.179306 0.132025 0.071329 -4.045742 -3.708053 4.715564 22.182066 -20.375847 49.933334 -16.701752 -16.743509 28.476511 0.000026 -12.690599 -0.000003 16.096155 -18.090761 2.801966 -0.105923 -1.513853 -4.275880 -5.039050 -5.612880 -2.953555 -0.000022 -11.020535 -0.000005 -6.111336 -15.895408 -3.840494 0.000000 0.000001 -0.000000 -10.283371 -5.680304 -4.341836 11.028255 -11.302372 -2.372625 -1.384301 -14.238599 -6.320137 -0.625476 -26.924259 -3.827658 -4.534994 -50.227039 -3.464562 -13.708520 -7.363495 -3.720935 18.141096 -14.052689 -3.242662 -0.000031 -18.787285 -0.000014 -0.429729 -8.456062 2.555501 0.000002 0.000001 0.000001 -15.923558 -20.094500 -5.473574 30.419167 -7.190749 1.735950 -0.000015 -8.162928 -0.000007 -1.861932 -22.861546 -6.168002 0.000000 -0.000004 -0.000001 -168.895248 -3.238561 -0.940842 5.556249 -0.030533 0.056809 -76.772614 -11.050171 -5.762756 -5.594633 1.632244 2.157075 -1.000002 0.000000 -0.000001 9.928779 -1.505199 -1.131047 5.293801 -0.040350 0.101356 -76.592293 -3.827227 -6.952071 -6.234531 0.720819 1.667575 -1.000003 -0.000000 -0.000000
0.000000 0.000000 0.000000 0.000000 -0.000000 0.000000 0.305332 99.766380 -0.824534 88.196655 8.353154 86.828369 0.996209 0.603577 0.072652 -10.476371 -0.203638 -0.011481 18.850662 0.331849 -1.644127 20.265186 -2.224312 2.675489 -2.520847 -0.716129 -0.344324 -36.034325 -1.209281 -0.756514 0.000004 -0.000001 -0.000000 0.046020 0.019667 0.031993 0.228591 -0.027909 0.054660 0.233088 0.063614 0.016049 -111.512016 -75.398170 125.293221 44.728527 -63.299236 4.663972 24.857592 -0.189370 -0.018832 -1.390092 -3.484403 9.915924 17.636723 -26.322718 52.411121 -19.466806 -14.395672 29.410442 -0.000024 -8.774880 -0.000003 15.805847 -17.927315 6.311446 -0.609772 -1.795659 -3.889332 -4.807083 -11.046832 -2.937860 0.000075 -20.976109 -0.000024 -5.019927 -25.033707 -4.031905 0.000006 0.000001 -0.000004 -10.634560 -5.686965 -3.565585 10.573371 -17.923027 -3.113936 0.000047 -13.821265 -0.000006 -0.501670 -31.181709 -4.027024 -11.567206 -59.797836 7.709849 -13.982750 -7.150188 -2.875040 13.772817 -8.401547 -3.218266 0.347863 -34.211712 0.771615 -0.962977 -17.733488 2.621057 -0.000002 0.000002 -0.000000 -17.346443 -20.095228 -4.201782 21.757660 -1.638431 3.866424 0.000021 -6.338850 -0.000007 -1.697525 -22.591883 -6.194054 -0.000000 -0.000003 -0.000002 50.303089 -76.179543 145.014526 42.106964 -60.140343 3.131963 29.073362 0.116411 0.093712 -3.688079 -3.415424 4.249477 22.182184 -20.375885 49.933315 -16.701996 -16.743570 28.476631 -0.000032 -12.690672 0.000001 16.137976 -18.117914 2.758263 -0.105914 -1.513868 -4.275890 -5.039051 -5.612909 -2.953566 0.000030 -11.020636 -0.000024 -6.111297 -15.895541 -3.840515 0.000000 -0.000001 0.000001 -10.283395 -5.680305 -4.341842 11.028366 -11.302506 -2.372665 -1.384237 -14.238721 -6.320173 -0.625344 -26.924557 -3.827673 -4.577191 -50.176769 -3.475806 -13.708559 -7.363499 -3.720942 18.141264 -14.052873 -3.242724 0.000066 -18.787455 -0.000042 -0.429682 -8.456146 2.555511 -0.000000 0.000001 0.000003 -15.923560 -20.094576 -5.473589 30.419344 -7.190924 1.735900 0.000026 -8.162994 -0.000025 -1.861805 -22.861763 -6.168058 0.000002 -0.000006 0.000001 -168.802811 -3.286114 -0.953668 5.552515 -0.031364 0.051798 -76.770393 -11.065565 -5.738272 -5.615388 1.639409 2.155725 -0.999998 0.000001 0.000001 10.002708 -1.453533 -1.140404 5.289380 -0.045713 0.098596 -76.632553 -3.768630 -6.937167 -6.242929 0.717493 1.664415 -1.000002 -0.000000 -0.000000
0.000000 0.000000 0.000000 0.000000 -0.000000 0.000000 0.242824 99.760429 -0.825500 88.183136 8.419150 86.780693 0.986999 0.641076 0.069333 -10.482729 -0.185469 -0.018401 18.857811 0.333637 -1.646041 20.419067 -2.398332 2.686858 -2.525434 -0.702574 -0.390022 -35.959858 -1.295911 -0.672707 0.000005 0.000000 0.000000 0.047693 0.016183 0.016143 0.219627 -0.032354 0.039167 0.225638 0.061161 -0.000467 -111.639030 -75.413109 125.470963 45.243027 -63.241802 4.364337 24.982317 -0.208945 -0.017395 -1.433829 -3.434479 10.033610 17.636660 -26.322733 52.411217 -19.466717 -14.395619 29.410437 0.000005 -8.774855 -0.000004 15.777976 -17.919212 6.315954 -0.609777 -1.795658 -3.889332 -4.807106 -11.046844 -2.937859 0.000001 -20.976101 -0.000016 -5.019991 -25.033722 -4.031921 0.000006 -0.000001 -0.000002 -10.634558 -5.686988 -3.565586 10.573297 -17.922997 -3.113912 0.000001 -13.821261 -0.000009 -0.501765 -31.181709 -4.027068 -11.580572 -59.782612 7.709014 -13.982742 -7.150221 -2.875040 13.772760 -8.401509 -3.218252 0.347736 -34.211712 0.771628 -0.963029 -17.733482 2.621023 0.000000 -0.000001 -0.000002 -17.346466 -20.095272 -4.201779 21.757620 -1.638367 3.866441 0.000001 -6.338849 -0.000008 -1.697598 -22.591902 -6.194069 0.000000 -0.000005 -0.000003 50.427002 -76.181282 144.779816 42.632393 -60.146339 2.717672 29.713503 0.097414 0.106269 -3.443405 -3.166535 3.979572 22.182138 -20.375874 49.933323 -16.701860 -16.743576 28.476583 0.000017 -12.690665 -0.000000 16.145689 -18.122030 2.735660 -0.105919 -1.513860 -4.275884 -5.039065 -5.612907 -2.953560 -0.000012 -11.020603 -0.000003 -6.111364 -15.895517 -3.840496 -0.000001 -0.000002 0.000003 -10.283395 -5.680314 -4.341835 11.028316 -11.302441 -2.372643 -1.384297 -14.238697 -6.320155 -0.625470 -26.924486 -3.827665 -4.613287 -50.122650 -3.475312 -13.708559 -7.363510 -3.720931 18.141193 -14.052777 -3.242688 -0.000017 -18.787397 -0.000023 -0.429721 -8.456120 2.555507 0.000001 0.000001 0.000002 -15.923599 -20.094564 -5.473564 30.419313 -7.190808 1.735935 -0.000005 -8.162977 -0.000015 -1.861919 -22.861723 -6.168044 -0.000000 -0.000003 0.000002 -168.731262 -3.325938 -0.961361 5.557149 -0.031658 0.046716 -76.767509 -11.083086 -5.717091 -5.617291 1.634373 2.153157 -1.000000 0.000001 0.000000 10.065165 -1.415173 -1.143458 5.295911 -0.051439 0.089450 -76.663742 -3.714185 -6.904475 -6.253775 0.710115 1.660497 -1.000001 0.000000 0.000000
0.000000 0.000000 0.000000 0.000000 -0.000000 0.000000 0.191128 99.753937 -0.823194 88.180397 8.488400 86.764977 0.980353 0.676548 0.069076 -10.484324 -0.171752 -0.028625 18.872177 0.327615 -1.648078 20.555449 -2.532140 2.700637 -2.532262 -0.692190 -0.444112 -35.903099 -1.370138 -0.631787 0.000004 -0.000000 0.000000 0.047656 0.013587 0.004186 0.204532 -0.034671 0.027175 0.213218 0.058329 -0.012698 -111.774536 -75.405464 125.656303 45.729343 -63.210670 4.030869 25.110979 -0.210588 -0.017733 -1.459090 -3.368345 10.069117 17.636429 -26.322443 52.410862 -19.466400 -14.395447 29.410143 0.000032 -8.774736 -0.000003 15.756618 -17.924829 6.328202 -0.609780 -1.795642 -3.889305 -4.807085 -11.046723 -2.937828 -0.000070 -20.975792 -0.000013 -5.019977 -25.033325 -4.031914 0.000006 -0.000001 -0.000002 -10.634465 -5.686958 -3.565563 10.573111 -17.922745 -3.113866 -0.000042 -13.821065 -0.000012 -0.501837 -31.181170 -4.027054 -11.579765 -59.786888 7.701383 -13.982622 -7.150185 -2.875022 13.772573 -8.401368 -3.218206 0.347610 -34.211163 0.771634 -0.963065 -17.733192 2.620957 -0.000002 0.000000 -0.000002 -17.346334 -20.095114 -4.201750 21.757368 -1.638285 3.866411 -0.000019 -6.338759 -0.000004 -1.697644 -22.591528 -6.193998 -0.000001 -0.000005 -0.000002 50.536724 -76.199265 144.603500 43.168610 -60.169384 2.287019 30.063721 0.071205 0.109092 -3.290384 -2.988765 3.881059 22.181967 -20.375715 49.933128 -16.701639 -16.743443 28.476376 0.000041 -12.690534 0.000000 16.129002 -18.098551 2.722311 -0.105923 -1.513845 -4.275863 -5.039032 -5.612854 -2.953540 -0.000033 -11.020460 -0.000003 -6.111315 -15.895288 -3.840474 -0.000001 0.000003 -0.000004 -10.283334 -5.680285 -4.341816 11.028197 -11.302300 -2.372615 -1.384306 -14.238511 -6.320105 -0.625485 -26.924053 -3.827641 -4.636012 -50.058426 -3.467625 -13.708474 -7.363473 -3.720916 18.141001 -14.052594 -3.242646 -0.000054 -18.787159 -0.000012 -0.429737 -8.456000 2.555483 0.000003 -0.000002 0.000001 -15.923512 -20.094421 -5.473547 30.419041 -7.190683 1.735947 -0.000025 -8.162873 -0.000005 -1.861952 -22.861366 -6.167963 -0.000000 -0.000003 0.000000 -168.667374 -3.364230 -0.977622 5.566854 -0.031098 0.050114 -76.754120 -11.079535 -5.710891 -5.612338 1.621666 2.150546 -0.999998 0.000000 -0.000000 10.133178 -1.385630 -1.137462 5.310549 -0.054008 0.077258 -76.694870 -3.683602 -6.854464 -6.259412 0.702807 1.657596 -1.000001 0.000000 -0.000000
0.000000 0.000000 0.000000 0.000000 -0.000000 0.000000 0.150877 99.744713 -0.819617 88.186584 8.562977 86.783447 0.972588 0.711505 0.063244 -10.481221 -0.161723 -0.039298 18.900370 0.318798 -1.655505 20.672640 -2.647092 2.717348 -2.543350 -0.677353 -0.502829 -35.844555 -1.421700 -0.633338 0.000006 -0.000000 0.000000 0.046723 0.011758 -0.002428 0.186760 -0.035632 0.019356 0.198652 0.055698 -0.018195 -111.903412 -75.365608 125.831200 46.165291 -63.198879 3.743042 25.231064 -0.182897 -0.016485 -1.467964 -3.286144 10.028088 17.636568 -26.322683 52.411232 -19.466713 -14.395596 29.410471 0.000006 -8.774841 0.000003 15.747639 -17.935022 6.329381 -0.609778 -1.795659 -3.889334 -4.807102 -11.046846 -2.937861 -0.000003 -20.976118 -0.000037 -5.019974 -25.033768 -4.031947 0.000005 -0.000001 0.000001 -10.634537 -5.686993 -3.565591 10.573270 -17.922985 -3.113925 -0.000000 -13.821269 -0.000019 -0.501743 -31.181747 -4.027103 -11.566804 -59.777565 7.688010 -13.982718 -7.150225 -2.875040 13.772733 -8.401499 -3.218263 0.347732 -34.211727 0.771595 -0.963022 -17.733503 2.621004 -0.000001 -0.000000 -0.000000 -17.346434 -20.095266 -4.201777 21.757580 -1.638349 3.866423 -0.000003 -6.338850 -0.000010 -1.697577 -22.591925 -6.194098 0.000000 -0.000003 -0.000004 50.585152 -76.234375 144.539429 43.614124 -60.199184 1.949235 30.181313 0.056772 0.108056 -3.190838 -2.897483 3.872354 22.182024 -20.375778 49.933193 -16.701729 -16.743471 28.476425 -0.000004 -12.690553 0.000001 16.115738 -18.078510 2.710535 -0.105921 -1.513850 -4.275870 -5.039024 -5.612843 -2.953552 0.000006 -11.020455 -0.000013 -6.111251 -15.895242 -3.840485 -0.000000 -0.000003 -0.000001 -10.283340 -5.680270 -4.341828 11.028246 -11.302332 -2.372632 -1.384260 -14.238493 -6.320108 -0.625389 -26.924011 -3.827616 -4.653658 -50.011547 -3.470636 -13.708485 -7.363453 -3.720930 18.141077 -14.052647 -3.242663 0.000010 -18.787146 -0.000010 -0.429705 -8.455995 2.555493 0.000000 0.000000 0.000001 -15.923493 -20.094406 -5.473583 30.419106 -7.190776 1.735926 0.000004 -8.162873 0.000003 -1.861875 -22.861322 -6.167922 0.000000 -0.000005 -0.000002 -168.599716 -3.399174 -0.996128 5.575201 -0.029069 0.056609 -76.728577 -11.047606 -5.734161 -5.604383 1.610236 2.149066 -0.999998 0.000002 0.000000 10.205269 -1.362272 -1.144218 5.330888 -0.053828 0.067769 -76.741852 -3.670114 -6.811635 -6.243002 0.697264 1.656087 -1.000002 0.000001 0.000000
0.000000 0.000000 0.000000 0.000000 -0.000000 0.000000 0.111820 99.736229 -0.817245 88.195946 8.638924 86.812263 0.959137 0.743992 0.061759 -10.479775 -0.154629 -0.044208 18.950335 0.313370 -1.667116 20.761084 -2.744942 2.727174 -2.552147 -0.655791 -0.546921 -35.766926 -1.448936 -0.655122 0.000007 -0.000000 0.000000 0.045919 0.010440 -0.006467 0.168524 -0.035174 0.012588 0.183952 0.052617 -0.019656 -112.007401 -75.295830 125.985657 46.558426 -63.177570 3.512204 25.344131 -0.144384 -0.011837 -1.468021 -3.204443 10.017155 17.636633 -26.322710 52.411171 -19.466717 -14.395596 29.410410 -0.000009 -8.774835 -0.000002 15.734446 -17.943554 6.334641 -0.609775 -1.795657 -3.889328 -4.807081 -11.046826 -2.937856 0.000030 -20.976072 -0.000021 -5.019939 -25.033672 -4.031900 0.000006 0.000005 0.000002 -10.634533 -5.686972 -3.565589 10.573295 -17.922987 -3.113917 0.000019 -13.821246 -0.000010 -0.501720 -31.181671 -4.027043 -11.571149 -59.751274 7.700008 -13.982715 -7.150200 -2.875046 13.772744 -8.401518 -3.218251 0.347789 -34.211670 0.771626 -0.963002 -17.733463 2.621033 0.000000 0.000002 0.000000 -17.346411 -20.095234 -4.201786 21.757568 -1.638386 3.866421 0.000009 -6.338840 -0.000007 -1.697549 -22.591854 -6.194048 -0.000003 -0.000003 -0.000004 50.541630 -76.272522 144.606888 43.909569 -60.215351 1.799543 30.082438 0.057420 0.107563 -3.138933 -2.906340 3.930626 22.182117 -20.375948 49.933418 -16.701887 -16.743567 28.476643 -0.000018 -12.690631 0.000010 16.109924 -18.066519 2.700047 -0.105917 -1.513861 -4.275888 -5.039043 -5.612889 -2.953568 0.000013 -11.020584 -0.000008 -6.111292 -15.895462 -3.840491 -0.000000 -0.000002 -0.000001 -10.283380 -5.680297 -4.341847 11.028320 -11.302449 -2.372652 -1.384250 -14.238658 -6.320155 -0.625396 -26.924421 -3.827637 -4.643196 -49.980530 -3.512146 -13.708534 -7.363486 -3.720947 18.141193 -14.052800 -3.242700 0.000023 -18.787376 -0.000008 -0.429708 -8.456114 2.555517 -0.000001 -0.000001 0.000003 -15.923538 -20.094524 -5.473599 30.419256 -7.190860 1.735907 0.000007 -8.162968 -0.000005 -1.861867 -22.861654 -6.167991 0.000001 -0.000009 -0.000000 -168.531189 -3.428366 -0.971982 5.582060 -0.027715 0.056554 -76.692741 -11.030587 -5.789936 -5.604172 1.608827 2.150212 -0.999998 -0.000000 0.000001 10.278930 -1.340940 -1.176219 5.351653 -0.052287 0.065489 -76.790359 -3.659946 -6.776100 -6.213994 0.690833 1.654954 -1.000004 0.000001 0.000000
0.000000 0.000000 0.000000 0.000000 -0.000000 0.000000 0.066801 99.728127 -0.811532 88.210236 8.715431 86.865158 0.949854 0.767640 0.065302 -10.481082 -0.150489 -0.039160 19.008009 0.313913 -1.673446 20.826086 -2.817286 2.735226 -2.562865 -0.631705 -0.591716 -35.672852 -1.460244 -0.677615 0.000006 -0.000000 0.000000 0.047721 0.010984 -0.005018 0.154649 -0.035550 0.010058 0.175222 0.053905 -0.014154 -112.080513 -75.227997 126.101479 46.858315 -63.170315 3.312285 25.447622 -0.111407 -0.011549 -1.473768 -3.126940 10.104326 17.636679 -26.322796 52.411205 -19.466681 -14.395617 29.410402 -0.000021 -8.774826 -0.000004 15.733009 -17.949888 6.339110 -0.609773 -1.795651 -3.889327 -4.807064 -11.046788 -2.937850 0.000057 -20.976021 0.000011 -5.019918 -25.033575 -4.031851 0.000007 0.000003 -0.000000 -10.634524 -5.686945 -3.565592 10.573313 -17.922962 -3.113897 0.000033 -13.821216 0.000022 -0.501728 -31.181555 -4.026946 -11.573840 -59.734909 7.721769 -13.982701 -7.150165 -2.875050 13.772743 -8.401516 -3.218235 0.347806 -34.211571 0.771691 -0.963013 -17.733406 2.621081 -0.000003 0.000003 0.000002 -17.346384 -20.095167 -4.201793 21.757555 -1.638422 3.866424 0.000016 -6.338826 0.000008 -1.697535 -22.591764 -6.193987 -0.000003 -0.000002 -0.000000 50.433929 -76.298973 144.768478 44.025623 -60.213802 1.807664 29.765697 0.046562 0.109314 -3.154171 -3.000803 4.062446 22.182188 -20.375980 49.933372 -16.701880 -16.743586 28.476593 -0.000025 -12.690646 0.000002 16.096458 -18.064491 2.698799 -0.105916 -1.513858 -4.275889 -5.039046 -5.612876 -2.953562 0.000023 -11.020564 0.000004 -6.111295 -15.895404 -3.840482 0.000000 0.000000 -0.000003 -10.283388 -5.680285 -4.341843 11.028339 -11.302444 -2.372636 -1.384255 -14.238624 -6.320134 -0.625409 -26.924343 -3.827588 -4.608501 -49.957691 -3.563611 -13.708551 -7.363472 -3.720945 18.141224 -14.052796 -3.242679 0.000029 -18.787344 0.000014 -0.429706 -8.456094 2.555536 0.000002 -0.000004 -0.000002 -15.923550 -20.094498 -5.473588 30.419296 -7.190880 1.735921 0.000013 -8.162956 0.000007 -1.861882 -22.861593 -6.167946 0.000002 -0.000006 -0.000002 -168.460770 -3.450543 -0.897527 5.580050 -0.026745 0.055496 -76.665642 -11.041394 -5.864042 -5.624498 1.609967 2.150181 -1.000002 0.000001 0.000000 10.365822 -1.321590 -1.204651 5.363020 -0.048688 0.062176 -76.831398 -3.683306 -6.753139 -6.196754 0.688157 1.654283 -0.999999 -0.000000 0.000000
0.000000 0.000000 0.000000 0.000000 -0.000000 0.000000 0.018262 99.722740 -0.804821 88.227844 8.779971 86.944038 0.941500 0.780292 0.078444 -10.489409 -0.150217 -0.027607 19.067902 0.321001 -1.681392 20.872343 -2.861243 2.740308 -2.573197 -0.605782 -0.630430 -35.578533 -1.457589 -0.696700 0.000006 -0.000000 0.000000 0.050628 0.011464 -0.003264 0.150432 -0.037491 0.009228 0.177809 0.056427 -0.009711 -112.098114 -75.172043 126.143143 47.035698 -63.182098 3.135385 25.528709 -0.104524 -0.011430 -1.494213 -3.067135 10.181971 17.636690 -26.322767 52.411221 -19.466702 -14.395600 29.410419 -0.000013 -8.774837 -0.000009 15.737651 -17.942011 6.339424 -0.609776 -1.795654 -3.889330 -4.807078 -11.046813 -2.937858 0.000044 -20.976053 -0.000005 -5.019926 -25.033625 -4.031884 0.000006 -0.000002 -0.000002 -10.634538 -5.686964 -3.565597 10.573306 -17.922983 -3.113901 0.000028 -13.821239 0.000008 -0.501717 -31.181623 -4.026993 -11.562398 -59.723175 7.735826 -13.982719 -7.150189 -2.875050 13.772747 -8.401517 -3.218241 0.347799 -34.211628 0.771662 -0.963010 -17.733435 2.621064 -0.000004 -0.000001 0.000003 -17.346411 -20.095217 -4.201800 21.757572 -1.638405 3.866436 0.000012 -6.338835 0.000002 -1.697540 -22.591822 -6.194031 -0.000003 -0.000002 0.000000 50.265835 -76.305893 144.988754 43.958351 -60.197948 1.995794 29.245888 0.017326 0.113730 -3.223957 -3.147339 4.239100 22.182219 -20.375961 49.933483 -16.701931 -16.743601 28.476681 -0.000011 -12.690689 -0.000006 16.072250 -18.061403 2.706583 -0.105920 -1.513862 -4.275897 -5.039068 -5.612902 -2.953576 0.000010 -11.020606 -0.000011 -6.111329 -15.895498 -3.840527 -0.000000 -0.000001 -0.000001 -10.283412 -5.680313 -4.341854 11.028354 -11.302464 -2.372653 -1.384268 -14.238688 -6.320179 -0.625388 -26.924479 -3.827679 -4.563317 -49.944523 -3.608016 -13.708582 -7.363508 -3.720954 18.141253 -14.052820 -3.242701 0.000023 -18.787415 -0.000017 -0.429704 -8.456128 2.555528 -0.000000 -0.000001 0.000001 -15.923601 -20.094568 -5.473608 30.419361 -7.190872 1.735934 0.000010 -8.162981 -0.000004 -1.861873 -22.861708 -6.168032 -0.000001 -0.000005 -0.000001 -168.404648 -3.468337 -0.815209 5.575942 -0.028087 0.054787 -76.643723 -11.038606 -5.929408 -5.653205 1.610423 2.149605 -1.000001 0.000000 -0.000000 10.450586 -1.304361 -1.223240 5.362824 -0.047173 0.056350 -76.854446 -3.737187 -6.730362 -6.205288 0.688390 1.653953 -1.000001 0.000000 0.000000
0.000000 0.000000 0.000000 0.000000 -0.000000 0.000000 -0.030715 99.719269 -0.796432 88.247322 8.839601 87.040222 0.938976 0.780653 0.093350 -10.501881 -0.155923 -0.021459 19.131102 0.334350 -1.678340 20.897392 -2.875369 2.731852 -2.585109 -0.588885 -0.653852 -35.494843 -1.450959 -0.713284 0.000005 -0.000000 -0.000000 0.052712 0.011708 -0.000817 0.150753 -0.038959 0.010633 0.183815 0.057987 -0.006095 -112.074219 -75.142105 126.150482 47.131828 -63.192310 2.976598 25.568953 -0.108900 -0.009421 -1.516669 -3.029607 10.196592 17.636709 -26.322786 52.411331 -19.466780 -14.395635 29.410511 0.000017 -8.774888 -0.000005 15.745641 -17.933849 6.340136 -0.609780 -1.795667 -3.889339 -4.807141 -11.046910 -2.937865 -0.000032 -20.976227 -0.000020 -5.020045 -25.033909 -4.031961 0.000005 -0.000000 0.000001 -10.634594 -5.687026 -3.565592 10.573311 -17.923077 -3.113927 -0.000017 -13.821343 -0.000020 -0.501781 -31.181948 -4.027141 -11.547270 -59.701706 7.733155 -13.982795 -7.150269 -2.875043 13.772795 -8.401530 -3.218259 0.347696 -34.211933 0.771608 -0.963038 -17.733606 2.621003 -0.000001 0.000001 0.000002 -17.346554 -20.095388 -4.201770 21.757696 -1.638345 3.866460 -0.000008 -6.338882 -0.000012 -1.697625 -22.592051 -6.194120 -0.000000 -0.000004 -0.000004 50.077774 -76.293076 145.244446 43.766811 -60.166672 2.337795 28.532677 -0.021551 0.111564 -3.348864 -3.351569 4.382534 22.182243 -20.375967 49.933571 -16.701893 -16.743595 28.476683 0.000014 -12.690686 -0.000010 16.039227 -18.051004 2.722349 -0.105924 -1.513865 -4.275899 -5.039081 -5.612915 -2.953573 -0.000010 -11.020611 -0.000005 -6.111364 -15.895520 -3.840528 -0.000001 0.000002 -0.000000 -10.283430 -5.680331 -4.341859 11.028341 -11.302458 -2.372645 -1.384297 -14.238700 -6.320180 -0.625452 -26.924486 -3.827688 -4.537634 -49.925594 -3.627743 -13.708601 -7.363531 -3.720959 18.141237 -14.052802 -3.242688 -0.000012 -18.787422 -0.000019 -0.429722 -8.456129 2.555527 0.000002 -0.000003 -0.000001 -15.923647 -20.094614 -5.473606 30.419374 -7.190833 1.735962 -0.000004 -8.162987 -0.000004 -1.861911 -22.861727 -6.168042 0.000000 -0.000005 0.000001 -168.356201 -3.487185 -0.729303 5.573257 -0.030445 0.059374 -76.625389 -11.013902 -5.981107 -5.668899 1.614054 2.150395 -1.000003 0.000001 -0.000001 10.537414 -1.287985 -1.231036 5.357235 -0.047380 0.050325 -76.873940 -3.801747 -6.709756 -6.225368 0.692991 1.654830 -1.000006 0.000001 -0.000000
0.000000 0.000000 0.000000 0.000000 -0.000000 0.000000 -0.073190 99.714729 -0.786993 88.268227 8.886526 87.135773 0.941998 0.774057 0.102963 -10.511482 -0.169357 -0.030046 19.190247 0.348839 -1.665337 20.879473 -2.863844 2.717656 -2.584904 -0.579728 -0.661781 -35.432743 -1.433273 -0.707253 0.000005 -0.000000 -0.000000 0.053837 0.011207 0.001164 0.154973 -0.038299 0.012952 0.191498 0.056052 -0.004519 -112.000618 -75.130257 126.109802 47.149059 -63.197445 2.916276 25.545750 -0.104448 -0.006358 -1.537192 -3.014838 10.103003 17.636705 -26.322763 52.411205 -19.466722 -14.395662 29.410446 -0.000007 -8.774869 -0.000006 15.755625 -17.935436 6.343372 -0.609777 -1.795657 -3.889332 -4.807099 -11.046822 -2.937855 0.000030 -20.976074 -0.000004 -5.019976 -25.033672 -4.031913 0.000005 0.000002 -0.000000 -10.634559 -5.686967 -3.565588 10.573332 -17.922987 -3.113913 0.000019 -13.821249 0.000004 -0.501753 -31.181669 -4.027027 -11.541541 -59.689610 7.721800 -13.982748 -7.150193 -2.875037 13.772792 -8.401516 -3.218250 0.347775 -34.211670 0.771666 -0.963023 -17.733467 2.621056 -0.000002 0.000003 0.000002 -17.346457 -20.095221 -4.201780 21.757648 -1.638405 3.866438 0.000010 -6.338842 -0.000000 -1.697568 -22.591856 -6.194047 -0.000003 -0.000001 -0.000001 49.845173 -76.278458 145.578323 43.513885 -60.108910 2.773179 27.717569 -0.052146 0.101971 -3.529758 -3.624684 4.438230 22.182154 -20.375891 49.933224 -16.701853 -16.743513 28.476505 -0.000031 -12.690603 -0.000006 16.013567 -18.032665 2.741497 -0.105918 -1.513857 -4.275879 -5.039030 -5.612867 -2.953554 0.000028 -11.020544 -0.000007 -6.111263 -15.895375 -3.840480 -0.000000 0.000000 -0.000000 -10.283361 -5.680270 -4.341837 11.028314 -11.302430 -2.372637 -1.384236 -14.238598 -6.320119 -0.625372 -26.924292 -3.827591 -4.521693 -49.921936 -3.636750 -13.708513 -7.363453 -3.720942 18.141174 -14.052777 -3.242673 0.000051 -18.787300 -0.000003 -0.429690 -8.456073 2.555519 0.000001 -0.000002 0.000000 -15.923502 -20.094454 -5.473589 30.419210 -7.190886 1.735918 0.000021 -8.162934 0.000000 -1.861840 -22.861526 -6.167942 0.000001 -0.000006 -0.000001 -168.325531 -3.505920 -0.654499 5.578975 -0.031138 0.065130 -76.602669 -10.971477 -6.021910 -5.661689 1.620756 2.154358 -0.999998 0.000001 0.000000 10.603151 -1.277005 -1.224054 5.359240 -0.047895 0.047114 -76.915726 -3.863907 -6.702368 -6.236151 0.696808 1.655960 -1.000002 0.000000 0.000000
0.000000 0.000000 0.000000 0.000000 -0.000000 0.000000 -0.110609 99.710243 -0.781133 88.289276 8.916164 87.231239 0.941663 0.765156 0.101925 -10.520769 -0.186686 -0.042285 19.253637 0.360828 -1.643735 20.804148 -2.837311 2.718503 -2.580464 -0.579930 -0.678113 -35.394070 -1.404843 -0.674357 0.000006 0.000000 0.000000 0.055014 0.012392 0.005251 0.158379 -0.035047 0.016888 0.196091 0.055028 -0.000421 -111.886909 -75.130615 126.015366 47.039520 -63.201660 3.053391 25.488401 -0.080339 0.003108 -1.562697 -3.041311 9.865941 17.636374 -26.322580 52.410938 -19.466429 -14.395488 29.410198 -0.000001 -8.774718 0.000013 15.775293 -17.942764 6.340622 -0.609771 -1.795634 -3.889303 -4.807037 -11.046696 -2.937819 -0.000009 -20.975784 0.000016 -5.019913 -25.033274 -4.031818 0.000007 0.000002 -0.000002 -10.634429 -5.686923 -3.565565 10.573141 -17.922764 -3.113861 -0.000012 -13.821072 0.000017 -0.501813 -31.181179 -4.026937 -11.528975 -59.692123 7.692150 -13.982575 -7.150137 -2.875025 13.772573 -8.401402 -3.218218 0.347679 -34.211174 0.771701 -0.963062 -17.733215 2.621025 -0.000001 -0.000001 -0.000001 -17.346237 -20.095030 -4.201757 21.757318 -1.638343 3.866374 -0.000003 -6.338762 0.000008 -1.697578 -22.591518 -6.193923 -0.000001 -0.000004 -0.000001 49.567398 -76.256355 145.990692 43.190968 -60.015884 3.290917 26.848009 -0.081266 0.083408 -3.764710 -3.988867 4.442901 22.181879 -20.375759 49.933025 -16.701654 -16.743399 28.476334 -0.000015 -12.690471 0.000012 15.989523 -18.025583 2.777486 -0.105920 -1.513841 -4.275855 -5.038989 -5.612819 -2.953536 0.000013 -11.020429 -0.000006 -6.111210 -15.895208 -3.840436 -0.000001 0.000000 -0.000001 -10.283278 -5.680236 -4.341813 11.028189 -11.302302 -2.372618 -1.384240 -14.238451 -6.320069 -0.625403 -26.923965 -3.827560 -4.523381 -49.949013 -3.640673 -13.708400 -7.363410 -3.720921 18.140974 -14.052613 -3.242651 0.000014 -18.787100 0.000006 -0.429706 -8.455984 2.555488 0.000001 -0.000001 -0.000001 -15.923377 -20.094299 -5.473561 30.418917 -7.190760 1.735891 0.000002 -8.162852 0.000008 -1.861865 -22.861273 -6.167868 0.000001 -0.000005 -0.000001 -168.309357 -3.528962 -0.609149 5.580955 -0.030344 0.071386 -76.586197 -10.884663 -6.074243 -5.640633 1.627457 2.157937 -1.000001 -0.000000 0.000000 10.648189 -1.268621 -1.208135 5.359762 -0.048101 0.046567 -76.973030 -3.901757 -6.710515 -6.223144 0.701230 1.657321 -1.000005 0.000001 -0.000000
0.000000 0.000000 0.000000 0.000000 -0.000000 0.000000 -0.144212 99.703117 -0.782506 88.309326 8.932868 87.322716 0.936985 0.754898 0.093988 -10.521965 -0.202755 -0.051398 19.318459 0.370576 -1.623062 20.670671 -2.813629 2.730994 -2.573907 -0.581273 -0.693054 -35.378162 -1.376887 -0.634646 0.000006 0.000000 -0.000000 0.054653 0.016382 0.018012 0.163925 -0.029962 0.029078 0.202739 0.057774 0.012771 -111.786453 -75.129387 125.924500 46.810699 -63.186089 3.404471 25.408434 -0.033062 0.016883 -1.613858 -3.145096 9.559374 17.636694 -26.322844 52.411327 -19.466761 -14.395652 29.410519 0.000004 -8.774880 0.000000 15.798757 -17.953201 6.338027 -0.609777 -1.795660 -3.889332 -4.807116 -11.046880 -2.937858 -0.000006 -20.976212 0.000006 -5.020035 -25.033882 -4.031912 0.000006 0.000003 0.000000 -10.634570 -5.686996 -3.565589 10.573318 -17.923061 -3.113910 -0.000007 -13.821334 0.000006 -0.501799 -31.181931 -4.027059 -11.523569 -59.724167 7.666091 -13.982760 -7.150229 -2.875045 13.772791 -8.401538 -3.218252 0.347713 -34.211926 0.771677 -0.963054 -17.733616 2.621057 -0.000001 -0.000000 -0.000000 -17.346487 -20.095306 -4.201777 21.757662 -1.638373 3.866446 -0.000001 -6.338883 0.000000 -1.697609 -22.592056 -6.194077 0.000001 -0.000003 -0.000004 49.303818 -76.231522 146.409546 42.796650 -59.902939 3.827665 26.042818 -0.113760 0.063201 -4.028614 -4.406743 4.427022 22.182186 -20.375898 49.933270 -16.701832 -16.743517 28.476500 0.000003 -12.690626 -0.000014 15.969625 -18.041742 2.820501 -0.105921 -1.513859 -4.275878 -5.039053 -5.612893 -2.953556 0.000001 -11.020592 0.000002 -6.111331 -15.895473 -3.840475 -0.000002 0.000001 0.000002 -10.283387 -5.680300 -4.341838 11.028310 -11.302445 -2.372625 -1.384284 -14.238661 -6.320125 -0.625465 -26.924421 -3.827602 -4.528379 -50.012764 -3.647827 -13.708544 -7.363492 -3.720938 18.141174 -14.052796 -3.242659 0.000008 -18.787392 -0.000008 -0.429710 -8.456120 2.555514 -0.000000 -0.000001 0.000002 -15.923571 -20.094532 -5.473572 30.419256 -7.190849 1.735957 0.000004 -8.162972 -0.000009 -1.861894 -22.861691 -6.168010 0.000002 -0.000006 -0.000001 -168.301529 -3.551950 -0.591370 5.575567 -0.028849 0.070905 -76.573921 -10.771111 -6.147276 -5.610816 1.624981 2.159787 -1.000001 0.000000 0.000000 10.675779 -1.263564 -1.192521 5.357270 -0.045343 0.048008 -77.034019 -3.923809 -6.738624 -6.176736 0.702989 1.659463 -1.000001 -0.000000 -0.000000
0.000000 0.000000 0.000000 0.000000 -0.000000 0.000000 -0.176789 99.692009 -0.792778 88.326202 8.931796 87.402504 0.931064 0.748044 0.087319 -10.519643 -0.219659 -0.057398 19.379326 0.372661 -1.614807 20.499168 -2.777564 2.735942 -2.561505 -0.579315 -0.680040 -35.378574 -1.349778 -0.579475 0.000006 -0.000001 -0.000000 0.052610 0.020146 0.029655 0.173679 -0.023740 0.041211 0.212914 0.058945 0.023864 -111.699104 -75.121910 125.830498 46.479309 -63.156902 3.878032 25.313417 0.006490 0.023562 -1.719298 -3.295154 9.291092 17.636747 -26.322756 52.411152 -19.466734 -14.395631 29.410393 -0.000012 -8.774864 -0.000013 15.821766 -17.958353 6.332663 -0.609775 -1.795656 -3.889329 -4.807090 -11.046828 -2.937856 0.000045 -20.976095 -0.000002 -5.019959 -25.033689 -4.031893 0.000004 0.000004 -0.000003 -10.634557 -5.686967 -3.565592 10.573338 -17.923010 -3.113902 0.000031 -13.821254 0.000004 -0.501729 -31.181671 -4.027004 -11.530882 -59.769642 7.670034 -13.982743 -7.150192 -2.875046 13.772788 -8.401532 -3.218242 0.347809 -34.211700 0.771656 -0.963000 -17.733482 2.621063 -0.000001 0.000001 -0.000001 -17.346443 -20.095228 -4.201787 21.757633 -1.638418 3.866447 0.000015 -6.338849 -0.000001 -1.697553 -22.591881 -6.194035 -0.000000 -0.000004 -0.000002 49.106422 -76.191177 146.743057 42.334961 -59.788280 4.328552 25.378006 -0.163611 0.041289 -4.318053 -4.803739 4.545950 22.182209 -20.375975 49.933353 -16.701939 -16.743589 28.476616 -0.000030 -12.690668 0.000000 15.944433 -18.059965 2.863342 -0.105916 -1.513862 -4.275887 -5.039049 -5.612892 -2.953562 0.000028 -11.020610 -0.000007 -6.111301 -15.895492 -3.840493 0.000001 -0.000001 -0.000001 -10.283393 -5.680292 -4.341843 11.028359 -11.302483 -2.372645 -1.384247 -14.238684 -6.320150 -0.625384 -26.924500 -3.827620 -4.526828 -50.088276 -3.652203 -13.708553 -7.363480 -3.720940 18.141253 -14.052848 -3.242697 0.000048 -18.787420 -0.000004 -0.429693 -8.456137 2.555529 0.000000 0.000001 -0.000001 -15.923554 -20.094532 -5.473591 30.419336 -7.190917 1.735916 0.000020 -8.162988 -0.000005 -1.861845 -22.861719 -6.167998 0.000001 -0.000006 0.000000 -168.314011 -3.573861 -0.568764 5.565610 -0.029522 0.069219 -76.556480 -10.668177 -6.234167 -5.596751 1.620816 2.160436 -0.999998 0.000001 0.000000 10.678370 -1.257227 -1.190786 5.357759 -0.041181 0.048836 -77.090477 -3.942921 -6.779417 -6.135198 0.701778 1.660705 -0.999999 -0.000001 0.000000
0.000000 0.000000 0.000000 0.000000 -0.000000 0.000000 -0.208263 99.686287 -0.806137 88.331741 8.900671 87.445396 0.925724 0.745713 0.084732 -10.519651 -0.230125 -0.054307 19.427927 0.374536 -1.625016 20.313293 -2.744454 2.734361 -2.545416 -0.572295 -0.643045 -35.401653 -1.316432 -0.513534 0.000006 0.000000 0.000000 0.049531 0.021953 0.035890 0.183500 -0.017606 0.047901 0.220860 0.056384 0.029573 -111.624054 -75.101807 125.763374 46.135567 -63.104980 4.321799 25.203102 0.009456 0.017592 -1.873934 -3.438033 9.086726 17.636513 -26.322828 52.411350 -19.466640 -14.395626 29.410488 -0.000020 -8.774801 0.000014 15.839027 -17.963675 6.329603 -0.609772 -1.795645 -3.889334 -4.807050 -11.046764 -2.937853 0.000047 -20.975964 0.000012 -5.019900 -25.033501 -4.031846 0.000005 0.000002 0.000001 -10.634493 -5.686937 -3.565599 10.573269 -17.922905 -3.113899 0.000019 -13.821166 0.000025 -0.501749 -31.181429 -4.026935 -11.566970 -59.828381 7.720026 -13.982658 -7.150155 -2.875052 13.772698 -8.401484 -3.218256 0.347759 -34.211472 0.771719 -0.963044 -17.733368 2.621082 0.000002 -0.000001 -0.000002 -17.346323 -20.095123 -4.201806 21.757483 -1.638402 3.866393 0.000011 -6.338810 0.000012 -1.697533 -22.591703 -6.193978 -0.000000 -0.000004 -0.000001 48.985668 -76.159180 146.966248 41.855930 -59.697514 4.710001 24.890862 -0.207606 0.022940 -4.599755 -5.124321 4.777087 22.181993 -20.375916 49.933308 -16.701761 -16.743475 28.476524 -0.000034 -12.690528 0.000017 15.913550 -18.052675 2.895177 -0.105918 -1.513847 -4.275879 -5.039003 -5.612838 -2.953559 0.000026 -11.020484 -0.000004 -6.111206 -15.895280 -3.840475 0.000000 -0.000001 -0.000003 -10.283313 -5.680251 -4.341837 11.028249 -11.302370 -2.372637 -1.384220 -14.238523 -6.320117 -0.625366 -26.924129 -3.827584 -4.500273 -50.157978 -3.648537 -13.708447 -7.363429 -3.720951 18.141071 -14.052707 -3.242673 0.000028 -18.787214 0.000020 -0.429711 -8.456043 2.555524 0.000003 -0.000002 0.000002 -15.923420 -20.094370 -5.473601 30.419041 -7.190824 1.735882 0.000009 -8.162900 0.000016 -1.861851 -22.861418 -6.167885 -0.000000 -0.000002 0.000000 -168.358200 -3.597476 -0.557260 5.549610 -0.032645 0.072448 -76.554596 -10.595090 -6.306403 -5.607322 1.614557 2.158909 -0.999999 0.000001 -0.000000 10.646379 -1.245455 -1.202748 5.352406 -0.038365 0.050163 -77.130402 -3.953312 -6.819507 -6.133360 0.695874 1.659940 -1.000004 0.000000 -0.000000
0.000000 0.000000 0.000000 0.000000 -0.000000 0.000000 -0.236247 99.692642 -0.826132 88.326645 8.852812 87.453674 0.935336 0.746278 0.085240 -10.521576 -0.234493 -0.047430 19.464291 0.373928 -1.645547 20.129227 -2.702682 2.716618 -2.536241 -0.568418 -0.570075 -35.447029 -1.274037 -0.468295 0.000005 0.000000 -0.000000 0.041941 0.019029 0.030496 0.193600 -0.015347 0.044549 0.225417 0.048456 0.021975 -111.511711 -75.094543 125.707817 45.898052 -63.032669 4.676696 25.076120 0.008973 0.003811 -2.039269 -3.571256 8.964824 17.636597 -26.322767 52.411160 -19.466625 -14.395609 29.410355 -0.000012 -8.774814 0.000001 15.836822 -17.977047 6.336121 -0.609772 -1.795647 -3.889319 -4.807064 -11.046775 -2.937839 0.000026 -20.975977 0.000024 -5.019952 -25.033524 -4.031832 0.000005 0.000002 -0.000001 -10.634509 -5.686943 -3.565580 10.573273 -17.922920 -3.113884 0.000017 -13.821190 0.000022 -0.501778 -31.181505 -4.026931 -11.601873 -59.858009 7.766226 -13.982681 -7.150162 -2.875034 13.772711 -8.401487 -3.218237 0.347746 -34.211510 0.771718 -0.963041 -17.733389 2.621068 -0.000002 -0.000000 -0.000000 -17.346367 -20.095142 -4.201778 21.757519 -1.638397 3.866407 0.000010 -6.338817 0.000009 -1.697567 -22.591736 -6.193964 -0.000001 -0.000003 -0.000002 48.964668 -76.133842 147.089066 41.420799 -59.597950 4.935601 24.613585 -0.208637 0.010804 -4.821074 -5.316350 4.957969 22.182085 -20.375946 49.933296 -16.701805 -16.743546 28.476542 -0.000006 -12.690606 0.000009 15.888100 -18.026960 2.915790 -0.105918 -1.513853 -4.275881 -5.039035 -5.612872 -2.953554 0.000005 -11.020555 0.000008 -6.111304 -15.895408 -3.840462 -0.000001 0.000002 0.000000 -10.283361 -5.680281 -4.341832 11.028296 -11.302417 -2.372630 -1.384267 -14.238622 -6.320119 -0.625451 -26.924351 -3.827585 -4.463407 -50.228848 -3.642418 -13.708510 -7.363465 -3.720932 18.141148 -14.052753 -3.242674 0.000001 -18.787336 0.000020 -0.429719 -8.456102 2.555525 -0.000000 0.000003 0.000002 -15.923519 -20.094467 -5.473568 30.419207 -7.190827 1.735914 -0.000002 -8.162953 0.000005 -1.861911 -22.861614 -6.167950 0.000000 -0.000002 0.000001 -168.422607 -3.621300 -0.543985 5.539842 -0.034481 0.074784 -76.556198 -10.570098 -6.347558 -5.625632 1.609470 2.156780 -0.999998 0.000001 0.000000 10.589814 -1.228712 -1.243292 5.344965 -0.038520 0.057906 -77.138130 -3.956815 -6.833952 -6.163160 0.692335 1.658794 -1.000001 -0.000001 -0.000000
0.000000 0.000000 0.000000 0.000000 -0.000000 0.000000 -0.252573 99.715843 -0.854132 88.312874 8.810496 87.435928 0.971015 0.740651 0.081421 -10.515294 -0.231906 -0.038209 19.487631 0.372082 -1.679926 19.959606 -2.632757 2.688140 -2.539689 -0.573638 -0.480608 -35.538307 -1.238550 -0.436715 0.000006 0.000001 -0.000000 0.033124 0.015131 0.022478 0.211335 -0.014250 0.041871 0.233942 0.039914 0.008172 -111.400513 -75.090973 125.685905 45.764442 -62.944660 4.980479 24.957764 0.024760 -0.010260 -2.170566 -3.672539 8.848596 17.636526 -26.322603 52.410999 -19.466501 -14.395505 29.410248 0.000009 -8.774762 -0.000004 15.829298 -17.999836 6.347907 -0.609777 -1.795643 -3.889312 -4.807069 -11.046748 -2.937836 -0.000019 -20.975885 0.000000 -5.019948 -25.033426 -4.031875 0.000005 0.000000 0.000002 -10.634484 -5.686949 -3.565577 10.573185 -17.922838 -3.113876 -0.000015 -13.821130 0.000005 -0.501802 -31.181347 -4.027001 -11.620214 -59.862587 7.778383 -13.982645 -7.150170 -2.875036 13.772633 -8.401430 -3.218215 0.347683 -34.211338 0.771672 -0.963051 -17.733294 2.621014 -0.000002 0.000001 -0.000000 -17.346338 -20.095123 -4.201769 21.757425 -1.638343 3.866413 -0.000005 -6.338791 0.000002 -1.697598 -22.591646 -6.193992 -0.000002 -0.000002 0.000001 49.044201 -76.101723 147.091400 41.003670 -59.497601 4.992518 24.559488 -0.175344 -0.001257 -4.926605 -5.310174 4.974734 22.182016 -20.375816 49.933224 -16.701775 -16.743450 28.476471 -0.000018 -12.690536 0.000003 15.873027 -17.990780 2.920769 -0.105920 -1.513854 -4.275868 -5.039016 -5.612853 -2.953557 0.000014 -11.020495 -0.000015 -6.111236 -15.895312 -3.840486 0.000000 -0.000001 -0.000001 -10.283330 -5.680271 -4.341834 11.028246 -11.302366 -2.372638 -1.384243 -14.238536 -6.320118 -0.625377 -26.924129 -3.827621 -4.428553 -50.281986 -3.656415 -13.708470 -7.363454 -3.720935 18.141069 -14.052698 -3.242676 0.000026 -18.787214 -0.000012 -0.429702 -8.456030 2.555499 0.000001 -0.000002 0.000000 -15.923463 -20.094419 -5.473588 30.419067 -7.190807 1.735904 0.000007 -8.162896 -0.000003 -1.861843 -22.861418 -6.167946 0.000001 -0.000002 0.000002 -168.484802 -3.641541 -0.532722 5.528176 -0.035277 0.074656 -76.547363 -10.582173 -6.358254 -5.637930 1.609800 2.156786 -1.000001 0.000000 -0.000000 10.533430 -1.210518 -1.301787 5.328769 -0.041061 0.072428 -77.136475 -3.962575 -6.821805 -6.189559 0.697819 1.659179 -1.000004 0.000000 -0.000000
0.000000 0.000000 0.000000 0.000000 -0.000000 0.000000 -0.255270 99.748718 -0.887283 88.299416 8.769261 87.396812 1.028587 0.727991 0.076978 -10.507726 -0.230864 -0.040211 19.498955 0.368937 -1.717737 19.802132 -2.534410 2.681172 -2.548228 -0.588473 -0.427808 -35.644650 -1.185306 -0.395104 0.000005 0.000000 0.000000 0.028902 0.011053 0.014495 0.235038 -0.014611 0.040888 0.249467 0.032463 -0.007586 -111.385521 -75.058281 125.734138 45.644623 -62.863068 5.278084 24.886520 0.043533 -0.022587 -2.219104 -3.691946 8.667936 17.636679 -26.322752 52.411148 -19.466742 -14.395624 29.410423 -0.000021 -8.774839 0.000004 15.809695 -18.025051 6.359580 -0.609772 -1.795655 -3.889325 -4.807071 -11.046818 -2.937855 0.000056 -20.976080 -0.000008 -5.019925 -25.033657 -4.031873 0.000006 0.000003 0.000000 -10.634535 -5.686957 -3.565586 10.573328 -17.923004 -3.113920 0.000034 -13.821253 0.000003 -0.501697 -31.181675 -4.027003 -11.634176 -59.862362 7.773731 -13.982714 -7.150180 -2.875043 13.772761 -8.401529 -3.218254 0.347822 -34.211681 0.771648 -0.963002 -17.733473 2.621062 -0.000004 -0.000001 0.000000 -17.346397 -20.095203 -4.201787 21.757580 -1.638418 3.866417 0.000016 -6.338842 -0.000002 -1.697526 -22.591856 -6.194031 -0.000000 -0.000001 0.000001 49.075111 -76.065430 147.104446 40.610012 -59.389267 4.912817 24.697554 -0.147755 -0.013174 -4.950737 -5.127192 4.914756 22.182167 -20.376019 49.933453 -16.701904 -16.743610 28.476683 -0.000018 -12.690663 0.000014 15.867776 -17.948498 2.910820 -0.105916 -1.513859 -4.275892 -5.039050 -5.612889 -2.953566 0.000018 -11.020598 0.000003 -6.111309 -15.895476 -3.840495 -0.000002 0.000000 -0.000002 -10.283389 -5.680292 -4.341851 11.028345 -11.302465 -2.372647 -1.384253 -14.238674 -6.320157 -0.625414 -26.924475 -3.827619 -4.379780 -50.314465 -3.708506 -13.708549 -7.363481 -3.720948 18.141233 -14.052824 -3.242700 0.000020 -18.787405 0.000018 -0.429715 -8.456135 2.555541 0.000001 -0.000002 -0.000001 -15.923553 -20.094524 -5.473597 30.419323 -7.190881 1.735904 0.000005 -8.162988 0.000004 -1.861896 -22.861719 -6.167980 0.000001 0.000001 0.000001 -168.549973 -3.651134 -0.513928 5.515229 -0.036426 0.077476 -76.525116 -10.619117 -6.346511 -5.654135 1.630104 2.162793 -1.000002 0.000001 0.000000 10.478024 -1.199123 -1.320354 5.299562 -0.044510 0.090347 -77.124390 -4.020402 -6.807884 -6.217323 0.699008 1.658299 -1.000004 0.000000 0.000000
0.000000 0.000000 0.000000 0.000000 -0.000000 0.000000 -0.250210 99.781349 -0.924031 88.289062 8.708733 87.342987 1.080808 0.714912 0.069644 -10.508767 -0.235974 -0.047551 19.504364 0.361377 -1.741209 19.650665 -2.434958 2.691716 -2.548860 -0.582986 -0.412208 -35.708961 -1.099997 -0.335230 0.000006 0.000000 -0.000000 0.030544 0.004720 0.000760 0.252700 -0.018653 0.032743 0.265430 0.023734 -0.028459 -111.444984 -74.965752 125.794167 45.470047 -62.782589 5.525028 24.911125 0.022651 -0.032822 -2.222460 -3.652447 8.425844 17.636671 -26.322771 52.411335 -19.466763 -14.395635 29.410522 0.000011 -8.774879 -0.000004 15.762019 -18.033047 6.371329 -0.609780 -1.795664 -3.889344 -4.807124 -11.046884 -2.937865 -0.000017 -20.976194 -0.000020 -5.020021 -25.033869 -4.031957 0.000006 0.000004 -0.000002 -10.634574 -5.687008 -3.565599 10.573305 -17.923042 -3.113926 -0.000008 -13.821319 -0.000014 -0.501776 -31.181900 -4.027114 -11.656089 -59.835632 7.793681 -13.982768 -7.150245 -2.875043 13.772783 -8.401526 -3.218258 0.347717 -34.211884 0.771618 -0.963038 -17.733587 2.621019 -0.000000 0.000001 -0.000000 -17.346506 -20.095327 -4.201787 21.757666 -1.638358 3.866454 -0.000003 -6.338873 -0.000008 -1.697603 -22.592018 -6.194115 -0.000001 -0.000003 -0.000001 48.949238 -76.041649 147.227158 40.252846 -59.283092 4.830926 24.937998 -0.115216 -0.025039 -4.946161 -4.906777 4.875973 22.182148 -20.375832 49.933292 -16.701832 -16.743567 28.476519 0.000008 -12.690643 -0.000002 15.871352 -17.920876 2.900912 -0.105919 -1.513859 -4.275882 -5.039059 -5.612883 -2.953556 -0.000005 -11.020538 -0.000006 -6.111331 -15.895382 -3.840488 0.000000 0.000002 0.000001 -10.283401 -5.680307 -4.341831 11.028313 -11.302399 -2.372643 -1.384288 -14.238599 -6.320132 -0.625435 -26.924240 -3.827639 -4.318863 -50.321785 -3.800745 -13.708565 -7.363499 -3.720930 18.141188 -14.052730 -3.242681 -0.000004 -18.787287 -0.000017 -0.429710 -8.456063 2.555502 0.000001 -0.000001 -0.000002 -15.923606 -20.094530 -5.473568 30.419300 -7.190806 1.735940 -0.000002 -8.162930 -0.000009 -1.861913 -22.861513 -6.167990 0.000001 -0.000000 -0.000000 -168.631744 -3.655053 -0.481305 5.508614 -0.038865 0.077655 -76.483055 -10.643666 -6.354590 -5.664827 1.673491 2.177809 -1.000000 -0.000000 0.000000 10.400049 -1.194256 -1.308271 5.272761 -0.050626 0.107524 -77.074005 -4.090528 -6.800337 -6.236633 0.690681 1.656304 -0.999996 0.000000 0.000000
0.000000 0.000000 0.000000 0.000000 -0.000000 0.000000 -0.235542 99.805901 -0.962914 88.284294 8.620987 87.274933 1.099772 0.705870 0.065974 -10.514241 -0.256063 -0.045700 19.506781 0.368958 -1.757253 19.508694 -2.350414 2.698517 -2.524590 -0.530042 -0.432638 -35.759804 -0.985094 -0.244700 0.000006 -0.000000 -0.000000 0.040089 -0.007193 -0.028694 0.255633 -0.031248 0.003233 0.272455 0.012108 -0.059303 -111.493538 -74.855721 125.825928 45.347080 -62.693844 5.598691 25.002501 -0.016084 -0.042073 -2.241556 -3.651374 8.204163 17.636591 -26.322714 52.411156 -19.466665 -14.395617 29.410385 -0.000019 -8.774822 0.000005 15.673071 -18.021801 6.388010 -0.609771 -1.795647 -3.889326 -4.807061 -11.046772 -2.937848 0.000052 -20.975977 -0.000003 -5.019912 -25.033527 -4.031868 0.000006 0.000001 -0.000002 -10.634511 -5.686942 -3.565585 10.573297 -17.922926 -3.113904 0.000029 -13.821184 0.000008 -0.501725 -31.181488 -4.026976 -11.728554 -59.765030 7.882397 -13.982683 -7.150159 -2.875036 13.772728 -8.401494 -3.218247 0.347799 -34.211502 0.771668 -0.963011 -17.733387 2.621057 0.000001 0.000001 -0.000001 -17.346355 -20.095131 -4.201784 21.757532 -1.638408 3.866407 0.000014 -6.338812 0.000002 -1.697534 -22.591724 -6.193994 -0.000000 -0.000000 0.000000 48.736275 -76.036880 147.416656 39.969677 -59.179253 4.726995 25.186680 -0.052497 -0.033749 -4.940994 -4.702998 4.941774 22.181992 -20.375923 49.933300 -16.701784 -16.743492 28.476526 -0.000040 -12.690532 0.000019 15.900387 -17.941591 2.913782 -0.105916 -1.513849 -4.275877 -5.039001 -5.612836 -2.953559 0.000035 -11.020480 -0.000004 -6.111198 -15.895257 -3.840467 -0.000001 -0.000000 0.000001 -10.283316 -5.680248 -4.341840 11.028260 -11.302374 -2.372634 -1.384212 -14.238509 -6.320106 -0.625347 -26.924089 -3.827573 -4.265306 -50.370419 -3.861602 -13.708449 -7.363423 -3.720942 18.141088 -14.052707 -3.242682 0.000042 -18.787193 0.000021 -0.429700 -8.456027 2.555523 0.000001 -0.000001 0.000001 -15.923420 -20.094374 -5.473601 30.419064 -7.190837 1.735871 0.000013 -8.162897 0.000012 -1.861844 -22.861404 -6.167878 -0.000001 -0.000003 0.000002 -168.732895 -3.658672 -0.487512 5.486092 -0.039657 0.069333 -76.423988 -10.616917 -6.410707 -5.667917 1.730266 2.197444 -0.999998 0.000000 0.000000 10.280540 -1.192158 -1.323443 5.260793 -0.060790 0.122328 -76.979492 -4.071621 -6.769793 -6.273684 0.678295 1.654401 -1.000005 -0.000000 -0.000000
