HIERARCHY
ROOT Root
{
  OFFSET 0.0 0.0 0.0
  CHANNELS 6 Xposition Yposition Zposition Zrotation Yrotation Xrotation
  JOINT Hips
  {
    OFFSET 0.0 100.0 0.0
    CHANNELS 6 Xposition Yposition Zposition Zrotation Yrotation Xrotation
    JOINT Spine1
    {
      OFFSET 5.003913 -0.037094 -0.013727
      CHANNELS 3 Zrotation Yrotation Xrotation
      JOINT Spine2
      {
        OFFSET 7.125363 -1e-06 0.0
        CHANNELS 3 Zrotation Yrotation Xrotation
        JOINT Chest
        {
          OFFSET 7.594027 1e-06 0.0
          CHANNELS 3 Zrotation Yrotation Xrotation
          JOINT Neck1
          {
            OFFSET 26.313086 -0.460272 -0.181672
            CHANNELS 3 Zrotation Yrotation Xrotation
            JOINT Neck2
            {
              OFFSET 8.045911 0.0 0.0
              CHANNELS 3 Zrotation Yrotation Xrotation
              JOINT Head
              {
                OFFSET 6.432774 0.0 0.0
                CHANNELS 3 Zrotation Yrotation Xrotation
                JOINT HeadEnd
                {
                  OFFSET 16.169773 0.06451 0.00362
                  CHANNELS 3 Zrotation Yrotation Xrotation
                }
                JOINT Jaw
                {
                  OFFSET 0.108741 3.12938 0.002639
                  CHANNELS 3 Zrotation Yrotation Xrotation
                }
                JOINT LeftEye
                {
                  OFFSET 4.45173 8.166359 3.206392
                  CHANNELS 3 Zrotation Yrotation Xrotation
                }
                JOINT RightEye
                {
                  OFFSET 4.436895 8.135758 -3.222429
                  CHANNELS 3 Zrotation Yrotation Xrotation
                }
              }
            }
          }
          JOINT LeftShoulder
          {
            OFFSET 23.218927 5.195579 1.621656
            CHANNELS 3 Zrotation Yrotation Xrotation
            JOINT LeftArm
            {
              OFFSET 15.902118 2e-06 -2e-06
              CHANNELS 3 Zrotation Yrotation Xrotation
              JOINT LeftForeArm
              {
                OFFSET 28.739307 0.0 -1e-06
                CHANNELS 3 Zrotation Yrotation Xrotation
                JOINT LeftHand
                {
                  OFFSET 27.093981 -4e-06 0.0
                  CHANNELS 3 Zrotation Yrotation Xrotation
                  JOINT LeftHandThumb1
                  {
                    OFFSET 2.276781 3.380274 0.83384
                    CHANNELS 3 Zrotation Yrotation Xrotation
                    JOINT LeftHandThumb2
                    {
                      OFFSET 4.705309 -1e-06 -1e-06
                      CHANNELS 3 Zrotation Yrotation Xrotation
                      JOINT LeftHandThumb3
                      {
                        OFFSET 2.798515 0.0 3e-06
                        CHANNELS 3 Zrotation Yrotation Xrotation
                        JOINT LeftHandThumbEnd
                        {
                          OFFSET 3.180793 4e-06 -4e-06
                          CHANNELS 3 Zrotation Yrotation Xrotation
                        }
                      }
                    }
                  }
                  JOINT LeftHandIndex1
                  {
                    OFFSET 3.247786 2.352677 0.137192
                    CHANNELS 3 Zrotation Yrotation Xrotation
                    JOINT LeftHandIndex2
                    {
                      OFFSET 6.367095 1e-06 0.0
                      CHANNELS 3 Zrotation Yrotation Xrotation
                      JOINT LeftHandIndex3
                      {
                        OFFSET 3.662364 0.0 0.0
                        CHANNELS 3 Zrotation Yrotation Xrotation
                        JOINT LeftHandIndex4
                        {
                          OFFSET 2.329242 4e-06 -4e-06
                          CHANNELS 3 Zrotation Yrotation Xrotation
                          JOINT LeftHandIndexEnd
                          {
                            OFFSET 2.767823 1e-06 0.0
                            CHANNELS 3 Zrotation Yrotation Xrotation
                          }
                        }
                      }
                    }
                  }
                  JOINT LeftHandMiddle1
                  {
                    OFFSET 3.163612 0.945023 -0.406112
                    CHANNELS 3 Zrotation Yrotation Xrotation
                    JOINT LeftHandMiddle2
                    {
                      OFFSET 6.276789 3e-06 0.0
                      CHANNELS 3 Zrotation Yrotation Xrotation
                      JOINT LeftHandMiddle3
                      {
                        OFFSET 4.35652 -1e-06 4e-06
                        CHANNELS 3 Zrotation Yrotation Xrotation
                        JOINT LeftHandMiddle4
                        {
                          OFFSET 2.996877 0.0 8e-06
                          CHANNELS 3 Zrotation Yrotation Xrotation
                          JOINT LeftHandMiddleEnd
                          {
                            OFFSET 2.323256 3e-06 -4e-06
                            CHANNELS 3 Zrotation Yrotation Xrotation
                          }
                        }
                      }
                    }
                  }
                  JOINT LeftHandRing1
                  {
                    OFFSET 2.882606 -0.309162 0.107445
                    CHANNELS 3 Zrotation Yrotation Xrotation
                    JOINT LeftHandRing2
                    {
                      OFFSET 6.033198 0.0 4e-06
                      CHANNELS 3 Zrotation Yrotation Xrotation
                      JOINT LeftHandRing3
                      {
                        OFFSET 4.350578 3e-06 0.0
                        CHANNELS 3 Zrotation Yrotation Xrotation
                        JOINT LeftHandRing4
                        {
                          OFFSET 2.651321 2e-06 -7e-06
                          CHANNELS 3 Zrotation Yrotation Xrotation
                          JOINT LeftHandRingEnd
                          {
                            OFFSET 1.937663 1e-06 -4e-06
                            CHANNELS 3 Zrotation Yrotation Xrotation
                          }
                        }
                      }
                    }
                  }
                  JOINT LeftHandPinky1
                  {
                    OFFSET 2.865315 -1.525436 0.575687
                    CHANNELS 3 Zrotation Yrotation Xrotation
                    JOINT LeftHandPinky2
                    {
                      OFFSET 5.54936 1e-06 -8e-06
                      CHANNELS 3 Zrotation Yrotation Xrotation
                      JOINT LeftHandPinky3
                      {
                        OFFSET 3.070974 0.0 -4e-06
                        CHANNELS 3 Zrotation Yrotation Xrotation
                        JOINT LeftHandPinky4
                        {
                          OFFSET 1.549672 1e-06 0.0
                          CHANNELS 3 Zrotation Yrotation Xrotation
                          JOINT LeftHandPinkyEnd
                          {
                            OFFSET 1.952123 0.0 0.0
                            CHANNELS 3 Zrotation Yrotation Xrotation
                          }
                        }
                      }
                    }
                  }
                }
              }
            }
          }
          JOINT RightShoulder
          {
            OFFSET 23.161716 5.296122 -1.380114
            CHANNELS 3 Zrotation Yrotation Xrotation
            JOINT RightArm
            {
              OFFSET -16.027195 -2e-06 1.1e-05
              CHANNELS 3 Zrotation Yrotation Xrotation
              JOINT RightForeArm
              {
                OFFSET -28.736639 4e-06 2e-06
                CHANNELS 3 Zrotation Yrotation Xrotation
                JOINT RightHand
                {
                  OFFSET -27.133619 6e-06 0.0
                  CHANNELS 3 Zrotation Yrotation Xrotation
                  JOINT RightHandThumb1
                  {
                    OFFSET -2.274328 -3.351035 -0.83067
                    CHANNELS 3 Zrotation Yrotation Xrotation
                    JOINT RightHandThumb2
                    {
                      OFFSET -4.703594 -3e-06 2e-06
                      CHANNELS 3 Zrotation Yrotation Xrotation
                      JOINT RightHandThumb3
                      {
                        OFFSET -2.794935 -4e-06 -3e-06
                        CHANNELS 3 Zrotation Yrotation Xrotation
                        JOINT RightHandThumbEnd
                        {
                          OFFSET -3.183852 4e-06 1e-06
                          CHANNELS 3 Zrotation Yrotation Xrotation
                        }
                      }
                    }
                  }
                  JOINT RightHandIndex1
                  {
                    OFFSET -3.253496 -2.33755 -0.127667
                    CHANNELS 3 Zrotation Yrotation Xrotation
                    JOINT RightHandIndex2
                    {
                      OFFSET -6.344434 0.0 0.0
                      CHANNELS 3 Zrotation Yrotation Xrotation
                      JOINT RightHandIndex3
                      {
                        OFFSET -3.654871 0.0 -8e-06
                        CHANNELS 3 Zrotation Yrotation Xrotation
                        JOINT RightHandIndex4
                        {
                          OFFSET -2.327586 -1e-06 0.0
                          CHANNELS 3 Zrotation Yrotation Xrotation
                          JOINT RightHandIndexEnd
                          {
                            OFFSET -2.770001 3e-06 8e-06
                            CHANNELS 3 Zrotation Yrotation Xrotation
                          }
                        }
                      }
                    }
                  }
                  JOINT RightHandMiddle1
                  {
                    OFFSET -3.168223 -0.944764 0.411762
                    CHANNELS 3 Zrotation Yrotation Xrotation
                    JOINT RightHandMiddle2
                    {
                      OFFSET -6.266691 -1e-06 -4e-06
                      CHANNELS 3 Zrotation Yrotation Xrotation
                      JOINT RightHandMiddle3
                      {
                        OFFSET -4.348901 0.0 0.0
                        CHANNELS 3 Zrotation Yrotation Xrotation
                        JOINT RightHandMiddle4
                        {
                          OFFSET -3.00024 2e-06 -4e-06
                          CHANNELS 3 Zrotation Yrotation Xrotation
                          JOINT RightHandMiddleEnd
                          {
                            OFFSET -2.321477 -4e-06 -4e-06
                            CHANNELS 3 Zrotation Yrotation Xrotation
                          }
                        }
                      }
                    }
                  }
                  JOINT RightHandRing1
                  {
                    OFFSET -2.885654 0.293261 -0.119232
                    CHANNELS 3 Zrotation Yrotation Xrotation
                    JOINT RightHandRing2
                    {
                      OFFSET -6.032835 -1e-06 -4e-06
                      CHANNELS 3 Zrotation Yrotation Xrotation
                      JOINT RightHandRing3
                      {
                        OFFSET -4.33881 0.0 -4e-06
                        CHANNELS 3 Zrotation Yrotation Xrotation
                        JOINT RightHandRing4
                        {
                          OFFSET -2.654903 -4e-06 -4e-06
                          CHANNELS 3 Zrotation Yrotation Xrotation
                          JOINT RightHandRingEnd
                          {
                            OFFSET -1.935122 0.0 4e-06
                            CHANNELS 3 Zrotation Yrotation Xrotation
                          }
                        }
                      }
                    }
                  }
                  JOINT RightHandPinky1
                  {
                    OFFSET -2.866241 1.503904 -0.60527
                    CHANNELS 3 Zrotation Yrotation Xrotation
                    JOINT RightHandPinky2
                    {
                      OFFSET -5.553177 -2e-06 0.0
                      CHANNELS 3 Zrotation Yrotation Xrotation
                      JOINT RightHandPinky3
                      {
                        OFFSET -3.062664 -1e-06 -4e-06
                        CHANNELS 3 Zrotation Yrotation Xrotation
                        JOINT RightHandPinky4
                        {
                          OFFSET -1.546529 2e-06 4e-06
                          CHANNELS 3 Zrotation Yrotation Xrotation
                          JOINT RightHandPinkyEnd
                          {
                            OFFSET -1.952341 0.0 -4e-06
                            CHANNELS 3 Zrotation Yrotation Xrotation
                          }
                        }
                      }
                    }
                  }
                }
              }
            }
          }
        }
      }
    }
    JOINT LeftLeg
    {
      OFFSET -8.443107 2.567604 10.043214
      CHANNELS 3 Zrotation Yrotation Xrotation
      JOINT LeftShin
      {
        OFFSET 43.229198 1e-06 -1e-06
        CHANNELS 3 Zrotation Yrotation Xrotation
        JOINT LeftFoot
        {
          OFFSET 42.298611 1e-06 1e-06
          CHANNELS 3 Zrotation Yrotation Xrotation
          JOINT LeftToeBase
          {
            OFFSET 14.165858 1e-06 0.0
            CHANNELS 3 Zrotation Yrotation Xrotation
            JOINT LeftToeEnd
            {
              OFFSET 6.7141 -0.234461 0.0
              CHANNELS 3 Zrotation Yrotation Xrotation
            }
          }
        }
      }
    }
    JOINT RightLeg
    {
      OFFSET -8.303923 2.592729 -10.047278
      CHANNELS 3 Zrotation Yrotation Xrotation
      JOINT RightShin
      {
        OFFSET -43.369682 0.0 1e-06
        CHANNELS 3 Zrotation Yrotation Xrotation
        JOINT RightFoot
        {
          OFFSET -42.260784 4e-06 2e-06
          CHANNELS 3 Zrotation Yrotation Xrotation
          JOINT RightToeBase
          {
            OFFSET -14.222245 -2e-06 -1e-06
            CHANNELS 3 Zrotation Yrotation Xrotation
            JOINT RightToeEnd
            {
              OFFSET -6.660062 0.232574 -2e-06
              CHANNELS 3 Zrotation Yrotation Xrotation
            }
          }
        }
      }
    }
  }
}
MOTION
Frames: 180
Frame Time: 0.03333333333333333
0.0 0.0 0.0 0.0 -0.0 0.0 -1.320035 99.467712 -1.049842 87.52742 2.871854 89.879425 -3.593931 -0.756959 -0.242798 -11.808889 -0.673907 -1.085099 16.594999 3.454908 -3.028864 8.031982 -0.881304 2.863166 -2.703054 -0.962205 0.185461 -23.785173 0.505267 -0.837866 4e-06 0.0 0.0 -0.069563 0.026509 0.09938 0.047878 0.044972 0.135215 0.044783 -0.000869 0.073436 -148.913742 -68.067947 167.398209 39.721535 -33.170692 -3.625334 70.898232 -0.768705 -0.246254 -3.695341 7.534431 -33.796577 17.636599 -26.322815 52.411549 -19.466894 -14.395721 29.410717 -9e-06 -8.774902 1.6e-05 16.644203 -17.652483 5.508698 -0.609776 -1.795667 -3.889355 -4.80711 -11.046886 -2.93789 3.3e-05 -20.976212 -5.2e-05 -5.019965 -25.033886 -4.031991 6e-06 2e-06 1e-06 -10.63458 -5.687003 -3.565606 10.573369 -17.923067 -3.113982 1.9e-05 -13.82133 -2.6e-05 -0.50169 -31.181911 -4.027147 -11.379854 -59.045662 7.227214 -13.982778 -7.150236 -2.875054 13.772831 -8.401554 -3.218308 0.347793 -34.211891 0.77158 -0.963014 -17.733595 2.621028 -0.0 -1e-06 0.0 -17.346493 -20.095327 -4.20182 21.757713 -1.638389 3.86642 5e-06 -6.338876 -9e-06 -1.697554 -22.592033 -6.194149 -0.0 -5e-06 -4e-06 25.904963 -73.293953 170.65593 32.867413 -40.934505 -9.229626 66.505486 -0.942229 0.007983 11.8223 -2.269167 -7.820228 22.182096 -20.375952 49.933628 -16.701979 -16.743652 28.47681 -2e-06 -12.690699 2.6e-05 16.033764 -17.540688 2.816573 -0.105916 -1.513869 -4.275909 -5.039064 -5.612912 -2.953579 5e-06 -11.020617 -2.5e-05 -6.111335 -15.895524 -3.840541 -1e-06 -2e-06 -0.0 -10.283409 -5.680328 -4.341858 11.02836 -11.302469 -2.372685 -1.384261 -14.238703 -6.320208 -0.62538 -26.924509 -3.827726 -5.09078 -50.399521 -2.749496 -13.708578 -7.363524 -3.720951 18.141262 -14.05281 -3.242752 1.3e-05 -18.787428 -3.8e-05 -0.429716 -8.456126 2.555516 -1e-06 -1e-06 -0.0 -15.923601 -20.094604 -5.473618 30.419395 -7.190835 1.735878 -1e-06 -8.162981 -1.3e-05 -1.861889 -22.861706 -6.168061 1e-06 -3e-06 -1e-06 -176.794724 -11.66359 -17.987089 5.308115 -0.017238 0.491369 -72.622971 -5.737138 -14.498391 -5.453182 1.419099 2.086058 -0.999999 -0.0 -0.0 5.955561 -1.716561 -14.837529 5.423822 -0.01691 0.106033 -76.235367 -3.984244 -7.23449 -5.258328 0.699331 1.668189 -1.000003 -1e-06 -0.0 
0.0 0.0 0.0 0.0 -0.0 0.0 -1.718067 99.484848 -1.044734 87.280472 2.763345 89.918198 -3.512049 -0.695255 -0.260371 -11.790758 -0.669935 -1.112224 16.498177 3.529552 -3.010084 7.795452 -0.802273 2.833823 -2.705858 -0.996368 0.115663 -23.819773 0.407926 -0.952466 7e-06 0.0 0.0 -0.054458 0.029766 0.088336 0.095957 0.051284 0.137484 0.076739 -0.000272 0.048936 -147.577301 -68.468811 166.212036 37.979321 -33.560753 -3.688953 73.510597 -0.719327 -0.337498 -3.516972 7.898067 -35.054272 17.63678 -26.322714 52.411026 -19.466581 -14.395587 29.410248 1.3e-05 -8.774842 -2.3e-05 16.518938 -17.842903 5.54964 -0.609781 -1.795649 -3.889317 -4.807112 -11.046804 -2.937833 -1.9e-05 -20.976021 3.5e-05 -5.020031 -25.033594 -4.031874 6e-06 2e-06 2e-06 -10.634562 -5.686971 -3.565577 10.573271 -17.922932 -3.113854 -1.1e-05 -13.821213 1.9e-05 -0.501839 -31.18157 -4.026984 -11.410419 -58.988914 7.20602 -13.982753 -7.150198 -2.875033 13.77275 -8.401478 -3.218206 0.347692 -34.211578 0.771709 -0.963047 -17.733419 2.621047 0.0 0.0 -0.0 -17.346487 -20.095207 -4.201754 21.757612 -1.638373 3.866468 -3e-06 -6.338828 8e-06 -1.697635 -22.591795 -6.194003 -1e-06 -5e-06 -3e-06 27.426207 -73.186699 169.457275 30.366966 -41.479057 -10.183267 67.571289 -0.647978 0.142923 11.939846 -1.877358 -8.600537 22.182293 -20.375858 49.933147 -16.701752 -16.743492 28.476372 2.2e-05 -12.690634 -4.3e-05 16.036606 -17.496145 2.842798 -0.105927 -1.513855 -4.275867 -5.039067 -5.612884 -2.953548 -9e-06 -11.020563 1.3e-05 -6.111368 -15.895427 -3.840471 -0.0 -3e-06 1e-06 -10.283405 -5.680299 -4.341829 11.028303 -11.302413 -2.372591 -1.384316 -14.238623 -6.320104 -0.625508 -26.924326 -3.82758 -5.116071 -50.477322 -2.693604 -13.708568 -7.363492 -3.720931 18.141169 -14.052751 -3.242612 -1.4e-05 -18.787338 8e-06 -0.429708 -8.456097 2.555517 -0.0 0.0 0.0 -15.923612 -20.094509 -5.473554 30.419256 -7.190833 1.736024 2e-06 -8.162951 -3e-06 -1.861922 -22.861599 -6.167981 0.0 -2e-06 -1e-06 -177.015472 -12.226123 -17.926832 5.487142 9.3e-05 0.490998 -72.571968 -5.728241 -14.811148 -5.548285 1.460875 2.091122 -1.000002 -1e-06 -1e-06 5.864568 -1.178011 -14.612282 5.38584 -0.031202 0.075882 -76.29377 -4.182463 -7.058136 -5.376312 0.693364 1.659932 -1.000003 0.0 -0.0 
0.0 0.0 0.0 0.0 -0.0 0.0 -2.191276 99.501373 -1.047601 86.980377 2.593935 90.056473 -3.431396 -0.614321 -0.287357 -11.779536 -0.667809 -1.184133 16.361502 3.625646 -3.016704 7.557468 -0.735867 2.7732 -2.707541 -1.043967 0.058086 -23.946321 0.320622 -1.071738 7e-06 0.0 0.0 -0.041147 0.0325 0.078925 0.133428 0.057411 0.14136 0.100588 -0.000978 0.026089 -146.067169 -68.80394 164.843536 35.961021 -33.841194 -3.603717 76.056595 -0.657025 -0.464627 -3.364313 8.094623 -36.732975 17.636692 -26.322636 52.41087 -19.466501 -14.395525 29.410152 5e-06 -8.774795 -2.2e-05 16.449224 -18.037395 5.538181 -0.609779 -1.795642 -3.889303 -4.807083 -11.046758 -2.937821 -6e-06 -20.975925 3.6e-05 -5.019979 -25.033459 -4.031845 5e-06 1e-06 2e-06 -10.634515 -5.686947 -3.565568 10.573222 -17.922871 -3.11384 -6e-06 -13.821159 2.2e-05 -0.50182 -31.181408 -4.026949 -11.289972 -58.7855 7.042169 -13.982687 -7.150169 -2.875027 13.77268 -8.401451 -3.218193 0.347697 -34.211422 0.771717 -0.963043 -17.733343 2.621047 0.0 -1e-06 -1e-06 -17.346397 -20.095131 -4.201746 21.7575 -1.638372 3.866448 0.0 -6.338808 1e-05 -1.69761 -22.591702 -6.193958 -2e-06 -6e-06 -1e-06 29.159101 -73.005455 168.037613 27.482435 -42.209068 -10.956722 68.99791 -0.162079 0.249204 12.258671 -1.082542 -10.781996 22.182079 -20.375727 49.932796 -16.701633 -16.743387 28.47617 3e-06 -12.690507 -2.2e-05 15.974854 -17.415035 2.859996 -0.10592 -1.513844 -4.27584 -5.039012 -5.612832 -2.953521 3e-06 -11.020452 1.5e-05 -6.111264 -15.89523 -3.840414 1e-06 -2e-06 1e-06 -10.283321 -5.68025 -4.341795 11.028216 -11.302332 -2.372582 -1.384277 -14.238482 -6.320035 -0.625464 -26.924006 -3.827518 -5.091852 -50.444309 -2.696955 -13.70846 -7.363427 -3.720901 18.141018 -14.052655 -3.242602 4e-06 -18.787149 1.4e-05 -0.429698 -8.456 2.555488 0.0 0.0 0.0 -15.923466 -20.094353 -5.473512 30.418999 -7.190787 1.735963 6e-06 -8.162871 -2e-06 -1.861881 -22.861336 -6.167885 0.0 -2e-06 -1e-06 -177.411285 -12.911479 -17.888596 5.800108 0.020665 0.501169 -72.547211 -5.547851 -15.151279 -5.556234 1.499753 2.102309 -0.999999 1e-06 -0.0 5.676252 -0.522789 -14.380562 5.389654 -0.045299 0.026165 -76.281914 -4.452618 -6.834285 -5.387328 0.698948 1.657872 -1.0 1e-06 0.0 
0.0 0.0 0.0 0.0 -0.0 0.0 -2.745451 99.491409 -1.046446 86.618126 2.383934 90.226784 -3.331462 -0.468489 -0.324072 -11.746502 -0.660513 -1.266523 16.16832 3.733685 -3.068988 7.324189 -0.730139 2.698881 -2.702739 -1.119631 0.072677 -24.189606 0.235873 -1.209615 6e-06 0.0 -0.0 -0.033858 0.037536 0.081191 0.144703 0.070051 0.151763 0.106924 -0.004204 0.02013 -144.174606 -68.977966 163.069794 33.784206 -34.10392 -3.571527 78.358299 -0.56018 -0.534939 -3.114903 8.466138 -38.727951 17.636665 -26.322701 52.411003 -19.466599 -14.39555 29.410273 -2e-06 -8.774809 -1.2e-05 16.430765 -18.233793 5.483288 -0.609776 -1.795651 -3.889315 -4.807082 -11.046797 -2.937835 0.0 -20.976023 2.2e-05 -5.019972 -25.033607 -4.031859 6e-06 2e-06 2e-06 -10.634519 -5.686962 -3.565577 10.573247 -17.922943 -3.113872 1e-06 -13.821219 1.1e-05 -0.501788 -31.181589 -4.026984 -11.147057 -58.676266 6.857206 -13.98269 -7.150186 -2.875034 13.772701 -8.401489 -3.218217 0.347723 -34.211582 0.771686 -0.963035 -17.733421 2.621047 0.0 0.0 0.0 -17.346394 -20.095186 -4.201759 21.757515 -1.638376 3.86644 3e-06 -6.338828 4e-06 -1.697587 -22.591785 -6.194 -1e-06 -8e-06 -3e-06 31.155684 -72.839905 166.332855 24.423161 -43.088196 -11.746354 70.652786 0.315688 0.30305 12.701962 0.352228 -14.844459 22.182171 -20.375895 49.933224 -16.701784 -16.743523 28.476465 9e-06 -12.69062 -1.3e-05 15.970815 -17.362583 2.871152 -0.105923 -1.513856 -4.275874 -5.039051 -5.612882 -2.95355 -4e-06 -11.020559 1.1e-05 -6.111334 -15.89542 -3.840464 0.0 1e-06 0.0 -10.283381 -5.680296 -4.341829 11.028296 -11.302422 -2.372614 -1.384292 -14.238632 -6.320112 -0.625482 -26.924353 -3.827592 -5.116726 -50.469376 -2.687067 -13.708537 -7.363488 -3.72093 18.141148 -14.052757 -3.242647 -1.1e-05 -18.78735 9e-06 -0.429716 -8.456107 2.555516 -1e-06 4e-06 0.0 -15.923567 -20.094511 -5.473556 30.419228 -7.19082 1.73596 -2e-06 -8.162954 -2e-06 -1.861919 -22.861601 -6.167969 0.0 -8e-06 -1e-06 -178.001389 -13.743347 -17.907324 6.337556 0.027373 0.520824 -72.580269 -5.244816 -15.409607 -5.519909 1.535546 2.114303 -0.999999 -1e-06 0.0 5.408601 0.23905 -14.203831 5.431387 -0.051051 -0.012898 -76.279922 -4.740439 -6.561656 -5.295171 0.701792 1.662727 -1.0 -1e-06 -0.0 
0.0 0.0 0.0 0.0 -0.0 0.0 -3.311373 99.463181 -1.059689 86.212784 2.136847 90.425179 -3.239862 -0.277367 -0.363906 -11.713138 -0.644458 -1.355579 15.973101 3.868757 -3.144855 7.135205 -0.782545 2.627219 -2.689016 -1.176056 0.135808 -24.51186 0.136325 -1.311576 5e-06 -0.0 -0.0 -0.024992 0.036926 0.076521 0.145091 0.079619 0.149202 0.108727 -0.015779 0.012881 -142.141434 -69.015877 161.176941 31.650656 -34.377251 -3.886354 80.034851 -0.489382 -0.488936 -2.961865 9.361648 -40.894875 17.636623 -26.322592 52.410843 -19.466509 -14.395496 29.410177 1e-06 -8.774777 -1.6e-05 16.46637 -18.381813 5.436269 -0.609777 -1.795643 -3.889304 -4.807068 -11.046756 -2.937829 -0.0 -20.97592 2.1e-05 -5.019944 -25.033457 -4.031854 6e-06 -0.0 -0.0 -10.634487 -5.686943 -3.565571 10.573207 -17.922865 -3.113856 1e-06 -13.821157 1.4e-05 -0.501785 -31.181425 -4.026977 -11.091244 -58.786503 6.778819 -13.982651 -7.150161 -2.875031 13.772647 -8.401449 -3.218202 0.347717 -34.211395 0.771686 -0.963035 -17.73333 2.621035 0.0 -0.0 -0.0 -17.34634 -20.095112 -4.201756 21.757442 -1.63837 3.866432 2e-06 -6.338799 6e-06 -1.697582 -22.591675 -6.193977 -0.0 -7e-06 -2e-06 33.134266 -72.624161 164.631241 21.459206 -44.024574 -12.610154 72.273308 0.701864 0.311263 13.034211 2.725554 -21.444298 22.18199 -20.375702 49.932808 -16.701635 -16.743397 28.476208 -7e-06 -12.690485 -4e-06 16.048397 -17.313179 2.90098 -0.105919 -1.513843 -4.275841 -5.039 -5.61282 -2.953522 9e-06 -11.020425 7e-06 -6.111232 -15.895177 -3.840423 2e-06 0.0 -0.0 -10.2833 -5.68024 -4.341794 11.028202 -11.302307 -2.372596 -1.384258 -14.23844 -6.32004 -0.625431 -26.92392 -3.827525 -5.147223 -50.46949 -2.65678 -13.708432 -7.363414 -3.7209 18.140999 -14.052617 -3.242623 9e-06 -18.787096 1.3e-05 -0.429703 -8.455977 2.55549 0.0 4e-06 0.0 -15.92343 -20.094316 -5.473517 30.418964 -7.190772 1.735928 6e-06 -8.162854 3e-06 -1.861874 -22.861256 -6.16786 1e-06 -2e-06 -1e-06 -178.739304 -14.651389 -17.931679 7.023843 0.020132 0.543951 -72.627586 -4.923427 -15.542258 -5.529319 1.575414 2.126277 -0.999996 1e-06 -1e-06 5.088444 1.056871 -14.094793 5.461086 -0.045717 -0.046151 -76.299576 -4.974373 -6.212156 -5.197643 0.677161 1.663467 -1.0 -0.0 -0.0 
0.0 0.0 0.0 0.0 -0.0 0.0 -3.855731 99.433922 -1.099195 85.830124 1.856526 90.633255 -3.168707 -0.082557 -0.416773 -11.682284 -0.617925 -1.43963 15.788592 4.009109 -3.230952 7.01378 -0.835292 2.564323 -2.66992 -1.198566 0.171464 -24.785213 0.0252 -1.350806 4e-06 -0.0 0.0 -0.013648 0.033952 0.072728 0.143908 0.086773 0.142074 0.109618 -0.029272 0.011508 -140.357773 -69.046387 159.538132 29.603083 -34.679844 -4.365939 80.747093 -0.498219 -0.40999 -3.131501 10.565178 -42.728382 17.636642 -26.322826 52.411461 -19.466751 -14.395658 29.410593 -8e-06 -8.774869 2e-06 16.539759 -18.43754 5.423135 -0.609779 -1.795656 -3.889341 -4.8071 -11.04684 -2.937875 2.6e-05 -20.976124 -1.1e-05 -5.019957 -25.033754 -4.031943 6e-06 0.0 0.0 -10.634555 -5.686977 -3.565605 10.573318 -17.922998 -3.113928 1.1e-05 -13.821279 1e-06 -0.501732 -31.18177 -4.027063 -11.107206 -59.046883 6.780157 -13.982742 -7.150206 -2.87506 13.772776 -8.401518 -3.218262 0.347759 -34.211735 0.771659 -0.963036 -17.733517 2.621062 -1e-06 -1e-06 -1e-06 -17.346445 -20.095245 -4.201818 21.757631 -1.638391 3.866441 5e-06 -6.338856 4e-06 -1.697563 -22.591925 -6.194085 -0.0 -5e-06 -3e-06 34.793194 -72.336266 163.195969 18.942957 -44.842323 -13.399654 73.387856 0.96806 0.317405 12.984052 5.379949 -29.436846 22.182089 -20.375839 49.933258 -16.701797 -16.743505 28.4765 -1.2e-05 -12.690585 -2e-06 16.238674 -17.312872 2.942359 -0.105919 -1.513852 -4.275877 -5.039034 -5.612858 -2.953557 1.2e-05 -11.02051 -9e-06 -6.111272 -15.895334 -3.840498 0.0 -1e-06 -1e-06 -10.283358 -5.680275 -4.341835 11.028284 -11.302382 -2.372631 -1.384255 -14.23856 -6.32013 -0.625393 -26.924208 -3.827622 -5.0424 -50.321747 -2.71697 -13.708508 -7.363459 -3.720938 18.141132 -14.052716 -3.242672 2.2e-05 -18.787247 -7e-06 -0.429704 -8.456047 2.555511 0.0 2e-06 1e-06 -15.923509 -20.094439 -5.473588 30.419176 -7.190825 1.735923 9e-06 -8.162913 2e-06 -1.861872 -22.861473 -6.16795 0.0 0.0 -1e-06 -179.551575 -15.513788 -17.903183 7.721931 0.006785 0.553231 -72.624695 -4.645072 -15.583497 -5.558318 1.600235 2.133409 -0.999995 -0.0 -0.0 4.725241 1.83115 -14.034341 5.461699 -0.032597 -0.078243 -76.346397 -5.12163 -5.8416 -5.136365 0.631081 1.658235 -0.999999 1e-06 -1e-06 
0.0 0.0 0.0 0.0 -0.0 0.0 -4.360782 99.41552 -1.165478 85.543144 1.586555 90.811066 -3.113399 0.089273 -0.462895 -11.659069 -0.597914 -1.506083 15.656494 4.127586 -3.323221 6.944422 -0.848913 2.540572 -2.668382 -1.20919 0.13462 -24.933046 -0.073594 -1.394661 5e-06 -0.0 -0.0 -0.010023 0.033089 0.075455 0.139168 0.089455 0.142465 0.105709 -0.033801 0.015422 -139.026947 -69.148048 158.374878 27.769535 -34.932487 -4.600915 80.408768 -0.594112 -0.354143 -3.632866 11.273825 -43.690807 17.6366 -26.322889 52.41169 -19.466806 -14.395667 29.410723 -1e-06 -8.774867 1.2e-05 16.595943 -18.436085 5.463815 -0.60978 -1.795663 -3.889357 -4.807109 -11.046873 -2.937891 8e-06 -20.976168 -3.3e-05 -5.019966 -25.033819 -4.031981 6e-06 -2e-06 2e-06 -10.634566 -5.687003 -3.565623 10.573317 -17.923035 -3.113954 3e-06 -13.821299 -1.4e-05 -0.501729 -31.181816 -4.027121 -11.142615 -59.294491 6.799458 -13.982754 -7.150237 -2.875074 13.77278 -8.401529 -3.218285 0.347735 -34.211819 0.771626 -0.963047 -17.733545 2.621037 -1e-06 -0.0 1e-06 -17.346466 -20.095318 -4.201841 21.757637 -1.638369 3.866437 -2e-06 -6.338866 -3e-06 -1.697569 -22.591965 -6.194128 -1e-06 -8e-06 1e-06 36.030903 -72.036446 162.126556 17.201872 -45.415947 -13.994723 73.576332 1.188471 0.319125 12.838995 7.245517 -36.360062 22.182127 -20.37598 49.933517 -16.701801 -16.743513 28.476599 -1e-05 -12.69058 -3e-06 16.391228 -17.416718 2.976836 -0.105923 -1.513853 -4.275891 -5.039038 -5.612869 -2.953572 1.3e-05 -11.020527 -2e-06 -6.111263 -15.895351 -3.840502 -1e-06 -1e-06 1e-06 -10.28337 -5.680288 -4.341859 11.028285 -11.302403 -2.372629 -1.384251 -14.238575 -6.320142 -0.625394 -26.924215 -3.827613 -4.852371 -50.140675 -2.86462 -13.708522 -7.363479 -3.720964 18.14113 -14.052742 -3.242668 1.5e-05 -18.787275 8e-06 -0.429712 -8.45606 2.555525 0.0 2e-06 -0.0 -15.923524 -20.094494 -5.47362 30.419174 -7.190834 1.735932 5e-06 -8.162933 9e-06 -1.861871 -22.861511 -6.167938 -0.0 -2e-06 -3e-06 179.685532 -16.214115 -17.85519 8.315966 -0.004796 0.558705 -72.573051 -4.38249 -15.588675 -5.570272 1.604465 2.136234 -1.000005 -0.0 -1e-06 4.360344 2.476743 -14.039828 5.445142 -0.029237 -0.095908 -76.397934 -5.210317 -5.488421 -5.090004 0.593154 1.653113 -1.000003 1e-06 -0.0 
0.0 0.0 0.0 0.0 -0.0 0.0 -4.794553 99.418922 -1.255453 85.358574 1.353147 90.943527 -3.073422 0.251826 -0.499873 -11.638962 -0.589965 -1.534715 15.595553 4.220824 -3.432865 6.913189 -0.817342 2.565636 -2.672164 -1.229561 0.012842 -24.960258 -0.137748 -1.448309 5e-06 -0.0 -0.0 -0.014023 0.032991 0.07703 0.13091 0.088511 0.143535 0.097903 -0.033013 0.016535 -138.082367 -69.268089 157.62999 26.351458 -35.102512 -4.346562 79.22261 -0.790504 -0.35348 -4.246477 11.313553 -43.926319 17.636545 -26.322859 52.411789 -19.466843 -14.395615 29.41077 -1.7e-05 -8.774835 1.2e-05 16.610744 -18.418125 5.536337 -0.609779 -1.795665 -3.889362 -4.807079 -11.046853 -2.937915 5.5e-05 -20.97612 -7e-05 -5.019856 -25.033739 -4.032006 5e-06 1e-06 -3e-06 -10.634539 -5.686995 -3.565639 10.573317 -17.923025 -3.113977 3.4e-05 -13.821276 -3e-05 -0.501615 -31.181734 -4.02715 -11.226227 -59.487759 6.856354 -13.982718 -7.150226 -2.875095 13.772749 -8.401542 -3.218294 0.34783 -34.211727 0.771571 -0.963003 -17.733486 2.621037 -0.0 1e-06 -1e-06 -17.346397 -20.095301 -4.201888 21.757568 -1.63839 3.866433 1.1e-05 -6.338852 -9e-06 -1.697486 -22.591892 -6.194153 -1e-06 -6e-06 -2e-06 36.768532 -71.848816 161.551559 16.378452 -45.827023 -14.480457 72.847824 1.312352 0.305866 12.778479 8.336986 -42.001591 22.182108 -20.375931 49.933533 -16.701777 -16.743443 28.47657 -1.1e-05 -12.690537 -6e-06 16.465652 -17.513231 2.989454 -0.105926 -1.513858 -4.27589 -5.039028 -5.612864 -2.953576 1.1e-05 -11.020508 -1.2e-05 -6.111236 -15.895324 -3.840513 1e-06 -2e-06 -2e-06 -10.283356 -5.68029 -4.341868 11.028254 -11.302385 -2.372627 -1.384244 -14.238552 -6.320148 -0.625373 -26.92416 -3.827639 -4.686009 -49.992123 -2.976627 -13.708502 -7.363479 -3.720977 18.141079 -14.052719 -3.242663 2.3e-05 -18.787235 -9e-06 -0.429707 -8.456039 2.555512 -1e-06 -2e-06 2e-06 -15.923491 -20.094481 -5.473647 30.419085 -7.190821 1.73594 7e-06 -8.162911 3e-06 -1.861844 -22.861444 -6.167946 0.0 -5e-06 -2e-06 179.01445 -16.73608 -17.804331 8.811963 -0.011021 0.579708 -72.50238 -4.181082 -15.574382 -5.592711 1.606223 2.13983 -0.999997 -0.0 1e-06 4.019242 2.969136 -14.082503 5.425369 -0.031688 -0.102631 -76.397079 -5.315094 -5.18505 -5.084184 0.577995 1.651786 -1.000002 2e-06 0.0 
0.0 0.0 0.0 0.0 -0.0 0.0 -5.16772 99.425491 -1.368293 85.227592 1.175397 91.038887 -3.026526 0.440207 -0.522922 -11.625245 -0.588733 -1.550155 15.590557 4.293643 -3.541625 6.938941 -0.796749 2.612117 -2.654605 -1.2213 -0.134849 -24.953552 -0.178803 -1.536873 6e-06 -0.0 -0.0 -0.023164 0.034557 0.080705 0.124118 0.088716 0.144255 0.091726 -0.029986 0.022329 -137.408264 -69.342567 157.21759 25.313961 -35.238857 -3.657298 77.50782 -1.031005 -0.347085 -4.806684 10.866146 -43.884777 17.636543 -26.322714 52.41116 -19.466599 -14.395553 29.41036 3e-06 -8.774796 -0.0 16.619287 -18.380436 5.60827 -0.609776 -1.795649 -3.889322 -4.807076 -11.046794 -2.937845 -7e-06 -20.975996 2e-06 -5.019953 -25.033567 -4.031888 6e-06 -0.0 -1e-06 -10.6345 -5.686963 -3.565584 10.573227 -17.922913 -3.113889 -6e-06 -13.821198 6e-06 -0.501777 -31.181528 -4.027017 -11.327959 -59.628189 6.952977 -13.982666 -7.150189 -2.875043 13.772676 -8.40147 -3.218234 0.347707 -34.211517 0.771666 -0.963042 -17.733387 2.621027 -0.0 1e-06 -2e-06 -17.346359 -20.095184 -4.201777 21.757484 -1.638356 3.866416 -2e-06 -6.33882 2e-06 -1.697579 -22.591764 -6.194019 -1e-06 -3e-06 -1e-06 37.095486 -71.801147 161.430954 16.388714 -46.164459 -14.955792 71.521072 1.34421 0.297865 12.790496 9.055598 -47.433693 22.182043 -20.375864 49.933212 -16.7017 -16.743443 28.476421 1.3e-05 -12.690537 -4e-06 16.546629 -17.562271 2.974424 -0.105923 -1.513851 -4.275867 -5.039026 -5.612861 -2.953548 -9e-06 -11.020508 9e-06 -6.111284 -15.895336 -3.840465 -0.0 -1e-06 -2e-06 -10.283337 -5.680276 -4.341829 11.028225 -11.302365 -2.372607 -1.384278 -14.23855 -6.3201 -0.625463 -26.924162 -3.827595 -4.525024 -49.888794 -3.040159 -13.708476 -7.363467 -3.720933 18.141037 -14.052687 -3.242637 -2e-05 -18.787245 9e-06 -0.429725 -8.456048 2.555507 -0.0 -2e-06 -1e-06 -15.923487 -20.094442 -5.473568 30.419046 -7.190771 1.735948 -8e-06 -8.162913 1e-06 -1.861909 -22.861479 -6.167932 -3e-06 -1e-06 -2e-06 178.40419 -17.166979 -17.808107 9.31521 -0.016968 0.609906 -72.474518 -4.033824 -15.548461 -5.648891 1.608658 2.141523 -1.0 -1e-06 0.0 3.715804 3.354685 -14.104712 5.416197 -0.030275 -0.114955 -76.359184 -5.466876 -4.932608 -5.129272 0.583815 1.65497 -1.000004 -1e-06 -1e-06 
0.0 0.0 0.0 0.0 -0.0 0.0 -5.471133 99.415474 -1.498281 85.096756 1.063819 91.057793 -2.969227 0.688004 -0.534448 -11.622652 -0.593173 -1.561091 15.645638 4.360358 -3.615399 7.038305 -0.827285 2.658071 -2.61757 -1.176821 -0.255906 -24.950262 -0.190971 -1.649088 7e-06 -0.0 -0.0 -0.033154 0.035522 0.080484 0.12094 0.091093 0.138175 0.089327 -0.030236 0.027338 -137.065369 -69.340157 157.187759 24.569237 -35.353714 -2.787444 75.61998 -1.191047 -0.288464 -5.227908 10.115102 -44.072483 17.636673 -26.322706 52.411213 -19.466702 -14.395633 29.410425 -4e-06 -8.77486 -7e-06 16.619593 -18.30311 5.689784 -0.60978 -1.795654 -3.88933 -4.807096 -11.046813 -2.93786 2.7e-05 -20.976057 -9e-06 -5.019967 -25.033657 -4.031919 5e-06 0.0 -1e-06 -10.634548 -5.686967 -3.565591 10.573315 -17.922964 -3.113911 1.5e-05 -13.821231 -1e-06 -0.50174 -31.181631 -4.027041 -11.444103 -59.760418 7.102923 -13.982732 -7.150193 -2.875046 13.77277 -8.401505 -3.218248 0.347776 -34.211639 0.771646 -0.963015 -17.733456 2.621047 0.0 0.0 2e-06 -17.346441 -20.095207 -4.201793 21.757622 -1.638391 3.866442 7e-06 -6.338833 -0.0 -1.697571 -22.591839 -6.194054 -1e-06 -2e-06 -3e-06 36.986061 -71.847893 161.763947 17.035568 -46.311241 -15.377548 70.009964 1.291558 0.28351 12.809209 9.537886 -52.761204 22.182095 -20.375835 49.933155 -16.701828 -16.74353 28.476467 -1.3e-05 -12.690603 5e-06 16.597027 -17.584169 2.991927 -0.105916 -1.513857 -4.275876 -5.039033 -5.612867 -2.953547 1.6e-05 -11.020535 -5e-06 -6.11128 -15.895365 -3.840458 0.0 0.0 3e-06 -10.283364 -5.680277 -4.341825 11.028301 -11.302405 -2.372636 -1.384256 -14.238585 -6.320112 -0.625406 -26.924252 -3.827601 -4.394591 -49.931789 -3.043266 -13.708516 -7.363463 -3.720927 18.141157 -14.052741 -3.242676 2.8e-05 -18.787285 -1e-05 -0.429696 -8.456067 2.5555 0.0 -1e-06 -2e-06 -15.923521 -20.094456 -5.473561 30.41921 -7.19084 1.735911 1.2e-05 -8.16293 -1e-05 -1.861865 -22.861519 -6.167955 -0.0 -2e-06 -4e-06 177.838394 -17.582033 -17.895876 9.933432 -0.022288 0.641983 -72.559494 -3.91107 -15.50418 -5.691131 1.610423 2.141079 -1.000002 -0.0 1e-06 3.453234 3.671324 -14.132871 5.438942 -0.024424 -0.116584 -76.318024 -5.587215 -4.70858 -5.186469 0.589846 1.65596 -1.000001 -2e-06 1e-06 
0.0 0.0 0.0 0.0 -0.0 0.0 -5.690969 99.386475 -1.632045 84.943108 1.03421 91.013641 -2.909715 0.988599 -0.559967 -11.627165 -0.595727 -1.571176 15.783278 4.437899 -3.617783 7.193589 -0.888874 2.704338 -2.578594 -1.11236 -0.32569 -24.938421 -0.223795 -1.7906 5e-06 -0.0 -0.0 -0.038096 0.041522 0.093133 0.120621 0.100954 0.143879 0.090237 -0.027779 0.046975 -137.190292 -69.215622 157.571243 23.915701 -35.375889 -2.003486 73.884811 -1.296578 -0.195914 -5.518828 9.253832 -44.802078 17.636606 -26.322733 52.411327 -19.466732 -14.395604 29.410519 -4e-06 -8.774839 1e-06 16.610802 -18.205933 5.783921 -0.609778 -1.795657 -3.889336 -4.807092 -11.046832 -2.937872 1.6e-05 -20.976091 -3e-05 -5.019942 -25.033716 -4.031956 7e-06 -1e-06 3e-06 -10.634535 -5.686979 -3.565599 10.573294 -17.922987 -3.113932 1.1e-05 -13.821258 -1.4e-05 -0.501719 -31.181709 -4.02709 -11.549013 -59.905609 7.272701 -13.982718 -7.150208 -2.875055 13.772743 -8.401509 -3.218261 0.347765 -34.211693 0.771615 -0.963019 -17.733482 2.621027 1e-06 -1e-06 0.0 -17.346418 -20.095245 -4.201809 21.757584 -1.638375 3.866432 5e-06 -6.338847 -5e-06 -1.697561 -22.591906 -6.194087 -1e-06 -3e-06 -3e-06 36.49358 -71.880272 162.470825 17.992561 -46.030647 -15.57779 68.723892 1.122583 0.27573 12.835386 9.896304 -57.584515 22.182173 -20.375965 49.933441 -16.701834 -16.743567 28.476599 3e-06 -12.690645 -4e-06 16.556965 -17.599247 3.051103 -0.105922 -1.513858 -4.275891 -5.039056 -5.612887 -2.953564 1e-06 -11.020574 3e-06 -6.111329 -15.895442 -3.840493 0.0 1e-06 -1e-06 -10.283392 -5.6803 -4.341849 11.028317 -11.302428 -2.372633 -1.384283 -14.23864 -6.320144 -0.625452 -26.924372 -3.827621 -4.333742 -50.116745 -2.999886 -13.708551 -7.363491 -3.720951 18.141186 -14.052768 -3.242671 -6e-06 -18.787352 5e-06 -0.429719 -8.456104 2.555525 -1e-06 -1e-06 1e-06 -15.923573 -20.094524 -5.473598 30.419275 -7.190835 1.735947 1e-06 -8.162961 2e-06 -1.861912 -22.861628 -6.167978 1e-06 -3e-06 -2e-06 177.337921 -18.007605 -18.043047 10.693383 -0.020454 0.658638 -72.805717 -3.752739 -15.441745 -5.701988 1.597753 2.139124 -1.000002 -0.0 -0.0 3.272891 3.949503 -14.159382 5.483917 -0.012543 -0.105293 -76.301765 -5.670865 -4.525273 -5.213229 0.594914 1.655817 -1.000001 1e-06 0.0 
0.0 0.0 0.0 0.0 -0.0 0.0 -5.823203 99.350632 -1.741311 84.784843 1.105598 91.003166 -2.850212 1.289563 -0.613159 -11.630833 -0.581558 -1.57581 15.965339 4.522518 -3.535731 7.493301 -0.928294 2.731993 -2.5777 -1.072188 -0.393991 -24.938248 -0.227264 -1.954497 5e-06 0.0 0.0 -0.035731 0.05621 0.134801 0.128791 0.119481 0.181294 0.099626 -0.016776 0.093312 -137.59697 -69.005638 158.160934 23.289408 -35.27441 -1.632122 72.561493 -1.463936 -0.131447 -5.659173 8.57227 -46.141769 17.63669 -26.322622 52.410969 -19.466589 -14.395553 29.410248 -9e-06 -8.774806 -1.7e-05 16.542315 -18.098457 5.89105 -0.609775 -1.795647 -3.889312 -4.807074 -11.046761 -2.937842 3.5e-05 -20.975945 2e-06 -5.019918 -25.033476 -4.03188 4e-06 -2e-06 2e-06 -10.634522 -5.686944 -3.565579 10.573266 -17.922888 -3.113876 2.4e-05 -13.821162 8e-06 -0.501735 -31.181408 -4.026977 -11.632535 -59.917801 7.420629 -13.982694 -7.150166 -2.875038 13.77271 -8.401473 -3.218213 0.347788 -34.211426 0.771665 -0.963004 -17.733337 2.621049 -0.0 -1e-06 -2e-06 -17.346392 -20.095135 -4.201776 21.757523 -1.638396 3.866444 1.1e-05 -6.338801 2e-06 -1.697551 -22.591677 -6.193992 -1e-06 -5e-06 -2e-06 35.922623 -71.822502 163.210464 18.893841 -45.289417 -15.39197 68.069572 0.859566 0.298139 12.791331 10.17355 -61.700584 22.182116 -20.375883 49.933281 -16.701839 -16.743511 28.476528 -2.6e-05 -12.690593 -4e-06 16.453745 -17.587574 3.129354 -0.105919 -1.513854 -4.275882 -5.039029 -5.612861 -2.953561 2.7e-05 -11.020532 -8e-06 -6.111253 -15.895358 -3.840495 -0.0 0.0 2e-06 -10.283359 -5.680274 -4.341844 11.028301 -11.302414 -2.372633 -1.38424 -14.23858 -6.320131 -0.625375 -26.924242 -3.827605 -4.367851 -50.257645 -2.924739 -13.708508 -7.363455 -3.72094 18.141161 -14.052759 -3.24268 4.3e-05 -18.787285 -3e-06 -0.429694 -8.456068 2.555519 -1e-06 0.0 -3e-06 -15.9235 -20.094452 -5.473595 30.419197 -7.19087 1.735918 1.9e-05 -8.162931 2e-06 -1.861843 -22.861515 -6.167943 -2e-06 -2e-06 -1e-06 176.935303 -18.417734 -18.248564 11.52711 -0.01781 0.658627 -73.237045 -3.506847 -15.399342 -5.716866 1.566468 2.132613 -0.999999 2e-06 -0.0 3.235575 4.183279 -14.169671 5.52402 -0.001663 -0.103634 -76.293152 -5.74649 -4.459724 -5.198489 0.611317 1.661059 -0.999999 1e-06 0.0 
0.0 0.0 0.0 0.0 -0.0 0.0 -5.85878 99.309776 -1.819325 84.701195 1.245194 90.97583 -2.796319 1.524263 -0.660275 -11.617358 -0.546338 -1.566925 16.104731 4.566942 -3.421257 8.035522 -0.901676 2.721014 -2.619611 -1.060605 -0.514567 -24.983061 -0.093824 -2.057743 7e-06 -0.0 0.0 -0.039778 0.064276 0.168186 0.131857 0.131983 0.21433 0.102741 -0.013431 0.126228 -137.565369 -68.886864 158.306458 22.759037 -35.295357 -1.969936 71.805237 -1.678081 -0.09468 -5.60991 8.226521 -47.802826 17.636446 -26.322552 52.410946 -19.466553 -14.39549 29.410259 1e-06 -8.774754 6e-06 16.44586 -17.948404 5.983096 -0.609773 -1.795648 -3.889312 -4.807056 -11.046764 -2.93784 -6e-06 -20.975935 -1.7e-05 -5.019922 -25.033497 -4.03188 5e-06 -2e-06 2e-06 -10.634458 -5.686951 -3.565573 10.573184 -17.922861 -3.113895 -4e-06 -13.821157 -9e-06 -0.501756 -31.181433 -4.02703 -11.676989 -59.78709 7.511032 -13.982613 -7.150172 -2.875033 13.772613 -8.401445 -3.218233 0.347727 -34.211388 0.771616 -0.963021 -17.73332 2.620986 1e-06 2e-06 -1e-06 -17.346292 -20.095135 -4.201769 21.757393 -1.638348 3.86639 -4e-06 -6.338799 -5e-06 -1.697564 -22.591692 -6.194008 -1e-06 -3e-06 -2e-06 35.632328 -71.78373 163.646362 19.671724 -44.37162 -15.103468 68.111847 0.597348 0.316823 12.595523 10.451974 -64.924767 22.182007 -20.375835 49.93322 -16.701656 -16.743425 28.476416 9e-06 -12.690517 -6e-06 16.338957 -17.542532 3.197373 -0.105924 -1.513844 -4.275867 -5.039019 -5.612844 -2.953547 -4e-06 -11.020465 3e-06 -6.111263 -15.895274 -3.840485 -1e-06 0.0 1e-06 -10.283321 -5.680264 -4.341834 11.028209 -11.302325 -2.372605 -1.384272 -14.238496 -6.320103 -0.625449 -26.924044 -3.827595 -4.509258 -50.328236 -2.821259 -13.708456 -7.36345 -3.72094 18.141014 -14.05264 -3.242632 -1.8e-05 -18.78717 1.4e-05 -0.429726 -8.456017 2.555508 0.0 -0.0 1e-06 -15.923463 -20.094385 -5.473579 30.419016 -7.190757 1.735949 -6e-06 -8.162887 9e-06 -1.861906 -22.86138 -6.16791 -2e-06 -3e-06 -1e-06 176.691315 -18.692053 -18.604425 12.259503 -0.012645 0.661664 -73.742554 -3.272032 -15.36309 -5.810647 1.516871 2.120322 -1.0 1e-06 0.0 3.313504 4.282101 -14.035045 5.561526 0.00455 -0.110584 -76.281097 -5.859851 -4.585367 -5.202233 0.648241 1.673789 -1.000001 1e-06 1e-06 
0.0 0.0 0.0 0.0 -0.0 0.0 -5.779673 99.228462 -1.84087 84.706978 1.311361 90.878624 -2.845312 1.667481 -0.620574 -11.685915 -0.524969 -1.631784 16.218014 4.642139 -3.178767 8.793041 -0.927373 2.71467 -2.607048 -1.03821 -0.826745 -25.321386 0.138666 -2.229643 6e-06 -0.0 0.0 -0.054902 0.074832 0.177117 0.13788 0.140095 0.223498 0.114173 -0.000825 0.137415 -136.54158 -69.047325 157.321259 22.275024 -35.806404 -2.684507 71.875404 -1.740288 -0.047853 -5.694914 7.983109 -49.154663 17.636515 -26.32263 52.411018 -19.466539 -14.395535 29.410286 7e-06 -8.774776 2e-06 16.338205 -17.74822 5.922841 -0.609775 -1.795644 -3.889314 -4.807071 -11.046762 -2.937838 -1.4e-05 -20.975924 3e-06 -5.019951 -25.033485 -4.031882 6e-06 2e-06 -1e-06 -10.634483 -5.68695 -3.565573 10.573201 -17.922852 -3.11388 -9e-06 -13.821143 5e-06 -0.501782 -31.181377 -4.027006 -11.062884 -59.375072 6.857568 -13.982649 -7.150173 -2.875032 13.77265 -8.40144 -3.218226 0.347698 -34.211388 0.771662 -0.963038 -17.733318 2.62101 -0.0 1e-06 0.0 -17.34634 -20.095133 -4.201763 21.757442 -1.638345 3.866409 -4e-06 -6.338797 2e-06 -1.697591 -22.591671 -6.193996 1e-06 -3e-06 -2e-06 36.259197 -71.886673 162.915482 20.020123 -43.752583 -14.699907 68.806297 0.613482 0.43608 11.959551 10.411827 -67.283974 22.181946 -20.375746 49.932968 -16.701633 -16.743362 28.476278 4e-06 -12.690454 0.0 16.62261 -17.489788 3.113565 -0.105922 -1.513846 -4.275851 -5.038998 -5.612837 -2.953533 -1e-06 -11.020453 3e-06 -6.111222 -15.895239 -3.840435 1e-06 -1e-06 -2e-06 -10.283296 -5.680258 -4.341811 11.028174 -11.302323 -2.372602 -1.384261 -14.238485 -6.320066 -0.625446 -26.924015 -3.827563 -4.316621 -50.695896 -3.075879 -13.708426 -7.363438 -3.720916 18.140959 -14.052633 -3.242636 -9e-06 -18.787146 -1e-06 -0.429715 -8.455997 2.555484 -1e-06 -2e-06 1e-06 -15.923425 -20.094368 -5.473538 30.418907 -7.190742 1.735917 -4e-06 -8.162869 -4e-06 -1.861878 -22.86132 -6.167894 1e-06 -0.0 1e-06 176.737885 -18.699696 -18.996735 12.508967 -0.001976 0.611013 -74.481873 -2.809831 -15.284328 -6.19736 1.577408 2.131641 -0.999996 1e-06 1e-06 3.328743 4.26393 -13.962833 5.602946 -0.019801 -0.163594 -76.368332 -5.87027 -4.732177 -5.161765 0.635429 1.65882 -0.999996 -1e-06 0.0 
0.0 0.0 0.0 0.0 -0.0 0.0 -5.628725 99.326584 -1.779307 84.832787 1.542303 91.008087 -2.763458 1.594947 -0.67863 -11.588291 -0.465086 -1.509827 16.114119 4.680068 -3.276485 9.397219 -0.625857 2.415889 -2.59854 -1.081448 -0.451988 -25.301104 0.42137 -2.852963 7e-06 -0.0 -0.0 -0.036136 0.065432 0.186821 0.131335 0.120815 0.241006 0.113611 -0.000118 0.136705 -134.813034 -69.366608 155.661072 21.322559 -36.445278 -3.820442 72.950584 -1.525658 0.104968 -5.367305 7.744158 -51.218662 17.636465 -26.322618 52.410828 -19.466465 -14.39549 29.41017 1.9e-05 -8.774754 4e-06 16.437208 -18.024916 6.069873 -0.609775 -1.795642 -3.889302 -4.807071 -11.046768 -2.937811 -5.9e-05 -20.975935 4e-05 -5.020025 -25.033503 -4.031817 8e-06 1e-06 5e-06 -10.634462 -5.686952 -3.565553 10.57315 -17.922855 -3.113852 -3.6e-05 -13.821164 1.5e-05 -0.501872 -31.181454 -4.026973 -11.538998 -59.493393 7.33024 -13.982617 -7.150176 -2.875009 13.772607 -8.40143 -3.218208 0.347614 -34.211441 0.771704 -0.963076 -17.733355 2.621 0.0 -1e-06 -3e-06 -17.346319 -20.095137 -4.201715 21.757393 -1.638317 3.866395 -1.5e-05 -6.338807 5e-06 -1.697648 -22.591728 -6.193955 0.0 -6e-06 -0.0 36.813587 -71.817413 162.448364 20.558615 -42.9025 -15.087397 69.333275 0.454544 0.520124 11.494351 10.357916 -70.305809 22.181934 -20.375671 49.932976 -16.701653 -16.743399 28.476301 1.7e-05 -12.690495 4e-06 16.358509 -17.693794 3.162496 -0.105921 -1.513849 -4.275852 -5.039011 -5.612841 -2.953534 -1.2e-05 -11.020447 -6e-06 -6.111258 -15.895247 -3.840457 0.0 1e-06 -3e-06 -10.28331 -5.68027 -4.341808 11.02819 -11.302306 -2.372614 -1.384276 -14.238482 -6.320087 -0.625436 -26.923992 -3.827621 -4.722485 -50.369419 -2.855348 -13.708446 -7.363452 -3.720906 18.140987 -14.052607 -3.24265 -2e-05 -18.787132 -1.9e-05 -0.429716 -8.45599 2.555472 -1e-06 -2e-06 3e-06 -15.923461 -20.094385 -5.473535 30.418978 -7.190716 1.735926 -1.1e-05 -8.162863 -8e-06 -1.8619 -22.861313 -6.16794 1e-06 0.0 -3e-06 177.111633 -18.373734 -19.301638 12.108325 0.043655 0.736016 -74.161781 -2.5888 -15.136922 -6.042741 1.561041 2.124918 -0.999998 -2e-06 -1e-06 3.584739 4.001093 -13.824524 5.715014 -0.003427 -0.199052 -76.39077 -5.854981 -4.933831 -5.180932 0.629711 1.678662 -0.999999 0.0 -0.0 
0.0 0.0 0.0 0.0 -0.0 0.0 -5.380399 99.373154 -1.686877 85.140419 1.573725 90.951942 -2.894782 1.369418 -0.622725 -11.630424 -0.496584 -1.511978 16.108889 4.712583 -3.15537 9.909087 -0.381321 2.300212 -2.606573 -1.041702 -0.644836 -25.044443 0.787876 -3.313322 6e-06 0.0 0.0 -0.018342 0.045528 0.139523 0.11647 0.094637 0.189013 0.111419 -0.013643 0.094112 -133.443329 -69.258621 154.197571 20.076061 -36.743637 -5.155684 74.364952 -1.270495 0.053649 -4.635421 8.153466 -53.427444 17.636555 -26.322655 52.411247 -19.466671 -14.395546 29.41045 -2e-06 -8.774801 2e-06 16.444647 -18.193274 6.093944 -0.609776 -1.795657 -3.889328 -4.80708 -11.04681 -2.937871 1.5e-05 -20.976015 -3.6e-05 -5.019907 -25.033602 -4.031942 6e-06 0.0 2e-06 -10.634515 -5.686977 -3.565599 10.573248 -17.922932 -3.113925 7e-06 -13.821205 -1.9e-05 -0.501706 -31.181559 -4.027085 -11.5547 -59.432194 7.329424 -13.982686 -7.150207 -2.875054 13.772691 -8.401483 -3.218251 0.347759 -34.211536 0.771599 -0.963016 -17.733389 2.621007 -0.0 -1e-06 0.0 -17.34638 -20.095224 -4.20181 21.757505 -1.638362 3.866425 -0.0 -6.338819 -7e-06 -1.697545 -22.591768 -6.194067 -2e-06 -7e-06 -4e-06 36.845657 -71.469986 162.316971 20.901983 -41.773521 -15.631631 69.606422 0.429036 0.496286 10.941163 10.388211 -72.39328 22.182121 -20.375942 49.933456 -16.701735 -16.743502 28.476547 1e-05 -12.690577 -8e-06 16.416578 -17.818432 3.141341 -0.105925 -1.513849 -4.275886 -5.039043 -5.612864 -2.953567 -6e-06 -11.020504 4e-06 -6.111297 -15.89533 -3.840499 0.0 1e-06 -1e-06 -10.283366 -5.680288 -4.341854 11.028262 -11.30237 -2.372617 -1.384277 -14.238558 -6.320135 -0.625443 -26.924183 -3.827617 -4.714131 -50.266953 -2.849782 -13.708518 -7.363475 -3.720957 18.141098 -14.052691 -3.242649 -1.5e-05 -18.787239 1.6e-05 -0.429727 -8.456047 2.555526 -1e-06 -1e-06 -0.0 -15.923536 -20.094465 -5.473608 30.419157 -7.190786 1.735956 -7e-06 -8.162919 1.3e-05 -1.861923 -22.861473 -6.167933 0.0 -3e-06 -2e-06 177.753387 -17.64852 -19.329006 11.038633 0.041952 0.716586 -73.578293 -2.711194 -15.160503 -6.048301 1.592469 2.133868 -1.0 1e-06 0.0 3.689631 3.536491 -13.785361 5.690982 -0.02216 -0.192759 -76.361885 -5.774518 -5.189794 -5.330085 0.600352 1.670599 -1.000004 0.0 0.0 
0.0 0.0 0.0 0.0 -0.0 0.0 -5.055802 99.424545 -1.559288 85.568825 1.574605 90.8517 -3.063374 1.064769 -0.592356 -11.686788 -0.529743 -1.495131 16.112991 4.645109 -3.000713 10.30048 -0.156355 2.195562 -2.619001 -0.99076 -0.749168 -24.680248 1.149203 -3.704713 6e-06 -0.0 -1e-06 0.000683 0.027185 0.094908 0.107616 0.06833 0.139857 0.114532 -0.023731 0.053454 -132.966812 -68.80835 153.696808 18.731598 -36.462181 -7.012282 75.548569 -0.973797 -0.014153 -3.740619 9.367367 -56.895264 17.63656 -26.322733 52.411232 -19.466631 -14.395565 29.410416 1e-06 -8.774799 3e-06 16.415398 -18.24655 6.136911 -0.609779 -1.795652 -3.889328 -4.807081 -11.046803 -2.937855 0.0 -20.976019 -3e-06 -5.019946 -25.033594 -4.031893 6e-06 -1e-06 -1e-06 -10.63451 -5.686968 -3.565588 10.573243 -17.922932 -3.1139 -1e-06 -13.821215 2e-06 -0.501769 -31.181589 -4.027023 -11.509027 -59.36166 7.344863 -13.982686 -7.150195 -2.87505 13.77269 -8.40148 -3.218239 0.347715 -34.211563 0.771663 -0.963041 -17.733412 2.621036 -0.0 -2e-06 -1e-06 -17.34638 -20.095203 -4.201789 21.757494 -1.638361 3.866422 -1e-06 -6.338823 3e-06 -1.697572 -22.591789 -6.194028 1e-06 -3e-06 0.0 36.25626 -71.037102 162.852386 21.38378 -40.462551 -16.504097 69.405136 0.505002 0.374229 10.432405 10.81919 -73.923637 22.182133 -20.375948 49.933422 -16.701794 -16.74354 28.476576 6e-06 -12.690616 -3e-06 16.395872 -17.877733 3.169508 -0.105922 -1.513854 -4.27589 -5.03905 -5.61288 -2.953561 -4e-06 -11.020547 4e-06 -6.111318 -15.895404 -3.840493 1e-06 -1e-06 -1e-06 -10.28338 -5.680297 -4.341848 11.028293 -11.302406 -2.372626 -1.38428 -14.238613 -6.32014 -0.62545 -26.924309 -3.827621 -4.676026 -50.18626 -2.893689 -13.708537 -7.363487 -3.720948 18.141153 -14.05274 -3.242669 -7e-06 -18.787317 6e-06 -0.429721 -8.456086 2.555526 -1e-06 -0.0 -1e-06 -15.923554 -20.0945 -5.473595 30.419228 -7.190809 1.735945 -4e-06 -8.162947 4e-06 -1.86192 -22.861582 -6.16797 1e-06 -2e-06 -4e-06 178.5336 -16.693626 -19.296307 9.692357 0.039908 0.684028 -72.927681 -3.020778 -15.127923 -6.082024 1.619003 2.139854 -1.000001 -1e-06 1e-06 3.783141 2.888149 -13.738181 5.664627 -0.03312 -0.171985 -76.301743 -5.687665 -5.416669 -5.461448 0.567852 1.660462 -0.999998 -1e-06 1e-06 
0.0 0.0 0.0 0.0 -0.0 0.0 -4.687377 99.478828 -1.401713 85.979614 1.580207 90.733925 -3.23419 0.795758 -0.552193 -11.741935 -0.557998 -1.458988 16.10216 4.54595 -2.849328 10.540703 -0.061786 2.111578 -2.631896 -0.941576 -0.849482 -24.227184 1.463933 -4.026231 5e-06 -0.0 -0.0 0.014317 0.014481 0.066891 0.090965 0.046672 0.108574 0.104426 -0.026807 0.027978 -133.075516 -68.240974 153.866547 17.579779 -35.787342 -9.171678 75.907387 -0.69417 0.019664 -3.07551 10.813147 -61.268867 17.63648 -26.322563 52.410797 -19.466459 -14.395498 29.410156 2.3e-05 -8.77476 1e-06 16.406935 -18.142317 6.197099 -0.609774 -1.795643 -3.889299 -4.807079 -11.046758 -2.937816 -5.8e-05 -20.975901 1.8e-05 -5.020002 -25.033457 -4.031857 7e-06 1e-06 -1e-06 -10.634472 -5.686954 -3.565555 10.57315 -17.922825 -3.113856 -3.7e-05 -13.821135 2e-06 -0.50186 -31.181368 -4.02701 -11.478435 -59.413994 7.373487 -13.98263 -7.150178 -2.875007 13.772612 -8.401415 -3.218211 0.347614 -34.211372 0.771677 -0.963069 -17.733315 2.620983 0.0 1e-06 -0.0 -17.346344 -20.095131 -4.201716 21.757418 -1.638312 3.8664 -1.6e-05 -6.338792 5e-06 -1.697646 -22.591661 -6.193973 -0.0 -4e-06 -3e-06 35.540787 -70.765862 163.426407 21.983761 -39.298683 -17.523335 68.676491 0.619298 0.241209 9.866508 11.647342 -75.348282 22.181938 -20.375734 49.932999 -16.701616 -16.743404 28.476303 1.8e-05 -12.690485 4e-06 16.310965 -17.884556 3.253177 -0.10592 -1.513842 -4.275852 -5.039009 -5.612833 -2.953532 -1.3e-05 -11.020434 5e-06 -6.111253 -15.895213 -3.840443 0.0 1e-06 -0.0 -10.283307 -5.68026 -4.341808 11.028182 -11.302299 -2.372603 -1.384279 -14.238466 -6.320071 -0.625465 -26.923965 -3.827578 -4.588034 -50.244793 -2.967531 -13.708438 -7.363442 -3.720909 18.140976 -14.052601 -3.242637 -2.7e-05 -18.787121 7e-06 -0.429725 -8.455985 2.555491 -2e-06 2e-06 1e-06 -15.923456 -20.094364 -5.473536 30.418959 -7.19071 1.73593 -1.4e-05 -8.16286 4e-06 -1.861926 -22.861294 -6.16789 -2e-06 0.0 -0.0 179.29895 -15.75998 -19.250143 8.411953 0.03621 0.651883 -72.399017 -3.389249 -15.098236 -6.036876 1.629615 2.143752 -1.0 -0.0 -1e-06 3.897403 2.228869 -13.707726 5.624835 -0.043645 -0.148029 -76.233742 -5.538655 -5.645724 -5.520527 0.5365 1.649986 -1.000002 -0.0 -1e-06 
0.0 0.0 0.0 0.0 -0.0 0.0 -4.289 99.527756 -1.224049 86.330414 1.629257 90.61525 -3.380663 0.592344 -0.50187 -11.787677 -0.57364 -1.387284 16.075762 4.42302 -2.727864 10.601296 -0.096012 2.06851 -2.649889 -0.920135 -0.975814 -23.715267 1.716779 -4.294198 6e-06 -0.0 0.0 0.020864 0.011004 0.068947 0.072987 0.034777 0.109381 0.087493 -0.020911 0.031349 -133.55481 -67.685036 154.435013 16.652512 -34.785999 -11.255813 75.29705 -0.509787 0.111633 -2.745153 12.096225 -65.782204 17.636583 -26.322636 52.410957 -19.466646 -14.395572 29.410303 -3e-06 -8.774812 -1e-06 16.393248 -17.984594 6.282022 -0.609771 -1.795649 -3.889317 -4.807075 -11.046799 -2.93784 9e-06 -20.976015 -2e-06 -5.019959 -25.033592 -4.031868 4e-06 -1e-06 0.0 -10.634513 -5.686962 -3.565571 10.573256 -17.922935 -3.113897 7e-06 -13.821214 -9e-06 -0.501758 -31.18157 -4.027026 -11.520591 -59.619225 7.444222 -13.982684 -7.150185 -2.875023 13.772703 -8.401486 -3.218239 0.347746 -34.211555 0.771635 -0.963017 -17.733404 2.621012 -2e-06 0.0 2e-06 -17.346386 -20.095186 -4.20175 21.757523 -1.638372 3.866406 3e-06 -6.338825 -3e-06 -1.697574 -22.591789 -6.194016 -1e-06 -5e-06 -0.0 34.74445 -70.659973 163.995102 22.624115 -38.28112 -18.551514 67.495377 0.703045 0.113851 9.196489 12.694805 -77.04641 22.182064 -20.375799 49.933178 -16.701841 -16.743505 28.476496 -1.2e-05 -12.690594 4e-06 16.201599 -17.83309 3.337495 -0.105916 -1.51386 -4.275875 -5.039035 -5.612875 -2.953554 1.1e-05 -11.020545 -1.4e-05 -6.111285 -15.895394 -3.840492 0.0 -1e-06 -1e-06 -10.283357 -5.680288 -4.341825 11.028292 -11.302408 -2.372641 -1.384254 -14.238604 -6.320133 -0.625388 -26.924282 -3.827641 -4.454123 -50.443924 -3.007895 -13.708506 -7.363474 -3.720928 18.14114 -14.052747 -3.242693 2.7e-05 -18.787294 -2.7e-05 -0.429698 -8.456068 2.555492 0.0 -1e-06 1e-06 -15.923515 -20.094479 -5.473568 30.419189 -7.190828 1.735903 1.2e-05 -8.162929 -1.5e-05 -1.86185 -22.861532 -6.16799 -1e-06 -5e-06 -2e-06 179.993347 -14.935464 -19.187313 7.400182 0.043676 0.61459 -72.096878 -3.727977 -15.027808 -5.949035 1.623584 2.145348 -0.999997 0.0 -0.0 4.060596 1.60417 -13.664083 5.581772 -0.053731 -0.125944 -76.168877 -5.345359 -5.9047 -5.529583 0.517306 1.642954 -1.000002 1e-06 1e-06 
0.0 0.0 0.0 0.0 -0.0 0.0 -3.873949 99.57473 -1.046859 86.620148 1.696869 90.531647 -3.505051 0.411394 -0.45685 -11.81896 -0.574761 -1.289403 16.027863 4.288508 -2.634673 10.453776 -0.171455 2.045032 -2.67147 -0.94199 -1.104249 -23.241301 1.919292 -4.501755 6e-06 -0.0 -0.0 0.019004 0.013866 0.089927 0.063388 0.033075 0.132195 0.076451 -0.012681 0.05102 -134.256943 -67.199722 155.186493 15.911206 -33.621029 -13.146757 74.013573 -0.53593 0.158894 -2.671946 13.28711 -69.621552 17.636675 -26.322802 52.41148 -19.466652 -14.395594 29.410511 1.2e-05 -8.774846 -1.2e-05 16.39533 -17.84409 6.330728 -0.609783 -1.795654 -3.889338 -4.80711 -11.04682 -2.937874 -9e-06 -20.976053 -6e-06 -5.019979 -25.033669 -4.031951 7e-06 -2e-06 -2e-06 -10.634556 -5.686985 -3.565612 10.57327 -17.922947 -3.113898 -9e-06 -13.821233 1e-06 -0.501783 -31.181641 -4.027072 -11.618026 -59.854431 7.539301 -13.982737 -7.150214 -2.875074 13.772736 -8.401483 -3.218235 0.3477 -34.21162 0.771669 -0.963059 -17.733444 2.621049 -0.0 1e-06 -2e-06 -17.346455 -20.095243 -4.201826 21.757595 -1.638362 3.86647 -3e-06 -6.338838 5e-06 -1.697601 -22.591854 -6.194074 0.0 -3e-06 -0.0 33.898335 -70.613922 164.562271 23.247807 -37.398872 -19.578369 65.996101 0.670551 0.005193 8.491935 13.703406 -78.917892 22.182186 -20.376066 49.933655 -16.701797 -16.743578 28.476681 7e-06 -12.690642 -5e-06 16.097267 -17.754641 3.413502 -0.105926 -1.513852 -4.275898 -5.039063 -5.612879 -2.953576 -3e-06 -11.020554 7e-06 -6.111331 -15.895411 -3.840519 -0.0 1e-06 1e-06 -10.283397 -5.680296 -4.341868 11.02831 -11.302408 -2.372627 -1.384282 -14.238611 -6.320163 -0.625453 -26.924309 -3.827621 -4.322479 -50.60738 -3.01149 -13.708558 -7.363491 -3.720973 18.141178 -14.052745 -3.242658 -1.6e-05 -18.787331 3e-05 -0.429733 -8.456093 2.555548 4e-06 -0.0 -2e-06 -15.923577 -20.094509 -5.473631 30.419275 -7.190823 1.73596 -7e-06 -8.162955 1.9e-05 -1.861939 -22.861605 -6.167954 -1e-06 -0.0 -1e-06 -179.442368 -14.222625 -19.091867 6.686898 0.054065 0.584181 -71.981819 -4.049022 -14.918397 -5.867669 1.612908 2.147856 -0.999999 -1e-06 -0.0 4.245668 1.034891 -13.61523 5.543472 -0.061403 -0.11272 -76.110794 -5.198084 -6.146364 -5.522656 0.523475 1.642953 -1.000003 1e-06 -0.0 
0.0 0.0 0.0 0.0 -0.0 0.0 -3.450177 99.625847 -0.8759 86.882019 1.715785 90.511261 -3.63046 0.226846 -0.406501 -11.841364 -0.571355 -1.190684 15.941755 4.120822 -2.565044 10.048228 -0.261575 2.003142 -2.697774 -0.97964 -1.240387 -22.806826 2.086532 -4.661201 7e-06 -0.0 -1e-06 0.003574 0.017012 0.110409 0.054849 0.036587 0.156143 0.067681 -0.009574 0.068296 -134.94812 -66.881691 155.860916 15.382886 -32.600975 -14.743561 72.470322 -0.664472 0.174154 -2.675082 14.401917 -72.3069 17.636686 -26.322821 52.411381 -19.466753 -14.39568 29.410542 1.1e-05 -8.7749 -5e-06 16.438267 -17.748356 6.309896 -0.609782 -1.795659 -3.889342 -4.807132 -11.046871 -2.93786 -1.8e-05 -20.976171 -1e-06 -5.020047 -25.033836 -4.031951 7e-06 -0.0 2e-06 -10.634584 -5.687 -3.565594 10.573324 -17.923033 -3.113918 -1.1e-05 -13.821312 -5e-06 -0.5018 -31.181873 -4.027087 -11.737184 -60.036865 7.661932 -13.982778 -7.150234 -2.875044 13.772805 -8.40152 -3.21826 0.347697 -34.211849 0.771661 -0.963054 -17.733574 2.62104 -1e-06 -0.0 0.0 -17.346519 -20.095306 -4.201785 21.757702 -1.638362 3.86645 -6e-06 -6.338872 0.0 -1.697633 -22.592009 -6.194092 0.0 -2e-06 -3e-06 33.159534 -70.584747 164.984909 23.824915 -36.783119 -20.515774 64.383354 0.578422 -0.030867 7.871486 14.497643 -80.603653 22.182089 -20.375858 49.9333 -16.701735 -16.743475 28.47648 2e-05 -12.690569 -7e-06 16.018351 -17.692734 3.439895 -0.105924 -1.513854 -4.275876 -5.039042 -5.612873 -2.953554 -1.5e-05 -11.020517 -1e-06 -6.111307 -15.89536 -3.840492 1e-06 -0.0 3e-06 -10.28336 -5.680294 -4.341838 11.028248 -11.302376 -2.372619 -1.384289 -14.238575 -6.320127 -0.625464 -26.924212 -3.827632 -4.231273 -50.622059 -3.039086 -13.708509 -7.363488 -3.720941 18.141083 -14.052699 -3.242655 -1.9e-05 -18.787268 -4e-06 -0.429722 -8.456057 2.555507 -1e-06 0.0 -1e-06 -15.923534 -20.094486 -5.473577 30.419128 -7.190771 1.735952 -7e-06 -8.162921 -1e-06 -1.861921 -22.861502 -6.167966 -1e-06 -5e-06 -0.0 -179.061905 -13.577851 -19.03495 6.188334 0.057456 0.578642 -71.915726 -4.372021 -14.794716 -5.831958 1.605061 2.149796 -0.999997 0.0 -1e-06 4.373272 0.498167 -13.57077 5.518376 -0.06733 -0.102512 -76.023178 -5.142434 -6.403324 -5.519352 0.546206 1.64898 -1.000004 1e-06 -0.0 
0.0 0.0 0.0 0.0 -0.0 0.0 -3.013853 99.678818 -0.703201 87.127831 1.667399 90.556343 -3.746152 0.048477 -0.354552 -11.850875 -0.55831 -1.088785 15.784781 3.900569 -2.531861 9.36493 -0.400283 1.916557 -2.695955 -1.001873 -1.367264 -22.447695 2.230144 -4.785938 6e-06 0.0 -1e-06 -0.02138 0.018772 0.117621 0.04973 0.045178 0.167317 0.065089 -0.014722 0.071775 -135.500061 -66.771149 156.34407 15.087421 -31.964668 -15.970205 71.002342 -0.705824 0.166254 -2.651953 15.560829 -73.869659 17.636564 -26.322657 52.411053 -19.466619 -14.395576 29.410316 -5e-06 -8.7748 -3e-06 16.479774 -17.641609 6.249975 -0.609773 -1.795651 -3.889321 -4.807068 -11.046779 -2.937838 1.8e-05 -20.975964 -2e-06 -5.019933 -25.033518 -4.031868 7e-06 -1e-06 -2e-06 -10.634505 -5.686954 -3.565577 10.573251 -17.922909 -3.113896 8e-06 -13.82118 0.0 -0.501755 -31.18148 -4.026999 -11.776746 -60.104424 7.707258 -13.982674 -7.150177 -2.875031 13.77269 -8.401473 -3.218241 0.34775 -34.21146 0.77165 -0.963026 -17.733353 2.621029 -1e-06 -1e-06 -2e-06 -17.346365 -20.095158 -4.201769 21.757496 -1.638377 3.866402 6e-06 -6.338809 1e-06 -1.697559 -22.591705 -6.193995 -0.0 -6e-06 -1e-06 32.617439 -70.631775 165.22261 24.399538 -36.559105 -21.361643 62.756149 0.498768 0.044427 7.439232 15.147848 -81.74678 22.182093 -20.375851 49.933239 -16.701799 -16.743513 28.47649 -1e-06 -12.6906 -3e-06 16.064745 -17.729877 3.363513 -0.105919 -1.513854 -4.275878 -5.039039 -5.61287 -2.953549 5e-06 -11.02053 -5e-06 -6.111293 -15.895369 -3.840484 -0.0 -0.0 -1e-06 -10.283363 -5.680287 -4.341828 11.028286 -11.302397 -2.372634 -1.384266 -14.238585 -6.320124 -0.625428 -26.924231 -3.827615 -4.197365 -50.545124 -3.090144 -13.708513 -7.363472 -3.72093 18.141136 -14.052732 -3.242674 9e-06 -18.787281 -7e-06 -0.429708 -8.456065 2.555512 3e-06 -3e-06 -1e-06 -15.923526 -20.094471 -5.473573 30.419189 -7.190821 1.73593 8e-06 -8.162927 -3e-06 -1.861875 -22.861507 -6.167962 0.0 -3e-06 -2e-06 -178.869461 -12.983138 -19.041998 5.849847 0.058404 0.589592 -71.856361 -4.643768 -14.660653 -5.809781 1.600262 2.149872 -0.999999 -2e-06 0.0 4.41235 -0.019379 -13.55059 5.530013 -0.071015 -0.090111 -75.95414 -5.133475 -6.695613 -5.498137 0.560869 1.653327 -1.000006 2e-06 0.0 
0.0 0.0 0.0 0.0 -0.0 0.0 -2.600684 99.715302 -0.556339 87.366966 1.587934 90.649521 -3.832216 -0.120806 -0.30702 -11.851198 -0.548958 -0.988115 15.597526 3.648836 -2.529811 8.411218 -0.598774 1.842287 -2.664049 -1.012872 -1.479386 -22.178999 2.350534 -4.885653 5e-06 0.0 0.0 -0.045969 0.014243 0.10222 0.049449 0.050081 0.154922 0.070064 -0.02887 0.053914 -136.094482 -66.733017 156.768646 14.9604 -31.623926 -16.678114 69.802826 -0.622632 0.15576 -2.567215 16.802885 -74.587242 17.636564 -26.32263 52.41103 -19.466661 -14.395592 29.410355 -1.1e-05 -8.774815 2e-06 16.533043 -17.573318 6.182563 -0.609772 -1.79565 -3.889318 -4.807069 -11.046784 -2.937851 3.2e-05 -20.975996 -1.2e-05 -5.019927 -25.033562 -4.031888 6e-06 -2e-06 1e-06 -10.634507 -5.686951 -3.565575 10.573272 -17.922922 -3.11391 1.8e-05 -13.821197 -2e-06 -0.501721 -31.181528 -4.027022 -11.780024 -60.101833 7.691983 -13.982681 -7.150169 -2.875032 13.772712 -8.401487 -3.21825 0.34778 -34.211514 0.77163 -0.963011 -17.733385 2.621031 -2e-06 1e-06 1e-06 -17.346367 -20.095161 -4.201772 21.75753 -1.638387 3.866407 8e-06 -6.338818 -1e-06 -1.697548 -22.591763 -6.194023 -1e-06 -4e-06 -0.0 32.113998 -70.744843 165.449173 24.965 -36.665421 -22.059193 61.100933 0.444636 0.153768 7.217342 15.703893 -82.033882 22.181984 -20.375723 49.933002 -16.701748 -16.743423 28.476358 -1.6e-05 -12.690517 0.0 16.199854 -17.854645 3.241491 -0.105918 -1.513852 -4.275858 -5.039007 -5.612848 -2.953539 1.5e-05 -11.020477 -1.5e-05 -6.111226 -15.895273 -3.840466 -0.0 0.0 -1e-06 -10.283319 -5.680265 -4.341813 11.028236 -11.302358 -2.372633 -1.384245 -14.238518 -6.320095 -0.625387 -26.924089 -3.827601 -4.194463 -50.445465 -3.139866 -13.708454 -7.363445 -3.720915 18.141054 -14.052683 -3.242673 2.8e-05 -18.787182 -2.3e-05 -0.429694 -8.456013 2.555484 -0.0 1e-06 -2e-06 -15.923448 -20.094397 -5.473555 30.419046 -7.190802 1.735901 1.2e-05 -8.162883 -1.1e-05 -1.861834 -22.861361 -6.167942 -0.0 -4e-06 1e-06 -178.817902 -12.427852 -19.012909 5.675302 0.053099 0.605757 -71.868271 -4.867523 -14.505367 -5.789555 1.599986 2.149968 -0.999997 -0.0 -1e-06 4.410113 -0.529231 -13.563361 5.558943 -0.074182 -0.08118 -75.941177 -5.148671 -6.987303 -5.446646 0.554939 1.652348 -1.0 1e-06 0.0 
0.0 0.0 0.0 0.0 -0.0 0.0 -2.212243 99.728958 -0.420779 87.601959 1.524586 90.782173 -3.903421 -0.287351 -0.256099 -11.855345 -0.547263 -0.899747 15.446102 3.393125 -2.516113 7.34224 -0.855479 1.809893 -2.629733 -1.028054 -1.567511 -22.007782 2.450938 -4.987093 7e-06 -0.0 0.0 -0.063818 0.008425 0.084683 0.05183 0.052417 0.137551 0.07835 -0.043165 0.037048 -136.94194 -66.699959 157.378632 15.003855 -31.44017 -16.829983 68.834587 -0.526333 0.177848 -2.452948 18.084698 -74.620384 17.636566 -26.322615 52.410984 -19.466663 -14.395606 29.410328 1e-06 -8.774831 0.0 16.565519 -17.56539 6.12309 -0.609772 -1.795649 -3.889318 -4.807089 -11.046804 -2.93784 1.1e-05 -20.976021 -1.2e-05 -5.019969 -25.033604 -4.031893 5e-06 1e-06 -1e-06 -10.634522 -5.686967 -3.565568 10.573272 -17.922939 -3.113911 3e-06 -13.821217 -8e-06 -0.501761 -31.181593 -4.027037 -11.772012 -60.032658 7.662952 -13.982699 -7.150192 -2.875019 13.77273 -8.401483 -3.21825 0.347743 -34.211571 0.771629 -0.96302 -17.73341 2.621016 -1e-06 1e-06 5e-06 -17.346411 -20.0952 -4.201751 21.757561 -1.638366 3.866405 -0.0 -6.338824 -6e-06 -1.697584 -22.591795 -6.194032 -1e-06 -3e-06 -3e-06 31.62221 -70.872887 165.71051 25.517176 -36.977962 -22.402958 59.330338 0.438597 0.223366 7.227465 16.038454 -81.235909 22.1821 -20.375807 49.933193 -16.701773 -16.743488 28.476461 1.2e-05 -12.690597 -1.2e-05 16.346424 -17.972313 3.15596 -0.105922 -1.513857 -4.275871 -5.039046 -5.612876 -2.953552 -7e-06 -11.020538 -7e-06 -6.111315 -15.895397 -3.840492 -0.0 1e-06 -3e-06 -10.283364 -5.680295 -4.341829 11.028271 -11.302392 -2.372624 -1.384287 -14.238597 -6.320126 -0.625448 -26.924269 -3.827638 -4.208864 -50.383553 -3.144135 -13.708515 -7.363485 -3.720928 18.141115 -14.052722 -3.242662 -6e-06 -18.787294 -1.2e-05 -0.429714 -8.456071 2.555507 -1e-06 1e-06 -3e-06 -15.923539 -20.094482 -5.473566 30.419167 -7.190797 1.735954 1e-06 -8.16293 -7e-06 -1.861895 -22.861538 -6.167991 1e-06 0.0 -3e-06 -178.820404 -11.908046 -18.895414 5.629906 0.042804 0.609785 -71.965607 -5.052603 -14.357488 -5.787957 1.604634 2.148923 -1.000002 1e-06 -1e-06 4.434561 -1.025249 -13.629962 5.579745 -0.077492 -0.079064 -75.942696 -5.166896 -7.243927 -5.392531 0.537138 1.647509 -0.999997 -1e-06 0.0 
0.0 0.0 0.0 0.0 -0.0 0.0 -1.847811 99.736336 -0.297164 87.832603 1.498569 90.89843 -3.964413 -0.449011 -0.198167 -11.866128 -0.544996 -0.806826 15.343359 3.149033 -2.502464 6.314799 -1.175919 1.81638 -2.609925 -1.050467 -1.581052 -21.887239 2.553349 -5.144972 4e-06 0.0 -0.0 -0.076865 0.003491 0.075679 0.065433 0.055046 0.129488 0.095913 -0.056203 0.027588 -137.886505 -66.643234 158.128845 15.324371 -31.416935 -16.479504 67.946152 -0.47886 0.212594 -2.290994 19.247698 -73.964951 17.63653 -26.322649 52.411003 -19.466843 -14.395742 29.410458 -1.4e-05 -8.77489 2.8e-05 16.600567 -17.610863 6.075786 -0.609765 -1.795664 -3.88933 -4.807094 -11.046849 -2.937845 4.8e-05 -20.976131 -3.8e-05 -5.019969 -25.033749 -4.031902 6e-06 -1e-06 -1e-06 -10.634552 -5.686979 -3.565551 10.573363 -17.923023 -3.113968 2.3e-05 -13.821279 -2.2e-05 -0.501713 -31.181765 -4.027073 -11.768074 -59.961098 7.665602 -13.982744 -7.150208 -2.874997 13.77282 -8.401536 -3.218306 0.347819 -34.211742 0.771574 -0.962984 -17.733507 2.621007 -1e-06 -1e-06 3e-06 -17.34646 -20.095253 -4.201726 21.757681 -1.638392 3.866359 7e-06 -6.338848 -1.4e-05 -1.697562 -22.591902 -6.194057 1e-06 -3e-06 -5e-06 31.167116 -71.069107 165.994263 26.114744 -37.476933 -22.21468 57.327499 0.460579 0.218929 7.512469 16.015892 -79.050491 22.182133 -20.375896 49.933331 -16.702034 -16.743654 28.476702 -4.1e-05 -12.690703 2.4e-05 16.45208 -18.008518 3.137993 -0.105909 -1.513869 -4.275893 -5.039053 -5.612902 -2.953564 3.5e-05 -11.020633 -1.8e-05 -6.1113 -15.895518 -3.840501 -0.0 0.0 -1e-06 -10.283399 -5.680306 -4.341831 11.028393 -11.302505 -2.372684 -1.384232 -14.238711 -6.320168 -0.62534 -26.924543 -3.827652 -4.200495 -50.403702 -3.158882 -13.708568 -7.363493 -3.72093 18.14131 -14.052872 -3.242758 6.4e-05 -18.787453 -3e-05 -0.429687 -8.456151 2.555523 0.0 0.0 -0.0 -15.923575 -20.094568 -5.473579 30.419426 -7.190923 1.735859 2.7e-05 -8.162993 -1.7e-05 -1.861829 -22.86175 -6.168032 2e-06 -5e-06 -2e-06 -178.801926 -11.411596 -18.756317 5.644489 0.028899 0.603791 -72.135574 -5.205137 -14.227912 -5.808934 1.61311 2.145122 -0.999998 2e-06 0.0 4.506174 -1.508284 -13.738415 5.586247 -0.081563 -0.082634 -75.930138 -5.145378 -7.451634 -5.355046 0.527446 1.644077 -1.000001 0.0 -0.0 
0.0 0.0 0.0 0.0 -0.0 0.0 -1.49325 99.741402 -0.181374 88.060112 1.524418 90.962212 -4.002453 -0.592858 -0.137267 -11.88549 -0.539363 -0.701077 15.276746 2.892771 -2.504719 5.402746 -1.505186 1.87498 -2.58922 -1.075152 -1.566909 -21.811218 2.64149 -5.280475 6e-06 -0.0 0.0 -0.086618 0.002001 0.072661 0.088536 0.056308 0.12785 0.118332 -0.060794 0.02354 -138.784393 -66.562431 158.912628 15.950933 -31.595131 -15.52493 66.968964 -0.491646 0.214346 -2.139292 20.271959 -72.425606 17.636621 -26.322737 52.411255 -19.466789 -14.395684 29.410511 -1.6e-05 -8.774873 6e-06 16.660952 -17.690435 6.06857 -0.609772 -1.795658 -3.889339 -4.807088 -11.046829 -2.937863 5.2e-05 -20.976093 -2.6e-05 -5.019938 -25.033689 -4.031914 6e-06 -1e-06 0.0 -10.63455 -5.686976 -3.565588 10.573344 -17.923006 -3.113943 2.7e-05 -13.821259 -7e-06 -0.501704 -31.181696 -4.02705 -11.768053 -59.997948 7.694213 -13.982738 -7.150199 -2.875039 13.772797 -8.401528 -3.21828 0.347818 -34.211693 0.771612 -0.962998 -17.733482 2.621042 -2e-06 4e-06 1e-06 -17.346441 -20.095243 -4.201789 21.75765 -1.638402 3.866409 1.1e-05 -6.338843 -4e-06 -1.697544 -22.591866 -6.194061 1e-06 -4e-06 1e-06 30.700188 -71.420242 166.367828 26.836386 -38.158413 -21.35461 54.856464 0.486298 0.154377 8.124199 15.493576 -74.69635 22.182159 -20.375967 49.933475 -16.701918 -16.743608 28.476679 -1.3e-05 -12.690672 1.1e-05 16.491686 -17.985355 3.157937 -0.10592 -1.51386 -4.275898 -5.039055 -5.61289 -2.953566 1.6e-05 -11.020589 -7e-06 -6.111312 -15.895462 -3.840506 0.0 -0.0 0.0 -10.283397 -5.6803 -4.341846 11.028347 -11.302456 -2.372656 -1.384258 -14.238664 -6.320164 -0.625399 -26.924433 -3.827646 -4.142568 -50.416008 -3.265812 -13.708558 -7.363492 -3.720949 18.141235 -14.052807 -3.24271 1.9e-05 -18.787388 -4e-06 -0.429711 -8.456118 2.555528 0.0 -0.0 -1e-06 -15.923575 -20.094542 -5.473599 30.419344 -7.190863 1.735908 7e-06 -8.162971 -3e-06 -1.861885 -22.86167 -6.168002 1e-06 -5e-06 0.0 -178.708755 -10.92495 -18.614656 5.665367 0.018554 0.586022 -72.337593 -5.370258 -14.115466 -5.819324 1.627596 2.14311 -1.000004 -1e-06 0.0 4.631566 -1.979825 -13.814227 5.57548 -0.082837 -0.0841 -75.942291 -5.114138 -7.614166 -5.330708 0.529155 1.640761 -1.000003 0.0 1e-06 
0.0 0.0 0.0 0.0 -0.0 0.0 -1.143591 99.727142 -0.070258 88.284813 1.624589 90.936989 -4.019256 -0.703377 -0.073362 -11.909739 -0.535226 -0.583279 15.259278 2.618256 -2.493811 4.717106 -1.787242 1.984678 -2.578171 -1.122082 -1.541 -21.749741 2.727449 -5.34913 4e-06 0.0 0.0 -0.094369 0.00926 0.083502 0.116467 0.060477 0.138481 0.1409 -0.050472 0.035186 -139.845856 -66.409767 159.911011 16.808691 -31.912096 -13.753337 65.770294 -0.547177 0.169074 -2.091307 21.241951 -70.161049 17.636684 -26.322802 52.411331 -19.466784 -14.395665 29.410522 -5e-06 -8.774879 -1e-06 16.725281 -17.766088 6.105349 -0.609777 -1.795662 -3.889341 -4.80711 -11.046864 -2.937863 1.8e-05 -20.976147 -1.4e-05 -5.019982 -25.033766 -4.031928 5e-06 -0.0 3e-06 -10.634573 -5.686994 -3.565591 10.573336 -17.923042 -3.113933 1.2e-05 -13.821295 -8e-06 -0.501738 -31.181784 -4.027066 -11.800767 -60.179562 7.761026 -13.982765 -7.150228 -2.875046 13.772798 -8.401536 -3.218265 0.347766 -34.211792 0.771639 -0.96302 -17.73353 2.621042 -1e-06 2e-06 0.0 -17.346485 -20.095299 -4.201788 21.757664 -1.638387 3.866436 5e-06 -6.338862 -3e-06 -1.697572 -22.591948 -6.194071 -0.0 -4e-06 3e-06 30.219677 -71.939835 166.803757 27.6852 -38.960152 -19.614492 51.834919 0.473098 0.024176 8.983892 14.326909 -67.269608 22.18227 -20.37604 49.933617 -16.701979 -16.743673 28.476757 -1.5e-05 -12.690739 -6e-06 16.492739 -17.884323 3.168374 -0.105918 -1.513867 -4.275908 -5.039082 -5.612913 -2.953577 1.7e-05 -11.020638 -3e-06 -6.111359 -15.895544 -3.840526 0.0 0.0 1e-06 -10.283438 -5.680322 -4.341863 11.0284 -11.302496 -2.372659 -1.38427 -14.238721 -6.32019 -0.625404 -26.924566 -3.82765 -4.028797 -50.408894 -3.495329 -13.708616 -7.363514 -3.720956 18.141321 -14.052857 -3.242714 2.6e-05 -18.78746 -0.0 -0.429706 -8.456154 2.555544 -0.0 1e-06 -1e-06 -15.923642 -20.094604 -5.473617 30.419474 -7.190904 1.735933 1.2e-05 -8.163005 1e-06 -1.861896 -22.861769 -6.16802 3e-06 -5e-06 -1e-06 -178.491394 -10.44579 -18.49234 5.668401 0.008025 0.55579 -72.575623 -5.558063 -14.028278 -5.785804 1.63507 2.139529 -0.999998 -0.0 -1e-06 4.825332 -2.45413 -13.830654 5.557672 -0.082382 -0.072122 -75.971642 -5.018004 -7.722233 -5.292701 0.544524 1.638381 -1.000002 0.0 -0.0 
0.0 0.0 0.0 0.0 -0.0 0.0 -0.810511 99.696167 0.041085 88.494644 1.781148 90.803452 -4.031396 -0.776836 -0.012674 -11.938308 -0.533152 -0.464672 15.2975 2.343268 -2.447499 4.317179 -1.988267 2.097183 -2.595407 -1.187873 -1.488136 -21.617409 2.840017 -5.34728 6e-06 0.0 0.0 -0.104978 0.020442 0.100061 0.144681 0.06825 0.156709 0.16108 -0.03585 0.050891 -141.229309 -66.159576 161.311859 17.827543 -32.419655 -11.32181 64.466461 -0.621339 0.11354 -2.169518 22.148531 -67.724976 17.63669 -26.322821 52.411358 -19.466648 -14.39558 29.410437 4e-06 -8.774836 -1.3e-05 16.777781 -17.809071 6.144396 -0.609781 -1.795651 -3.889334 -4.807104 -11.046827 -2.937858 -5e-06 -20.976072 1e-05 -5.01998 -25.033678 -4.031904 5e-06 -2e-06 1e-06 -10.634553 -5.686981 -3.565601 10.573271 -17.92297 -3.113888 -3e-06 -13.821245 6e-06 -0.501781 -31.181652 -4.027026 -11.88917 -60.433418 7.884737 -13.982736 -7.150214 -2.875058 13.772735 -8.401498 -3.218227 0.347715 -34.211674 0.771685 -0.963049 -17.733469 2.621059 -2e-06 0.0 1e-06 -17.346451 -20.095251 -4.201804 21.757578 -1.638372 3.86646 1e-06 -6.338843 3e-06 -1.697588 -22.591866 -6.194044 -0.0 -4e-06 -3e-06 29.872765 -72.547928 167.116211 28.648371 -39.795986 -16.993469 48.658501 0.295286 -0.114116 9.819686 12.492377 -56.980476 22.182171 -20.375963 49.933552 -16.701792 -16.743481 28.476612 1.5e-05 -12.690601 -2e-05 16.515368 -17.706028 3.103918 -0.105929 -1.513859 -4.275894 -5.039054 -5.612898 -2.953576 -1.2e-05 -11.020575 -9e-06 -6.111315 -15.895459 -3.840526 0.0 -1e-06 -1e-06 -10.283383 -5.680315 -4.341863 11.028273 -11.302423 -2.372621 -1.384286 -14.238646 -6.320165 -0.625449 -26.924372 -3.827661 -3.974338 -50.523338 -3.778051 -13.708535 -7.363513 -3.720969 18.141119 -14.052755 -3.242651 -1.2e-05 -18.787352 -7e-06 -0.429722 -8.4561 2.555525 -1e-06 -2e-06 2e-06 -15.92356 -20.094555 -5.473624 30.41918 -7.190804 1.735973 -6e-06 -8.162958 -4e-06 -1.861897 -22.861622 -6.168009 1e-06 -3e-06 -1e-06 -178.172394 -9.992778 -18.412344 5.642751 0.001783 0.516628 -72.785194 -5.757469 -13.978139 -5.72157 1.621112 2.131257 -0.999998 1e-06 1e-06 5.070097 -2.914554 -13.805021 5.52227 -0.083081 -0.039405 -75.970863 -4.863953 -7.792972 -5.222193 0.590145 1.643772 -0.999999 -1e-06 1e-06 
0.0 0.0 0.0 0.0 -0.0 0.0 -0.510781 99.687744 0.153516 88.675591 1.958253 90.57 -4.051744 -0.823895 0.032959 -11.964036 -0.522726 -0.357224 15.364484 2.077404 -2.399904 4.190191 -2.072239 2.156669 -2.629664 -1.231258 -1.385308 -21.374226 2.980274 -5.260931 7e-06 0.0 -0.0 -0.115879 0.030277 0.120882 0.167764 0.076963 0.181192 0.178006 -0.025374 0.068187 -142.683548 -65.866669 162.848541 19.032877 -33.309612 -8.638622 63.285038 -0.769131 0.086519 -2.374047 22.848524 -65.846848 17.636799 -26.322975 52.411839 -19.46682 -14.395672 29.410734 -4e-06 -8.774905 -1.5e-05 16.854431 -17.812725 6.140734 -0.609787 -1.795663 -3.889363 -4.807122 -11.046878 -2.937905 3.4e-05 -20.976192 -2e-05 -5.019958 -25.033836 -4.031984 6e-06 -1e-06 -0.0 -10.634608 -5.687003 -3.565643 10.573366 -17.923065 -3.113929 1.9e-05 -13.821319 1e-06 -0.501718 -31.181873 -4.027087 -12.027572 -60.689045 8.065491 -13.982809 -7.150238 -2.8751 13.772833 -8.401552 -3.218259 0.347781 -34.211857 0.771666 -0.963037 -17.733566 2.621094 -1e-06 2e-06 2e-06 -17.346525 -20.095335 -4.20188 21.757715 -1.638406 3.866497 8e-06 -6.338875 3e-06 -1.697559 -22.591999 -6.194131 -1e-06 -4e-06 1e-06 29.983572 -73.102249 166.939728 29.660189 -40.699734 -13.492628 46.30431 -0.139605 -0.205502 10.236567 10.277107 -46.49054 22.182287 -20.376024 49.933834 -16.702044 -16.743687 28.476889 -1.3e-05 -12.690764 1e-06 16.452732 -17.523325 2.963714 -0.105922 -1.513872 -4.275924 -5.039092 -5.612927 -2.953597 1.6e-05 -11.020648 -2.7e-05 -6.111354 -15.895574 -3.840576 -1e-06 -0.0 1e-06 -10.283463 -5.680341 -4.341885 11.028417 -11.302505 -2.37268 -1.384264 -14.238748 -6.320234 -0.62536 -26.924604 -3.827738 -4.110411 -50.656445 -3.852089 -13.708646 -7.363544 -3.720983 18.141352 -14.052865 -3.242741 3.3e-05 -18.787476 -3.6e-05 -0.429705 -8.456154 2.555535 -1e-06 -0.0 2e-06 -15.923673 -20.09466 -5.473667 30.419521 -7.190898 1.73593 1.1e-05 -8.163003 -9e-06 -1.861872 -22.861769 -6.168084 -1e-06 -6e-06 -2e-06 -177.809845 -9.576044 -18.38216 5.581399 -0.002567 0.482199 -72.906921 -6.01054 -13.9675 -5.684819 1.594487 2.121222 -1.000004 -1e-06 0.0 5.331402 -3.327961 -13.724294 5.449123 -0.080388 0.000469 -75.903679 -4.692603 -7.843866 -5.169029 0.664298 1.659775 -1.000006 1e-06 0.0 
0.0 0.0 0.0 0.0 -0.0 0.0 -0.265768 99.711815 0.265118 88.794533 2.097745 90.251114 -4.104451 -0.864857 0.073429 -11.974914 -0.513862 -0.29576 15.400141 1.855267 -2.374128 4.378938 -1.952698 2.149086 -2.645032 -1.235394 -1.303665 -21.113741 3.125556 -5.084004 6e-06 0.0 0.0 -0.121655 0.037987 0.141773 0.178709 0.079644 0.204192 0.187245 -0.01372 0.086271 -143.845612 -65.717705 164.094803 20.551077 -34.833977 -6.145003 62.261684 -1.078672 0.088254 -2.670562 23.262304 -64.987534 17.636543 -26.322676 52.41103 -19.466581 -14.395556 29.410294 1.3e-05 -8.774794 4e-06 16.928017 -17.812872 6.138361 -0.609774 -1.795648 -3.889315 -4.807084 -11.046803 -2.937833 -3.4e-05 -20.976004 1e-05 -5.020006 -25.033594 -4.031875 5e-06 -0.0 1e-06 -10.634504 -5.686968 -3.565572 10.573213 -17.922911 -3.113881 -1.9e-05 -13.821198 -2e-06 -0.50182 -31.181532 -4.027019 -12.100238 -60.819576 8.206852 -13.982678 -7.150194 -2.875024 13.772675 -8.40146 -3.218233 0.347666 -34.211533 0.771658 -0.963055 -17.733397 2.621004 0.0 0.0 4e-06 -17.346386 -20.095198 -4.201749 21.757492 -1.638338 3.866408 -8e-06 -6.33882 5e-06 -1.697616 -22.591776 -6.194005 0.0 -3e-06 -2e-06 30.65447 -73.50592 166.193863 30.66004 -41.721584 -9.215291 45.620708 -0.716673 -0.244568 10.166766 7.961643 -37.777691 22.182106 -20.375923 49.933342 -16.701839 -16.743572 28.476576 -1.6e-05 -12.690623 1.1e-05 16.307835 -17.376909 2.810063 -0.10592 -1.513855 -4.275884 -5.03904 -5.612872 -2.95356 1.4e-05 -11.020544 -2e-06 -6.111291 -15.895389 -3.840493 -1e-06 -0.0 -0.0 -10.283374 -5.680283 -4.341838 11.028314 -11.30241 -2.37264 -1.384258 -14.238593 -6.320138 -0.625394 -26.924269 -3.827618 -4.404712 -50.530964 -3.641968 -13.708528 -7.36347 -3.720937 18.141184 -14.052752 -3.242689 1.6e-05 -18.787304 6e-06 -0.429712 -8.456079 2.555522 -1e-06 -2e-06 2e-06 -15.923543 -20.094471 -5.47358 30.419256 -7.190841 1.735909 7e-06 -8.162937 4e-06 -1.861888 -22.861553 -6.167952 1e-06 -5e-06 -2e-06 -177.488663 -9.244456 -18.449762 5.523187 -0.010828 0.473448 -72.964569 -6.296913 -13.958767 -5.682201 1.561006 2.107976 -0.999998 0.0 -1e-06 5.532255 -3.650761 -13.584114 5.356346 -0.072888 0.03554 -75.762161 -4.512059 -7.841713 -5.179607 0.733881 1.676182 -1.000001 0.0 0.0 
0.0 0.0 0.0 0.0 -0.0 0.0 -0.077505 99.754349 0.368294 88.838989 2.18275 89.913902 -4.185966 -0.93869 0.098334 -11.973983 -0.522648 -0.323975 15.397839 1.717884 -2.429604 4.83756 -1.554472 2.12779 -2.631288 -1.210202 -1.210612 -20.877642 3.249075 -4.875459 7e-06 0.0 -0.0 -0.122134 0.036033 0.136571 0.168937 0.070937 0.199837 0.176861 -0.009728 0.079588 -144.512268 -65.908836 164.828674 22.497599 -37.0741 -3.825943 61.429951 -1.363644 0.120173 -3.077575 23.443438 -65.26458 17.636559 -26.322809 52.411182 -19.466599 -14.395575 29.410368 8e-06 -8.774798 6e-06 16.902754 -17.838242 6.210458 -0.609776 -1.795653 -3.889323 -4.807089 -11.046829 -2.937831 -3.8e-05 -20.976076 3.3e-05 -5.020022 -25.033688 -4.031841 4e-06 -1e-06 -2e-06 -10.634516 -5.686979 -3.565578 10.573221 -17.92296 -3.113877 -2.2e-05 -13.821247 1.5e-05 -0.501842 -31.181669 -4.026982 -12.062322 -60.881908 8.270268 -13.982689 -7.150208 -2.87503 13.772686 -8.401482 -3.218231 0.347646 -34.211655 0.77171 -0.963075 -17.733467 2.621035 1e-06 2e-06 2e-06 -17.346409 -20.095238 -4.20174 21.757505 -1.638342 3.86641 -8e-06 -6.338843 8e-06 -1.697615 -22.591866 -6.193994 -0.0 -4e-06 -1e-06 31.706989 -73.729424 165.081451 31.67392 -42.780838 -4.262388 46.991295 -1.152895 -0.199006 9.887833 5.57556 -30.767128 22.182043 -20.375988 49.933331 -16.701763 -16.743502 28.47653 -0.0 -12.690563 1.4e-05 16.135193 -17.243093 2.74812 -0.105922 -1.513852 -4.275881 -5.039021 -5.612874 -2.953552 -0.0 -11.020551 1.2e-05 -6.111278 -15.895395 -3.840457 1e-06 3e-06 1e-06 -10.283345 -5.680284 -4.341837 11.028259 -11.30241 -2.372622 -1.384266 -14.238605 -6.320113 -0.625461 -26.924286 -3.827584 -4.710956 -50.218483 -3.243304 -13.708488 -7.363472 -3.720936 18.14109 -14.052745 -3.242663 -1.4e-05 -18.787319 1.9e-05 -0.429725 -8.456083 2.555518 0.0 1e-06 -1e-06 -15.923495 -20.094481 -5.473567 30.419109 -7.190802 1.735908 -5e-06 -8.162946 5e-06 -1.861906 -22.86158 -6.167936 -1e-06 -2e-06 -0.0 -177.237122 -9.033915 -18.608372 5.492203 -0.011247 0.485146 -73.043411 -6.534543 -13.944499 -5.67585 1.540889 2.096123 -1.0 -1e-06 0.0 5.64208 -3.866362 -13.358713 5.291214 -0.0636 0.057384 -75.626366 -4.344244 -7.82122 -5.22923 0.762223 1.681998 -1.000003 -0.0 -0.0 
0.0 0.0 0.0 0.0 -0.0 0.0 0.060683 99.775696 0.457215 88.827858 2.248869 89.590919 -4.269272 -1.049836 0.106264 -11.974661 -0.569128 -0.450076 15.399623 1.680994 -2.569347 5.410878 -0.909862 2.102488 -2.604859 -1.172223 -1.00841 -20.575937 3.316152 -4.721747 7e-06 0.0 -0.0 -0.121751 0.029408 0.116109 0.131169 0.054989 0.17785 0.1354 -0.007137 0.060387 -144.891815 -66.412216 165.190811 24.841455 -39.633507 -1.386063 60.773762 -1.472025 0.176671 -3.680607 23.32423 -66.651199 17.636389 -26.322542 52.410843 -19.466351 -14.395423 29.410118 2.7e-05 -8.774706 0.0 16.706532 -17.879616 6.38201 -0.609775 -1.795637 -3.889295 -4.807065 -11.046721 -2.93781 -7.6e-05 -20.975807 2.5e-05 -5.019989 -25.033337 -4.031845 7e-06 1e-06 3e-06 -10.634435 -5.686943 -3.565557 10.573081 -17.922749 -3.113838 -4.8e-05 -13.821076 1e-05 -0.501879 -31.181213 -4.02698 -11.9444 -61.016224 8.272842 -13.982581 -7.150167 -2.875018 13.772532 -8.401369 -3.218193 0.347572 -34.211189 0.771698 -0.963092 -17.733217 2.620979 -1e-06 -2e-06 2e-06 -17.346277 -20.095079 -4.20173 21.757301 -1.638288 3.866399 -2.1e-05 -6.338765 7e-06 -1.697642 -22.591545 -6.193942 0.0 -4e-06 -3e-06 32.652016 -73.673485 164.108276 32.675091 -43.528324 1.329445 50.219025 -1.101663 -0.029235 9.713642 2.937528 -25.241245 22.181839 -20.375818 49.932953 -16.701643 -16.743399 28.47632 -1.2e-05 -12.690458 2.3e-05 15.972606 -17.197023 2.7865 -0.105913 -1.513842 -4.275853 -5.03898 -5.612825 -2.953526 6e-06 -11.020451 1.3e-05 -6.111214 -15.895228 -3.840411 -1e-06 -1e-06 1e-06 -10.283257 -5.680238 -4.341802 11.028175 -11.302324 -2.372611 -1.384242 -14.238477 -6.320051 -0.625437 -26.924004 -3.827531 -4.913043 -49.976685 -2.855103 -13.70838 -7.363414 -3.720906 18.140957 -14.052644 -3.242651 2e-06 -18.787146 2.1e-05 -0.42972 -8.456002 2.555496 -1e-06 2e-06 -0.0 -15.923353 -20.094324 -5.473523 30.418882 -7.190751 1.735867 -5e-06 -8.162874 7e-06 -1.861887 -22.861336 -6.167849 1e-06 -1e-06 -2e-06 -177.018417 -8.9325 -18.77977 5.482039 -0.002981 0.506186 -73.180099 -6.683991 -13.963624 -5.674385 1.548572 2.09017 -1.000001 0.0 -1e-06 5.699915 -4.001254 -13.040819 5.281239 -0.048678 0.065914 -75.57914 -4.192826 -7.799438 -5.294061 0.749551 1.675195 -1.0 1e-06 -0.0 
0.0 0.0 0.0 0.0 -0.0 0.0 0.145556 99.770012 0.504953 88.779396 2.295209 89.247047 -4.339205 -1.160491 0.084421 -11.994507 -0.637365 -0.616419 15.432299 1.711507 -2.710259 5.928393 -0.126153 2.05493 -2.583061 -1.137392 -0.731729 -20.116226 3.321044 -4.617243 7e-06 0.0 -0.0 -0.119565 0.029142 0.111946 0.087535 0.04886 0.171863 0.084154 -0.001309 0.057772 -145.471146 -66.990959 165.632401 27.527708 -41.788151 1.156348 60.137638 -1.553467 0.217272 -4.428887 22.55439 -68.077065 17.636742 -26.322821 52.411427 -19.466812 -14.395691 29.410572 -3e-06 -8.774908 -7e-06 16.398504 -17.907333 6.58868 -0.60978 -1.795664 -3.889342 -4.807118 -11.046865 -2.937876 2.7e-05 -20.976168 -2e-05 -5.019994 -25.033804 -4.03196 9e-06 1e-06 -2e-06 -10.634591 -5.68699 -3.565603 10.573368 -17.923048 -3.113936 2e-05 -13.821306 -6e-06 -0.501729 -31.181835 -4.027085 -11.813249 -61.265041 8.268448 -13.98279 -7.150219 -2.875057 13.772836 -8.401545 -3.218266 0.347785 -34.211811 0.771634 -0.963015 -17.733538 2.621055 -1e-06 -1e-06 1e-06 -17.34651 -20.095299 -4.201808 21.757723 -1.638403 3.866456 7e-06 -6.338867 -4e-06 -1.697584 -22.591976 -6.194103 -0.0 -2e-06 -5e-06 32.960384 -73.272118 163.812119 33.739948 -43.679893 6.880664 54.409573 -0.731071 0.141204 9.478676 0.373427 -21.653074 22.182222 -20.375923 49.933624 -16.702007 -16.743662 28.476797 -8e-06 -12.690743 1e-06 15.87371 -17.299683 2.813816 -0.10592 -1.513871 -4.275908 -5.039087 -5.612919 -2.953588 8e-06 -11.020627 -2.9e-05 -6.111355 -15.895546 -3.840566 0.0 -1e-06 0.0 -10.283442 -5.680331 -4.341864 11.028392 -11.302481 -2.372676 -1.38427 -14.238715 -6.320222 -0.625368 -26.924545 -3.827737 -4.98743 -49.892036 -2.677177 -13.708618 -7.363529 -3.72096 18.141315 -14.052831 -3.242735 2.9e-05 -18.787437 -4.4e-05 -0.429706 -8.456133 2.555523 3e-06 1e-06 2e-06 -15.923651 -20.094614 -5.473633 30.419477 -7.190877 1.735922 1e-05 -8.162988 -1.3e-05 -1.861876 -22.861734 -6.168083 -1e-06 -5e-06 -2e-06 -176.81955 -8.910721 -18.91412 5.44571 0.009843 0.52049 -73.313873 -6.790403 -14.03794 -5.675272 1.559299 2.088561 -1.000001 -1e-06 -0.0 5.701593 -4.07604 -12.632082 5.296327 -0.036525 0.059219 -75.54641 -4.026312 -7.807432 -5.368604 0.724096 1.663929 -1.000004 -1e-06 -0.0 
0.0 0.0 0.0 0.0 -0.0 0.0 0.195202 99.752823 0.507149 88.709854 2.326954 88.860786 -4.389568 -1.259569 0.05264 -12.015922 -0.706804 -0.779251 15.474538 1.804371 -2.839146 6.27804 0.71138 1.994647 -2.581922 -1.135707 -0.479696 -19.506245 3.291644 -4.520486 7e-06 -0.0 -0.0 -0.11763 0.034406 0.127352 0.057203 0.055734 0.189802 0.045327 0.002618 0.070596 -146.521759 -67.566452 166.439209 30.494261 -43.238998 3.605534 59.62907 -1.760628 0.220603 -5.273635 21.125803 -68.493683 17.636522 -26.322519 52.410439 -19.466408 -14.395527 29.409958 -1e-06 -8.774754 -5e-06 16.083628 -17.93606 6.722955 -0.609768 -1.795631 -3.889278 -4.807044 -11.046691 -2.937783 -5e-06 -20.975796 6e-05 -5.019971 -25.033276 -4.031751 8e-06 1e-06 -0.0 -10.634447 -5.686904 -3.565525 10.573181 -17.922773 -3.113825 -5e-06 -13.821076 3.7e-05 -0.501857 -31.181187 -4.026857 -11.666163 -61.459503 8.195468 -13.9826 -7.150113 -2.874982 13.772621 -8.401411 -3.218194 0.347686 -34.211189 0.771747 -0.963044 -17.733221 2.621035 -1e-06 1e-06 -0.0 -17.346281 -20.094992 -4.201674 21.757391 -1.638369 3.866376 1e-06 -6.338768 1.4e-05 -1.697607 -22.591526 -6.193871 -3e-06 -5e-06 -1e-06 32.720959 -72.705765 164.051285 34.973156 -43.409645 11.700146 58.801571 -0.352635 0.17868 9.015757 -2.019848 -19.500513 22.181999 -20.375685 49.932697 -16.701418 -16.743252 28.476 2.6e-05 -12.690396 -3.6e-05 15.879995 -17.483194 2.772694 -0.105932 -1.513829 -4.275821 -5.038986 -5.612798 -2.953513 -1.3e-05 -11.020356 2.8e-05 -6.111222 -15.895077 -3.840392 1e-06 -1e-06 -0.0 -10.283268 -5.680225 -4.341794 11.02811 -11.302238 -2.372538 -1.384291 -14.238361 -6.319998 -0.625517 -26.923737 -3.827476 -4.972457 -49.94912 -2.720628 -13.708383 -7.363396 -3.720907 18.140844 -14.052526 -3.242534 -3.5e-05 -18.786991 4.2e-05 -0.429719 -8.455921 2.555487 -1e-06 -0.0 1e-06 -15.923386 -20.094248 -5.473508 30.418753 -7.190701 1.73601 -8e-06 -8.16282 1.5e-05 -1.861924 -22.861132 -6.167803 -0.0 -3e-06 -1e-06 -176.636124 -8.933434 -19.04073 5.37633 0.020834 0.538657 -73.410446 -6.880878 -14.140353 -5.664083 1.547061 2.085152 -0.999995 0.0 -1e-06 5.656496 -4.104729 -12.237836 5.313678 -0.038115 0.057312 -75.502403 -3.815588 -7.817333 -5.419907 0.712889 1.658079 -0.999996 -1e-06 -1e-06 
0.0 0.0 0.0 0.0 -0.0 0.0 0.212091 99.744614 0.472628 88.649643 2.333894 88.510864 -4.412074 -1.354088 0.012431 -12.017691 -0.770337 -0.914853 15.48782 1.938276 -2.98775 6.406379 1.53589 1.936641 -2.588318 -1.175263 -0.325081 -18.906658 3.220381 -4.426797 6e-06 -0.0 -0.0 -0.124747 0.041184 0.152725 0.039182 0.070397 0.221328 0.021524 0.001606 0.089847 -147.884384 -68.184486 167.517578 33.468246 -43.965458 5.838312 59.781551 -2.061302 0.185684 -6.030674 19.30699 -67.294411 17.636509 -26.322767 52.411366 -19.466665 -14.395615 29.410494 1.6e-05 -8.774823 1.5e-05 15.812658 -18.008295 6.751927 -0.609778 -1.795658 -3.889337 -4.807106 -11.046835 -2.937853 -3.5e-05 -20.976055 -1.1e-05 -5.020004 -25.033667 -4.031915 8e-06 3e-06 -1e-06 -10.634535 -5.687 -3.565592 10.573236 -17.922953 -3.113918 -3e-05 -13.821239 -7e-06 -0.501815 -31.181637 -4.027072 -11.482566 -61.399448 7.984384 -13.982717 -7.15023 -2.875039 13.772711 -8.401477 -3.218264 0.347657 -34.211636 0.77165 -0.963067 -17.733444 2.621009 -0.0 0.0 -2e-06 -17.346441 -20.09528 -4.201776 21.757555 -1.638327 3.866411 -1.3e-05 -6.338836 -2e-06 -1.697616 -22.591837 -6.194057 0.0 -2e-06 -3e-06 32.29744 -72.260117 164.462234 36.301918 -42.991577 15.388861 63.019806 -0.049841 0.121629 8.50602 -4.33899 -18.298134 22.182058 -20.376011 49.933365 -16.701902 -16.743628 28.476652 -2.2e-05 -12.690642 2.8e-05 16.00123 -17.667131 2.695628 -0.105911 -1.513859 -4.275892 -5.03904 -5.612885 -2.953553 1.3e-05 -11.020584 7e-06 -6.111296 -15.895433 -3.84046 -0.0 2e-06 -1e-06 -10.283373 -5.680288 -4.341831 11.028332 -11.30245 -2.372655 -1.38425 -14.238645 -6.320128 -0.625416 -26.924383 -3.827592 -4.938947 -50.104092 -2.82507 -13.708529 -7.363476 -3.720924 18.141211 -14.052802 -3.242713 1.4e-05 -18.787369 1.3e-05 -0.429717 -8.456109 2.555526 -1e-06 1e-06 2e-06 -15.923541 -20.094509 -5.473559 30.4193 -7.190858 1.73586 4e-06 -8.162969 3e-06 -1.8619 -22.861647 -6.167943 1e-06 -3e-06 -2e-06 -176.523361 -8.960317 -19.164482 5.307169 0.026715 0.55611 -73.448967 -6.952561 -14.22849 -5.64438 1.523015 2.08124 -1.0 -1e-06 1e-06 5.561663 -4.122357 -11.885985 5.351948 -0.039494 0.05028 -75.469284 -3.60219 -7.829782 -5.42368 0.709173 1.659025 -1.000005 1e-06 1e-06 
0.0 0.0 0.0 0.0 -0.0 0.0 0.20604 99.751503 0.419332 88.594048 2.299488 88.247314 -4.422417 -1.442358 -0.037068 -12.020282 -0.81892 -1.038128 15.487082 2.091996 -3.15883 6.315735 2.300758 1.875585 -2.592553 -1.232066 -0.235298 -18.336296 3.123531 -4.37968 5e-06 0.0 -0.0 -0.139127 0.045328 0.173788 0.036985 0.082911 0.252153 0.016686 -0.003029 0.101488 -149.396179 -68.800087 168.7565 36.130848 -43.946003 7.983644 61.149982 -2.368402 0.13057 -6.448855 17.413946 -64.392845 17.636877 -26.322947 52.411404 -19.466766 -14.39571 29.410522 -6e-06 -8.77492 -2.1e-05 15.630516 -18.12396 6.688293 -0.609785 -1.795657 -3.889344 -4.80712 -11.046869 -2.93786 2e-05 -20.9762 3.7e-05 -5.020036 -25.033834 -4.031895 5e-06 1e-06 -2e-06 -10.634609 -5.686981 -3.565604 10.57338 -17.923071 -3.11389 1.1e-05 -13.82133 3e-05 -0.501804 -31.181896 -4.026985 -11.30199 -60.995781 7.689354 -13.982807 -7.150213 -2.87506 13.772858 -8.401556 -3.218238 0.347752 -34.211887 0.771739 -0.963045 -17.733597 2.621111 -2e-06 0.0 1e-06 -17.346539 -20.095287 -4.2018 21.757751 -1.638423 3.866484 1e-05 -6.338879 1.2e-05 -1.697606 -22.592009 -6.194046 0.0 -5e-06 -0.0 31.857965 -72.014954 164.892578 37.592701 -42.571503 17.97484 66.911491 0.18835 0.038195 8.183581 -6.351598 -17.992886 22.18222 -20.375944 49.933483 -16.701822 -16.743502 28.476591 -4e-06 -12.690616 -1.6e-05 16.188473 -17.750408 2.612003 -0.105925 -1.513859 -4.275889 -5.039054 -5.612881 -2.953576 1e-05 -11.020564 -9e-06 -6.111297 -15.895428 -3.840517 -1e-06 -1e-06 0.0 -10.283391 -5.680296 -4.341862 11.028309 -11.302426 -2.372625 -1.384264 -14.238629 -6.320161 -0.625402 -26.924355 -3.827644 -4.889287 -50.281109 -2.883793 -13.708549 -7.363488 -3.720968 18.141171 -14.052769 -3.242661 2.2e-05 -18.787331 -6e-06 -0.429706 -8.45609 2.555528 1e-06 0.0 1e-06 -15.923558 -20.094519 -5.473629 30.419231 -7.190856 1.735968 9e-06 -8.162951 3e-06 -1.861869 -22.861591 -6.167988 0.0 -3e-06 0.0 -176.512848 -9.00284 -19.254957 5.274011 0.023323 0.57312 -73.459549 -7.012201 -14.329136 -5.630884 1.502184 2.076333 -1.000003 1e-06 -0.0 5.418789 -4.111543 -11.546084 5.401408 -0.039404 0.028419 -75.450165 -3.466864 -7.865158 -5.401011 0.709031 1.66444 -1.000004 -0.0 0.0 
0.0 0.0 0.0 0.0 -0.0 0.0 0.191024 99.760696 0.359009 88.538116 2.236536 88.03817 -4.431207 -1.503939 -0.083511 -12.018828 -0.851351 -1.156937 15.473568 2.25278 -3.323428 6.071413 3.002184 1.804726 -2.596386 -1.295928 -0.187875 -17.806791 3.001737 -4.352461 6e-06 -0.0 0.0 -0.153027 0.043137 0.179505 0.043308 0.087514 0.269316 0.021129 -0.012564 0.096452 -150.921005 -69.346138 170.008713 38.366859 -43.287941 10.178752 63.854027 -2.434631 0.118806 -6.319369 15.645508 -60.204353 17.636663 -26.322699 52.41111 -19.466623 -14.395582 29.410347 -6e-06 -8.774823 -9e-06 15.636914 -18.233425 6.511671 -0.609779 -1.795648 -3.889318 -4.807085 -11.046795 -2.937846 1e-05 -20.976021 9e-06 -5.019969 -25.033609 -4.031886 6e-06 0.0 1e-06 -10.634529 -5.686955 -3.565583 10.573274 -17.922939 -3.11389 8e-06 -13.821213 8e-06 -0.501765 -31.181583 -4.027008 -11.128715 -60.319305 7.370089 -13.9827 -7.150178 -2.87504 13.772726 -8.401489 -3.218231 0.34774 -34.211571 0.771681 -0.963034 -17.733418 2.621051 1e-06 1e-06 -0.0 -17.346401 -20.095177 -4.201778 21.757547 -1.638382 3.866437 6e-06 -6.338825 5e-06 -1.69758 -22.591797 -6.194021 -2e-06 -5e-06 -3e-06 31.464155 -71.941864 165.274673 38.754211 -42.21579 19.672827 70.425346 0.406205 -0.087015 8.054803 -7.780767 -18.426956 22.182116 -20.375746 49.933086 -16.701675 -16.743382 28.476303 1.2e-05 -12.690527 -3.4e-05 16.375996 -17.739601 2.553579 -0.105926 -1.513851 -4.275857 -5.03903 -5.612852 -2.953546 -3e-06 -11.020479 -3e-06 -6.111278 -15.895288 -3.840473 2e-06 0.0 -1e-06 -10.283342 -5.680278 -4.341826 11.028228 -11.302347 -2.372595 -1.384283 -14.238518 -6.320092 -0.625449 -26.924084 -3.8276 -4.848542 -50.435329 -2.870932 -13.708482 -7.36346 -3.720936 18.141035 -14.052669 -3.242617 2e-06 -18.787189 -1e-05 -0.429704 -8.456015 2.555494 -0.0 0.0 0.0 -15.923493 -20.094421 -5.473577 30.419041 -7.190785 1.735991 3e-06 -8.162887 -5e-06 -1.86188 -22.861387 -6.167945 -0.0 -2e-06 1e-06 -176.573227 -9.059031 -19.327929 5.286566 0.017649 0.598203 -73.491882 -7.069445 -14.415659 -5.63738 1.493009 2.072605 -0.999999 1e-06 -1e-06 5.230995 -4.080519 -11.223211 5.477071 -0.042151 0.012633 -75.450005 -3.374846 -7.903845 -5.378235 0.700573 1.668067 -1.0 -0.0 -0.0 
0.0 0.0 0.0 0.0 -0.0 0.0 0.176949 99.753922 0.292749 88.475609 2.199368 87.820824 -4.411654 -1.521555 -0.129928 -12.007716 -0.877565 -1.285957 15.449702 2.425516 -3.430992 5.74428 3.617052 1.74966 -2.606183 -1.36039 -0.13765 -17.331736 2.87266 -4.304512 7e-06 -0.0 -1e-06 -0.162734 0.034055 0.169152 0.041429 0.081992 0.264867 0.015793 -0.025281 0.081064 -152.163666 -69.735504 170.950272 40.176376 -42.254841 12.174092 67.394531 -2.166929 0.189396 -5.782979 14.308233 -55.895401 17.636675 -26.322641 52.410927 -19.466555 -14.39555 29.410213 1e-06 -8.774817 -2e-05 15.819359 -18.238947 6.247602 -0.609775 -1.795645 -3.889307 -4.807089 -11.046777 -2.937835 4e-06 -20.975986 2.5e-05 -5.019982 -25.03356 -4.031869 5e-06 1e-06 -3e-06 -10.634514 -5.686946 -3.565573 10.573245 -17.922897 -3.113854 -1e-06 -13.821189 1.8e-05 -0.501809 -31.181511 -4.026966 -10.915185 -59.548096 7.043805 -13.982691 -7.150169 -2.875029 13.772707 -8.401469 -3.218206 0.347722 -34.211502 0.771693 -0.963034 -17.733389 2.621047 -0.0 1e-06 0.0 -17.346394 -20.095139 -4.201756 21.757532 -1.638377 3.86645 1e-06 -6.338816 5e-06 -1.697605 -22.591747 -6.193989 -2e-06 -4e-06 -1e-06 31.058094 -71.967499 165.702728 39.711033 -41.936279 20.63562 73.454964 0.608848 -0.229082 8.062444 -8.521693 -19.411385 22.182074 -20.375769 49.933125 -16.701668 -16.743387 28.476347 1.4e-05 -12.69052 -2.5e-05 16.517138 -17.710714 2.493658 -0.105925 -1.513849 -4.275862 -5.039026 -5.61285 -2.95355 -5e-06 -11.020473 -3e-06 -6.111278 -15.895287 -3.840487 3e-06 -1e-06 -0.0 -10.283331 -5.680273 -4.341831 11.028217 -11.302341 -2.372601 -1.384279 -14.238509 -6.320107 -0.625435 -26.924053 -3.82762 -4.774117 -50.523926 -2.87031 -13.708468 -7.363455 -3.72094 18.141031 -14.052665 -3.242623 -3e-06 -18.787184 -6e-06 -0.42971 -8.456017 2.555497 -0.0 0.0 -1e-06 -15.923476 -20.094412 -5.473578 30.41902 -7.190772 1.735973 -0.0 -8.162885 -1e-06 -1.861883 -22.861376 -6.167941 0.0 -3e-06 -3e-06 -176.615097 -9.124916 -19.384487 5.340856 0.014125 0.620539 -73.591492 -7.139635 -14.451019 -5.673245 1.503065 2.070499 -0.999999 -1e-06 -1e-06 5.061511 -4.032702 -10.902828 5.564916 -0.049144 0.010878 -75.457382 -3.330475 -7.929129 -5.387702 0.677001 1.666178 -0.999998 0.0 0.0 
0.0 0.0 0.0 0.0 -0.0 0.0 0.165651 99.722946 0.224321 88.427376 2.230242 87.51693 -4.358612 -1.4958 -0.177847 -11.999434 -0.905465 -1.40426 15.45303 2.609611 -3.461926 5.392084 4.119204 1.710456 -2.619029 -1.393715 -0.034579 -16.966503 2.746362 -4.200126 5e-06 0.0 -1e-06 -0.165607 0.022163 0.150627 0.020082 0.071538 0.243977 -0.009883 -0.03821 0.065551 -152.976517 -69.929749 171.505295 41.670906 -41.083572 13.594412 71.039062 -1.61408 0.306766 -5.147151 13.582517 -52.671219 17.636795 -26.322916 52.411476 -19.466671 -14.395643 29.410519 1e-05 -8.774883 -1.7e-05 16.026457 -18.170279 6.010516 -0.609785 -1.795654 -3.889336 -4.807125 -11.046845 -2.937862 -1.4e-05 -20.976135 2.8e-05 -5.020024 -25.033768 -4.031925 6e-06 -0.0 3e-06 -10.634586 -5.686983 -3.565612 10.573304 -17.92301 -3.113871 -1.1e-05 -13.821295 2.6e-05 -0.50183 -31.181816 -4.027015 -10.70493 -58.902985 6.78666 -13.982779 -7.150216 -2.875066 13.772792 -8.401512 -3.218225 0.347685 -34.211792 0.771738 -0.963075 -17.733551 2.621094 0.0 -0.0 0.0 -17.346504 -20.095263 -4.201808 21.757666 -1.638384 3.866487 -1e-06 -6.338861 1.3e-05 -1.697618 -22.591949 -6.19406 -1e-06 -4e-06 -0.0 30.56052 -72.05188 166.270569 40.443588 -41.686871 21.052223 76.018692 0.782241 -0.358945 8.199971 -8.552908 -20.81147 22.182224 -20.375963 49.933578 -16.701782 -16.743464 28.476606 2.4e-05 -12.690603 -2.7e-05 16.617672 -17.685684 2.42829 -0.10593 -1.513859 -4.275893 -5.039061 -5.612901 -2.953583 -1.3e-05 -11.020585 -5e-06 -6.111327 -15.895481 -3.840538 1e-06 -1e-06 1e-06 -10.283391 -5.68032 -4.341874 11.028275 -11.302425 -2.372615 -1.384293 -14.238656 -6.320179 -0.625456 -26.924391 -3.827679 -4.689496 -50.566898 -2.871552 -13.708549 -7.363515 -3.72098 18.141117 -14.052767 -3.242642 -1.5e-05 -18.787367 -1e-05 -0.429724 -8.456105 2.555523 1e-06 0.0 1e-06 -15.923575 -20.09457 -5.473639 30.419184 -7.190812 1.736001 -6e-06 -8.162966 -1e-06 -1.8619 -22.861649 -6.168026 0.0 -4e-06 -1e-06 -176.559509 -9.165498 -19.44334 5.421231 0.013907 0.62941 -73.717636 -7.237605 -14.434384 -5.71492 1.516275 2.06825 -1.000002 1e-06 0.0 4.975372 -4.002196 -10.574464 5.627481 -0.057495 0.028158 -75.478416 -3.275842 -7.899688 -5.432137 0.650614 1.660934 -1.000005 0.0 -0.0 
0.0 0.0 0.0 0.0 -0.0 0.0 0.165823 99.683258 0.167016 88.389305 2.330666 87.143105 -4.292203 -1.439645 -0.218241 -11.993989 -0.922872 -1.489518 15.502991 2.812164 -3.463512 5.002218 4.556138 1.681807 -2.636027 -1.414707 0.094993 -16.7535 2.617534 -4.075761 7e-06 0.0 1e-06 -0.162248 0.01346 0.143642 0.001837 0.064502 0.233965 -0.032658 -0.048032 0.061934 -153.522293 -69.952942 171.85672 42.88903 -39.959225 14.141378 74.203819 -1.034613 0.395816 -4.774308 13.415814 -50.794079 17.636755 -26.322952 52.411602 -19.466805 -14.39568 29.410654 -2e-06 -8.774904 -7e-06 16.234819 -18.112103 5.81551 -0.609779 -1.795662 -3.889352 -4.807123 -11.046892 -2.937879 9e-06 -20.976231 5e-06 -5.020011 -25.033901 -4.031938 7e-06 -0.0 -1e-06 -10.634595 -5.687001 -3.565619 10.57335 -17.923086 -3.11392 5e-06 -13.821345 7e-06 -0.501771 -31.181948 -4.027062 -10.519262 -58.494007 6.591546 -13.982792 -7.150236 -2.875071 13.772824 -8.401555 -3.218259 0.347734 -34.211948 0.771689 -0.963055 -17.733627 2.621084 -0.0 0.0 -1e-06 -17.346514 -20.095333 -4.201824 21.7577 -1.63839 3.86647 2e-06 -6.338887 5e-06 -1.697591 -22.592062 -6.194098 -0.0 -5e-06 1e-06 29.958538 -72.150574 166.937347 40.984497 -41.512836 21.121214 78.131638 0.858652 -0.486705 8.445579 -7.951948 -22.408274 22.182261 -20.375999 49.933609 -16.701908 -16.743587 28.476707 -6e-06 -12.690681 -1e-05 16.678734 -17.657656 2.363003 -0.105926 -1.513862 -4.275902 -5.03907 -5.612906 -2.953579 8e-06 -11.0206 -1e-05 -6.111328 -15.895492 -3.840533 -1e-06 -0.0 1e-06 -10.283423 -5.680316 -4.341869 11.028351 -11.302463 -2.372646 -1.384269 -14.238683 -6.320189 -0.625399 -26.924471 -3.827681 -4.632201 -50.588104 -2.880506 -13.708591 -7.363512 -3.72097 18.141243 -14.052814 -3.242689 1.8e-05 -18.787403 -1.2e-05 -0.42971 -8.456127 2.555533 0.0 1e-06 1e-06 -15.923612 -20.094578 -5.473634 30.419357 -7.190871 1.735954 6e-06 -8.162981 -1e-06 -1.861883 -22.861692 -6.168021 0.0 -3e-06 -2e-06 -176.393677 -9.178798 -19.533325 5.48564 0.011626 0.630457 -73.83989 -7.345497 -14.395384 -5.761748 1.518074 2.062252 -1.000002 1e-06 -1e-06 4.994565 -3.986515 -10.273108 5.637851 -0.069711 0.049746 -75.509018 -3.154824 -7.873839 -5.506671 0.636401 1.658229 -1.000006 1e-06 -0.0 
0.0 0.0 0.0 0.0 -0.0 0.0 0.182848 99.650505 0.121435 88.356308 2.481822 86.73877 -4.216644 -1.357016 -0.254649 -11.977931 -0.928067 -1.547792 15.58635 3.032411 -3.46774 4.5565 4.985385 1.677043 -2.641618 -1.425892 0.213937 -16.705757 2.509173 -3.944086 6e-06 -1e-06 -1e-06 -0.158048 0.009702 0.148417 -0.017626 0.064372 0.233682 -0.054853 -0.054832 0.071302 -153.854111 -69.882317 172.050735 43.841991 -38.961765 13.78818 76.542641 -0.610352 0.454754 -4.742272 13.646454 -50.094627 17.636648 -26.322699 52.411201 -19.466656 -14.395578 29.410395 -3e-06 -8.774826 -7e-06 16.425245 -18.059021 5.647232 -0.609777 -1.795652 -3.889325 -4.807089 -11.046802 -2.937857 1.6e-05 -20.976017 -9e-06 -5.019948 -25.033596 -4.031915 6e-06 0.0 -1e-06 -10.634533 -5.686965 -3.565592 10.573277 -17.922935 -3.113901 1.3e-05 -13.821205 0.0 -0.501746 -31.181553 -4.027034 -10.385306 -58.307087 6.446403 -13.98271 -7.150189 -2.875049 13.772728 -8.401488 -3.218237 0.347752 -34.211559 0.77165 -0.963026 -17.733412 2.621039 -2e-06 1e-06 0.0 -17.346409 -20.095198 -4.201798 21.757557 -1.638385 3.866441 6e-06 -6.338825 -0.0 -1.697567 -22.591787 -6.194046 -0.0 -4e-06 0.0 29.237055 -72.280685 167.701248 41.453751 -41.436939 21.017109 79.77729 0.867326 -0.59379 8.713803 -7.061149 -23.839882 22.182079 -20.375814 49.933212 -16.701782 -16.743477 28.476461 -1.4e-05 -12.69057 -4e-06 16.745007 -17.632063 2.289958 -0.105919 -1.513853 -4.275872 -5.039025 -5.612849 -2.953555 1.6e-05 -11.020496 -9e-06 -6.111256 -15.895312 -3.840489 2e-06 -1e-06 -1e-06 -10.283346 -5.68027 -4.341833 11.028271 -11.302374 -2.372627 -1.384249 -14.238544 -6.320114 -0.625388 -26.924156 -3.82761 -4.63427 -50.594086 -2.876784 -13.708491 -7.363456 -3.720937 18.141104 -14.052706 -3.242666 2.9e-05 -18.78722 -8e-06 -0.4297 -8.456036 2.555507 0.0 -0.0 0.0 -15.923487 -20.094414 -5.47359 30.419123 -7.190824 1.735923 1.1e-05 -8.162903 -1e-06 -1.861855 -22.861422 -6.167939 -1e-06 -3e-06 0.0 -176.153946 -9.178247 -19.679722 5.525285 0.009335 0.636174 -73.910851 -7.467239 -14.351914 -5.791256 1.507917 2.055243 -0.999997 1e-06 -0.0 5.08269 -3.985319 -10.002849 5.621311 -0.076885 0.06927 -75.537102 -3.011582 -7.86853 -5.595379 0.634619 1.658148 -0.999999 -1e-06 -0.0 
0.0 0.0 0.0 0.0 -0.0 0.0 0.21545 99.628288 0.085191 88.315971 2.650005 86.362106 -4.144654 -1.264856 -0.287876 -11.951442 -0.929756 -1.597992 15.676401 3.261316 -3.487772 4.082889 5.465383 1.686003 -2.628445 -1.428242 0.290016 -16.819731 2.444496 -3.844804 7e-06 -1e-06 0.0 -0.150307 0.012993 0.164907 -0.035047 0.070831 0.242178 -0.069834 -0.054318 0.09484 -154.065399 -69.807823 172.153122 44.45639 -38.09391 12.943481 77.928383 -0.343958 0.487294 -5.031701 14.040805 -50.249413 17.63656 -26.322639 52.411018 -19.466684 -14.395597 29.410355 -2e-06 -8.774826 3e-06 16.561497 -18.030102 5.532658 -0.60977 -1.795653 -3.889321 -4.807088 -11.046823 -2.937843 6e-06 -20.976063 -1.4e-05 -5.019969 -25.033672 -4.031905 6e-06 0.0 2e-06 -10.63452 -5.686976 -3.565569 10.573269 -17.92296 -3.113915 5e-06 -13.821235 -1.1e-05 -0.501753 -31.181654 -4.027053 -10.322954 -58.306061 6.34712 -13.982697 -7.1502 -2.875021 13.772724 -8.401497 -3.218251 0.347743 -34.211636 0.771615 -0.963017 -17.73345 2.621007 -2e-06 -2e-06 1e-06 -17.346407 -20.095222 -4.20175 21.757555 -1.638363 3.866404 1e-06 -6.338834 -5e-06 -1.69758 -22.591839 -6.194045 -0.0 -4e-06 -0.0 28.469112 -72.395966 168.508942 41.925701 -41.457184 20.979889 80.850754 0.896816 -0.651903 9.020398 -6.147222 -24.862242 22.182055 -20.3759 49.933159 -16.701797 -16.743546 28.476473 -1.6e-05 -12.690585 1.8e-05 16.799944 -17.575817 2.217284 -0.105914 -1.513852 -4.275873 -5.039024 -5.612859 -2.95354 1.5e-05 -11.020526 1.1e-05 -6.111276 -15.895338 -3.840436 -0.0 -1e-06 0.0 -10.283348 -5.680268 -4.341818 11.028289 -11.302404 -2.372628 -1.384253 -14.238573 -6.320087 -0.625429 -26.924227 -3.827549 -4.649914 -50.602089 -2.875101 -13.708496 -7.363456 -3.720916 18.141136 -14.052737 -3.242678 1.2e-05 -18.787271 2e-05 -0.429711 -8.45606 2.555516 0.0 -0.0 -1e-06 -15.923498 -20.094444 -5.473542 30.419174 -7.190827 1.735889 4e-06 -8.16293 4e-06 -1.861896 -22.861506 -6.167903 0.0 -3e-06 -0.0 -175.898911 -9.196112 -19.827044 5.549587 0.005499 0.643682 -73.944313 -7.603433 -14.336048 -5.799035 1.484777 2.049418 -0.999997 -2e-06 -0.0 5.20567 -3.97215 -9.769341 5.599152 -0.07677 0.081571 -75.609299 -2.920177 -7.840945 -5.681197 0.637563 1.660611 -1.000003 0.0 -0.0 
0.0 0.0 0.0 0.0 -0.0 0.0 0.236469 99.615959 0.046539 88.272522 2.802858 86.053993 -4.075686 -1.183922 -0.329895 -11.925578 -0.924747 -1.631856 15.766817 3.495013 -3.529914 3.57812 6.061134 1.677253 -2.615851 -1.421855 0.305943 -17.060663 2.407696 -3.838057 5e-06 0.0 1e-06 -0.140969 0.021356 0.188941 -0.051106 0.082098 0.258738 -0.078324 -0.048719 0.125092 -154.20076 -69.833092 172.185638 44.73534 -37.218502 11.954158 78.611336 -0.233371 0.482729 -5.565001 14.420891 -50.942184 17.636408 -26.322615 52.410889 -19.466665 -14.395582 29.410307 -9e-06 -8.774784 2.3e-05 16.627071 -18.000414 5.470786 -0.609766 -1.795653 -3.889313 -4.807063 -11.046809 -2.937827 -1e-06 -20.976025 -9e-06 -5.01996 -25.033607 -4.031845 6e-06 1e-06 -0.0 -10.634476 -5.686968 -3.565552 10.573231 -17.922941 -3.113921 1e-06 -13.821213 -1e-05 -0.501759 -31.181583 -4.027018 -10.302047 -58.374622 6.29562 -13.982642 -7.150191 -2.875 13.772671 -8.401486 -3.218267 0.347726 -34.21159 0.771619 -0.963022 -17.733427 2.620988 -1e-06 0.0 1e-06 -17.346334 -20.095188 -4.201717 21.75746 -1.638352 3.866352 -3e-06 -6.338828 -6e-06 -1.69757 -22.591816 -6.194002 1e-06 -3e-06 -3e-06 27.683254 -72.444351 169.32196 42.467926 -41.538017 21.000481 81.31282 0.894529 -0.660067 9.326616 -5.356956 -25.489195 22.181971 -20.375753 49.9328 -16.701767 -16.743492 28.476288 -2.2e-05 -12.69054 1.8e-05 16.856131 -17.48468 2.140238 -0.10591 -1.513849 -4.27585 -5.039004 -5.612842 -2.953516 2e-05 -11.020491 9e-06 -6.111242 -15.895273 -3.840395 0.0 -0.0 -0.0 -10.28332 -5.680253 -4.341784 11.028263 -11.302381 -2.372624 -1.384249 -14.238536 -6.320042 -0.625427 -26.924139 -3.82752 -4.628493 -50.591309 -2.897333 -13.708462 -7.363434 -3.720879 18.141096 -14.052716 -3.242677 2.5e-05 -18.787226 3e-06 -0.429695 -8.456039 2.555484 0.0 0.0 -0.0 -15.923465 -20.094391 -5.473485 30.419102 -7.190819 1.735865 1.1e-05 -8.162907 -1e-05 -1.861865 -22.861435 -6.167892 -1e-06 -2e-06 -1e-06 -175.678894 -9.236633 -19.941622 5.564395 0.000491 0.644538 -73.965454 -7.718356 -14.349138 -5.807451 1.462264 2.045933 -1.0 -1e-06 1e-06 5.322412 -3.930219 -9.55959 5.570926 -0.074559 0.086461 -75.686546 -2.907507 -7.785315 -5.727967 0.645235 1.664511 -0.999998 0.0 1e-06 
0.0 0.0 0.0 0.0 -0.0 0.0 0.209778 99.618439 -0.008007 88.225662 2.901962 85.861923 -4.008984 -1.118976 -0.374634 -11.901195 -0.918637 -1.65722 15.833355 3.749278 -3.585594 3.038282 6.780612 1.625061 -2.618769 -1.415954 0.229518 -17.477144 2.413061 -3.957781 4e-06 -0.0 -0.0 -0.136853 0.027636 0.205779 -0.067548 0.090927 0.27187 -0.086609 -0.044837 0.144458 -154.182281 -70.082329 172.074387 44.709591 -36.297428 10.979897 78.886978 -0.301766 0.418041 -6.178446 14.599438 -51.906162 17.636736 -26.322777 52.411236 -19.466722 -14.395598 29.410416 -9e-06 -8.774851 -1.7e-05 16.568588 -17.967245 5.460469 -0.609779 -1.795661 -3.88933 -4.807095 -11.046845 -2.93786 2.6e-05 -20.97613 2e-06 -5.01996 -25.033741 -4.031905 6e-06 -0.0 2e-06 -10.634557 -5.686979 -3.565594 10.573311 -17.923027 -3.113902 2e-05 -13.821282 2e-06 -0.501731 -31.181778 -4.027034 -10.299739 -58.405125 6.273975 -13.982742 -7.150209 -2.875052 13.772768 -8.401536 -3.218235 0.347781 -34.211758 0.771657 -0.963014 -17.733519 2.621057 1e-06 -0.0 1e-06 -17.346451 -20.095257 -4.201793 21.75761 -1.638397 3.866457 9e-06 -6.338858 0.0 -1.697559 -22.591923 -6.194055 -1e-06 -3e-06 -4e-06 27.046843 -72.423309 169.936325 43.106876 -41.700508 20.946608 81.150963 0.822038 -0.63794 9.577429 -4.702901 -25.798174 22.182247 -20.376013 49.933586 -16.701895 -16.743597 28.476685 -5e-06 -12.690681 -1.3e-05 16.897217 -17.378767 2.094198 -0.105921 -1.513861 -4.2759 -5.039071 -5.612893 -2.953577 1.1e-05 -11.020592 -1e-06 -6.111328 -15.89546 -3.840528 -1e-06 -0.0 1e-06 -10.283417 -5.680305 -4.341865 11.028353 -11.30246 -2.372638 -1.38427 -14.238666 -6.320174 -0.625412 -26.924435 -3.82764 -4.610084 -50.594677 -2.915683 -13.708585 -7.363499 -3.720966 18.141243 -14.052804 -3.24268 1.5e-05 -18.787386 7e-06 -0.429713 -8.456118 2.555541 0.0 1e-06 1e-06 -15.923608 -20.094559 -5.473625 30.419365 -7.190877 1.735955 8e-06 -8.162977 6e-06 -1.861896 -22.86167 -6.167993 0.0 -4e-06 -1e-06 -175.553055 -9.314798 -20.009682 5.576307 -0.006056 0.644287 -73.976898 -7.770026 -14.40132 -5.826154 1.451263 2.046063 -0.999998 -0.0 -0.0 5.381896 -3.839717 -9.412123 5.551774 -0.072285 0.074323 -75.707771 -2.954962 -7.72062 -5.743227 0.660045 1.670417 -1.000001 -1e-06 -1e-06 
0.0 0.0 0.0 0.0 -0.0 0.0 0.123102 99.629318 -0.078526 88.169594 2.930613 85.801903 -3.948886 -1.060039 -0.40402 -11.869647 -0.91816 -1.696231 15.842694 4.013993 -3.639828 2.514109 7.541591 1.512817 -2.625339 -1.373921 0.038998 -18.028004 2.47207 -4.205924 5e-06 0.0 -0.0 -0.140486 0.028658 0.200863 -0.087463 0.093587 0.263642 -0.099147 -0.045303 0.141788 -153.81691 -70.606491 171.642487 44.426186 -35.397305 10.296342 79.02948 -0.432144 0.322093 -6.594261 14.517946 -52.98632 17.636627 -26.322802 52.411491 -19.466877 -14.39571 29.410648 -1.3e-05 -8.774898 7e-06 16.411158 -17.925718 5.507473 -0.609773 -1.795668 -3.889351 -4.807107 -11.046878 -2.937884 4.4e-05 -20.976183 -4.5e-05 -5.019951 -25.033829 -4.031968 6e-06 -0.0 3e-06 -10.634581 -5.686999 -3.565602 10.573374 -17.923071 -3.113974 2.9e-05 -13.821318 -2.5e-05 -0.501679 -31.181881 -4.027118 -10.310008 -58.357456 6.272119 -13.982779 -7.150235 -2.875053 13.772833 -8.401554 -3.218296 0.347818 -34.211857 0.77158 -0.962997 -17.733568 2.621031 0.0 0.0 2e-06 -17.346491 -20.095322 -4.201813 21.757704 -1.6384 3.866425 1e-05 -6.338869 -1.1e-05 -1.69754 -22.591986 -6.194129 0.0 -5e-06 -1e-06 26.733829 -72.417931 170.190231 43.837238 -42.004814 20.629093 80.543526 0.730578 -0.596102 9.759217 -4.129967 -25.836102 22.182209 -20.375996 49.933517 -16.701941 -16.743656 28.476696 -2.4e-05 -12.690697 4e-06 16.91778 -17.247065 2.085694 -0.105916 -1.513859 -4.275901 -5.039062 -5.612882 -2.95357 2.7e-05 -11.02058 -5e-06 -6.111307 -15.895432 -3.840511 0.0 -0.0 1e-06 -10.283418 -5.680296 -4.341851 11.028382 -11.302455 -2.372656 -1.384248 -14.238636 -6.320161 -0.625371 -26.924372 -3.827621 -4.60006 -50.605942 -2.899616 -13.708589 -7.36348 -3.720951 18.141291 -14.052811 -3.242707 4e-05 -18.787354 8e-06 -0.4297 -8.456102 2.555537 0.0 0.0 1e-06 -15.923599 -20.094524 -5.473608 30.419409 -7.190901 1.735909 1.5e-05 -8.162966 6e-06 -1.861876 -22.861628 -6.167966 1e-06 -3e-06 -2e-06 -175.53598 -9.445563 -20.038424 5.586077 -0.003317 0.641701 -73.947006 -7.772048 -14.497379 -5.833288 1.450229 2.049044 -0.999999 1e-06 1e-06 5.373619 -3.699331 -9.340215 5.553775 -0.067252 0.053823 -75.696747 -3.044701 -7.66776 -5.747408 0.673791 1.674983 -1.000003 -0.0 0.0 
0.0 0.0 0.0 0.0 -0.0 0.0 -0.022377 99.634804 -0.158075 88.101028 2.919509 85.873024 -3.868119 -0.990795 -0.422616 -11.83843 -0.926665 -1.749811 15.805237 4.271581 -3.692659 2.027006 8.296938 1.367914 -2.635416 -1.300734 -0.220115 -18.64945 2.539122 -4.631485 5e-06 -0.0 0.0 -0.148166 0.022517 0.180733 -0.116647 0.089004 0.240207 -0.120341 -0.052895 0.124327 -152.985199 -71.292351 170.75737 43.891209 -34.507061 10.114114 79.277161 -0.483861 0.223536 -6.787069 14.177377 -54.183723 17.636614 -26.322718 52.411228 -19.466658 -14.395582 29.41041 -1e-06 -8.774824 -4e-06 16.27018 -17.87096 5.562338 -0.609779 -1.795655 -3.889329 -4.807087 -11.046807 -2.937857 1.3e-05 -20.976023 -1.6e-05 -5.01994 -25.033611 -4.031919 6e-06 -0.0 0.0 -10.634529 -5.686969 -3.565592 10.573263 -17.922943 -3.113906 8e-06 -13.821213 -6e-06 -0.501736 -31.181576 -4.027049 -10.32942 -58.230846 6.295433 -13.982707 -7.150199 -2.875048 13.772717 -8.401491 -3.218244 0.347747 -34.211555 0.771637 -0.963024 -17.73341 2.621029 -1e-06 -0.0 2e-06 -17.346409 -20.095211 -4.201792 21.75754 -1.638373 3.866432 4e-06 -6.338825 -2e-06 -1.697564 -22.591789 -6.194053 -0.0 -5e-06 -3e-06 26.761076 -72.456657 170.098557 44.56234 -42.406464 19.938274 79.850945 0.617626 -0.539344 9.943536 -3.569033 -25.659071 22.182198 -20.375933 49.933414 -16.701744 -16.743481 28.476505 1.1e-05 -12.690591 -2.3e-05 16.893435 -17.145248 2.128581 -0.105926 -1.513854 -4.275881 -5.03905 -5.612869 -2.953565 -3e-06 -11.020526 5e-06 -6.111305 -15.895358 -3.8405 1e-06 0.0 2e-06 -10.283381 -5.6803 -4.341851 11.028275 -11.302392 -2.372607 -1.384284 -14.238582 -6.320133 -0.625452 -26.924221 -3.82761 -4.632209 -50.610157 -2.818217 -13.708534 -7.363482 -3.72096 18.141117 -14.052727 -3.242634 -8e-06 -18.787279 1.4e-05 -0.42972 -8.456065 2.555526 0.0 2e-06 -0.0 -15.923554 -20.094494 -5.473608 30.419174 -7.190816 1.735984 -1e-06 -8.162935 8e-06 -1.86191 -22.861526 -6.167953 -1e-06 -3e-06 -1e-06 -175.601654 -9.638912 -20.018724 5.604474 0.009212 0.635619 -73.863419 -7.690523 -14.6116 -5.832304 1.462628 2.054704 -1.000002 -1e-06 -0.0 5.34219 -3.510027 -9.33865 5.569353 -0.065125 0.037432 -75.721611 -3.153638 -7.63349 -5.759001 0.679342 1.676734 -1.000002 -0.0 -1e-06 
0.0 0.0 0.0 0.0 -0.0 0.0 -0.224504 99.632782 -0.235089 88.021004 2.893513 86.094757 -3.761403 -0.911601 -0.454386 -11.812625 -0.942485 -1.820694 15.738431 4.502134 -3.706836 1.628137 8.999519 1.220747 -2.651881 -1.219937 -0.526634 -19.312616 2.573237 -5.185175 5e-06 -0.0 -1e-06 -0.155774 0.015029 0.166593 -0.150553 0.083254 0.222495 -0.147163 -0.062102 0.112821 -151.791031 -72.00666 169.51091 43.03223 -33.646744 10.38856 79.756821 -0.467998 0.106937 -6.801509 13.673903 -55.540848 17.636726 -26.322943 52.411716 -19.466875 -14.395704 29.410727 -1.9e-05 -8.774897 -0.0 16.222055 -17.854216 5.583631 -0.609778 -1.795664 -3.88936 -4.807107 -11.046884 -2.937894 5.4e-05 -20.976204 -2.5e-05 -5.019939 -25.033834 -4.031955 6e-06 0.0 -2e-06 -10.634597 -5.686999 -3.565628 10.573384 -17.923084 -3.113951 3.2e-05 -13.821322 -3e-06 -0.501691 -31.181864 -4.027069 -10.327064 -58.080868 6.294365 -13.982794 -7.150236 -2.87508 13.77284 -8.401567 -3.218282 0.347817 -34.211891 0.771642 -0.963014 -17.733583 2.621079 -0.0 -0.0 -1e-06 -17.3465 -20.095339 -4.20185 21.757706 -1.638417 3.866454 1.5e-05 -6.338871 1e-06 -1.697533 -22.591993 -6.194106 0.0 -3e-06 -1e-06 27.096724 -72.493118 169.709061 45.162849 -42.810764 18.913183 79.312035 0.51024 -0.459087 10.243923 -2.918336 -25.354387 22.182362 -20.376059 49.933765 -16.702045 -16.74371 28.476847 -1.4e-05 -12.690781 -1.2e-05 16.839117 -17.081348 2.181654 -0.10592 -1.513867 -4.275918 -5.039097 -5.612922 -2.953593 2.1e-05 -11.020658 -1.7e-05 -6.111367 -15.89558 -3.840566 0.0 -0.0 0.0 -10.283475 -5.680329 -4.341877 11.028443 -11.302518 -2.372667 -1.384269 -14.238752 -6.320225 -0.625369 -26.924627 -3.827701 -4.672467 -50.597656 -2.728165 -13.708661 -7.363529 -3.720975 18.141388 -14.052882 -3.242722 4.1e-05 -18.787485 -1.7e-05 -0.429697 -8.456165 2.555545 0.0 0.0 0.0 -15.923694 -20.094641 -5.47365 30.419577 -7.190936 1.735952 1.7e-05 -8.163018 -3e-06 -1.861876 -22.861811 -6.168064 -0.0 -3e-06 -1e-06 -175.735901 -9.895217 -19.945082 5.635275 0.026893 0.620433 -73.735764 -7.502574 -14.732388 -5.830454 1.47807 2.058452 -1.000003 -0.0 -1e-06 5.328908 -3.259997 -9.391352 5.57327 -0.06741 0.019815 -75.769493 -3.329147 -7.595834 -5.759031 0.684854 1.678506 -1.000001 -0.0 -0.0 
0.0 0.0 0.0 0.0 -0.0 0.0 -0.460663 99.630424 -0.303079 87.950104 2.851996 86.450287 -3.646544 -0.825792 -0.50193 -11.791189 -0.9533 -1.866534 15.65761 4.686278 -3.68818 1.386947 9.495065 1.104074 -2.665591 -1.138766 -0.814133 -19.872446 2.571702 -5.764263 6e-06 1e-06 1e-06 -0.160334 0.011672 0.169935 -0.183813 0.083594 0.222139 -0.173879 -0.069301 0.118702 -150.339935 -72.555603 168.044754 41.876705 -32.860771 10.885873 80.437187 -0.423608 0.004022 -6.705055 13.156194 -57.170746 17.636505 -26.322701 52.411282 -19.466827 -14.395662 29.410557 -2.7e-05 -8.774842 1.8e-05 16.234476 -17.902409 5.573105 -0.609767 -1.795661 -3.889341 -4.807066 -11.046833 -2.937874 7.1e-05 -20.976097 -5.1e-05 -5.019883 -25.033691 -4.031917 6e-06 0.0 -1e-06 -10.634523 -5.686972 -3.565591 10.573335 -17.92301 -3.11397 4e-05 -13.821258 -2.1e-05 -0.501648 -31.181692 -4.027063 -10.315692 -57.995655 6.261377 -13.982701 -7.150197 -2.875041 13.772766 -8.401538 -3.218296 0.347855 -34.211689 0.771578 -0.96298 -17.733471 2.62103 0.0 -1e-06 -1e-06 -17.346384 -20.09524 -4.201802 21.757584 -1.638411 3.866381 1.6e-05 -6.338844 -7e-06 -1.697496 -22.591875 -6.194077 1e-06 -3e-06 -2e-06 27.566816 -72.511681 169.188522 45.492062 -43.073502 17.683228 79.045647 0.440907 -0.399458 10.652436 -2.279573 -24.998379 22.182129 -20.375854 49.933292 -16.701969 -16.743649 28.47662 -2.6e-05 -12.690693 1.2e-05 16.750372 -17.061157 2.248048 -0.10591 -1.513861 -4.275888 -5.039053 -5.612885 -2.953556 2.7e-05 -11.020576 -1.7e-05 -6.111307 -15.895433 -3.840499 -0.0 -0.0 0.0 -10.283402 -5.680294 -4.341827 11.028378 -11.302447 -2.372672 -1.384246 -14.238643 -6.320152 -0.625353 -26.924383 -3.827644 -4.728593 -50.570492 -2.647144 -13.70857 -7.363476 -3.720925 18.141285 -14.052797 -3.242731 5.1e-05 -18.787344 -2.7e-05 -0.429687 -8.456092 2.55551 0.0 -0.0 -0.0 -15.923582 -20.094513 -5.473574 30.419403 -7.190883 1.73588 1.8e-05 -8.162952 -1.1e-05 -1.86185 -22.861593 -6.168 -0.0 -3e-06 -1e-06 -175.933304 -10.171808 -19.857231 5.669081 0.038695 0.604994 -73.592606 -7.22227 -14.831865 -5.845185 1.488786 2.056915 -0.999997 -1e-06 0.0 5.320282 -2.989808 -9.531102 5.569644 -0.06655 -0.003042 -75.808716 -3.526925 -7.535125 -5.73501 0.68923 1.680422 -1.000001 0.0 0.0 
0.0 0.0 0.0 0.0 -0.0 0.0 -0.708885 99.628403 -0.367213 87.895065 2.788398 86.910431 -3.550745 -0.738246 -0.546221 -11.774374 -0.952566 -1.874107 15.575026 4.795616 -3.64668 1.405055 9.707874 1.02934 -2.668744 -1.062606 -1.063273 -20.268803 2.586478 -6.273279 5e-06 1e-06 -1e-06 -0.16342 0.012037 0.178483 -0.206387 0.088727 0.225772 -0.190095 -0.073871 0.130518 -148.706421 -72.842186 166.476624 40.594887 -32.235588 11.282838 81.117157 -0.41444 -0.063947 -6.625826 12.818132 -58.980118 17.636675 -26.322908 52.411518 -19.466824 -14.395703 29.410637 -1.6e-05 -8.774887 6e-06 16.226715 -17.974886 5.566876 -0.609777 -1.795665 -3.889349 -4.807097 -11.046864 -2.937872 3.8e-05 -20.976183 -6e-06 -5.019964 -25.033813 -4.031917 6e-06 0.0 -0.0 -10.634573 -5.686985 -3.565606 10.573358 -17.923058 -3.113937 2.2e-05 -13.821311 7e-06 -0.501726 -31.181856 -4.027038 -10.325166 -58.013462 6.228645 -13.982763 -7.150217 -2.875056 13.772814 -8.401553 -3.218278 0.347783 -34.211849 0.771669 -0.963032 -17.733564 2.621081 1e-06 0.0 -2e-06 -17.346474 -20.095291 -4.201812 21.757669 -1.638407 3.86643 1e-05 -6.338871 4e-06 -1.69755 -22.591982 -6.194072 0.0 -4e-06 -3e-06 27.998106 -72.513618 168.732269 45.539112 -43.11195 16.315517 78.949501 0.379351 -0.364534 11.045019 -1.788806 -24.550295 22.182228 -20.376011 49.933647 -16.70192 -16.743637 28.476749 -2.4e-05 -12.690695 -1e-06 16.642254 -17.078814 2.307107 -0.10592 -1.513863 -4.275905 -5.039064 -5.612878 -2.953585 2.5e-05 -11.020561 -1.2e-05 -6.111301 -15.895414 -3.840545 -0.0 -0.0 1e-06 -10.283418 -5.680297 -4.341869 11.028372 -11.302439 -2.372653 -1.384247 -14.238628 -6.320185 -0.625354 -26.924368 -3.827652 -4.766156 -50.514713 -2.605725 -13.708586 -7.363491 -3.72097 18.141275 -14.052788 -3.2427 3.7e-05 -18.787342 8e-06 -0.429705 -8.456097 2.55555 0.0 0.0 0.0 -15.923595 -20.094515 -5.473644 30.419392 -7.190892 1.735933 1.4e-05 -8.162958 1.4e-05 -1.861876 -22.861603 -6.167969 1e-06 -3e-06 -0.0 -176.191589 -10.443749 -19.751749 5.711752 0.044334 0.59764 -73.447083 -6.925281 -14.903907 -5.873903 1.498349 2.054774 -1.000002 0.0 -1e-06 5.300568 -2.721373 -9.779222 5.563124 -0.062448 -0.024912 -75.855179 -3.742076 -7.451938 -5.714095 0.68958 1.680859 -1.000007 1e-06 -0.0 
0.0 0.0 0.0 0.0 -0.0 0.0 -0.978435 99.622688 -0.42549 87.843445 2.700619 87.490486 -3.499888 -0.6458 -0.57327 -11.761375 -0.945384 -1.841143 15.499125 4.823094 -3.572929 1.759061 9.688711 1.008316 -2.662562 -1.03303 -1.34372 -20.59201 2.631229 -6.712325 8e-06 -0.0 1e-06 -0.16283 0.017131 0.194633 -0.210012 0.095878 0.236886 -0.186834 -0.071028 0.150374 -146.924759 -72.918411 164.833649 39.360104 -31.841297 11.348634 81.595657 -0.508835 -0.108107 -6.570789 12.625224 -60.839554 17.636686 -26.322739 52.411259 -19.466629 -14.3956 29.410419 8e-06 -8.774848 -1.4e-05 16.198586 -18.09091 5.582288 -0.609782 -1.795651 -3.889326 -4.807107 -11.046809 -2.937856 -7e-06 -20.976036 2e-06 -5.019996 -25.033646 -4.031923 6e-06 -0.0 1e-06 -10.634551 -5.686975 -3.565594 10.573274 -17.922935 -3.113886 -7e-06 -13.821221 7e-06 -0.501796 -31.181618 -4.027045 -10.356065 -58.128017 6.194963 -13.982737 -7.150201 -2.87505 13.772744 -8.401482 -3.218229 0.347711 -34.211594 0.771678 -0.963047 -17.733437 2.621049 -1e-06 0.0 1e-06 -17.346449 -20.095209 -4.201793 21.757597 -1.638369 3.866457 -1e-06 -6.338831 6e-06 -1.697606 -22.591831 -6.194051 1e-06 -4e-06 1e-06 28.453091 -72.501358 168.284668 45.3139 -42.947227 14.813185 78.885376 0.294948 -0.365199 11.359048 -1.390248 -23.984966 22.182095 -20.375799 49.933048 -16.701668 -16.743378 28.47629 3e-06 -12.690505 -2.4e-05 16.491472 -17.080433 2.367454 -0.105924 -1.513847 -4.275857 -5.039014 -5.612848 -2.953541 4e-06 -11.020484 7e-06 -6.111251 -15.895285 -3.840449 -0.0 1e-06 0.0 -10.283324 -5.680261 -4.341824 11.028218 -11.302361 -2.372592 -1.38427 -14.238518 -6.320076 -0.625451 -26.924101 -3.827558 -4.768757 -50.452518 -2.606895 -13.708461 -7.363442 -3.720934 18.14102 -14.052681 -3.242614 8e-06 -18.787193 8e-06 -0.429703 -8.456021 2.555499 -0.0 -0.0 0.0 -15.923457 -20.094393 -5.473566 30.418989 -7.190798 1.735968 6e-06 -8.162895 0.0 -1.86187 -22.861403 -6.167912 0.0 -3e-06 -0.0 -176.524719 -10.735891 -19.660807 5.789677 0.047767 0.607183 -73.312126 -6.555341 -14.958102 -5.90592 1.502261 2.05242 -0.999997 1e-06 -0.0 5.275324 -2.431762 -10.160518 5.551524 -0.058124 -0.042018 -75.904106 -4.004736 -7.342533 -5.690168 0.688424 1.680571 -1.0 1e-06 -0.0 
0.0 0.0 0.0 0.0 -0.0 0.0 -1.264213 99.616753 -0.476553 87.794685 2.595663 88.167992 -3.49733 -0.549675 -0.575373 -11.758743 -0.931877 -1.770492 15.446147 4.756357 -3.485384 2.524781 9.436014 1.048977 -2.644608 -1.021931 -1.617617 -20.861441 2.689853 -7.084786 7e-06 1e-06 2e-06 -0.157411 0.017938 0.203006 -0.194578 0.095538 0.240199 -0.165605 -0.069203 0.163268 -145.038544 -72.823608 163.163025 38.275837 -31.680836 10.988709 81.830727 -0.686531 -0.144641 -6.449807 12.547919 -62.711983 17.636658 -26.322754 52.411118 -19.466551 -14.395555 29.410299 5e-06 -8.774802 -1.1e-05 16.12867 -18.219395 5.604837 -0.609775 -1.795643 -3.889319 -4.807083 -11.046786 -2.937835 -1.2e-05 -20.975985 3.6e-05 -5.019986 -25.033546 -4.031849 6e-06 1e-06 1e-06 -10.634515 -5.686954 -3.565585 10.573232 -17.922909 -3.113857 -9e-06 -13.82119 2.2e-05 -0.501826 -31.181511 -4.026963 -10.380614 -58.251766 6.162494 -13.982687 -7.150178 -2.875042 13.772692 -8.401467 -3.21821 0.347685 -34.211529 0.771728 -0.963065 -17.733402 2.621061 -2e-06 -0.0 1e-06 -17.34639 -20.095161 -4.201771 21.757513 -1.638374 3.866445 -1e-06 -6.338819 1.2e-05 -1.697606 -22.591749 -6.193985 0.0 -5e-06 -0.0 28.953831 -72.500572 167.836365 44.886982 -42.599987 13.222719 78.823517 0.231495 -0.374742 11.591294 -1.142263 -23.179558 22.182108 -20.375879 49.933342 -16.701782 -16.743492 28.476543 1.1e-05 -12.690601 -7e-06 16.289589 -17.074148 2.438499 -0.105924 -1.513857 -4.275878 -5.039044 -5.612876 -2.953565 -5e-06 -11.020549 -7e-06 -6.111313 -15.895421 -3.840514 0.0 1e-06 -1e-06 -10.283362 -5.680291 -4.341844 11.028271 -11.302394 -2.372626 -1.384277 -14.238607 -6.320152 -0.625433 -26.924314 -3.827659 -4.785713 -50.376266 -2.593376 -13.70851 -7.363481 -3.720947 18.141117 -14.052728 -3.242662 -5e-06 -18.787308 -9e-06 -0.429719 -8.456083 2.555515 -0.0 -0.0 1e-06 -15.923524 -20.094481 -5.473596 30.419176 -7.190801 1.73595 -4e-06 -8.16294 -1e-06 -1.861901 -22.861582 -6.167996 0.0 -3e-06 -1e-06 -176.936661 -11.043171 -19.580341 5.930708 0.047747 0.619842 -73.206924 -6.089606 -14.983109 -5.92541 1.512654 2.052876 -0.999998 -1e-06 -0.0 5.241017 -2.135216 -10.668777 5.535082 -0.056176 -0.053494 -75.965088 -4.289856 -7.229561 -5.638789 0.677171 1.677928 -1.000005 2e-06 -0.0 
0.0 0.0 0.0 0.0 -0.0 0.0 -1.573728 99.605026 -0.516575 87.730133 2.515149 88.920204 -3.524585 -0.449818 -0.562954 -11.77195 -0.912016 -1.67186 15.42608 4.612035 -3.388406 3.817206 8.976297 1.122689 -2.62153 -1.039153 -1.819609 -21.088627 2.758437 -7.386919 6e-06 1e-06 1e-06 -0.148102 0.010851 0.20596 -0.17371 0.083992 0.234793 -0.142642 -0.071792 0.174485 -143.066772 -72.559998 161.491196 37.325409 -31.679327 10.217215 81.814018 -0.849815 -0.171951 -6.206931 12.547794 -64.708755 17.63652 -26.322744 52.41119 -19.466642 -14.395617 29.410423 5e-06 -8.774822 1.5e-05 16.028599 -18.326077 5.610483 -0.609773 -1.795652 -3.889326 -4.807091 -11.046816 -2.937842 -1.6e-05 -20.976038 3e-06 -5.019986 -25.03363 -4.031885 7e-06 1e-06 1e-06 -10.634516 -5.686976 -3.56558 10.573247 -17.922935 -3.113901 -1.3e-05 -13.821223 1e-06 -0.501806 -31.18162 -4.027026 -10.365723 -58.319721 6.128264 -13.982694 -7.150202 -2.875026 13.772708 -8.401476 -3.218256 0.347679 -34.21159 0.771671 -0.96306 -17.733425 2.621025 0.0 0.0 1e-06 -17.346407 -20.095217 -4.201761 21.757538 -1.638348 3.866406 -5e-06 -6.338833 4e-06 -1.697605 -22.591824 -6.194023 0.0 -4e-06 0.0 29.537054 -72.485535 167.338074 44.251381 -42.055378 11.546475 78.815048 0.263893 -0.364443 11.837615 -0.977902 -22.025372 22.182083 -20.375832 49.933231 -16.701811 -16.743515 28.476503 1e-06 -12.690612 6e-06 16.051073 -17.085941 2.533301 -0.105919 -1.513856 -4.275876 -5.039043 -5.612881 -2.953552 -3e-06 -11.020545 -7e-06 -6.111313 -15.895406 -3.840486 -1e-06 0.0 -2e-06 -10.283364 -5.680296 -4.341829 11.028285 -11.302402 -2.372636 -1.384276 -14.238607 -6.320133 -0.625427 -26.924294 -3.827645 -4.879061 -50.281826 -2.507833 -13.708518 -7.363481 -3.72093 18.141134 -14.052735 -3.242678 2e-06 -18.787302 -2.1e-05 -0.42971 -8.456073 2.5555 0.0 -0.0 -0.0 -15.923538 -20.094494 -5.47357 30.419197 -7.190799 1.735928 0.0 -8.162933 -1e-05 -1.861892 -22.86154 -6.167994 -1e-06 -3e-06 -1e-06 -177.38205 -11.379821 -19.462631 6.143991 0.045609 0.620541 -73.149704 -5.583451 -14.982853 -5.938377 1.529128 2.056283 -0.999997 2e-06 1e-06 5.242762 -1.81264 -11.287639 5.511386 -0.056939 -0.067701 -76.032501 -4.572276 -7.144804 -5.555865 0.661802 1.674823 -1.0 0.0 -0.0 
0.0 0.0 0.0 0.0 -0.0 0.0 -1.891487 99.57563 -0.5452 87.60775 2.509734 89.666611 -3.583758 -0.339217 -0.543773 -11.809162 -0.89442 -1.561957 15.459434 4.432958 -3.263162 5.724465 8.324941 1.218403 -2.593313 -1.096254 -1.904929 -21.198126 2.795252 -7.562542 7e-06 -1e-06 -0.0 -0.126479 -0.000175 0.205558 -0.147956 0.063786 0.221236 -0.123288 -0.072802 0.187611 -141.118561 -72.069885 159.948441 36.584675 -31.639292 8.994886 81.406227 -0.896206 -0.176635 -5.729126 12.519419 -66.815506 17.636633 -26.322681 52.411213 -19.466702 -14.395587 29.410423 -1e-05 -8.774826 -9e-06 15.961254 -18.368063 5.593413 -0.609778 -1.795659 -3.889331 -4.807074 -11.046797 -2.937868 4.4e-05 -20.976006 -3e-05 -5.019896 -25.033562 -4.031919 6e-06 1e-06 -0.0 -10.634529 -5.686966 -3.565598 10.573288 -17.922949 -3.113919 2.8e-05 -13.821205 -9e-06 -0.501695 -31.181545 -4.027045 -10.314118 -58.366104 6.100338 -13.982708 -7.150191 -2.875057 13.77273 -8.401503 -3.218248 0.347809 -34.211544 0.771608 -0.962994 -17.733397 2.621029 1e-06 0.0 -1e-06 -17.346392 -20.095203 -4.20181 21.757549 -1.638395 3.86643 1.2e-05 -6.338821 -3e-06 -1.697527 -22.591757 -6.194053 -0.0 -4e-06 -2e-06 30.123508 -72.380791 166.855118 43.407566 -41.253689 9.686004 78.863152 0.3839 -0.323371 12.119502 -0.754153 -20.578642 22.182167 -20.375971 49.933537 -16.701906 -16.74366 28.476709 -8e-06 -12.690697 1e-05 15.760882 -17.142529 2.64617 -0.105918 -1.513856 -4.275898 -5.039066 -5.612884 -2.95357 1.2e-05 -11.020561 -7e-06 -6.111328 -15.895421 -3.840524 0.0 -2e-06 1e-06 -10.283411 -5.680299 -4.341849 11.028361 -11.302431 -2.372657 -1.384263 -14.238628 -6.320169 -0.62539 -26.92436 -3.827648 -5.04654 -50.179867 -2.364787 -13.70858 -7.36349 -3.720947 18.14126 -14.05277 -3.242706 1.3e-05 -18.787344 3e-06 -0.429713 -8.456097 2.555535 -0.0 -0.0 -0.0 -15.923603 -20.094519 -5.473606 30.419395 -7.190847 1.735915 5e-06 -8.162952 7e-06 -1.86191 -22.861597 -6.167979 -1e-06 -3e-06 -1e-06 -177.795746 -11.787431 -19.273197 6.472251 0.041697 0.61312 -73.197823 -5.122317 -14.956033 -5.969331 1.547914 2.0598 -1.000001 0.0 -0.0 5.328179 -1.427832 -11.946673 5.479186 -0.057401 -0.084531 -76.101143 -4.833223 -7.047945 -5.502881 0.647353 1.670804 -1.000005 1e-06 0.0 
0.0 0.0 0.0 0.0 -0.0 0.0 -2.182708 99.528053 -0.555131 87.435768 2.616257 90.377686 -3.685753 -0.221673 -0.523146 -11.874642 -0.886417 -1.440286 15.553237 4.236279 -3.118227 8.253664 7.454796 1.332133 -2.559625 -1.154312 -1.90587 -21.107948 2.737666 -7.496657 6e-06 1e-06 -1e-06 -0.083145 -0.008363 0.196177 -0.095959 0.042315 0.199041 -0.08775 -0.066053 0.191378 -139.529648 -71.302704 158.816391 36.196869 -31.262341 7.227949 80.275017 -0.883232 -0.213464 -5.032284 12.395001 -68.797554 17.63662 -26.322859 52.411736 -19.466927 -14.395744 29.410774 -5e-06 -8.77492 9e-06 15.925714 -18.311642 5.570323 -0.609776 -1.795673 -3.889367 -4.807125 -11.0469 -2.9379 3.4e-05 -20.976208 -7e-05 -5.019954 -25.033869 -4.032019 4e-06 0.0 -1e-06 -10.634603 -5.687017 -3.56562 10.573383 -17.923086 -3.113998 1.9e-05 -13.82133 -3.5e-05 -0.501677 -31.181911 -4.027175 -10.229436 -58.398773 6.076885 -13.982805 -7.150256 -2.875065 13.772856 -8.401558 -3.218313 0.347807 -34.211876 0.771552 -0.963003 -17.733564 2.621017 -0.0 -2e-06 -0.0 -17.346533 -20.095377 -4.201844 21.757746 -1.638383 3.866431 4e-06 -6.338877 -1.5e-05 -1.697551 -22.592014 -6.194173 -0.0 -4e-06 -2e-06 30.676504 -72.021561 166.408936 42.401848 -40.165211 7.322344 78.914131 0.384482 -0.297076 12.350771 -0.177143 -19.129145 22.182203 -20.376074 49.93372 -16.702066 -16.74379 28.476889 -3.2e-05 -12.690776 3.2e-05 15.47768 -17.169939 2.725035 -0.10591 -1.513868 -4.27592 -5.039082 -5.612909 -2.953578 2.5e-05 -11.020631 -1.3e-05 -6.11134 -15.89551 -3.840529 0.0 -1e-06 1e-06 -10.283454 -5.680324 -4.341857 11.028441 -11.302505 -2.372695 -1.384247 -14.238717 -6.320198 -0.625356 -26.924553 -3.82767 -5.208356 -50.114815 -2.233151 -13.708641 -7.363518 -3.720947 18.141394 -14.052865 -3.242768 3.5e-05 -18.78746 -7e-06 -0.429707 -8.45615 2.555543 0.0 -0.0 -0.0 -15.923671 -20.094618 -5.473609 30.419594 -7.190907 1.735864 1e-05 -8.163 1e-06 -1.861894 -22.861742 -6.168016 -1e-06 -3e-06 -1e-06 -178.148865 -12.254861 -18.979906 6.971527 0.037526 0.596706 -73.390083 -4.708016 -14.903145 -6.003966 1.554592 2.059202 -1.000002 -1e-06 -0.0 5.534095 -0.998212 -12.592743 5.440652 -0.054902 -0.089655 -76.15863 -5.127042 -6.905025 -5.517908 0.640473 1.665696 -1.000007 -1e-06 -0.0 
0.0 0.0 0.0 0.0 -0.0 0.0 -2.420029 99.468956 -0.524271 87.225616 2.879231 91.032982 -3.800388 -0.10043 -0.529898 -11.942485 -0.857288 -1.267673 15.694216 4.027306 -2.978538 11.192987 6.345449 1.412911 -2.533341 -1.165472 -1.867979 -20.826382 2.55988 -7.174843 6e-06 -0.0 1e-06 -0.029255 -0.00512 0.183687 -0.023751 0.031263 0.179862 -0.033948 -0.046813 0.185352 -138.618469 -70.244415 158.353775 36.311581 -30.308897 4.749598 77.991676 -0.97547 -0.321997 -4.538151 12.22398 -70.484543 17.63666 -26.322958 52.411961 -19.467033 -14.395783 29.410948 -1.5e-05 -8.774953 8e-06 15.917116 -18.218847 5.634701 -0.609777 -1.795676 -3.889378 -4.807125 -11.046932 -2.937925 6.7e-05 -20.976311 -7.6e-05 -5.01994 -25.034018 -4.032039 5e-06 -1e-06 1e-06 -10.634619 -5.687021 -3.56564 10.573443 -17.923159 -3.114017 3.9e-05 -13.821398 -3.1e-05 -0.501631 -31.182112 -4.02718 -10.317001 -58.613842 6.228293 -13.982826 -7.15026 -2.875089 13.772906 -8.401603 -3.21833 0.347861 -34.212097 0.771568 -0.962998 -17.733704 2.621066 0.0 -1e-06 0.0 -17.346539 -20.095407 -4.201881 21.757809 -1.638415 3.866446 1e-05 -6.338907 -1.3e-05 -1.69752 -22.592148 -6.194205 -2e-06 -6e-06 -4e-06 31.003786 -71.415382 166.29129 41.321899 -38.812565 4.102779 78.814522 0.071468 -0.349448 12.227702 1.016936 -18.103762 22.182116 -20.376068 49.933708 -16.702032 -16.743792 28.476891 -1.9e-05 -12.690768 4.3e-05 15.293957 -17.089628 2.772099 -0.10591 -1.513866 -4.275919 -5.039081 -5.612908 -2.953573 1.2e-05 -11.020631 -9e-06 -6.111366 -15.895529 -3.84052 1e-06 0.0 -0.0 -10.283438 -5.680321 -4.341849 11.028419 -11.302479 -2.372696 -1.384261 -14.238713 -6.320194 -0.625392 -26.924547 -3.827675 -5.257724 -50.111332 -2.183583 -13.70862 -7.363516 -3.720936 18.141357 -14.052829 -3.242769 9e-06 -18.787441 -5e-06 -0.429721 -8.456147 2.555537 0.0 -1e-06 -0.0 -15.923656 -20.094597 -5.473596 30.419565 -7.190866 1.735849 -0.0 -8.162994 2e-06 -1.86193 -22.861761 -6.168022 1e-06 -3e-06 -1e-06 -178.407684 -12.767752 -18.543701 7.676639 0.034324 0.572239 -73.741356 -4.410807 -14.831472 -5.950812 1.547644 2.057319 -1.000003 1e-06 0.0 5.930906 -0.544612 -13.213543 5.373882 -0.043669 -0.099811 -76.228783 -5.410313 -6.748432 -5.544555 0.644744 1.659767 -1.000004 -1e-06 1e-06 
0.0 0.0 0.0 0.0 -0.0 0.0 -2.595234 99.44072 -0.460729 87.053368 3.244166 91.619942 -3.915607 -0.027249 -0.567945 -11.995954 -0.798767 -1.076686 15.874809 3.776049 -2.784963 14.090451 5.073169 1.504215 -2.554171 -1.104519 -1.956384 -20.501289 2.262914 -6.73166 7e-06 -1e-06 -0.0 0.004971 0.006308 0.19046 0.057664 0.012821 0.190893 0.039687 -0.005284 0.186422 -138.717377 -68.936996 158.79776 36.925785 -28.641979 1.642107 74.678841 -1.145916 -0.481792 -5.068278 12.168862 -71.682091 17.636539 -26.322536 52.410923 -19.466566 -14.395488 29.410242 -8e-06 -8.774755 -5e-06 15.957178 -18.180634 5.851181 -0.609774 -1.795646 -3.889311 -4.807049 -11.046746 -2.937845 2.8e-05 -20.975901 -2.3e-05 -5.019873 -25.033426 -4.031886 6e-06 2e-06 -0.0 -10.634472 -5.686941 -3.565578 10.573208 -17.92285 -3.113893 1.3e-05 -13.821131 -1.1e-05 -0.501716 -31.181343 -4.027017 -10.834862 -59.317169 6.782594 -13.98263 -7.150161 -2.875043 13.772638 -8.401455 -3.218224 0.347776 -34.21133 0.771618 -0.963007 -17.733284 2.621013 2e-06 -1e-06 0.0 -17.346302 -20.095114 -4.201784 21.757408 -1.638373 3.86641 7e-06 -6.338788 -2e-06 -1.697528 -22.591621 -6.194004 1e-06 -1e-06 -3e-06 31.119671 -70.629295 166.417603 40.187275 -37.21785 0.428999 78.503487 -0.407047 -0.317939 11.53256 2.7516 -17.938349 22.182047 -20.375778 49.933105 -16.701738 -16.74345 28.476391 -1.8e-05 -12.690542 -6e-06 15.21911 -16.971041 2.880084 -0.105919 -1.51385 -4.275864 -5.039018 -5.612841 -2.953546 1.8e-05 -11.020469 -6e-06 -6.111247 -15.895254 -3.840473 1e-06 -4e-06 1e-06 -10.283334 -5.680258 -4.341824 11.028256 -11.30235 -2.37262 -1.384247 -14.238506 -6.320098 -0.625385 -26.92407 -3.827585 -5.241071 -50.15638 -2.189258 -13.708474 -7.363436 -3.72093 18.141087 -14.052679 -3.242657 3e-05 -18.787176 -2e-06 -0.429697 -8.456014 2.555504 -0.0 0.0 -0.0 -15.923463 -20.094383 -5.473574 30.419085 -7.190815 1.735924 1.3e-05 -8.162882 2e-06 -1.861855 -22.861353 -6.167909 0.0 -4e-06 -1e-06 -178.562531 -13.191664 -18.006475 8.423571 0.039567 0.542435 -74.132858 -4.303186 -14.75122 -5.841758 1.533617 2.060474 -0.999999 -2e-06 -0.0 6.464102 -0.168799 -13.838573 5.259861 -0.031082 -0.121398 -76.340843 -5.619152 -6.695544 -5.547914 0.653705 1.652828 -1.000001 1e-06 0.0 
0.0 0.0 0.0 0.0 -0.0 0.0 -2.674341 99.442642 -0.419499 86.99279 3.592431 92.128769 -4.030583 -0.031884 -0.521104 -12.052875 -0.766287 -0.963005 16.111767 3.449229 -2.526124 16.509947 3.67913 1.648229 -2.6002 -0.983065 -2.261438 -20.421806 1.939656 -6.23174 6e-06 -0.0 -0.0 0.02191 0.015784 0.225407 0.136709 -0.015011 0.238419 0.120985 0.039877 0.208035 -139.519119 -67.604897 159.896805 37.783112 -26.591919 -2.04077 72.292961 -1.154371 -0.512488 -6.745116 13.085265 -73.857178 17.636488 -26.322607 52.41114 -19.466614 -14.395529 29.410378 1.2e-05 -8.774786 7e-06 15.94336 -17.975677 6.205782 -0.609777 -1.795654 -3.889326 -4.80709 -11.046802 -2.937853 -2.3e-05 -20.975988 -3.4e-05 -5.019949 -25.033575 -4.031938 9e-06 1e-06 4e-06 -10.634499 -5.686981 -3.565582 10.573206 -17.922901 -3.113917 -1.5e-05 -13.821191 -2e-05 -0.501763 -31.181532 -4.027088 -11.56547 -60.149357 7.586231 -13.982674 -7.150212 -2.87504 13.772666 -8.401459 -3.21825 0.3477 -34.211529 0.771595 -0.963037 -17.733398 2.620984 2e-06 -0.0 -1e-06 -17.34638 -20.095219 -4.201781 21.757477 -1.63833 3.866412 -9e-06 -6.338818 -7e-06 -1.69758 -22.591766 -6.194065 2e-06 -5e-06 -1e-06 31.685671 -69.886574 166.214218 39.14204 -35.779549 -3.242064 78.555504 -0.756114 -0.150118 10.599208 4.439517 -18.11013 22.181986 -20.375946 49.933346 -16.701914 -16.743597 28.476662 -1.6e-05 -12.69063 3.9e-05 15.169594 -16.734213 3.022923 -0.105911 -1.51386 -4.27589 -5.039033 -5.612894 -2.953556 1.1e-05 -11.020595 -6e-06 -6.111297 -15.895485 -3.840475 -0.0 2e-06 -1e-06 -10.283353 -5.680293 -4.341828 11.028312 -11.30245 -2.372667 -1.384246 -14.238676 -6.320144 -0.625406 -26.924469 -3.827639 -5.160722 -50.16011 -2.198787 -13.708504 -7.363482 -3.720922 18.141182 -14.052798 -3.242733 1.5e-05 -18.787399 -1.5e-05 -0.429715 -8.456124 2.555511 0.0 0.0 0.0 -15.923507 -20.094521 -5.473562 30.419245 -7.190836 1.735841 1e-06 -8.162974 -1e-05 -1.861881 -22.861696 -6.167998 -0.0 -3e-06 -0.0 -178.610001 -13.376662 -17.49641 8.980644 0.044195 0.524412 -74.550339 -4.41179 -14.65745 -5.716595 1.506576 2.062215 -0.999998 -0.0 1e-06 6.971085 0.025496 -14.507554 5.165488 -0.02589 -0.152899 -76.467514 -5.739322 -6.688334 -5.428468 0.677528 1.655349 -1.000002 1e-06 0.0 
0.0 0.0 0.0 0.0 -0.0 0.0 -2.613613 99.462807 -0.399293 87.058243 3.759051 92.477821 -4.076119 -0.12478 -0.404885 -12.058873 -0.765317 -0.963249 16.291079 2.952362 -2.364599 17.985725 2.264022 1.791417 -2.661931 -0.940699 -2.568944 -20.937635 1.591174 -5.613297 6e-06 -0.0 -0.0 0.033534 0.024253 0.226513 0.158368 -0.013909 0.250096 0.138588 0.054878 0.19975 -140.101593 -66.780922 160.501846 37.772949 -25.141674 -5.434282 74.223274 -0.73845 -0.370393 -6.292822 15.366398 -76.851921 17.636438 -26.322634 52.411224 -19.466639 -14.39555 29.410423 -2e-06 -8.774777 1.3e-05 16.076424 -17.754484 6.302041 -0.609774 -1.795652 -3.889329 -4.807066 -11.046782 -2.937862 1.5e-05 -20.975964 -3.5e-05 -5.019893 -25.033533 -4.031911 7e-06 0.0 -3e-06 -10.634487 -5.686966 -3.565587 10.57322 -17.922899 -3.113924 7e-06 -13.821182 -2e-05 -0.501711 -31.181488 -4.027066 -11.778311 -60.427101 7.902086 -13.982653 -7.150193 -2.875044 13.772663 -8.401464 -3.218263 0.347743 -34.211483 0.771598 -0.963021 -17.733368 2.620996 2e-06 -1e-06 -0.0 -17.346342 -20.095184 -4.201797 21.757454 -1.638355 3.866394 1e-06 -6.338809 -8e-06 -1.697537 -22.591724 -6.194043 -4e-06 -6e-06 1e-06 32.815292 -69.588875 165.285065 38.06086 -35.346558 -6.279014 79.880951 -0.772569 -0.078647 10.37758 4.75597 -18.323912 22.181877 -20.375883 49.933285 -16.701832 -16.743551 28.476591 -2.6e-05 -12.690558 4.8e-05 15.0978 -16.718294 3.089872 -0.10591 -1.513851 -4.275882 -5.039008 -5.612856 -2.953549 1.5e-05 -11.020507 -1e-05 -6.111238 -15.895322 -3.840465 1e-06 -0.0 0.0 -10.283319 -5.680269 -4.341823 11.028265 -11.302384 -2.372665 -1.384227 -14.238557 -6.32012 -0.625372 -26.924181 -3.82762 -5.035221 -49.949257 -2.274604 -13.708459 -7.363451 -3.720918 18.141106 -14.052714 -3.242728 1.7e-05 -18.787243 -8e-06 -0.429715 -8.456045 2.5555 -0.0 0.0 -0.0 -15.923448 -20.094425 -5.473563 30.419125 -7.190794 1.735822 1e-06 -8.162909 -1e-06 -1.861875 -22.861446 -6.167927 -0.0 -4e-06 -1e-06 -178.531082 -13.263353 -17.229055 9.012843 0.039993 0.505679 -74.720879 -4.574056 -14.442081 -5.59426 1.501427 2.074067 -0.999996 -0.0 1e-06 7.229103 -0.011765 -14.927681 5.147483 -0.02897 -0.204999 -76.442451 -5.896917 -6.749695 -5.260306 0.672649 1.659369 -1.0 1e-06 1e-06 
0.0 0.0 0.0 0.0 -0.0 0.0 -2.388857 99.473526 -0.375223 87.236916 3.648201 92.461166 -4.036807 -0.264167 -0.228388 -12.031973 -0.76303 -0.97882 16.299208 2.384739 -2.306799 18.234285 0.601118 2.005457 -2.702384 -0.970389 -2.663661 -21.92705 1.181038 -4.779869 6e-06 -0.0 -1e-06 0.040708 0.018491 0.143448 0.131723 -0.026419 0.172121 0.120915 0.055418 0.115256 -140.408249 -66.098465 160.42981 36.376469 -24.087488 -6.381497 79.90332 0.04661 -0.174772 -1.910354 15.808384 -78.239616 17.636663 -26.322748 52.411201 -19.466688 -14.395611 29.410406 -1.4e-05 -8.774837 -5e-06 16.077801 -17.671499 6.166191 -0.609775 -1.795654 -3.889329 -4.807076 -11.046802 -2.937859 4e-05 -20.976042 1e-06 -5.019928 -25.033602 -4.03188 1e-06 -3e-06 2e-06 -10.634535 -5.686959 -3.565592 10.573304 -17.922966 -3.113903 2.3e-05 -13.821231 8e-06 -0.501735 -31.181606 -4.026989 -11.354477 -59.9053 7.547725 -13.982713 -7.150182 -2.87505 13.772746 -8.401508 -3.21824 0.347788 -34.211594 0.771668 -0.963015 -17.733431 2.621058 1e-06 -0.0 -1e-06 -17.346405 -20.095194 -4.20179 21.757568 -1.638404 3.866427 1.1e-05 -6.338833 2e-06 -1.697551 -22.59181 -6.194016 -0.0 -4e-06 -1e-06 34.339523 -69.642471 163.723358 36.539581 -35.628693 -8.069505 82.494858 -0.604897 -0.033829 10.646704 3.624021 -19.264717 22.182169 -20.375887 49.933418 -16.701845 -16.743565 28.476593 -6e-06 -12.690647 -6e-06 15.082383 -16.765125 3.054467 -0.105921 -1.513858 -4.275888 -5.039056 -5.61287 -2.953567 9e-06 -11.020529 -1.1e-05 -6.111306 -15.895371 -3.84052 -0.0 1e-06 -0.0 -10.283396 -5.680294 -4.341847 11.028319 -11.302401 -2.372638 -1.384266 -14.238593 -6.320153 -0.625395 -26.924252 -3.827645 -4.809349 -49.732079 -2.448872 -13.708556 -7.363482 -3.72095 18.141193 -14.052735 -3.24268 1.7e-05 -18.787291 -8e-06 -0.429707 -8.456064 2.55552 0.0 2e-06 -1e-06 -15.923572 -20.09449 -5.473608 30.419283 -7.19083 1.735944 6e-06 -8.162931 2e-06 -1.861886 -22.861517 -6.167978 0.0 -2e-06 -1e-06 -178.404633 -12.83341 -17.202234 8.522038 0.03183 0.484257 -74.558357 -4.817099 -14.094559 -5.640288 1.498613 2.073935 -0.999999 2e-06 1e-06 7.102282 -0.34435 -14.992633 5.248078 -0.023283 -0.200182 -76.204384 -5.903763 -6.901066 -5.160587 0.652056 1.66017 -1.000002 0.0 0.0 
0.0 0.0 0.0 0.0 -0.0 0.0 -2.008307 99.480118 -0.30005 87.501656 3.310048 92.132492 -3.973808 -0.474165 -0.127965 -11.975415 -0.771429 -0.879643 16.195078 1.917296 -2.290309 17.212711 -1.450851 2.130885 -2.731704 -0.914178 -2.276649 -23.175289 0.646518 -3.99034 6e-06 0.0 0.0 0.032984 0.012269 0.07131 0.104116 -0.028115 0.0998 0.099221 0.044631 0.046479 -139.900833 -65.867805 159.344498 33.702824 -23.594866 -4.380405 87.155151 0.676127 -0.097523 4.702165 12.349735 -73.74617 17.636436 -26.322454 52.410728 -19.466499 -14.395468 29.410143 -2e-06 -8.774731 4e-06 15.824872 -17.935577 6.055109 -0.609771 -1.795642 -3.889297 -4.807039 -11.046729 -2.937827 6e-06 -20.975849 -9e-06 -5.019897 -25.033373 -4.031841 6e-06 1e-06 -1e-06 -10.634439 -5.686932 -3.565557 10.573162 -17.92281 -3.113878 -0.0 -13.821105 -2e-06 -0.501758 -31.181286 -4.026984 -10.953105 -58.955524 7.043427 -13.98259 -7.150148 -2.875017 13.772585 -8.401426 -3.218217 0.347733 -34.211262 0.771635 -0.963019 -17.733257 2.620997 1e-06 -0.0 0.0 -17.346262 -20.09507 -4.201747 21.757345 -1.63835 3.866381 -1e-06 -6.338777 -0.0 -1.697553 -22.591599 -6.193967 0.0 -4e-06 -2e-06 36.091606 -69.959793 161.779282 34.470547 -36.111698 -8.569921 85.50042 -0.415835 0.063417 11.716029 1.020839 -19.60738 22.181854 -20.375673 49.932751 -16.701622 -16.74333 28.476166 -3.3e-05 -12.690398 1.1e-05 15.105954 -16.745258 2.892714 -0.105914 -1.51384 -4.275838 -5.038961 -5.612798 -2.953517 2.9e-05 -11.020386 2e-06 -6.11114 -15.895094 -3.840393 -1e-06 -3e-06 0.0 -10.28325 -5.680219 -4.341792 11.028165 -11.302298 -2.372606 -1.384213 -14.238392 -6.320017 -0.625375 -26.923819 -3.827495 -4.648017 -49.672699 -2.623311 -13.708366 -7.363385 -3.720899 18.140934 -14.05261 -3.24264 4.2e-05 -18.787043 8e-06 -0.429688 -8.455948 2.555478 0.0 -3e-06 -1e-06 -15.923327 -20.094259 -5.473525 30.418825 -7.190782 1.735872 1.7e-05 -8.162822 2e-06 -1.861817 -22.861145 -6.16781 0.0 -4e-06 0.0 -178.236267 -12.144345 -17.349958 7.670316 0.014281 0.485421 -74.158325 -5.126647 -13.719473 -5.641365 1.536665 2.084773 -0.999997 0.0 0.0 6.7055 -0.927502 -14.889335 5.393012 -0.033399 -0.111446 -75.916 -5.667778 -7.179112 -5.046535 0.585751 1.640343 -1.000001 2e-06 0.0 
0.0 0.0 0.0 0.0 -0.0 0.0 -1.494273 99.517517 -0.16747 87.765038 2.926251 91.458115 -3.868388 -0.695224 -0.107747 -11.944609 -0.733927 -0.656749 16.149839 1.587146 -2.243473 15.585674 -3.799137 2.096635 -2.722754 -0.84599 -1.516649 -24.808138 0.209691 -3.081722 6e-06 -1e-06 0.0 0.019314 0.022231 0.074657 0.108736 0.001541 0.10182 0.092947 0.035674 0.054405 -138.153137 -66.053513 157.132919 30.370634 -23.969131 -1.594585 93.590195 0.657178 -0.031517 11.105773 6.168456 -64.109589 17.636662 -26.322721 52.411175 -19.466639 -14.39557 29.410385 1.1e-05 -8.774835 -1e-05 15.818694 -18.679064 6.122904 -0.609779 -1.795657 -3.889325 -4.807099 -11.046821 -2.937855 -1.5e-05 -20.976067 3e-06 -5.019996 -25.033684 -4.031913 6e-06 -0.0 1e-06 -10.634536 -5.686977 -3.565591 10.57326 -17.922955 -3.113892 -9e-06 -13.82124 3e-06 -0.501791 -31.181665 -4.027048 -11.405137 -58.755684 7.171396 -13.982718 -7.150206 -2.875043 13.772726 -8.401488 -3.218232 0.347705 -34.211643 0.771664 -0.963047 -17.733459 2.621036 -2e-06 -0.0 -0.0 -17.346428 -20.09523 -4.20178 21.757565 -1.638364 3.866448 -2e-06 -6.338841 2e-06 -1.6976 -22.591854 -6.194046 -4e-06 -5e-06 -2e-06 37.958733 -70.471909 159.687271 32.133465 -36.461292 -8.912553 87.979179 -0.62989 0.090812 13.580214 -2.271618 -19.629133 22.182114 -20.375755 49.933094 -16.701735 -16.743416 28.476366 3e-06 -12.690545 -1.8e-05 15.134118 -16.722965 2.778758 -0.105923 -1.513854 -4.275862 -5.039026 -5.612855 -2.953548 5e-06 -11.020491 -6e-06 -6.111263 -15.895297 -3.840479 -0.0 -2e-06 0.0 -10.283345 -5.680276 -4.341826 11.028245 -11.302365 -2.372612 -1.384266 -14.238539 -6.320106 -0.625413 -26.924129 -3.82761 -4.887796 -49.601894 -2.551105 -13.70849 -7.363461 -3.720934 18.141069 -14.052691 -3.242639 1.6e-05 -18.787207 -1.5e-05 -0.4297 -8.456023 2.555495 0.0 1e-06 0.0 -15.923497 -20.094437 -5.473573 30.419077 -7.1908 1.73596 8e-06 -8.162898 -6e-06 -1.861862 -22.861414 -6.16795 0.0 -4e-06 -1e-06 -178.009918 -11.391352 -17.580709 6.974709 -0.011369 0.501826 -74.079102 -5.577137 -13.540236 -5.561149 1.592566 2.101333 -1.0 -0.0 1e-06 6.274063 -1.633576 -14.67237 5.453891 -0.062695 -0.023134 -75.582352 -5.125487 -7.504246 -4.936291 0.548613 1.625698 -1.000003 1e-06 0.0 
0.0 0.0 0.0 0.0 -0.0 0.0 -0.911818 99.590187 -0.010402 88.034279 2.659871 90.665176 -3.740628 -0.885671 -0.102352 -11.937574 -0.672405 -0.424992 16.208818 1.254933 -2.195415 14.202426 -6.089441 2.065192 -2.704048 -0.734277 -0.770585 -26.402 -0.068217 -1.929886 6e-06 0.0 -0.0 0.008971 0.043581 0.110357 0.124676 0.054652 0.135526 0.093907 0.025878 0.096541 -136.435318 -65.94809 155.331772 27.337296 -24.729359 0.085956 97.854759 0.530613 0.246253 14.478137 2.163282 -58.03249 17.636559 -26.322615 52.410995 -19.466642 -14.395561 29.410307 -5e-06 -8.774799 2e-06 16.265238 -18.961002 5.955769 -0.609772 -1.795653 -3.889317 -4.807071 -11.046793 -2.937845 1.7e-05 -20.975992 -1.3e-05 -5.019929 -25.033554 -4.031881 2e-06 0.0 1e-06 -10.634504 -5.686962 -3.565573 10.573253 -17.92293 -3.113909 1.3e-05 -13.821192 -8e-06 -0.50173 -31.181507 -4.027022 -11.928394 -59.012119 7.515069 -13.982676 -7.150191 -2.875028 13.772692 -8.401482 -3.218245 0.347765 -34.211502 0.771616 -0.963006 -17.733376 2.621007 0.0 -0.0 -0.0 -17.346373 -20.095188 -4.201762 21.7575 -1.638372 3.8664 3e-06 -6.338816 -3e-06 -1.697548 -22.591732 -6.194013 1e-06 -5e-06 -2e-06 39.552559 -71.113777 158.065704 29.917294 -36.792225 -9.50841 89.482857 -0.731631 0.130717 15.791611 -4.766557 -20.531849 22.181992 -20.37586 49.933151 -16.701807 -16.743486 28.476477 -2.4e-05 -12.690542 2.3e-05 15.162668 -16.802996 2.809241 -0.105915 -1.513855 -4.275871 -5.03901 -5.612862 -2.953544 1.8e-05 -11.020518 -2e-06 -6.111235 -15.89533 -3.840444 -0.0 -0.0 -0.0 -10.283328 -5.680271 -4.341822 11.028262 -11.302405 -2.37264 -1.384232 -14.238576 -6.320098 -0.625392 -26.924227 -3.827581 -5.181545 -49.497147 -2.37861 -13.708467 -7.363454 -3.720922 18.141092 -14.052736 -3.242689 2.6e-05 -18.787262 -3e-06 -0.429705 -8.456052 2.5555 0.0 -3e-06 1e-06 -15.923459 -20.094442 -5.473558 30.419092 -7.19082 1.735875 7e-06 -8.162921 -5e-06 -1.861852 -22.861492 -6.167929 0.0 -2e-06 -1e-06 -177.774765 -10.634488 -17.868164 6.567494 -0.02325 0.528291 -74.172997 -6.151865 -13.376587 -5.56582 1.636333 2.107162 -1.0 -0.0 -0.0 5.942195 -2.404318 -14.51335 5.50367 -0.055525 0.003407 -75.257446 -4.448022 -7.858232 -4.982613 0.556703 1.634686 -1.000005 -0.0 -0.0 
0.0 0.0 0.0 0.0 -0.0 0.0 -0.288049 99.670753 0.158988 88.348511 2.50878 89.843948 -3.695136 -1.056072 -0.077683 -11.923104 -0.609189 -0.224424 16.299438 0.841604 -2.159676 13.357569 -8.293171 2.124483 -2.702348 -0.591511 -0.096397 -27.62719 -0.298639 -0.656828 6e-06 0.0 0.0 0.007962 0.054633 0.11059 0.14071 0.100323 0.126239 0.099081 0.002701 0.109599 -135.455597 -65.41124 154.498596 24.568356 -25.643492 -0.347134 100.030136 0.306609 0.361999 14.865928 1.770783 -56.20155 17.636694 -26.322826 52.411343 -19.466709 -14.395641 29.410471 -3e-06 -8.774853 -4e-06 16.412041 -18.95355 5.800501 -0.609778 -1.795656 -3.889336 -4.807103 -11.046835 -2.937854 8e-06 -20.976088 5e-06 -5.01998 -25.033672 -4.031902 3e-06 0.0 1e-06 -10.634562 -5.686978 -3.565599 10.573308 -17.922993 -3.113904 5e-06 -13.821257 8e-06 -0.501776 -31.181688 -4.027027 -11.981139 -59.017658 7.543048 -13.982756 -7.150208 -2.87505 13.772774 -8.401514 -3.218245 0.347737 -34.211693 0.771677 -0.96304 -17.733477 2.621054 -1e-06 1e-06 0.0 -17.34647 -20.095259 -4.201789 21.757618 -1.638385 3.866442 3e-06 -6.338843 4e-06 -1.697585 -22.591856 -6.194036 -1e-06 -5e-06 -2e-06 40.792255 -71.901566 156.940308 28.101591 -37.344913 -10.575889 89.575645 -0.424399 0.100184 17.993113 -6.063779 -23.654064 22.182198 -20.376055 49.933582 -16.701927 -16.743656 28.476744 -1.1e-05 -12.690701 1.3e-05 15.323144 -17.017561 2.877382 -0.105917 -1.513862 -4.275904 -5.039068 -5.612903 -2.953572 9e-06 -11.020622 3e-06 -6.111341 -15.895524 -3.840504 -0.0 2e-06 -0.0 -10.283413 -5.680312 -4.341856 11.028362 -11.302472 -2.372653 -1.384265 -14.238705 -6.320171 -0.625422 -26.92453 -3.827636 -5.381278 -49.58466 -2.250133 -13.708586 -7.363506 -3.720953 18.141268 -14.052831 -3.242707 7e-06 -18.787449 8e-06 -0.42972 -8.456154 2.555543 -0.0 1e-06 -0.0 -15.923608 -20.094566 -5.473604 30.419392 -7.190871 1.735911 0.0 -8.163 5e-06 -1.86191 -22.861763 -6.168001 1e-06 -2e-06 -0.0 -177.472336 -9.805298 -18.214716 6.260334 -0.021305 0.53743 -74.200203 -6.702555 -13.113026 -5.591584 1.669097 2.11108 -0.999997 -1e-06 -0.0 5.688018 -3.274241 -14.515341 5.59147 -0.018834 0.010874 -74.96711 -3.635103 -8.151895 -5.039942 0.529039 1.634059 -1.0 1e-06 -0.0 
0.0 0.0 0.0 0.0 -0.0 0.0 0.352057 99.702988 0.35481 88.685143 2.55776 89.049324 -3.736544 -1.206549 -0.038465 -11.930698 -0.551458 -0.054582 16.462837 0.369464 -2.122912 13.122963 -10.461136 2.289007 -2.729364 -0.456524 0.50715 -28.454073 -0.563304 0.637341 5e-06 -0.0 0.0 0.022052 0.053942 0.083134 0.131911 0.11577 0.080846 0.079379 -0.012985 0.101757 -135.273727 -64.771477 154.643982 22.253902 -26.734837 -2.721303 99.785339 0.080792 0.253782 12.903828 3.576865 -56.863346 17.636826 -26.32251 52.410534 -19.466372 -14.395345 29.409889 3e-06 -8.774726 -5.2e-05 16.191067 -18.927721 5.81144 -0.609784 -1.79564 -3.889283 -4.807052 -11.046722 -2.937813 7e-06 -20.975842 4.8e-05 -5.019912 -25.033323 -4.031807 4e-06 -1e-06 1e-06 -10.634476 -5.686926 -3.565571 10.573162 -17.922827 -3.113789 1.1e-05 -13.821108 2.7e-05 -0.501796 -31.181259 -4.026888 -11.719051 -58.804329 7.306801 -13.982631 -7.150145 -2.875041 13.772593 -8.401448 -3.218127 0.347742 -34.211281 0.77172 -0.963014 -17.733257 2.621054 0.0 1e-06 0.0 -17.346308 -20.09507 -4.201759 21.757355 -1.638391 3.866483 1.1e-05 -6.338778 7e-06 -1.697568 -22.591558 -6.193909 0.0 -7e-06 -2e-06 41.479156 -72.684677 156.396484 27.03533 -38.033604 -12.271568 87.722092 0.018823 0.068141 19.726767 -5.914631 -29.31966 22.182236 -20.375685 49.932899 -16.70163 -16.743332 28.476187 1.4e-05 -12.690521 -5.7e-05 15.442226 -17.166121 2.986213 -0.10593 -1.513852 -4.275843 -5.039032 -5.612843 -2.953543 -0.0 -11.020462 3e-06 -6.111277 -15.895261 -3.840476 0.0 -1e-06 0.0 -10.283348 -5.680267 -4.341823 11.028222 -11.302341 -2.372569 -1.384291 -14.238503 -6.320081 -0.625454 -26.924068 -3.827577 -5.396667 -49.794048 -2.20848 -13.70849 -7.363452 -3.720936 18.141031 -14.052667 -3.242573 1.2e-05 -18.787178 -5e-06 -0.429694 -8.456014 2.555497 -0.0 1e-06 0.0 -15.923504 -20.094398 -5.473568 30.419024 -7.190805 1.736045 1.3e-05 -8.162885 -2e-06 -1.86187 -22.861361 -6.167935 0.0 -4e-06 -1e-06 -176.966995 -8.939723 -18.540436 5.999953 -0.014313 0.536744 -74.303535 -7.137519 -12.820175 -5.594497 1.706434 2.119182 -0.999997 1e-06 -1e-06 5.656473 -4.182751 -14.578988 5.720254 0.019951 0.031682 -74.863724 -2.823846 -8.357853 -5.082171 0.493385 1.627494 -0.999998 -0.0 -0.0 
0.0 0.0 0.0 0.0 -0.0 0.0 1.011051 99.654839 0.578077 89.053093 2.873786 88.409058 -3.85251 -1.358657 0.007803 -11.985768 -0.507052 0.098773 16.751545 -0.117316 -2.049689 13.616416 -12.654191 2.532296 -2.794458 -0.377111 0.963294 -28.660137 -0.906332 1.996065 6e-06 -0.0 0.0 0.045574 0.054335 0.059423 0.125199 0.106098 0.041993 0.060264 -0.001011 0.092842 -136.351868 -64.016624 156.193893 21.050745 -27.543642 -6.572391 96.696922 -0.07709 0.144216 8.645404 6.672152 -60.575119 17.636812 -26.322933 52.411552 -19.46681 -14.3957 29.410604 -4e-06 -8.77491 -1.3e-05 15.794788 -18.673376 5.898671 -0.609781 -1.795661 -3.889349 -4.807116 -11.04687 -2.93788 3.6e-05 -20.976171 -0.0 -5.01998 -25.033792 -4.031943 6e-06 -0.0 -0.0 -10.634604 -5.686991 -3.565616 10.573381 -17.923069 -3.113921 2e-05 -13.821319 5e-06 -0.501744 -31.181856 -4.027057 -11.360014 -58.613831 7.055468 -13.982806 -7.150222 -2.875069 13.772851 -8.401559 -3.218259 0.347789 -34.211857 0.771675 -0.963024 -17.73357 2.621086 -2e-06 0.0 0.0 -17.346525 -20.095304 -4.201824 21.757736 -1.638418 3.866477 1e-05 -6.33887 2e-06 -1.697577 -22.591986 -6.194092 0.0 -6e-06 -3e-06 41.111309 -73.136169 156.933853 26.945803 -38.588882 -14.935751 83.689705 0.351538 0.098203 20.151642 -3.814558 -38.366295 22.182228 -20.375946 49.933464 -16.701868 -16.743578 28.476608 -2.7e-05 -12.69064 -6e-06 15.226387 -17.131134 3.254125 -0.10592 -1.513859 -4.275891 -5.039052 -5.612868 -2.953569 2.6e-05 -11.020544 -8e-06 -6.111278 -15.89537 -3.84051 0.0 2e-06 1e-06 -10.283405 -5.680287 -4.341856 11.028344 -11.302424 -2.372638 -1.384247 -14.23859 -6.320146 -0.625367 -26.924261 -3.827612 -5.177568 -50.105171 -2.277812 -13.708569 -7.363477 -3.720959 18.141228 -14.052772 -3.242679 4.1e-05 -18.7873 2e-06 -0.429695 -8.456064 2.555528 -0.0 -1e-06 -1e-06 -15.923577 -20.094494 -5.473621 30.419313 -7.190885 1.735941 1.7e-05 -8.162936 7e-06 -1.861858 -22.861517 -6.167946 -0.0 -2e-06 -1e-06 -176.19133 -8.041387 -18.881292 5.736973 -0.002938 0.514842 -74.569527 -7.384052 -12.555792 -5.540327 1.720294 2.123157 -1.000002 -1e-06 -1e-06 5.980119 -5.122663 -14.690791 5.824193 0.0381 0.0558 -74.9319 -2.097611 -8.577342 -5.026135 0.466896 1.61996 -1.000002 0.0 -0.0 
0.0 0.0 0.0 0.0 -0.0 0.0 1.704021 99.571182 0.828629 89.469238 3.447228 88.003502 -4.008313 -1.520515 0.052837 -12.072537 -0.467048 0.243706 17.179893 -0.57968 -2.017791 14.663689 -14.82513 2.807221 -2.859895 -0.418729 1.367 -28.137348 -1.441422 3.284471 6e-06 -2e-06 1e-06 0.066739 0.048434 0.057027 0.158964 0.081894 0.039118 0.069051 0.013404 0.088207 -138.551407 -63.059032 158.841309 21.209272 -27.825663 -11.368163 91.119995 -0.291387 0.141975 2.678938 10.488705 -67.296028 17.636639 -26.322876 52.411507 -19.466772 -14.395656 29.41058 -9e-06 -8.77486 6e-06 15.810894 -18.124683 5.97893 -0.609777 -1.79566 -3.889347 -4.807098 -11.046857 -2.937871 1.9e-05 -20.976141 -1.1e-05 -5.019964 -25.033762 -4.031913 4e-06 -2e-06 0.0 -10.634562 -5.686991 -3.565608 10.573318 -17.923029 -3.113928 1.1e-05 -13.821284 0.0 -0.501742 -31.181761 -4.027045 -11.449007 -59.32703 7.223748 -13.982752 -7.150222 -2.875058 13.772778 -8.401534 -3.218269 0.34776 -34.211784 0.771652 -0.963031 -17.733528 2.621052 -2e-06 0.0 1e-06 -17.346462 -20.095291 -4.201812 21.757627 -1.638385 3.866433 6e-06 -6.338859 -1e-06 -1.697561 -22.591934 -6.194064 -2e-06 -3e-06 -1e-06 39.44434 -73.06501 158.779556 27.956612 -38.896629 -18.658796 77.950668 0.578013 0.14669 18.238672 0.822411 -52.175663 22.182188 -20.376026 49.933655 -16.701946 -16.743624 28.476757 -5e-06 -12.690689 3e-06 14.818 -16.919195 3.664441 -0.10592 -1.513865 -4.27591 -5.03907 -5.612909 -2.953577 8e-06 -11.020619 -1e-05 -6.111334 -15.89552 -3.840534 1e-06 2e-06 -3e-06 -10.283418 -5.680321 -4.341864 11.02836 -11.302476 -2.372657 -1.384267 -14.238696 -6.320189 -0.625403 -26.924498 -3.827678 -4.535811 -50.402786 -2.627922 -13.708588 -7.363519 -3.720962 18.14126 -14.052829 -3.242713 2.1e-05 -18.787428 -1.4e-05 -0.42971 -8.456133 2.55553 1e-06 2e-06 0.0 -15.923613 -20.094597 -5.473625 30.419388 -7.190868 1.735919 3e-06 -8.162991 -4e-06 -1.861881 -22.861712 -6.168032 -1e-06 -3e-06 -1e-06 -175.185547 -7.093155 -19.317122 5.455342 0.008206 0.487949 -74.940521 -7.295654 -12.252952 -5.433168 1.683512 2.116861 -1.000001 -1e-06 1e-06 6.693837 -6.121185 -15.008516 5.811439 0.045524 0.077583 -75.113937 -1.319015 -8.868141 -4.920675 0.457893 1.608913 -1.000001 -1e-06 0.0 
0.0 0.0 0.0 0.0 -0.0 0.0 2.408674 99.513596 1.043303 89.914848 4.083797 87.776604 -4.146038 -1.690957 0.068623 -12.179207 -0.425504 0.395104 17.70747 -0.977234 -2.016797 15.677114 -16.632959 3.134961 -2.853773 -0.565015 1.69637 -27.294739 -2.117177 4.149096 5e-06 1e-06 -0.0 0.074598 0.034578 0.094575 0.203853 0.052596 0.079439 0.080098 0.016712 0.118959 -140.942139 -62.134445 161.520874 22.44751 -27.980202 -16.51284 84.352112 -0.540368 0.197937 -4.114399 14.529851 -75.503311 17.636684 -26.322748 52.411182 -19.466778 -14.395621 29.410454 -3.3e-05 -8.774841 -4e-06 16.253859 -17.729918 6.216049 -0.609772 -1.795657 -3.889333 -4.807062 -11.046817 -2.937867 8.4e-05 -20.976088 -1.4e-05 -5.01988 -25.033655 -4.031875 4e-06 1e-06 -2e-06 -10.634535 -5.686958 -3.565594 10.573343 -17.923016 -3.113926 5.2e-05 -13.821258 0.0 -0.501657 -31.181684 -4.026998 -11.954851 -60.567215 7.740526 -13.982714 -7.150179 -2.87505 13.772771 -8.401548 -3.218257 0.347871 -34.2117 0.771639 -0.962977 -17.733486 2.621072 -0.0 2e-06 1e-06 -17.346382 -20.095201 -4.201809 21.757578 -1.638442 3.866418 2.5e-05 -6.338841 -0.0 -1.697483 -22.591862 -6.194035 -1e-06 -3e-06 1e-06 37.567089 -72.757088 160.746674 30.063251 -39.242184 -23.773144 71.713562 0.659808 0.221641 14.064357 6.810009 -68.37989 22.1821 -20.375811 49.933182 -16.701826 -16.743452 28.476458 -2.2e-05 -12.690561 -6e-06 14.995651 -16.908545 3.831848 -0.105919 -1.513858 -4.275873 -5.039023 -5.612864 -2.953557 2e-05 -11.020528 -1.4e-05 -6.111254 -15.89536 -3.84049 1e-06 -1e-06 -2e-06 -10.283345 -5.680274 -4.341837 11.028275 -11.302406 -2.372632 -1.38424 -14.238578 -6.320123 -0.62537 -26.924242 -3.827623 -3.756084 -50.716534 -3.069355 -13.708489 -7.363457 -3.720937 18.141113 -14.052747 -3.242672 4.6e-05 -18.787266 -2.3e-05 -0.429687 -8.456056 2.555497 -0.0 -2e-06 -2e-06 -15.923478 -20.094448 -5.473592 30.419123 -7.190855 1.735925 1.9e-05 -8.162917 -1.1e-05 -1.861816 -22.861488 -6.167972 1e-06 2e-06 -1e-06 -174.215881 -6.116559 -19.588673 5.192791 0.011705 0.457105 -75.250008 -7.161119 -11.957203 -5.332012 1.603375 2.107186 -1.000001 -0.0 0.0 7.486256 -7.151448 -15.564154 5.750766 0.046585 0.119739 -75.253899 -0.439054 -9.182283 -4.902966 0.477675 1.601467 -1.000002 1e-06 -0.0 
0.0 0.0 0.0 0.0 -0.0 0.0 3.116152 99.507103 1.15426 90.356613 4.529217 87.605362 -4.222012 -1.853968 0.128565 -12.289716 -0.406069 0.492257 18.207521 -1.293992 -1.950821 16.197117 -17.964491 3.480883 -2.78712 -0.699069 1.746928 -26.734039 -2.589123 4.550544 7e-06 -0.0 0.0 0.068083 0.023398 0.123591 0.217266 0.027293 0.108009 0.071503 0.020237 0.144979 -142.670837 -61.706135 163.293839 24.297161 -28.782784 -21.617794 78.376076 -1.002942 0.180096 -11.360636 17.922195 -84.294388 17.636833 -26.323183 52.411877 -19.466888 -14.395753 29.410791 -1.6e-05 -8.774941 -8e-06 16.557552 -17.71574 6.335544 -0.609785 -1.795669 -3.889368 -4.807123 -11.046926 -2.937889 3.1e-05 -20.976334 3.2e-05 -5.020027 -25.034018 -4.031915 5e-06 3e-06 -0.0 -10.634619 -5.687005 -3.565636 10.573414 -17.923176 -3.113925 1.8e-05 -13.821422 2.9e-05 -0.501769 -31.182159 -4.027018 -12.039619 -60.815952 7.914667 -13.982821 -7.150239 -2.875088 13.772882 -8.401608 -3.218268 0.347765 -34.212154 0.771751 -0.963061 -17.733744 2.621148 -2e-06 -1e-06 -0.0 -17.34654 -20.095371 -4.201844 21.757774 -1.638432 3.866486 1.4e-05 -6.338922 1.1e-05 -1.697576 -22.592197 -6.194092 -2e-06 -4e-06 1e-06 36.509785 -72.775414 161.661911 33.031139 -39.945076 -30.382013 65.82148 0.545844 0.489339 8.829878 11.867947 -82.734154 22.182196 -20.376101 49.933617 -16.701912 -16.743597 28.476725 -2.1e-05 -12.690652 5e-06 15.762663 -17.092367 3.56166 -0.10592 -1.51386 -4.275906 -5.039052 -5.612895 -2.953576 1.8e-05 -11.020602 4e-06 -6.111296 -15.895469 -3.840498 0.0 -0.0 2e-06 -10.283398 -5.680302 -4.341869 11.028343 -11.302477 -2.372644 -1.38425 -14.238676 -6.320159 -0.625404 -26.924448 -3.827624 -3.447394 -51.214321 -3.202368 -13.708562 -7.363495 -3.720966 18.141232 -14.052835 -3.242696 2e-05 -18.787413 1.5e-05 -0.429713 -8.456129 2.555538 1e-06 -2e-06 -1e-06 -15.923571 -20.094561 -5.473617 30.41931 -7.190888 1.735911 8e-06 -8.162986 6e-06 -1.86188 -22.861691 -6.167972 0.0 -4e-06 1e-06 -173.613937 -5.140451 -19.59539 5.02651 0.014242 0.438832 -75.475601 -7.307743 -11.780146 -5.298362 1.538399 2.100455 -1.000002 0.0 1e-06 7.908668 -8.171047 -16.145502 5.852651 0.043261 0.17867 -75.259148 0.347533 -9.401361 -4.973623 0.543461 1.61516 -1.000002 1e-06 1e-06 
0.0 0.0 0.0 0.0 -0.0 0.0 3.838883 99.526947 1.118108 90.804993 4.587617 87.430565 -4.157148 -2.049993 0.208119 -12.288978 -0.420297 0.556633 18.390108 -1.585868 -1.807122 16.036774 -18.680191 3.565174 -2.682113 -0.75107 1.597453 -26.749947 -2.740288 4.699608 6e-06 1e-06 -1e-06 0.049563 0.020162 0.146647 0.240193 0.044241 0.141264 0.085937 -0.003315 0.155451 -143.0466 -62.137394 163.550705 26.095173 -30.967545 -25.991304 75.549973 -1.411408 -0.00027 -16.249929 20.108086 -88.223007 17.636574 -26.322718 52.411175 -19.466803 -14.395621 29.410477 -2.8e-05 -8.774834 1e-05 17.035381 -17.954245 5.986299 -0.609769 -1.795661 -3.889334 -4.807062 -11.046838 -2.937865 6.4e-05 -20.976124 -2.8e-05 -5.019899 -25.033724 -4.031885 6e-06 2e-06 -3e-06 -10.634515 -5.686967 -3.565587 10.573326 -17.923029 -3.113949 4e-05 -13.82128 -9e-06 -0.501669 -31.181765 -4.027033 -11.933654 -60.79731 7.933741 -13.982696 -7.150192 -2.875037 13.772755 -8.401548 -3.218278 0.34785 -34.211742 0.771595 -0.96298 -17.733507 2.621036 1e-06 1e-06 2e-06 -17.346371 -20.095234 -4.201792 21.757565 -1.638413 3.866393 1.4e-05 -6.338853 -8e-06 -1.697504 -22.591904 -6.194057 -0.0 -4e-06 -4e-06 36.225033 -73.51564 161.461304 35.856045 -41.300407 -36.829391 61.394066 0.470948 0.891647 4.149484 15.252516 -92.073563 22.182076 -20.375875 49.9333 -16.701899 -16.74353 28.476595 -2.8e-05 -12.690607 1.4e-05 16.708914 -17.441694 3.023715 -0.105913 -1.513861 -4.275885 -5.039029 -5.612881 -2.953561 2.4e-05 -11.020572 -1.3e-05 -6.111263 -15.895432 -3.840492 -1e-06 -0.0 -1e-06 -10.283357 -5.680288 -4.341839 11.028312 -11.302447 -2.372655 -1.384235 -14.238641 -6.320148 -0.625364 -26.924383 -3.827635 -3.624613 -51.608276 -3.194839 -13.708507 -7.363473 -3.720937 18.141172 -14.052794 -3.242707 4.4e-05 -18.78734 -2.1e-05 -0.429701 -8.456091 2.555512 -1e-06 -2e-06 1e-06 -15.923495 -20.094501 -5.473596 30.419218 -7.190867 1.735884 1.1e-05 -8.162954 -6e-06 -1.861843 -22.861603 -6.167977 1e-06 -6e-06 -0.0 -173.632065 -4.156059 -19.652973 5.009162 0.006335 0.45396 -75.537376 -7.567573 -11.567344 -5.271938 1.524057 2.10881 -1.0 -1e-06 -1e-06 7.590402 -9.24897 -16.627672 6.353334 0.035798 0.239087 -75.216476 1.096732 -9.70881 -5.074165 0.605029 1.64152 -0.999999 2e-06 -1e-06 
0.0 0.0 0.0 0.0 -0.0 0.0 4.55955 99.567345 0.929164 91.263367 4.224924 87.428909 -4.014466 -2.368831 0.279881 -12.187385 -0.471984 0.600527 18.264166 -1.816499 -1.666677 15.629239 -18.603577 3.366108 -2.605666 -0.751157 1.373121 -27.127197 -2.616062 4.431666 5e-06 0.0 -1e-06 0.027676 0.005648 0.129809 0.261462 0.073849 0.134813 0.112307 -0.062503 0.127086 -142.447113 -62.893707 162.722244 27.494072 -34.026974 -29.076942 76.307556 -1.464375 -0.312241 -18.287868 22.031986 -86.15049 17.636728 -26.322927 52.411354 -19.46656 -14.395604 29.410402 1e-05 -8.774841 -1.6e-05 17.407173 -18.19515 5.524923 -0.609781 -1.795643 -3.889327 -4.807107 -11.046807 -2.937837 -3.4e-05 -20.976044 6.8e-05 -5.02005 -25.033634 -4.031854 6e-06 0.0 -1e-06 -10.634548 -5.686965 -3.565597 10.573256 -17.922945 -3.11384 -2.4e-05 -13.821235 5.1e-05 -0.501893 -31.181627 -4.02692 -11.883206 -60.762798 7.872471 -13.982732 -7.150193 -2.875054 13.772734 -8.401484 -3.218205 0.347626 -34.211655 0.771807 -0.963107 -17.733479 2.621108 1e-06 1e-06 1e-06 -17.346447 -20.0952 -4.201777 21.757574 -1.638371 3.866471 -6e-06 -6.33884 2.6e-05 -1.697651 -22.591833 -6.193974 2e-06 -5e-06 -1e-06 36.179909 -74.255615 160.934036 37.149189 -42.547482 -40.245823 59.248512 0.66395 1.199698 1.768968 16.867342 -95.242287 22.182098 -20.375864 49.933132 -16.701681 -16.743502 28.476364 5e-06 -12.690574 -1.1e-05 17.262318 -17.88608 2.564766 -0.105921 -1.513843 -4.275865 -5.039033 -5.612841 -2.953537 1e-06 -11.020467 1.6e-05 -6.111302 -15.895254 -3.840446 -3e-06 -1e-06 1e-06 -10.283357 -5.680264 -4.341819 11.028259 -11.302341 -2.372597 -1.384281 -14.2385 -6.320077 -0.625466 -26.924061 -3.827542 -3.962313 -51.825531 -3.187492 -13.708502 -7.363446 -3.720922 18.14109 -14.052659 -3.242626 -9e-06 -18.787174 2.8e-05 -0.429716 -8.456012 2.555514 1e-06 -2e-06 -0.0 -15.923517 -20.094389 -5.473549 30.41914 -7.190786 1.735957 -6e-06 -8.162895 1.5e-05 -1.861934 -22.861374 -6.167879 -1e-06 2e-06 -1e-06 -174.27739 -3.229276 -19.723177 5.149083 -0.010887 0.460816 -75.545639 -7.594796 -11.217471 -5.356463 1.554888 2.124803 -0.999996 -1e-06 1e-06 6.611653 -10.343765 -17.115189 7.147528 0.015464 0.28811 -75.226624 1.775866 -10.087548 -5.262566 0.633901 1.657477 -1.000002 -0.0 0.0 
0.0 0.0 0.0 0.0 -0.0 0.0 5.276071 99.600266 0.674778 91.674133 3.57453 87.618141 -3.926579 -2.75795 0.349833 -12.114806 -0.545837 0.614895 18.060722 -2.022406 -1.564124 15.453349 -17.823 2.934096 -2.59515 -0.586443 1.244695 -27.489096 -2.327491 3.709685 7e-06 -0.0 0.0 0.007195 -0.000884 0.079706 0.242475 0.09928 0.086447 0.116673 -0.101767 0.074951 -141.802353 -63.368282 161.805771 28.344156 -37.053368 -30.834179 78.911354 -1.210071 -0.502802 -18.556553 23.732624 -82.004753 17.636551 -26.322615 52.41106 -19.466684 -14.39555 29.410355 -1.7e-05 -8.774792 4e-06 17.321882 -18.30924 5.352721 -0.60977 -1.795655 -3.889321 -4.807059 -11.046788 -2.937857 4.7e-05 -20.975988 -3.7e-05 -5.019876 -25.033545 -4.031896 5e-06 1e-06 -0.0 -10.634493 -5.686954 -3.565584 10.573259 -17.922928 -3.113921 3.1e-05 -13.821186 -1.8e-05 -0.50167 -31.181494 -4.027045 -11.66159 -60.267014 7.588828 -13.982666 -7.150178 -2.875039 13.772693 -8.401495 -3.218255 0.347818 -34.211502 0.771583 -0.962981 -17.733374 2.621009 0.0 -0.0 1e-06 -17.346338 -20.095175 -4.201789 21.757479 -1.638389 3.866399 1.1e-05 -6.338814 -9e-06 -1.697511 -22.591742 -6.194037 1e-06 -5e-06 -3e-06 35.925339 -74.377823 160.926102 36.650452 -43.113117 -40.099934 59.258831 1.023675 1.232094 1.737691 16.831749 -93.032768 22.182047 -20.375839 49.933224 -16.70182 -16.743465 28.476498 -2.7e-05 -12.690553 3e-06 17.197212 -18.169178 2.458198 -0.105913 -1.513856 -4.275876 -5.039019 -5.612861 -2.953558 2.4e-05 -11.020527 -1.2e-05 -6.111237 -15.89535 -3.840485 -2e-06 -2e-06 -1e-06 -10.283332 -5.680272 -4.341838 11.028271 -11.302406 -2.372636 -1.384233 -14.238575 -6.320127 -0.625368 -26.924231 -3.827616 -4.232833 -51.655312 -3.138673 -13.708477 -7.363457 -3.720942 18.141113 -14.052745 -3.242684 4.4e-05 -18.787268 -1.5e-05 -0.429696 -8.456058 2.555507 -2e-06 0.0 -3e-06 -15.923457 -20.094444 -5.473594 30.419109 -7.190845 1.735901 1.3e-05 -8.162922 -7e-06 -1.861825 -22.861488 -6.167955 0.0 -1e-06 2e-06 -175.27597 -2.4109 -19.724205 5.339355 -0.036455 0.485297 -75.626503 -7.40643 -10.915532 -5.546948 1.618628 2.129968 -0.999998 -1e-06 -0.0 5.438203 -11.306563 -17.598831 7.77745 0.007268 0.312275 -75.144951 2.302856 -10.412075 -5.466347 0.626346 1.657665 -1.0 2e-06 1e-06 
0.0 0.0 0.0 0.0 -0.0 0.0 5.952366 99.594185 0.437737 92.003471 2.860519 87.917793 -3.933793 -3.130182 0.385929 -12.116294 -0.606822 0.622256 17.922438 -2.2661 -1.50151 15.718236 -16.537832 2.401456 -2.617255 -0.335149 1.088442 -27.479649 -1.94845 2.712952 5e-06 1e-06 0.0 0.00046 0.001409 0.048033 0.196286 0.10284 0.044764 0.100855 -0.101362 0.053018 -141.459259 -63.482826 161.326401 28.67239 -39.418663 -31.2952 81.724838 -0.75187 -0.477296 -18.407959 24.37715 -78.357109 17.636755 -26.322927 52.411484 -19.466711 -14.395704 29.410532 1.2e-05 -8.774904 -8e-06 16.879028 -18.239208 5.564313 -0.609785 -1.795656 -3.889343 -4.807137 -11.046859 -2.937854 -1.7e-05 -20.976143 2.4e-05 -5.020064 -25.033772 -4.031915 5e-06 1e-06 -1e-06 -10.634602 -5.686993 -3.5656 10.573335 -17.923019 -3.113897 -1.2e-05 -13.821295 2e-05 -0.501838 -31.181795 -4.027033 -11.459161 -59.605598 7.429765 -13.9828 -7.150226 -2.875052 13.77282 -8.401516 -3.218246 0.347681 -34.2118 0.771721 -0.963071 -17.733545 2.621074 -1e-06 2e-06 -0.0 -17.346544 -20.095289 -4.201784 21.757719 -1.638372 3.866465 -2e-06 -6.338861 1e-05 -1.697647 -22.591936 -6.194052 1e-06 -5e-06 -1e-06 36.019642 -74.064438 160.941772 35.213608 -43.247993 -38.035637 60.50211 1.342455 1.11621 3.160946 15.858161 -87.493057 22.182306 -20.37615 49.933758 -16.701931 -16.743666 28.476799 1e-06 -12.690724 -1e-06 16.871691 -18.27375 2.515805 -0.105924 -1.513862 -4.275914 -5.039086 -5.612919 -2.953584 1e-06 -11.020647 8e-06 -6.11137 -15.895561 -3.840527 -1e-06 1e-06 2e-06 -10.283447 -5.680327 -4.341875 11.028382 -11.302495 -2.37264 -1.384285 -14.23873 -6.320194 -0.625448 -26.924585 -3.827648 -4.365664 -51.142891 -3.189254 -13.708621 -7.363527 -3.720973 18.141291 -14.052852 -3.242682 -7e-06 -18.787489 1.9e-05 -0.429725 -8.456171 2.555556 0.0 1e-06 0.0 -15.923657 -20.094625 -5.473626 30.419447 -7.190883 1.735954 -2e-06 -8.16302 7e-06 -1.86193 -22.861828 -6.16802 1e-06 -4e-06 1e-06 -176.307724 -1.710099 -19.705595 5.497868 -0.058262 0.499006 -75.776062 -7.083588 -10.721102 -5.718961 1.679211 2.123594 -1.000001 -1e-06 1e-06 4.464032 -12.080574 -17.888258 7.995321 0.007236 0.303935 -74.901184 2.602926 -10.769416 -5.555677 0.592971 1.648149 -1.000003 1e-06 1e-06 
0.0 0.0 0.0 0.0 -0.0 0.0 6.590833 99.558449 0.262713 92.301582 2.361771 88.142242 -3.990659 -3.412982 0.429647 -12.177172 -0.63372 0.679398 17.960882 -2.542794 -1.45574 16.558657 -15.106101 2.059295 -2.631122 -0.177325 0.637731 -27.027493 -1.437434 1.517019 6e-06 -1e-06 0.0 0.015356 0.00131 0.042096 0.149713 0.073743 0.023526 0.083414 -0.073107 0.062303 -141.144897 -63.27702 161.17572 28.785658 -40.81086 -30.796032 83.74382 -0.340553 -0.207034 -18.168585 23.836351 -75.890503 17.636673 -26.322702 52.411148 -19.466583 -14.39558 29.410324 1.2e-05 -8.774832 -1.6e-05 16.456358 -18.03866 5.898375 -0.60978 -1.795651 -3.889319 -4.807106 -11.046798 -2.937842 -1.9e-05 -20.976002 1.3e-05 -5.020001 -25.033581 -4.031905 6e-06 3e-06 -2e-06 -10.634546 -5.68697 -3.565583 10.573251 -17.922911 -3.113877 -1.2e-05 -13.821197 6e-06 -0.50181 -31.181532 -4.027027 -11.483087 -59.387314 7.524447 -13.982728 -7.150199 -2.875039 13.772722 -8.401467 -3.218219 0.347689 -34.211525 0.771684 -0.963053 -17.733398 2.621037 -3e-06 3e-06 4e-06 -17.346455 -20.0952 -4.201772 21.757572 -1.638355 3.866452 -4e-06 -6.338819 4e-06 -1.69762 -22.591766 -6.194025 0.0 -5e-06 -2e-06 36.62841 -73.778732 160.659454 33.978329 -43.322083 -35.908421 61.453049 1.622377 1.007398 4.463455 15.145642 -82.116745 22.182154 -20.375919 49.933353 -16.701769 -16.743551 28.476524 6e-06 -12.690619 -7e-06 16.530655 -18.230431 2.61769 -0.105924 -1.513851 -4.275883 -5.039052 -5.612867 -2.953557 1e-06 -11.020527 2e-06 -6.111315 -15.895363 -3.840488 -0.0 -2e-06 1e-06 -10.283381 -5.680285 -4.341839 11.028295 -11.302383 -2.372621 -1.384283 -14.238572 -6.320124 -0.625452 -26.924217 -3.827599 -4.369883 -50.594357 -3.246192 -13.708537 -7.363472 -3.720943 18.141155 -14.052711 -3.242654 -8e-06 -18.78727 2e-05 -0.429717 -8.456063 2.555529 2e-06 -0.0 -2e-06 -15.923558 -20.094465 -5.473581 30.419235 -7.19081 1.73595 -1e-06 -8.162928 9e-06 -1.861921 -22.861526 -6.167946 1e-06 -5e-06 -2e-06 -176.985641 -1.032485 -19.757574 5.524784 -0.075634 0.511116 -76.083984 -6.728471 -10.62549 -5.82497 1.708746 2.109191 -0.999997 -1e-06 -1e-06 3.929615 -12.763463 -18.147434 7.805435 -0.014283 0.283296 -74.541183 2.843552 -11.132717 -5.499233 0.563344 1.640496 -1.000004 -1e-06 -0.0 
0.0 0.0 0.0 0.0 -0.0 0.0 7.220556 99.492165 0.1487 92.693909 2.140615 88.207733 -4.072642 -3.664706 0.51923 -12.251607 -0.663207 0.796665 18.167639 -2.867328 -1.411737 17.816034 -13.681748 1.915166 -2.622668 -0.153966 0.049287 -26.301548 -0.763703 0.245197 6e-06 2e-06 -1e-06 0.040664 -0.005261 0.06406 0.120824 0.030114 0.03675 0.071352 -0.042387 0.093001 -140.741791 -62.825905 161.154251 28.77874 -41.450516 -29.739897 84.902565 -0.083488 0.070219 -17.599602 22.768906 -73.686226 17.636707 -26.322878 52.41135 -19.466606 -14.395623 29.410437 9e-06 -8.77485 -1.2e-05 16.212496 -17.832138 6.183733 -0.609781 -1.795647 -3.88933 -4.807104 -11.046805 -2.937844 -1.7e-05 -20.97604 4.6e-05 -5.020025 -25.033619 -4.031871 7e-06 2e-06 -3e-06 -10.634554 -5.686969 -3.565597 10.573276 -17.922947 -3.113861 -1.5e-05 -13.821233 3.3e-05 -0.501851 -31.18162 -4.026959 -11.609895 -59.542221 7.686084 -13.982737 -7.150198 -2.875052 13.772747 -8.401489 -3.218219 0.347673 -34.211636 0.771762 -0.963081 -17.733463 2.621093 -1e-06 0.0 3e-06 -17.346457 -20.095211 -4.201787 21.757599 -1.638374 3.866459 -4e-06 -6.338837 1.7e-05 -1.697634 -22.591829 -6.193996 -2e-06 -5e-06 -4e-06 37.075123 -73.672905 160.617035 33.253452 -43.515484 -34.278801 61.188694 1.898518 0.903046 5.474227 14.998232 -77.34111 22.182081 -20.375912 49.933296 -16.701733 -16.743477 28.476477 6e-06 -12.690555 2e-06 16.339283 -18.136984 2.705643 -0.105922 -1.51385 -4.275876 -5.039026 -5.612861 -2.953551 -5e-06 -11.020517 6e-06 -6.111281 -15.895341 -3.840462 1e-06 -2e-06 2e-06 -10.283348 -5.680281 -4.341836 11.028245 -11.302379 -2.372617 -1.384273 -14.238565 -6.320106 -0.625458 -26.924198 -3.827589 -4.335248 -50.209099 -3.210221 -13.708494 -7.363472 -3.720941 18.141075 -14.052705 -3.242651 -1.4e-05 -18.787258 1e-05 -0.429723 -8.456056 2.555512 0.0 1e-06 -2e-06 -15.923509 -20.094458 -5.473577 30.419102 -7.190787 1.735934 -5e-06 -8.162921 1e-06 -1.861908 -22.861488 -6.167936 -0.0 -2e-06 -3e-06 -177.251266 -0.221053 -19.855665 5.442398 -0.080495 0.510049 -76.550758 -6.520294 -10.591755 -5.874884 1.706717 2.092083 -0.999998 0.0 1e-06 3.750618 -13.572425 -18.497799 7.50922 -0.014358 0.26177 -74.2453 3.174906 -11.415462 -5.340618 0.537332 1.632741 -1.000002 0.0 1e-06 
0.0 0.0 0.0 0.0 -0.0 0.0 7.8317 99.414978 0.072991 93.174255 2.094192 88.147675 -4.176093 -3.947928 0.646078 -12.316457 -0.693163 0.956878 18.488981 -3.221613 -1.382426 19.0439 -12.195166 1.874285 -2.619902 -0.232801 -0.508411 -25.430466 -0.032589 -0.894933 6e-06 1e-06 0.0 0.067212 -0.016086 0.098084 0.104863 -0.005541 0.0666 0.06768 -0.028138 0.132032 -140.346863 -62.292591 161.295059 28.656158 -41.527935 -28.275866 85.299248 0.140302 0.179736 -16.661207 21.302536 -70.827629 17.636587 -26.322676 52.411053 -19.466522 -14.395556 29.410265 1.2e-05 -8.774798 -6e-06 16.117769 -17.78334 6.377299 -0.609782 -1.795648 -3.889315 -4.807084 -11.046763 -2.937833 -2.3e-05 -20.975927 2.3e-05 -5.019986 -25.033474 -4.031869 6e-06 3e-06 2e-06 -10.634512 -5.686955 -3.565576 10.573214 -17.922865 -3.11386 -1.7e-05 -13.821157 1.6e-05 -0.501829 -31.181419 -4.026983 -11.768949 -59.810841 7.842459 -13.982684 -7.150178 -2.875029 13.772673 -8.401442 -3.218215 0.347665 -34.211411 0.771706 -0.963061 -17.73333 2.621031 0.0 2e-06 1e-06 -17.346395 -20.095152 -4.201756 21.75749 -1.63835 3.866428 -5e-06 -6.338801 7e-06 -1.697616 -22.591684 -6.193982 -0.0 -4e-06 -3e-06 36.956608 -73.631531 161.097137 33.028782 -43.761971 -32.688286 59.372902 2.152718 0.783776 6.374622 15.056924 -72.39682 22.182062 -20.375847 49.933205 -16.701735 -16.743498 28.476446 1.4e-05 -12.690579 -0.0 16.226305 -18.006197 2.828646 -0.105924 -1.513854 -4.275874 -5.039037 -5.612864 -2.953546 -1e-05 -11.020511 -1e-06 -6.111309 -15.895341 -3.840471 0.0 0.0 2e-06 -10.283353 -5.680281 -4.341829 11.028254 -11.302368 -2.372619 -1.384284 -14.238562 -6.320106 -0.625459 -26.924189 -3.827607 -4.276317 -49.929905 -3.187638 -13.708502 -7.363469 -3.720926 18.141094 -14.052691 -3.242655 -1.6e-05 -18.787247 0.0 -0.429719 -8.456048 2.555506 1e-06 -1e-06 -1e-06 -15.923522 -20.09445 -5.473561 30.419136 -7.190769 1.735938 -7e-06 -8.162913 -2e-06 -1.861923 -22.861471 -6.167952 0.0 -1e-06 -2e-06 -177.283142 0.708316 -19.886259 5.332192 -0.075938 0.477451 -77.056557 -6.551851 -10.524105 -5.886223 1.674397 2.074801 -0.999999 1e-06 1e-06 3.732115 -14.512954 -18.951994 7.273303 0.014685 0.24757 -74.013687 3.567798 -11.565656 -5.187275 0.525032 1.629001 -0.999999 -1e-06 0.0 
0.0 0.0 0.0 0.0 -0.0 0.0 8.372755 99.382561 0.001591 93.57 2.064557 87.949951 -4.282761 -4.213355 0.789304 -12.374164 -0.713874 1.131107 18.812031 -3.519777 -1.316681 19.842957 -10.686663 1.91996 -2.654886 -0.359072 -1.018183 -24.594475 0.64124 -1.819213 6e-06 -0.0 0.0 0.083114 -0.02495 0.123348 0.081546 -0.024802 0.090175 0.061996 -0.02718 0.159645 -140.049438 -61.933582 161.386444 28.345654 -41.363686 -26.226357 84.78093 0.383571 0.178085 -15.548183 19.371553 -67.392525 17.636583 -26.322615 52.41095 -19.466581 -14.395529 29.410255 -1e-06 -8.774786 -8e-06 16.182917 -17.946398 6.452999 -0.609776 -1.795649 -3.889312 -4.807071 -11.046781 -2.937836 3e-06 -20.975973 8e-06 -5.019952 -25.033535 -4.031858 6e-06 -1e-06 0.0 -10.634499 -5.686954 -3.56557 10.573231 -17.922907 -3.113886 3e-06 -13.821182 4e-06 -0.50178 -31.181498 -4.026996 -11.963473 -60.099449 8.031638 -13.982661 -7.150177 -2.875033 13.77267 -8.401473 -3.218224 0.347733 -34.211494 0.771657 -0.963027 -17.733379 2.621023 -2e-06 3e-06 2e-06 -17.346352 -20.095158 -4.20176 21.757471 -1.638368 3.866418 3e-06 -6.33881 3e-06 -1.697575 -22.591734 -6.193992 1e-06 -6e-06 -3e-06 36.325035 -73.576385 161.959732 33.377037 -43.964634 -30.605221 55.912613 2.256788 0.62331 7.506878 15.008743 -65.537216 22.181971 -20.375711 49.932964 -16.70175 -16.74345 28.476347 -1.1e-05 -12.690528 9e-06 16.125299 -17.78643 3.002655 -0.105912 -1.513848 -4.275855 -5.039009 -5.612846 -2.953534 1.3e-05 -11.020471 -8e-06 -6.11124 -15.895267 -3.840447 -0.0 0.0 0.0 -10.283319 -5.680257 -4.341806 11.028238 -11.302351 -2.372631 -1.384251 -14.238514 -6.320078 -0.625402 -26.924076 -3.827594 -4.125539 -49.729229 -3.396292 -13.708455 -7.363438 -3.720906 18.141064 -14.052676 -3.242678 2.4e-05 -18.787176 -2e-05 -0.429695 -8.456008 2.555481 1e-06 -1e-06 -0.0 -15.923456 -20.094387 -5.473538 30.41906 -7.190794 1.735889 9e-06 -8.162882 -1.1e-05 -1.861858 -22.861372 -6.167922 1e-06 -4e-06 -3e-06 -177.313339 1.532534 -19.814827 5.26805 -0.075896 0.42205 -77.444687 -6.897346 -10.454735 -5.918066 1.647667 2.063735 -0.999994 -2e-06 -1e-06 3.643223 -15.31764 -19.257027 7.085665 0.045069 0.244829 -73.65506 3.840511 -11.563494 -5.171949 0.526399 1.628334 -1.000001 1e-06 0.0 
0.0 0.0 0.0 0.0 -0.0 0.0 8.839229 99.394417 -0.104162 93.760033 1.93749 87.70533 -4.333786 -4.431928 0.882794 -12.391086 -0.744636 1.272316 18.951002 -3.667678 -1.219501 20.065454 -9.363487 1.992406 -2.70189 -0.457437 -1.492902 -24.009125 1.169905 -2.494095 6e-06 0.0 -0.0 0.079397 -0.033709 0.128217 0.023149 -0.026891 0.092311 0.019632 -0.043096 0.166722 -139.74144 -62.222923 161.151901 28.224728 -41.514957 -23.932533 82.866562 0.48527 0.091147 -14.825465 17.677111 -64.624008 17.636671 -26.322721 52.411255 -19.466719 -14.39563 29.410446 -1.7e-05 -8.774851 -7e-06 16.329145 -18.171448 6.475011 -0.609775 -1.795654 -3.889329 -4.80708 -11.0468 -2.937865 5.8e-05 -20.976038 -2.1e-05 -5.019911 -25.033607 -4.031914 7e-06 2e-06 1e-06 -10.634542 -5.686959 -3.565596 10.573326 -17.922964 -3.113918 3.5e-05 -13.821222 -3e-06 -0.501688 -31.181601 -4.027028 -12.080944 -60.313091 8.210766 -13.982723 -7.150181 -2.875052 13.772766 -8.401513 -3.21825 0.347825 -34.211594 0.771643 -0.962997 -17.733435 2.621059 -0.0 2e-06 -1e-06 -17.346409 -20.095184 -4.20181 21.757593 -1.638411 3.866431 1.5e-05 -6.338827 -0.0 -1.697528 -22.591793 -6.194048 0.0 -5e-06 -1e-06 35.530602 -73.723869 162.835678 34.472946 -44.301666 -27.763435 51.13937 2.066545 0.377682 8.982174 14.53535 -55.115841 22.182142 -20.375895 49.933388 -16.701838 -16.743542 28.476574 -2.1e-05 -12.69062 -6e-06 16.167917 -17.524405 3.098386 -0.10592 -1.513853 -4.275885 -5.03904 -5.612862 -2.953564 2.2e-05 -11.02052 -1.2e-05 -6.111272 -15.895345 -3.840508 -0.0 -0.0 -1e-06 -10.283373 -5.680275 -4.34185 11.028312 -11.302402 -2.372638 -1.384247 -14.238571 -6.320146 -0.62537 -26.924229 -3.827627 -3.904952 -49.7728 -3.818207 -13.708527 -7.363461 -3.720952 18.141176 -14.052739 -3.242679 3.4e-05 -18.787266 -4e-06 -0.4297 -8.456057 2.555523 -0.0 0.0 -1e-06 -15.923528 -20.094454 -5.473618 30.419235 -7.190856 1.73593 1.3e-05 -8.162921 4e-06 -1.861863 -22.861485 -6.16795 -0.0 -4e-06 -1e-06 -177.524582 2.07572 -19.716263 5.28529 -0.082795 0.373265 -77.664482 -7.413649 -10.385819 -5.960515 1.635151 2.059726 -0.999999 -0.0 1e-06 3.333172 -15.824226 -19.315872 6.999133 0.075572 0.270987 -73.166191 3.811743 -11.441254 -5.326304 0.543545 1.636171 -1.000002 1e-06 1e-06 
0.0 0.0 0.0 0.0 -0.0 0.0 9.260353 99.417831 -0.246397 93.837334 1.727003 87.491699 -4.311196 -4.651791 0.899703 -12.349094 -0.795507 1.341626 18.87483 -3.663628 -1.145 19.775114 -8.333331 1.97608 -2.758088 -0.452363 -1.783716 -23.760614 1.46343 -2.787605 6e-06 0.0 -0.0 0.058956 -0.038043 0.123976 -0.060548 -0.013442 0.083313 -0.051076 -0.065603 0.165828 -139.46489 -63.108006 160.773605 28.657223 -41.982204 -21.866379 79.419403 0.45983 0.056208 -15.074989 16.654467 -63.549469 17.636606 -26.322729 52.411175 -19.466715 -14.395665 29.41045 -2e-06 -8.77487 2e-06 16.426992 -18.278645 6.556534 -0.609776 -1.795649 -3.889327 -4.807102 -11.046825 -2.937852 4e-06 -20.976084 -1e-06 -5.020006 -25.033705 -4.03191 7e-06 -2e-06 2e-06 -10.634541 -5.686972 -3.56558 10.573304 -17.922968 -3.113911 4e-06 -13.821249 6e-06 -0.501773 -31.181684 -4.027032 -12.064672 -60.45882 8.297683 -13.982727 -7.150198 -2.875031 13.772768 -8.401503 -3.21826 0.347735 -34.211693 0.771664 -0.963036 -17.733498 2.621047 -1e-06 1e-06 -2e-06 -17.346441 -20.095217 -4.201761 21.75762 -1.638378 3.866419 2e-06 -6.338844 1e-06 -1.697593 -22.591887 -6.194043 -1e-06 -4e-06 -1e-06 34.855396 -74.062019 163.485809 36.067398 -44.774464 -23.852787 46.505318 1.583491 0.132161 10.087048 13.337488 -42.800552 22.18211 -20.3759 49.933231 -16.701752 -16.743492 28.476461 -0.0 -12.690578 -7e-06 16.294224 -17.319075 3.061959 -0.105921 -1.513854 -4.275872 -5.039034 -5.612864 -2.953551 4e-06 -11.020528 8e-06 -6.111297 -15.895358 -3.840462 2e-06 -1e-06 -1e-06 -10.283357 -5.680277 -4.341833 11.028271 -11.302393 -2.372613 -1.384273 -14.238575 -6.320109 -0.625448 -26.924232 -3.827586 -3.884437 -50.272755 -3.994264 -13.708505 -7.363464 -3.720936 18.141109 -14.052722 -3.242646 1e-06 -18.787271 1.6e-05 -0.429713 -8.456063 2.555518 0.0 1e-06 -1e-06 -15.923512 -20.094454 -5.473571 30.419142 -7.190814 1.735945 1e-06 -8.16293 5e-06 -1.861902 -22.86153 -6.16793 -0.0 -4e-06 -2e-06 -177.879471 2.432945 -19.722754 5.35077 -0.08242 0.323053 -77.819122 -7.821664 -10.340403 -5.983182 1.650557 2.058749 -1.0 2e-06 -0.0 2.828691 -16.170986 -19.212696 7.07591 0.085975 0.313483 -72.750763 3.672513 -11.318071 -5.547254 0.570951 1.647159 -1.000001 0.0 0.0 
0.0 0.0 0.0 0.0 -0.0 0.0 9.730583 99.429947 -0.381992 93.902985 1.530903 87.304657 -4.269631 -4.860792 0.874885 -12.309046 -0.85214 1.355996 18.771885 -3.587886 -1.110486 19.222799 -7.58636 1.926892 -2.81124 -0.444837 -1.885634 -23.682619 1.627655 -2.893386 6e-06 -0.0 -0.0 0.030109 -0.035784 0.118743 -0.145038 0.001931 0.073418 -0.124713 -0.076855 0.164003 -139.679031 -64.065544 160.77475 29.494331 -42.274429 -19.938671 74.832901 0.378184 0.067567 -16.488859 16.083178 -64.248482 17.636538 -26.32268 52.411057 -19.466637 -14.395585 29.410355 -4e-06 -8.774807 7e-06 16.413034 -18.232155 6.726738 -0.609773 -1.795653 -3.889322 -4.807075 -11.046797 -2.937841 3e-06 -20.976017 -0.0 -5.019957 -25.033594 -4.031873 6e-06 -1e-06 0.0 -10.634504 -5.686966 -3.565571 10.573248 -17.922932 -3.113905 1e-06 -13.821216 3e-06 -0.501771 -31.181589 -4.027013 -12.014774 -60.509495 8.320592 -13.982677 -7.150187 -2.875026 13.772696 -8.401479 -3.218244 0.347723 -34.211559 0.77166 -0.963037 -17.733412 2.621026 0.0 2e-06 -0.0 -17.346376 -20.095184 -4.201756 21.757507 -1.638363 3.8664 1e-06 -6.338825 1e-06 -1.697573 -22.591789 -6.194014 -0.0 -4e-06 -1e-06 34.44495 -74.237419 163.956009 37.745926 -45.102707 -18.847332 43.437912 0.911027 -0.00933 10.533566 11.562585 -31.575687 22.182081 -20.375919 49.933266 -16.701746 -16.743498 28.476482 4e-06 -12.690567 2e-06 16.166166 -17.227427 3.009589 -0.105921 -1.51385 -4.275876 -5.039035 -5.612865 -2.953551 -1e-06 -11.020525 1e-05 -6.111294 -15.895358 -3.840464 3e-06 -2e-06 -0.0 -10.283355 -5.68028 -4.341833 11.028259 -11.302384 -2.372617 -1.384276 -14.238574 -6.32011 -0.625459 -26.924225 -3.827592 -4.082086 -50.740593 -3.739562 -13.708503 -7.363469 -3.720933 18.141098 -14.052719 -3.242651 -1.4e-05 -18.787287 1.5e-05 -0.429724 -8.456069 2.555518 -1e-06 0.0 -0.0 -15.923514 -20.094454 -5.473568 30.419125 -7.190795 1.735933 -5e-06 -8.162929 5e-06 -1.861913 -22.861517 -6.167931 0.0 -2e-06 -1e-06 -178.21756 2.742581 -19.795101 5.408399 -0.077907 0.273948 -77.949203 -8.07433 -10.280786 -5.996683 1.680004 2.056259 -1.0 -1e-06 -0.0 2.334533 -16.490108 -19.095596 7.192677 0.084649 0.357472 -72.461067 3.628469 -11.273623 -5.731013 0.584099 1.650198 -1.000002 0.0 0.0 
0.0 0.0 0.0 0.0 -0.0 0.0 10.162624 99.426582 -0.470293 94.006287 1.414794 87.128227 -4.24198 -5.052697 0.852281 -12.303165 -0.909583 1.343956 18.737373 -3.491817 -1.137196 18.641819 -7.07043 1.894104 -2.824523 -0.481042 -1.866787 -23.677444 1.798726 -2.913404 6e-06 -0.0 0.0 0.001373 -0.03249 0.117078 -0.201897 0.007889 0.069819 -0.175036 -0.076503 0.163242 -140.525467 -64.817993 161.41713 30.674261 -42.272312 -18.201696 69.706696 0.174038 0.044496 -18.985199 15.77892 -66.438438 17.636581 -26.322672 52.410919 -19.466724 -14.395624 29.41033 -1.7e-05 -8.77483 1e-05 16.341347 -18.061647 6.887871 -0.609766 -1.795657 -3.889316 -4.807066 -11.046825 -2.937839 3.4e-05 -20.976086 -0.0 -5.019959 -25.033682 -4.031845 6e-06 -1e-06 2e-06 -10.63451 -5.686963 -3.56556 10.5733 -17.922995 -3.113917 2e-05 -13.821251 2e-06 -0.501754 -31.181675 -4.026984 -11.884029 -60.318104 8.253339 -13.982685 -7.15018 -2.875008 13.772736 -8.401522 -3.218259 0.347789 -34.211678 0.771635 -0.963003 -17.733471 2.621031 1e-06 1e-06 -1e-06 -17.346376 -20.095205 -4.201734 21.757555 -1.638396 3.866383 1e-05 -6.338841 -4e-06 -1.697551 -22.591864 -6.194005 -0.0 -4e-06 -2e-06 34.326893 -74.219124 164.224518 39.327888 -45.384663 -13.044685 42.291832 0.257497 -0.010509 10.498527 9.560314 -22.342787 22.18218 -20.375824 49.932968 -16.701752 -16.74358 28.476318 -1e-06 -12.69064 -8e-06 15.842648 -17.276949 3.025642 -0.105918 -1.513846 -4.275859 -5.039048 -5.612849 -2.953523 5e-06 -11.020495 2.1e-05 -6.111321 -15.895285 -3.840414 -0.0 -1e-06 -0.0 -10.283393 -5.680267 -4.341797 11.028312 -11.302369 -2.372608 -1.384287 -14.238528 -6.320055 -0.625473 -26.924116 -3.827513 -4.302036 -50.788063 -3.386612 -13.708557 -7.363451 -3.720893 18.141188 -14.052698 -3.242642 -2e-06 -18.78723 2.8e-05 -0.429701 -8.456039 2.555506 -0.0 3e-06 0.0 -15.923595 -20.094416 -5.473504 30.419292 -7.19082 1.735952 3e-06 -8.162907 5e-06 -1.861934 -22.861433 -6.167892 1e-06 -4e-06 -1e-06 -178.439102 3.085313 -19.878262 5.429591 -0.078531 0.235589 -78.044197 -8.21054 -10.166555 -6.023714 1.702568 2.049978 -1.0 1e-06 -2e-06 1.955688 -16.850203 -19.035694 7.320092 0.086236 0.392706 -72.281738 3.739935 -11.293861 -5.844282 0.588994 1.648296 -0.999999 -0.0 0.0 
0.0 0.0 0.0 0.0 -0.0 0.0 10.514145 99.409477 -0.500615 94.14756 1.376028 86.951103 -4.249224 -5.213712 0.84824 -12.325633 -0.963253 1.318238 18.759607 -3.404554 -1.233001 18.11672 -6.757188 1.897458 -2.776354 -0.542257 -1.754361 -23.698608 1.984004 -2.9052 6e-06 1e-06 0.0 -0.019197 -0.030437 0.120488 -0.212477 0.008251 0.075455 -0.186896 -0.072614 0.163256 -141.721985 -65.21347 162.498749 32.008144 -42.190105 -16.812237 65.090324 -0.157591 0.007299 -21.901739 15.543571 -69.66761 17.63656 -26.322634 52.411015 -19.466534 -14.395537 29.410259 -2e-06 -8.774779 -5e-06 16.346836 -17.874645 6.916302 -0.609777 -1.795642 -3.889313 -4.807069 -11.046748 -2.937835 7e-06 -20.975893 8e-06 -5.01993 -25.033421 -4.031867 5e-06 0.0 1e-06 -10.634492 -5.686939 -3.565577 10.573218 -17.922848 -3.113871 3e-06 -13.821132 1.2e-05 -0.501776 -31.181337 -4.026968 -11.641515 -59.931118 8.076425 -13.982657 -7.150165 -2.875033 13.772662 -8.401448 -3.218221 0.34772 -34.211346 0.771686 -0.963036 -17.733294 2.621038 -1e-06 -2e-06 -1e-06 -17.34635 -20.095118 -4.201771 21.757458 -1.638368 3.866418 3e-06 -6.33879 7e-06 -1.697571 -22.591631 -6.193978 -0.0 -4e-06 -3e-06 34.424377 -74.160912 164.270126 40.670345 -45.865585 -7.185441 42.855133 -0.144094 0.070048 10.042155 7.624004 -15.440488 22.182074 -20.375883 49.933113 -16.701723 -16.743492 28.476385 -1.1e-05 -12.690561 -1e-06 15.674636 -17.456888 3.041899 -0.105921 -1.513847 -4.275865 -5.039026 -5.612846 -2.953536 1.3e-05 -11.020495 1.7e-05 -6.11128 -15.895291 -3.840431 -3e-06 -0.0 -1e-06 -10.28334 -5.680261 -4.34182 11.028265 -11.302369 -2.372605 -1.384263 -14.238527 -6.320075 -0.625455 -26.924131 -3.827524 -4.466244 -50.595818 -3.197438 -13.708483 -7.363441 -3.720923 18.1411 -14.052696 -3.24264 -1e-06 -18.78723 3.5e-05 -0.429714 -8.456043 2.555519 0.0 -2e-06 1e-06 -15.92349 -20.094398 -5.473547 30.419125 -7.190812 1.735928 0.0 -8.162913 1e-05 -1.861908 -22.86145 -6.167881 1e-06 -3e-06 -4e-06 -178.531387 3.470262 -20.032118 5.405932 -0.084125 0.236405 -78.108749 -8.283189 -10.028832 -6.068583 1.714083 2.041417 -0.999995 0.0 -1e-06 1.700245 -17.243645 -19.054976 7.444981 0.094419 0.428272 -72.148849 3.915843 -11.33613 -5.912938 0.595787 1.647613 -1.000001 0.0 -0.0 
0.0 0.0 0.0 0.0 -0.0 0.0 10.87208 99.375519 -0.500198 94.33577 1.378168 86.777954 -4.299332 -5.33887 0.83451 -12.357265 -1.001462 1.276964 18.78805 -3.359824 -1.325198 17.700666 -6.620576 1.915092 -2.69716 -0.598297 -1.560273 -23.705559 2.157512 -2.945981 6e-06 0.0 0.0 -0.02892 -0.025722 0.140489 -0.181222 0.013976 0.10194 -0.161358 -0.068551 0.175721 -142.801208 -65.268478 163.564331 33.170212 -42.209976 -15.748538 62.007061 -0.560648 -0.001918 -23.990822 15.160869 -72.855736 17.636593 -26.322809 52.411182 -19.466713 -14.395689 29.410446 -1.1e-05 -8.774863 1e-05 16.359266 -17.754156 6.899454 -0.60977 -1.795648 -3.889328 -4.807087 -11.046822 -2.937844 2e-05 -20.976093 2e-05 -5.019998 -25.033691 -4.031862 5e-06 -1e-06 0.0 -10.63453 -5.686965 -3.565575 10.573318 -17.922991 -3.113909 9e-06 -13.82126 1.9e-05 -0.501788 -31.181713 -4.026977 -11.391223 -59.58046 7.895001 -13.982714 -7.150186 -2.875025 13.772771 -8.401514 -3.218263 0.347739 -34.211712 0.771704 -0.963042 -17.733501 2.621068 -0.0 2e-06 -2e-06 -17.346415 -20.095203 -4.20175 21.75761 -1.638397 3.866403 6e-06 -6.338847 8e-06 -1.697587 -22.591871 -6.194007 -0.0 -4e-06 -1e-06 34.643166 -74.177261 164.08905 41.667107 -46.600754 -2.206652 44.436073 -0.376792 0.154024 9.172711 5.925669 -11.111406 22.182144 -20.375891 49.933205 -16.701702 -16.74349 28.476408 9e-06 -12.690574 -1.3e-05 15.720994 -17.677183 2.95673 -0.105924 -1.51385 -4.27587 -5.039038 -5.612856 -2.953546 -4e-06 -11.0205 1.3e-05 -6.111307 -15.895317 -3.84046 -3e-06 3e-06 -1e-06 -10.283365 -5.680277 -4.34183 11.028259 -11.302368 -2.372603 -1.384287 -14.238542 -6.320092 -0.625471 -26.924145 -3.827564 -4.589485 -50.351433 -3.168342 -13.708518 -7.363467 -3.720932 18.141098 -14.052693 -3.242629 -1.5e-05 -18.787237 2.1e-05 -0.429718 -8.456045 2.555513 1e-06 -2e-06 -1e-06 -15.923543 -20.094444 -5.473559 30.419149 -7.190792 1.735966 -2e-06 -8.162906 7e-06 -1.861921 -22.861446 -6.167913 1e-06 -2e-06 -2e-06 -178.547165 3.898638 -20.259617 5.369413 -0.088119 0.271208 -78.143158 -8.342518 -9.898418 -6.114421 1.720176 2.034823 -0.999999 -2e-06 -0.0 1.50139 -17.689846 -19.108891 7.594637 0.105988 0.462935 -72.065514 4.072997 -11.388113 -5.957068 0.600307 1.646838 -1.000001 0.0 -0.0 
0.0 0.0 0.0 0.0 -0.0 0.0 11.229108 99.336929 -0.485189 94.559219 1.422405 86.62011 -4.365932 -5.422764 0.808265 -12.378031 -1.017863 1.240804 18.779495 -3.34917 -1.378699 17.44092 -6.63046 1.933123 -2.626598 -0.631484 -1.330905 -23.644138 2.31564 -3.058111 6e-06 1e-06 0.0 -0.029222 -0.020665 0.171087 -0.136848 0.019347 0.140147 -0.12191 -0.063618 0.197905 -143.556122 -65.145103 164.333054 33.916775 -42.354908 -14.607121 60.818859 -0.973859 -0.035372 -24.923092 14.702515 -75.146927 17.636568 -26.322771 52.411152 -19.466734 -14.395701 29.410442 -4e-06 -8.774863 1.6e-05 16.2749 -17.692127 6.881679 -0.609771 -1.795654 -3.889326 -4.807093 -11.046833 -2.937838 8e-06 -20.976088 1.3e-05 -5.020014 -25.033689 -4.031865 9e-06 -0.0 -0.0 -10.634542 -5.686971 -3.565565 10.573318 -17.922991 -3.113921 -0.0 -13.821258 1.2e-05 -0.5018 -31.181696 -4.026997 -11.13376 -59.308926 7.702491 -13.982725 -7.150198 -2.875015 13.772776 -8.401508 -3.218271 0.347725 -34.211693 0.771675 -0.963041 -17.733482 2.621041 1e-06 1e-06 -2e-06 -17.346441 -20.095224 -4.201739 21.757626 -1.638382 3.866394 1e-06 -6.338845 4e-06 -1.6976 -22.591864 -6.194009 0.0 -5e-06 -1e-06 34.86797 -74.274269 163.816559 42.305733 -47.39727 1.642682 46.376705 -0.593678 0.207488 8.022565 4.460865 -8.975698 22.182158 -20.375919 49.933346 -16.701782 -16.743513 28.476524 3e-06 -12.690603 -1.2e-05 15.850059 -17.817596 2.810024 -0.105922 -1.513853 -4.275882 -5.03905 -5.612875 -2.95356 -0.0 -11.020539 5e-06 -6.111309 -15.895384 -3.840488 -1e-06 -0.0 -2e-06 -10.283379 -5.680293 -4.341841 11.028285 -11.302403 -2.37262 -1.384272 -14.238599 -6.320132 -0.625446 -26.924271 -3.82761 -4.623186 -50.153198 -3.235253 -13.708536 -7.363486 -3.720944 18.141144 -14.052736 -3.242653 -7e-06 -18.787302 1e-05 -0.429721 -8.456077 2.555524 2e-06 -1e-06 -2e-06 -15.923554 -20.094492 -5.473586 30.419207 -7.190816 1.735958 -0.0 -8.162938 -0.0 -1.861907 -22.861563 -6.167963 2e-06 -3e-06 -1e-06 -178.498917 4.350231 -20.469486 5.340556 -0.086804 0.299756 -78.162125 -8.42163 -9.776033 -6.146673 1.720016 2.030338 -0.999999 -1e-06 -0.0 1.35491 -18.176497 -19.146545 7.780258 0.112422 0.482517 -72.055466 4.208556 -11.445681 -5.963504 0.603982 1.64651 -1.0 1e-06 -1e-06 
0.0 0.0 0.0 0.0 -0.0 0.0 11.556 99.297531 -0.443321 94.809425 1.501934 86.452332 -4.432786 -5.485494 0.807021 -12.388087 -1.020609 1.233031 18.721928 -3.333834 -1.393845 17.311214 -6.721607 1.96871 -2.588218 -0.654821 -1.146394 -23.513493 2.453769 -3.187728 7e-06 1e-06 0.0 -0.023806 -0.01642 0.200232 -0.098249 0.02338 0.176415 -0.087685 -0.059256 0.219336 -144.008133 -64.977814 164.835144 34.227558 -42.557655 -13.121625 61.422138 -1.378698 -0.168912 -24.837751 14.21193 -76.206604 17.636761 -26.322802 52.411366 -19.466768 -14.395592 29.410519 -9e-06 -8.774854 -1.6e-05 16.017782 -17.641365 6.857792 -0.609781 -1.795661 -3.889341 -4.807091 -11.046857 -2.937881 4.2e-05 -20.976147 -1.8e-05 -5.019927 -25.033756 -4.03194 4e-06 0.0 1e-06 -10.634559 -5.686987 -3.565616 10.573327 -17.923048 -3.113919 2.7e-05 -13.821292 -5e-06 -0.501697 -31.181791 -4.027061 -10.870637 -58.953064 7.481013 -13.982744 -7.150217 -2.875074 13.772771 -8.401544 -3.218243 0.347805 -34.211777 0.771634 -0.96301 -17.733524 2.621063 -1e-06 -1e-06 1e-06 -17.346449 -20.095287 -4.201833 21.75762 -1.638413 3.866468 1.3e-05 -6.338863 -4e-06 -1.697534 -22.591949 -6.194098 2e-06 -3e-06 -2e-06 34.975971 -74.433342 163.644958 42.660305 -48.074905 4.650777 48.334435 -0.761865 0.232699 6.604782 3.046251 -8.39827 22.182201 -20.375849 49.933552 -16.701956 -16.74361 28.476725 8e-06 -12.690709 -7e-06 15.978125 -17.890072 2.706647 -0.10592 -1.513867 -4.275898 -5.039083 -5.612917 -2.953581 -4e-06 -11.020604 -2.9e-05 -6.111356 -15.895522 -3.840571 -1e-06 2e-06 -3e-06 -10.283432 -5.680337 -4.34186 11.028361 -11.302453 -2.372668 -1.384287 -14.238704 -6.320216 -0.625385 -26.92449 -3.827758 -4.655054 -50.048183 -3.262241 -13.708605 -7.363537 -3.720954 18.141262 -14.052792 -3.242723 1.3e-05 -18.787403 -5.5e-05 -0.429708 -8.456116 2.555508 -1e-06 -2e-06 1e-06 -15.923645 -20.094618 -5.473623 30.419416 -7.19083 1.735943 2e-06 -8.16297 -2.1e-05 -1.86188 -22.861696 -6.168098 0.0 -3e-06 1e-06 -178.412598 4.812884 -20.584249 5.331718 -0.08325 0.304723 -78.171265 -8.524866 -9.658047 -6.150003 1.706726 2.028594 -1.000001 1e-06 -0.0 1.236204 -18.691851 -19.118111 8.024815 0.111796 0.493744 -72.112312 4.357256 -11.505488 -5.921866 0.616413 1.65136 -1.000006 2e-06 0.0 
0.0 0.0 0.0 0.0 -0.0 0.0 11.83031 99.262657 -0.376137 95.052422 1.581851 86.255768 -4.513948 -5.531989 0.844532 -12.389656 -0.998834 1.254451 18.625551 -3.292358 -1.385204 17.22616 -6.855045 2.010829 -2.594813 -0.649227 -1.049116 -23.32572 2.572961 -3.224386 5e-06 -0.0 -0.0 -0.017605 -0.015933 0.20954 -0.072298 0.026924 0.190487 -0.066079 -0.062053 0.223353 -144.089859 -64.839722 164.95752 34.081806 -42.748478 -10.815427 63.656792 -1.547045 -0.336202 -23.238449 13.636806 -76.354782 17.6369 -26.322954 52.411713 -19.466885 -14.39565 29.410692 -1.3e-05 -8.774912 -2.5e-05 15.579638 -17.56901 6.887675 -0.609786 -1.795674 -3.889363 -4.807124 -11.046909 -2.937906 5.3e-05 -20.976271 -3e-05 -5.019942 -25.03393 -4.031991 8e-06 0.0 2e-06 -10.634625 -5.68701 -3.565641 10.573396 -17.92314 -3.113938 3.6e-05 -13.821369 -1.2e-05 -0.501668 -31.181993 -4.027115 -10.686246 -58.678074 7.313273 -13.982833 -7.150246 -2.875099 13.772858 -8.401597 -3.218251 0.34784 -34.211998 0.771617 -0.962996 -17.733635 2.62108 -0.0 -2e-06 0.0 -17.346544 -20.095385 -4.201877 21.757742 -1.638428 3.86651 1.7e-05 -6.338893 -3e-06 -1.697527 -22.592064 -6.194153 2e-06 -4e-06 -0.0 34.900745 -74.688873 163.604294 42.784321 -48.630226 7.052723 50.253021 -0.796123 0.228409 4.805666 1.377148 -9.423905 22.182255 -20.375875 49.933483 -16.701975 -16.743649 28.476675 -6e-06 -12.690725 -8e-06 16.063635 -17.908209 2.687166 -0.105917 -1.513868 -4.275903 -5.039087 -5.612906 -2.953572 1.2e-05 -11.02059 -2.3e-05 -6.111348 -15.895466 -3.840533 -0.0 -0.0 -0.0 -10.283446 -5.680327 -4.341851 11.028389 -11.302464 -2.372662 -1.384276 -14.238677 -6.320179 -0.625376 -26.924421 -3.827687 -4.676767 -50.009216 -3.215975 -13.708625 -7.363524 -3.720948 18.141312 -14.052813 -3.242712 2.9e-05 -18.787386 -3.5e-05 -0.429694 -8.456112 2.555512 -1e-06 -1e-06 0.0 -15.923669 -20.094604 -5.473607 30.419474 -7.190878 1.735939 1.3e-05 -8.162971 -1.4e-05 -1.861883 -22.861639 -6.168039 3e-06 -4e-06 2e-06 -178.335907 5.24359 -20.638603 5.341031 -0.083259 0.274012 -78.160416 -8.68517 -9.548665 -6.165299 1.700684 2.031728 -1.000002 -2e-06 -1e-06 1.128907 -19.170198 -19.012871 8.244913 0.102985 0.488564 -72.198677 4.494451 -11.591765 -5.891319 0.627046 1.655976 -1.000006 1e-06 0.0 
0.0 0.0 0.0 0.0 -0.0 0.0 12.052059 99.219185 -0.296239 95.237915 1.654071 85.996284 -4.61408 -5.538672 0.899305 -12.366517 -0.953214 1.289917 18.502392 -3.224495 -1.352869 17.144655 -6.961578 2.023981 -2.630629 -0.621552 -0.995613 -23.122353 2.68179 -3.127111 5e-06 -0.0 0.0 -0.021284 -0.017511 0.193928 -0.067513 0.031079 0.17649 -0.06947 -0.069123 0.205927 -143.839996 -64.781235 164.743652 33.641148 -42.823017 -7.617733 66.962013 -1.314342 -0.39715 -19.687395 12.832556 -76.591537 17.636511 -26.322557 52.411003 -19.466532 -14.395514 29.410273 5e-06 -8.774772 -2e-06 15.149308 -17.567097 7.064899 -0.609776 -1.795644 -3.889311 -4.80707 -11.046745 -2.937844 -5e-06 -20.975887 -1.3e-05 -5.019924 -25.033436 -4.031902 7e-06 1e-06 1e-06 -10.634484 -5.686944 -3.565578 10.573195 -17.922825 -3.113884 -3e-06 -13.821124 -5e-06 -0.501756 -31.181334 -4.027025 -10.861995 -59.13636 7.437669 -13.982646 -7.150168 -2.87504 13.772641 -8.401431 -3.218224 0.347719 -34.211327 0.771639 -0.96303 -17.733286 2.621007 -1e-06 -0.0 -0.0 -17.346334 -20.095118 -4.201778 21.757437 -1.638349 3.866413 -0.0 -6.338788 1e-06 -1.697573 -22.59164 -6.194012 -1e-06 -4e-06 -3e-06 34.51123 -75.083565 163.855331 42.81263 -49.076603 8.955598 52.267441 -0.621689 0.204315 2.301503 -0.99504 -12.081723 22.181919 -20.375769 49.932995 -16.701723 -16.743444 28.476377 -1.6e-05 -12.6905 2.1e-05 16.086044 -17.876614 2.764136 -0.105917 -1.513848 -4.275859 -5.038995 -5.612838 -2.953538 1.5e-05 -11.020473 -5e-06 -6.11122 -15.895266 -3.840441 1e-06 -1e-06 1e-06 -10.283296 -5.680251 -4.341808 11.028223 -11.302344 -2.372629 -1.384238 -14.238498 -6.320079 -0.625399 -26.924053 -3.827583 -4.677747 -50.056942 -3.094917 -13.708429 -7.363426 -3.72091 18.141039 -14.052672 -3.242675 1.7e-05 -18.787176 -1e-06 -0.429707 -8.456016 2.55549 0.0 1e-06 2e-06 -15.923408 -20.094357 -5.473543 30.418999 -7.190786 1.735873 8e-06 -8.162887 -1e-06 -1.861862 -22.861366 -6.167897 -0.0 -4e-06 -0.0 -178.270874 5.58636 -20.712063 5.360515 -0.080772 0.226994 -78.121231 -8.897033 -9.474285 -6.23977 1.732397 2.042278 -1.0 1e-06 0.0 1.010848 -19.552834 -18.825863 8.411055 0.096137 0.47443 -72.259369 4.604336 -11.669412 -5.948862 0.616196 1.651171 -1.000004 -1e-06 -1e-06 
0.0 0.0 0.0 0.0 -0.0 0.0 12.219482 99.16465 -0.239396 95.339363 1.751605 85.731422 -4.683679 -5.491811 0.956419 -12.337499 -0.921627 1.29605 18.414021 -3.146662 -1.302096 17.105879 -6.999812 2.041372 -2.651975 -0.609481 -1.023427 -22.990255 2.762642 -2.971136 5e-06 1e-06 -0.0 -0.031762 -0.018941 0.161244 -0.087696 0.034791 0.14012 -0.098093 -0.075115 0.177182 -143.661041 -64.780815 164.524445 33.303219 -42.735512 -4.534825 70.353951 -1.052624 -0.352319 -15.938171 12.016651 -77.640839 17.636797 -26.322893 52.411442 -19.466839 -14.395703 29.410601 -1.6e-05 -8.774918 -1.3e-05 15.026482 -17.648138 7.133198 -0.60978 -1.795663 -3.889347 -4.80711 -11.046872 -2.937876 5.1e-05 -20.976219 3e-06 -5.019979 -25.033871 -4.031929 4e-06 -1e-06 -1e-06 -10.634591 -5.686986 -3.565612 10.573394 -17.923088 -3.113925 2.9e-05 -13.821341 1.2e-05 -0.501727 -31.181929 -4.027037 -11.192559 -60.061069 7.715363 -13.982787 -7.150214 -2.875065 13.77285 -8.40157 -3.21826 0.347814 -34.211914 0.771674 -0.963017 -17.73361 2.6211 -1e-06 -2e-06 1e-06 -17.346495 -20.095297 -4.201817 21.757729 -1.638426 3.866467 1.5e-05 -6.338881 4e-06 -1.697563 -22.592026 -6.194082 -3e-06 -4e-06 -4e-06 33.693394 -75.358315 164.617966 42.870815 -49.22221 10.320607 54.515301 -0.369866 0.154926 0.075211 -3.516781 -15.382066 22.182245 -20.375912 49.93351 -16.701883 -16.743565 28.476646 6e-06 -12.690668 -1.4e-05 16.086353 -17.791239 2.865921 -0.105921 -1.513864 -4.275897 -5.039073 -5.612904 -2.953576 -2e-06 -11.020583 -1.9e-05 -6.111335 -15.89546 -3.840537 1e-06 -3e-06 -1e-06 -10.283422 -5.680323 -4.34186 11.028337 -11.302443 -2.372642 -1.384283 -14.238663 -6.320178 -0.625413 -26.924404 -3.827687 -4.683723 -50.235703 -2.930909 -13.708592 -7.36352 -3.720963 18.141222 -14.052785 -3.242683 1.2e-05 -18.787367 -2.9e-05 -0.42971 -8.456099 2.55552 1e-06 -0.0 2e-06 -15.923623 -20.094589 -5.473623 30.419344 -7.190845 1.73597 6e-06 -8.162968 -5e-06 -1.861885 -22.861643 -6.168044 0.0 -4e-06 1e-06 -178.188065 5.807011 -20.775328 5.396542 -0.068329 0.187187 -78.078445 -9.086621 -9.362738 -6.310034 1.76563 2.05133 -1.000002 -0.0 0.0 0.914334 -19.793743 -18.647873 8.54913 0.080506 0.475112 -72.29966 4.663266 -11.67446 -6.078454 0.588767 1.637072 -0.999999 -0.0 0.0 
0.0 0.0 0.0 0.0 -0.0 0.0 12.33827 99.104973 -0.223074 95.393349 1.913114 85.47699 -4.70849 -5.426148 1.003208 -12.345087 -0.918928 1.262604 18.453485 -3.052949 -1.244969 17.17079 -7.033678 2.067855 -2.658989 -0.626984 -1.115976 -22.936113 2.850016 -2.816488 6e-06 1e-06 -0.0 -0.036355 -0.016689 0.13679 -0.105604 0.037732 0.112022 -0.121257 -0.07316 0.157 -143.789169 -64.776901 164.592041 33.368237 -42.435127 -2.239494 73.215988 -1.0162 -0.261795 -13.485985 11.585449 -78.939194 17.636755 -26.322828 52.411522 -19.466745 -14.395566 29.410557 -5e-06 -8.774845 -1.9e-05 15.067369 -17.695677 7.08064 -0.609784 -1.795664 -3.889345 -4.807103 -11.046853 -2.937887 2.5e-05 -20.976128 -2.4e-05 -5.019928 -25.033743 -4.031957 7e-06 -0.0 0.0 -10.634562 -5.686997 -3.565627 10.573304 -17.923033 -3.113915 1.9e-05 -13.821282 -5e-06 -0.50171 -31.181765 -4.027071 -11.435852 -60.784771 7.949446 -13.982749 -7.150225 -2.875086 13.772756 -8.401536 -3.218239 0.347785 -34.211758 0.771634 -0.963022 -17.733513 2.621062 -1e-06 -0.0 1e-06 -17.346447 -20.095301 -4.201858 21.757599 -1.638396 3.866482 7e-06 -6.338858 1e-06 -1.697541 -22.591928 -6.194096 0.0 -5e-06 -2e-06 32.53112 -75.245193 165.817963 42.960983 -48.898857 11.105678 57.321373 -0.311286 0.035496 -0.529157 -5.612976 -18.707054 22.182171 -20.375835 49.933353 -16.701935 -16.743544 28.476595 -3.4e-05 -12.690635 -7e-06 16.147112 -17.711065 2.84556 -0.105918 -1.513864 -4.275888 -5.039043 -5.612879 -2.953567 3.5e-05 -11.020551 -3.2e-05 -6.111252 -15.895389 -3.840531 0.0 3e-06 -1e-06 -10.283395 -5.680292 -4.341847 11.028345 -11.302443 -2.37266 -1.384223 -14.238615 -6.320169 -0.625296 -26.924305 -3.827675 -4.690422 -50.42947 -2.857503 -13.708556 -7.363477 -3.720951 18.14123 -14.052792 -3.242713 7.6e-05 -18.787302 -4.6e-05 -0.429674 -8.456066 2.555507 0.0 -0.0 2e-06 -15.92355 -20.094509 -5.473618 30.419296 -7.190897 1.735911 2.9e-05 -8.162932 -1.3e-05 -1.861799 -22.861498 -6.167997 1e-06 -2e-06 5e-06 -178.041763 5.953803 -20.805969 5.436235 -0.047946 0.176729 -78.086761 -9.254319 -9.248441 -6.324633 1.758571 2.050918 -1.0 -0.0 1e-06 0.854671 -19.951166 -18.481733 8.72115 0.049548 0.481811 -72.353455 4.7264 -11.623366 -6.160659 0.561915 1.621074 -1.000006 -2e-06 0.0 
0.0 0.0 0.0 0.0 -0.0 0.0 12.419733 99.033226 -0.239408 95.450607 2.152152 85.197281 -4.726521 -5.388551 1.01849 -12.381676 -0.936106 1.210719 18.632034 -2.949593 -1.201585 17.330244 -7.102991 2.092905 -2.676 -0.684368 -1.142489 -22.853033 2.901493 -2.707971 6e-06 -0.0 -0.0 -0.036465 -0.010517 0.135696 -0.101415 0.04405 0.113307 -0.127902 -0.066639 0.154205 -144.21048 -64.726913 165.045334 33.771149 -41.740105 -0.454196 75.523605 -1.041403 -0.151155 -11.776671 11.385282 -80.026596 17.636496 -26.322598 52.410698 -19.466524 -14.395635 29.410166 -5e-06 -8.774803 1.1e-05 15.117008 -17.765417 6.983818 -0.609766 -1.795633 -3.889295 -4.807061 -11.046732 -2.937798 4e-06 -20.975883 4.6e-05 -5.019987 -25.033394 -4.031789 6e-06 1e-06 1e-06 -10.634483 -5.686922 -3.565529 10.573245 -17.922836 -3.113864 -3e-06 -13.821133 3.3e-05 -0.501839 -31.181343 -4.026886 -11.634378 -61.352203 8.15985 -13.982655 -7.150136 -2.874983 13.772696 -8.40144 -3.218231 0.3477 -34.211361 0.771736 -0.963046 -17.73332 2.621051 -1e-06 2e-06 2e-06 -17.346352 -20.095055 -4.201681 21.757507 -1.638374 3.866365 -2e-06 -6.338796 1.6e-05 -1.697613 -22.591656 -6.193912 0.0 -3e-06 -3e-06 31.121437 -74.774971 167.362915 42.986366 -48.132172 11.454133 61.198551 -0.238846 -0.108498 0.831116 -7.994914 -22.979456 22.182007 -20.375864 49.93314 -16.701574 -16.743404 28.476326 2.9e-05 -12.690495 -8e-06 16.517141 -17.746206 2.613435 -0.105927 -1.51384 -4.275861 -5.039019 -5.612841 -2.953537 -2.3e-05 -11.020453 1.9e-05 -6.111282 -15.895257 -3.840445 -0.0 0.0 -0.0 -10.283316 -5.680267 -4.341824 11.028185 -11.302308 -2.372584 -1.384292 -14.238486 -6.320074 -0.625511 -26.924013 -3.827556 -4.689307 -50.626102 -2.902853 -13.708451 -7.363451 -3.720929 18.140968 -14.052617 -3.242603 -4.8e-05 -18.787165 2.7e-05 -0.429735 -8.456009 2.555507 0.0 -0.0 1e-06 -15.923471 -20.094385 -5.473546 30.418964 -7.190711 1.735962 -2e-05 -8.162886 1.4e-05 -1.861948 -22.861361 -6.167887 0.0 -3e-06 -3e-06 -177.812149 6.096389 -20.857542 5.44789 -0.031444 0.188455 -78.091362 -9.39256 -9.131644 -6.249815 1.722358 2.046495 -0.999994 -1e-06 -0.0 0.810986 -20.117626 -18.245747 8.97515 0.032892 0.48775 -72.436935 4.844505 -11.605899 -6.126187 0.557131 1.615586 -1.000001 0.0 -0.0 
0.0 0.0 0.0 0.0 -0.0 0.0 12.472276 98.983742 -0.275046 95.465157 2.415922 84.902161 -4.761451 -5.370821 1.00072 -12.414477 -0.929644 1.191586 18.851734 -2.831551 -1.214698 17.591269 -7.198592 2.144864 -2.688327 -0.78759 -1.045818 -22.682688 2.885714 -2.674035 6e-06 0.0 -0.0 -0.034251 -0.008039 0.13878 -0.082349 0.050104 0.123615 -0.120102 -0.067664 0.149844 -144.573044 -64.757278 165.471466 34.505848 -40.86417 0.739497 77.289162 -1.15566 -0.060116 -10.763739 11.295495 -80.313736 17.636833 -26.323004 52.41169 -19.466892 -14.395703 29.410713 -1.6e-05 -8.774922 -1.4e-05 14.987572 -17.744772 6.886797 -0.609782 -1.795668 -3.889359 -4.80712 -11.046908 -2.937891 4.7e-05 -20.976284 -7e-06 -5.019983 -25.033957 -4.03196 7e-06 2e-06 -0.0 -10.63461 -5.687006 -3.565626 10.573405 -17.923141 -3.113938 3e-05 -13.821382 6e-06 -0.501717 -31.182041 -4.027065 -11.591576 -61.525471 8.104769 -13.982816 -7.150241 -2.87508 13.772868 -8.401593 -3.218265 0.347804 -34.212044 0.771671 -0.963025 -17.733665 2.621102 -1e-06 1e-06 1e-06 -17.346533 -20.095366 -4.201844 21.757757 -1.638429 3.866485 1.3e-05 -6.338902 4e-06 -1.697553 -22.592108 -6.194124 2e-06 -3e-06 -3e-06 30.051094 -74.370598 168.549728 43.079563 -47.468895 10.926735 65.748116 -0.149286 -0.214926 3.861737 -9.930873 -28.605324 22.182325 -20.376007 49.933632 -16.701946 -16.743622 28.476725 -1.4e-05 -12.690712 -1.7e-05 17.129698 -17.808937 2.233614 -0.105922 -1.513866 -4.275903 -5.039081 -5.612903 -2.953586 1.8e-05 -11.020613 -1e-05 -6.111333 -15.895494 -3.840546 -1e-06 -1e-06 -0.0 -10.28344 -5.680314 -4.341874 11.028386 -11.302478 -2.372646 -1.384265 -14.238686 -6.320189 -0.625386 -26.92448 -3.827658 -4.69353 -50.698753 -2.994655 -13.708613 -7.363511 -3.720975 18.141293 -14.052836 -3.242687 3.7e-05 -18.787409 -5e-06 -0.4297 -8.456129 2.555547 -0.0 0.0 0.0 -15.923635 -20.094582 -5.473643 30.419434 -7.190912 1.735963 1.5e-05 -8.162986 6e-06 -1.861874 -22.861689 -6.168016 0.0 -3e-06 -5e-06 -177.567917 6.188162 -20.86969 5.448663 -0.028909 0.199641 -78.05085 -9.605654 -8.988925 -6.155415 1.694538 2.044898 -0.999997 0.0 1e-06 0.770632 -20.236174 -17.985735 9.258411 0.039568 0.491589 -72.478577 5.032638 -11.642035 -6.081919 0.574414 1.624259 -1.000001 -1e-06 0.0 
0.0 0.0 0.0 0.0 -0.0 0.0 12.501094 98.981567 -0.327252 95.361145 2.645355 84.562294 -4.803226 -5.324186 0.964648 -12.419611 -0.891851 1.189378 18.990946 -2.689153 -1.282905 17.928772 -7.28748 2.231194 -2.670332 -0.846773 -0.883464 -22.529919 2.831217 -2.555678 6e-06 0.0 0.0 -0.02979 -0.014045 0.120666 -0.068459 0.053327 0.111882 -0.104908 -0.083846 0.124001 -144.597458 -65.08429 165.538223 35.537296 -40.130669 1.285865 78.7332 -1.399029 0.010738 -10.406423 11.257443 -79.750626 17.636549 -26.322626 52.411179 -19.466612 -14.395534 29.410385 6e-06 -8.774798 -4e-06 14.674789 -17.633776 6.851106 -0.609779 -1.795652 -3.889323 -4.807084 -11.046787 -2.937859 -9e-06 -20.975971 -2e-05 -5.019942 -25.033545 -4.031929 7e-06 -1e-06 3e-06 -10.634505 -5.686967 -3.565591 10.573221 -17.922895 -3.113905 -3e-06 -13.821182 -8e-06 -0.501755 -31.181488 -4.027061 -11.360441 -61.275089 7.814268 -13.982675 -7.150194 -2.875048 13.772673 -8.401461 -3.218239 0.347721 -34.211479 0.771625 -0.963035 -17.73337 2.621013 1e-06 1e-06 0.0 -17.346369 -20.095186 -4.201799 21.757488 -1.63835 3.866429 -3e-06 -6.338809 -3e-06 -1.697579 -22.591724 -6.19405 2e-06 -2e-06 -3e-06 29.635473 -74.413582 168.933884 43.515976 -47.214794 9.282533 70.166359 -0.165563 -0.284528 7.252147 -10.240732 -34.672035 22.182108 -20.375807 49.933231 -16.701881 -16.743513 28.476528 -3.4e-05 -12.690601 1e-06 17.444178 -17.723696 1.975045 -0.105915 -1.513859 -4.275876 -5.039029 -5.612863 -2.953561 3.6e-05 -11.020525 -2.1e-05 -6.111236 -15.89533 -3.840512 -1e-06 -1e-06 -2e-06 -10.283362 -5.680275 -4.341836 11.028316 -11.302413 -2.372652 -1.384225 -14.238574 -6.320142 -0.625315 -26.924232 -3.827641 -4.681008 -50.515057 -3.081348 -13.70851 -7.363455 -3.720942 18.14118 -14.052757 -3.242698 6.6e-05 -18.78726 -2.7e-05 -0.429679 -8.456051 2.555504 0.0 0.0 1e-06 -15.923498 -20.094446 -5.473601 30.419205 -7.190874 1.735906 2.7e-05 -8.162913 -8e-06 -1.861807 -22.861462 -6.167964 0.0 -4e-06 -0.0 -177.383743 6.152072 -20.818867 5.470533 -0.031136 0.196472 -78.013397 -9.995551 -8.845304 -6.112461 1.693078 2.046258 -0.999997 -1e-06 -0.0 0.750736 -20.197664 -17.784824 9.395103 0.054068 0.486812 -72.324715 5.323339 -11.617995 -6.111363 0.58771 1.635945 -1.000001 -0.0 0.0 
0.0 0.0 0.0 0.0 -0.0 0.0 12.50946 99.002289 -0.397662 95.159912 2.83744 84.208176 -4.832314 -5.257336 0.921331 -12.393696 -0.855478 1.170829 19.046141 -2.553529 -1.362258 18.221916 -7.264631 2.28456 -2.64367 -0.83355 -0.644031 -22.400204 2.797729 -2.309197 6e-06 0.0 -0.0 -0.024487 -0.023118 0.089773 -0.074486 0.054761 0.082933 -0.102338 -0.104491 0.089779 -144.302673 -65.682198 165.279099 36.717281 -39.42931 1.734535 80.105957 -1.607283 0.132875 -10.116751 11.044686 -78.686646 17.636757 -26.322863 52.411133 -19.466682 -14.395585 29.410347 -2.2e-05 -8.774826 -1.5e-05 14.364708 -17.602049 6.855888 -0.609776 -1.795654 -3.889326 -4.807065 -11.046827 -2.937841 4.4e-05 -20.976109 3.4e-05 -5.019945 -25.03368 -4.031821 6e-06 -1e-06 0.0 -10.634533 -5.686958 -3.565592 10.573304 -17.923023 -3.113876 3e-05 -13.821264 2.7e-05 -0.501751 -31.181696 -4.026931 -11.162304 -60.947151 7.487702 -13.982712 -7.150181 -2.875049 13.772741 -8.401543 -3.21822 0.347791 -34.21172 0.771712 -0.963016 -17.733496 2.621083 -1e-06 1e-06 -1e-06 -17.346394 -20.095215 -4.201776 21.757549 -1.638426 3.866439 1.6e-05 -6.33885 8e-06 -1.697541 -22.591856 -6.193977 -3e-06 -5e-06 -3e-06 29.477552 -74.72995 169.028046 44.188309 -46.902676 6.925419 73.586174 -0.094178 -0.327811 10.235581 -9.253429 -40.548603 22.182325 -20.375956 49.933567 -16.701803 -16.743469 28.476574 -3e-06 -12.690614 -4.7e-05 17.383196 -17.565195 1.928614 -0.105932 -1.513858 -4.275893 -5.039058 -5.612876 -2.953586 1.5e-05 -11.020542 -1.2e-05 -6.111285 -15.895384 -3.840549 0.0 0.0 -1e-06 -10.283407 -5.680295 -4.34188 11.028313 -11.302421 -2.372608 -1.384268 -14.238599 -6.320174 -0.625388 -26.92428 -3.827643 -4.593227 -50.237694 -3.202487 -13.708569 -7.363493 -3.720989 18.141172 -14.052768 -3.24263 3.3e-05 -18.7873 -4e-06 -0.429697 -8.456072 2.555535 -0.0 0.0 -2e-06 -15.923577 -20.094521 -5.473661 30.419222 -7.190875 1.736018 1.6e-05 -8.162937 6e-06 -1.861849 -22.861511 -6.167974 0.0 -3e-06 -2e-06 -177.236664 6.007719 -20.795586 5.469586 -0.031082 0.191645 -77.939568 -10.466892 -8.701547 -6.111842 1.707515 2.04789 -1.000003 -1e-06 -0.0 0.804474 -19.998526 -17.714314 9.291259 0.062173 0.493387 -71.97892 5.640545 -11.49504 -6.223313 0.573119 1.635194 -0.999999 -0.0 -0.0 
0.0 0.0 0.0 0.0 -0.0 0.0 12.506378 99.014633 -0.47917 94.959045 3.004697 83.913094 -4.840862 -5.234183 0.902494 -12.361985 -0.840998 1.124098 19.05397 -2.460606 -1.422493 18.426174 -7.070428 2.362041 -2.655578 -0.806092 -0.360018 -22.181955 2.819474 -2.089053 6e-06 0.0 0.0 -0.024777 -0.026773 0.060338 -0.096336 0.056286 0.053082 -0.119362 -0.113562 0.060391 -144.063309 -66.331268 165.023056 37.787773 -38.415424 2.848101 81.546234 -1.565034 0.291197 -9.29447 10.237217 -77.157883 17.636669 -26.322767 52.410927 -19.466557 -14.395624 29.410217 4e-06 -8.77483 -6e-06 14.165225 -17.784391 6.859952 -0.609774 -1.795643 -3.889313 -4.807087 -11.046782 -2.937809 -1.4e-05 -20.976 6.4e-05 -5.020039 -25.033554 -4.031803 5e-06 2e-06 -3e-06 -10.634529 -5.68695 -3.56556 10.573263 -17.922924 -3.113847 -1.2e-05 -13.821213 4.5e-05 -0.501869 -31.181555 -4.0269 -11.168103 -60.801216 7.308948 -13.982709 -7.15017 -2.875012 13.772727 -8.401478 -3.218212 0.347671 -34.211571 0.771767 -0.963067 -17.733427 2.621072 -2e-06 1e-06 -1e-06 -17.346424 -20.095152 -4.201715 21.757563 -1.63838 3.866421 -1e-06 -6.338825 1.6e-05 -1.697633 -22.59177 -6.193932 2e-06 -3e-06 -5e-06 29.128216 -74.937111 169.3069 44.645435 -46.146336 4.345267 75.497742 0.186724 -0.347709 12.474753 -7.544068 -45.902782 22.182076 -20.375845 49.933105 -16.701628 -16.743443 28.476318 3.1e-05 -12.690536 -1.4e-05 17.099047 -17.397129 2.034893 -0.105923 -1.513844 -4.275864 -5.039033 -5.612855 -2.953532 -2.2e-05 -11.020478 1.6e-05 -6.111312 -15.895287 -3.840433 -2e-06 0.0 -2e-06 -10.283345 -5.680282 -4.341823 11.028214 -11.302334 -2.372585 -1.384305 -14.238512 -6.320072 -0.62552 -26.924065 -3.82756 -4.387571 -50.06847 -3.386009 -13.708488 -7.363462 -3.720922 18.141026 -14.052647 -3.242612 -4.5e-05 -18.787193 1.7e-05 -0.42973 -8.45602 2.5555 -1e-06 -0.0 -0.0 -15.923521 -20.094423 -5.473541 30.419054 -7.19074 1.735973 -1.5e-05 -8.162896 5e-06 -1.861953 -22.861414 -6.167912 1e-06 -3e-06 -0.0 -177.083511 5.865247 -20.814934 5.380282 -0.036095 0.202726 -77.841934 -10.867227 -8.606213 -6.136622 1.719849 2.050298 -0.999998 -1e-06 -1e-06 0.9215 -19.762434 -17.763493 9.016176 0.054389 0.512008 -71.62207 5.945349 -11.380935 -6.345616 0.553746 1.626433 -1.000001 -2e-06 -1e-06 
0.0 0.0 0.0 0.0 -0.0 0.0 12.509051 99.017914 -0.589507 94.813507 3.133711 83.712364 -4.829362 -5.263876 0.922369 -12.354877 -0.842181 1.103442 19.055965 -2.409831 -1.456539 18.590157 -6.757474 2.465463 -2.690686 -0.807438 -0.108975 -21.909903 2.930916 -1.928413 6e-06 0.0 -0.0 -0.03183 -0.022123 0.044119 -0.113167 0.059553 0.035972 -0.13599 -0.107318 0.045441 -144.097397 -66.824844 164.972931 38.720058 -37.012215 4.516506 82.965614 -1.272588 0.427222 -7.915972 8.813769 -75.002602 17.636446 -26.322474 52.410999 -19.466631 -14.395574 29.410341 1.1e-05 -8.774813 1.2e-05 14.081599 -18.1231 6.890446 -0.609775 -1.795651 -3.889316 -4.807091 -11.046782 -2.937851 -9e-06 -20.975945 -4.9e-05 -5.019949 -25.033525 -4.03195 6e-06 -0.0 0.0 -10.634506 -5.68697 -3.565565 10.573229 -17.922865 -3.113933 -5e-06 -13.821161 -3.7e-05 -0.501734 -31.181454 -4.027122 -11.329909 -60.745647 7.304198 -13.982677 -7.150198 -2.875021 13.772687 -8.401441 -3.218262 0.34773 -34.211437 0.771557 -0.963013 -17.733345 2.620961 1e-06 -1e-06 3e-06 -17.346392 -20.095184 -4.201762 21.757517 -1.638328 3.866391 -1e-05 -6.338801 -1.1e-05 -1.697587 -22.591724 -6.194067 -1e-06 -5e-06 -2e-06 28.467642 -74.900467 169.871445 44.603844 -45.057598 1.477333 75.702667 0.39431 -0.431895 13.840242 -4.957711 -51.169594 22.181883 -20.375679 49.932991 -16.701794 -16.743471 28.476416 -4e-06 -12.690545 2.5e-05 16.745464 -17.16967 2.220278 -0.105913 -1.513856 -4.275862 -5.039013 -5.612864 -2.953535 2e-06 -11.020497 -1.9e-05 -6.11126 -15.895329 -3.840464 -0.0 -0.0 2e-06 -10.283314 -5.680275 -4.341796 11.02824 -11.302366 -2.372654 -1.384252 -14.238553 -6.320109 -0.625393 -26.924154 -3.82765 -4.201862 -50.195633 -3.558685 -13.708453 -7.363461 -3.720897 18.141068 -14.052685 -3.242712 9e-06 -18.78722 -4.3e-05 -0.429705 -8.456024 2.555469 -0.0 -1e-06 1e-06 -15.923461 -20.094435 -5.47353 30.419092 -7.19077 1.735861 -1e-06 -8.162896 -2.1e-05 -1.861861 -22.861441 -6.16799 1e-06 -4e-06 -0.0 -176.957855 5.783014 -20.787251 5.247626 -0.047699 0.216671 -77.808563 -11.192164 -8.562193 -6.13769 1.71522 2.051734 -0.999996 -2e-06 -0.0 1.034252 -19.57873 -17.964365 8.713812 0.028504 0.529377 -71.372406 6.262563 -11.27503 -6.399797 0.545439 1.616588 -1.0 -0.0 0.0 
0.0 0.0 0.0 0.0 -0.0 0.0 12.52459 99.016426 -0.734826 94.732071 3.20536 83.602127 -4.816225 -5.318561 0.953972 -12.373721 -0.852658 1.124474 19.088442 -2.406714 -1.438399 18.776041 -6.380689 2.56132 -2.721957 -0.810873 0.098317 -21.733757 3.140558 -1.797182 6e-06 0.0 0.0 -0.03664 -0.013267 0.039562 -0.098218 0.067756 0.032728 -0.120019 -0.098042 0.040481 -144.37146 -67.026016 165.17627 39.456619 -35.40115 5.894958 84.404694 -0.985113 0.535319 -6.334469 7.36241 -73.067513 17.636818 -26.322929 52.411301 -19.466673 -14.395583 29.410412 -9e-06 -8.774841 -2e-05 14.160953 -18.475893 6.892842 -0.609783 -1.795654 -3.889331 -4.80709 -11.046845 -2.937848 1.8e-05 -20.976152 4.9e-05 -5.019991 -25.033772 -4.031846 4e-06 1e-06 -5e-06 -10.634553 -5.686969 -3.565605 10.573307 -17.92304 -3.113862 1.4e-05 -13.821301 3.3e-05 -0.50179 -31.181812 -4.02695 -11.409938 -60.499256 7.356001 -13.982735 -7.150194 -2.875063 13.772754 -8.401542 -3.218211 0.347743 -34.211796 0.771746 -0.963048 -17.733543 2.621102 -2e-06 1e-06 0.0 -17.34643 -20.095242 -4.201799 21.757587 -1.638416 3.866474 7e-06 -6.338866 1.2e-05 -1.697574 -22.591953 -6.194013 2e-06 -4e-06 -4e-06 27.597279 -74.663399 170.671234 43.997208 -43.795509 -1.816908 74.612595 0.258793 -0.597143 14.203781 -0.833496 -57.188774 22.18227 -20.376093 49.933598 -16.701876 -16.74357 28.476677 -2.9e-05 -12.690642 -5e-06 16.318832 -16.830677 2.422524 -0.105925 -1.513856 -4.275896 -5.03905 -5.612881 -2.953577 2.3e-05 -11.02058 7e-06 -6.111282 -15.895427 -3.840509 1e-06 1e-06 0.0 -10.283401 -5.680292 -4.341873 11.028341 -11.302458 -2.372628 -1.384244 -14.238639 -6.320158 -0.625386 -26.924377 -3.827605 -4.098911 -50.49958 -3.687454 -13.708564 -7.363483 -3.720973 18.141222 -14.052818 -3.242671 3.1e-05 -18.787371 2.6e-05 -0.42971 -8.456115 2.555548 0.0 -1e-06 1e-06 -15.923563 -20.094515 -5.473631 30.419287 -7.190901 1.735942 1.4e-05 -8.162969 1.6e-05 -1.861871 -22.861614 -6.167935 -1e-06 -3e-06 -2e-06 -176.924667 5.747784 -20.746555 5.162048 -0.059302 0.237393 -77.785492 -11.371017 -8.508619 -6.110109 1.703738 2.0521 -0.999997 1e-06 -1e-06 1.06496 -19.496237 -18.359663 8.525681 0.009019 0.537064 -71.205948 6.693904 -11.077875 -6.360336 0.555966 1.612078 -1.000002 -0.0 -1e-06 
0.0 0.0 0.0 0.0 -0.0 0.0 12.549246 99.015396 -0.895203 94.697411 3.226668 83.53595 -4.781554 -5.383939 0.97554 -12.389539 -0.867255 1.160871 19.128557 -2.417192 -1.38441 18.990484 -5.99616 2.639121 -2.728397 -0.814329 0.309073 -21.682245 3.378242 -1.641352 6e-06 -0.0 0.0 -0.035483 -0.006788 0.049809 -0.065342 0.076426 0.045033 -0.082496 -0.094571 0.050211 -144.438202 -67.01815 165.241257 39.81321 -33.99773 6.358255 85.994705 -0.866257 0.662206 -4.993099 6.53575 -72.467369 17.636623 -26.322748 52.411278 -19.466728 -14.395585 29.410477 -1.3e-05 -8.774822 1e-06 14.287227 -18.671349 6.823543 -0.609772 -1.795657 -3.889333 -4.807075 -11.046829 -2.93787 3.8e-05 -20.976099 -1.4e-05 -5.019916 -25.033703 -4.031898 6e-06 3e-06 0.0 -10.634525 -5.686971 -3.565597 10.573291 -17.923004 -3.113918 2.4e-05 -13.821263 -2e-06 -0.501711 -31.181726 -4.02703 -11.311141 -60.098228 7.332088 -13.982703 -7.1502 -2.875055 13.772729 -8.401523 -3.218253 0.347782 -34.2117 0.771649 -0.963018 -17.733492 2.621057 -0.0 -0.0 1e-06 -17.346388 -20.095234 -4.201809 21.757544 -1.638399 3.866427 1.1e-05 -6.338847 -2e-06 -1.69752 -22.591887 -6.194065 -2e-06 -5e-06 -2e-06 26.970171 -74.497597 171.358643 43.016273 -42.625252 -5.542878 73.244675 -0.242014 -0.721817 13.628366 4.280567 -64.189499 22.18195 -20.375841 49.933323 -16.701851 -16.743513 28.476597 -1.3e-05 -12.690565 3e-05 16.188068 -16.438053 2.421585 -0.105917 -1.513859 -4.275887 -5.039021 -5.612875 -2.95356 8e-06 -11.020542 -1.6e-05 -6.111256 -15.895394 -3.840489 0.0 -0.0 -2e-06 -10.283336 -5.680289 -4.341831 11.028268 -11.302402 -2.372661 -1.384238 -14.238598 -6.320148 -0.625379 -26.924267 -3.827659 -3.992254 -50.55508 -3.838546 -13.708478 -7.363478 -3.720934 18.141106 -14.052734 -3.242722 1.9e-05 -18.787285 -3.1e-05 -0.429712 -8.456067 2.555498 -0.0 -0.0 0.0 -15.92348 -20.094484 -5.473587 30.419136 -7.190799 1.735862 -0.0 -8.162931 -9e-06 -1.861861 -22.861534 -6.167985 -4e-06 -1e-06 -0.0 -176.980804 5.749498 -20.690077 5.124451 -0.06034 0.264234 -77.705139 -11.447842 -8.413457 -6.088657 1.700931 2.053145 -0.999996 -1e-06 0.0 0.946752 -19.53364 -18.877344 8.567346 0.009914 0.531602 -71.11969 7.238759 -10.804251 -6.298893 0.581406 1.614062 -0.999996 -1e-06 0.0 
0.0 0.0 0.0 0.0 -0.0 0.0 12.589166 99.01635 -1.054151 94.691757 3.192831 83.462898 -4.736525 -5.434206 0.980878 -12.380905 -0.886593 1.192175 19.158728 -2.409479 -1.308542 19.226786 -5.695205 2.689597 -2.713035 -0.830911 0.465255 -21.630671 3.611633 -1.476709 6e-06 -0.0 1e-06 -0.035041 -0.007642 0.058527 -0.050923 0.078277 0.053698 -0.064057 -0.098867 0.060159 -144.106537 -66.944893 165.000626 39.551006 -32.922176 6.087623 87.808769 -0.789419 0.785389 -4.007476 6.279384 -72.601295 17.636658 -26.322767 52.411381 -19.466778 -14.395639 29.410553 -6e-06 -8.774865 -1e-06 14.384662 -18.759413 6.694872 -0.609779 -1.795662 -3.889341 -4.807101 -11.046846 -2.937876 2.5e-05 -20.976122 -2.9e-05 -5.019947 -25.033741 -4.03196 1e-05 -3e-06 2e-06 -10.634561 -5.686991 -3.565604 10.57332 -17.923018 -3.113938 1.7e-05 -13.821276 -1.4e-05 -0.501703 -31.181753 -4.027102 -11.20295 -59.84066 7.233586 -13.982744 -7.15022 -2.87506 13.772776 -8.401523 -3.218265 0.347773 -34.21175 0.771618 -0.96302 -17.733509 2.621041 -0.0 -1e-06 1e-06 -17.346455 -20.095282 -4.201814 21.757631 -1.638389 3.866441 6e-06 -6.338855 -5e-06 -1.697552 -22.591919 -6.194105 2e-06 -4e-06 -4e-06 26.951849 -74.550041 171.486725 41.868446 -41.720379 -9.003609 72.3601 -0.572749 -0.700946 13.079031 7.982352 -70.042358 22.182137 -20.375872 49.933372 -16.701878 -16.743521 28.476585 -1e-05 -12.690623 -5e-06 16.378851 -16.375124 2.266036 -0.105919 -1.513864 -4.275887 -5.039046 -5.612887 -2.953564 1.4e-05 -11.020572 -1.8e-05 -6.111294 -15.89544 -3.840509 -2e-06 -2e-06 1e-06 -10.283379 -5.680303 -4.341846 11.028308 -11.302439 -2.37265 -1.384261 -14.238647 -6.320157 -0.625394 -26.92437 -3.827667 -3.906768 -50.289383 -3.99213 -13.708534 -7.363495 -3.72095 18.141171 -14.052786 -3.242692 2.6e-05 -18.78734 -2.9e-05 -0.429699 -8.456088 2.555503 -1e-06 -2e-06 0.0 -15.923541 -20.094532 -5.473601 30.419231 -7.190847 1.735924 9e-06 -8.16295 -1.6e-05 -1.861851 -22.861605 -6.168018 -0.0 -3e-06 -3e-06 -177.110748 5.78383 -20.620506 5.099713 -0.057008 0.269899 -77.572052 -11.565393 -8.313449 -6.060514 1.705606 2.056248 -0.999999 -0.0 -1e-06 0.671573 -19.641954 -19.328581 8.790808 0.027742 0.519233 -71.099792 7.745236 -10.613485 -6.292482 0.589725 1.616372 -1.000002 -1e-06 -0.0 
0.0 0.0 0.0 0.0 -0.0 0.0 12.638089 99.017578 -1.201739 94.722946 3.103352 83.360931 -4.698982 -5.459859 0.975662 -12.367468 -0.897376 1.217641 19.203949 -2.401576 -1.20805 19.470505 -5.521273 2.689976 -2.709192 -0.80605 0.601464 -21.559988 3.803486 -1.311354 6e-06 -0.0 0.0 -0.035155 -0.0108 0.062317 -0.055946 0.079823 0.055357 -0.068685 -0.107111 0.066326 -143.494614 -66.775757 164.523804 38.602119 -31.963171 5.570184 89.74572 -0.57732 0.869037 -3.122014 6.292679 -72.581009 17.63674 -26.322882 52.411373 -19.466684 -14.395633 29.410475 -5e-06 -8.774863 -1.4e-05 14.515082 -18.850187 6.524554 -0.609779 -1.795652 -3.889337 -4.807098 -11.046829 -2.937857 2e-05 -20.976107 2.7e-05 -5.019984 -25.03371 -4.031884 8e-06 -1e-06 1e-06 -10.634556 -5.686971 -3.565604 10.573313 -17.922995 -3.113886 1.1e-05 -13.821261 2e-05 -0.501768 -31.1817 -4.026995 -11.152824 -59.644608 7.149683 -13.982746 -7.150197 -2.875058 13.772772 -8.401519 -3.218233 0.347738 -34.21172 0.771718 -0.963051 -17.733501 2.621086 -1e-06 -0.0 0.0 -17.346439 -20.095228 -4.201804 21.757618 -1.638402 3.866461 4e-06 -6.33885 1.2e-05 -1.697587 -22.591883 -6.19403 1e-06 -4e-06 -1e-06 27.401594 -74.745216 171.10408 40.479038 -40.935986 -11.351668 71.99218 -0.552194 -0.590037 12.921905 10.246366 -74.010239 22.182175 -20.375969 49.933353 -16.701832 -16.743563 28.476555 -1.7e-05 -12.69063 2e-06 16.458786 -16.502365 2.194887 -0.105919 -1.513855 -4.275886 -5.039045 -5.612874 -2.953557 1.3e-05 -11.020549 2e-06 -6.111301 -15.895388 -3.840483 -1e-06 -4e-06 0.0 -10.283381 -5.680282 -4.34184 11.028319 -11.302423 -2.372632 -1.384259 -14.238602 -6.320129 -0.625408 -26.924286 -3.827598 -3.882369 -49.887516 -4.059495 -13.708538 -7.36347 -3.720941 18.14119 -14.052768 -3.242672 1.5e-05 -18.787319 1.7e-05 -0.429708 -8.456081 2.555527 -1e-06 -0.0 -1e-06 -15.923548 -20.094482 -5.473582 30.419258 -7.190855 1.73593 9e-06 -8.162949 4e-06 -1.861887 -22.86157 -6.167946 1e-06 -3e-06 -1e-06 -177.317123 5.859721 -20.590651 5.085502 -0.058605 0.253479 -77.441376 -11.66153 -8.181822 -6.040626 1.719039 2.059723 -0.999996 0.0 0.0 0.276907 -19.794777 -19.69313 9.082345 0.040889 0.505564 -71.136711 8.179749 -10.508385 -6.339135 0.592159 1.620929 -1.000002 -2e-06 -1e-06 
0.0 0.0 0.0 0.0 -0.0 0.0 12.698587 99.013832 -1.341372 94.818665 2.945697 83.220657 -4.663108 -5.481406 0.962025 -12.356257 -0.896276 1.243391 19.251451 -2.405974 -1.096175 19.683514 -5.432483 2.680015 -2.71847 -0.746773 0.727586 -21.475124 3.929137 -1.135153 6e-06 -0.0 0.0 -0.028803 -0.014299 0.059852 -0.070632 0.07882 0.047454 -0.086324 -0.113066 0.06925 -142.778854 -66.422752 163.918579 37.006512 -30.991758 4.830377 91.45459 -0.328672 0.883662 -2.214623 6.544468 -72.091515 17.636692 -26.322927 52.411655 -19.466835 -14.395708 29.410696 -9e-06 -8.774905 4e-06 14.709716 -18.970558 6.354869 -0.609779 -1.795661 -3.88936 -4.807111 -11.046871 -2.937886 3.4e-05 -20.976198 -1.7e-05 -5.019974 -25.033844 -4.031961 8e-06 -2e-06 1e-06 -10.634584 -5.686994 -3.565622 10.573372 -17.923071 -3.113946 2.3e-05 -13.821327 -6e-06 -0.501713 -31.181896 -4.027087 -11.163859 -59.467159 7.125681 -13.98278 -7.150224 -2.875074 13.772833 -8.401554 -3.218281 0.347783 -34.211872 0.771656 -0.96303 -17.733587 2.62108 0.0 0.0 2e-06 -17.346491 -20.095306 -4.20184 21.757704 -1.638407 3.866455 9e-06 -6.338872 2e-06 -1.697561 -22.592001 -6.194112 0.0 -4e-06 -2e-06 28.089685 -74.957275 170.445221 38.819557 -40.193005 -12.492893 71.886856 -0.355816 -0.422875 13.126024 11.684797 -76.648766 22.182182 -20.375948 49.933487 -16.701906 -16.74358 28.476648 -6e-06 -12.690671 -5e-06 16.293278 -16.643965 2.266014 -0.105919 -1.513862 -4.275898 -5.039059 -5.612893 -2.953571 1.2e-05 -11.02058 -1.5e-05 -6.111316 -15.89546 -3.840521 -0.0 -4e-06 -0.0 -10.2834 -5.680304 -4.341853 11.028341 -11.302449 -2.372653 -1.384264 -14.238654 -6.320166 -0.625391 -26.924393 -3.827659 -3.900777 -49.460884 -4.038734 -13.708565 -7.363498 -3.720958 18.141232 -14.052796 -3.2427 2.6e-05 -18.787363 -1.8e-05 -0.429704 -8.4561 2.555524 2e-06 1e-06 -3e-06 -15.923579 -20.094549 -5.473612 30.419334 -7.190869 1.735931 1.1e-05 -8.162963 -1.1e-05 -1.861871 -22.861645 -6.168019 0.0 -3e-06 -0.0 -177.610046 6.00504 -20.621784 5.072211 -0.065646 0.229868 -77.346878 -11.677046 -8.032361 -6.057101 1.73156 2.061169 -0.999999 -0.0 0.0 -0.242606 -20.015295 -19.994564 9.400116 0.047839 0.484815 -71.24588 8.567949 -10.450931 -6.407233 0.589584 1.624919 -1.000001 0.0 -0.0 
0.0 0.0 0.0 0.0 -0.0 0.0 12.774077 99.005508 -1.483237 94.940979 2.714921 83.007568 -4.639994 -5.482934 0.95177 -12.350293 -0.886798 1.264524 19.290133 -2.392915 -0.993812 19.851088 -5.404011 2.688928 -2.72693 -0.687547 0.833854 -21.354006 3.998827 -0.94296 6e-06 0.0 0.0 -0.012159 -0.017968 0.053589 -0.08317 0.076831 0.034 -0.10295 -0.118034 0.070306 -142.095947 -65.904846 163.336075 34.880783 -30.033367 3.765931 92.469139 -0.13866 0.834859 -1.394003 7.170844 -71.290253 17.636757 -26.322775 52.411018 -19.466553 -14.395555 29.410231 -1.1e-05 -8.774809 -2.5e-05 14.922173 -19.037807 6.23771 -0.609777 -1.795643 -3.889312 -4.807065 -11.046769 -2.937831 2.4e-05 -20.975977 5.7e-05 -5.019958 -25.033499 -4.03181 7e-06 1e-06 -2e-06 -10.634518 -5.686936 -3.565582 10.573264 -17.922926 -3.113841 1.4e-05 -13.821194 4e-05 -0.501797 -31.181484 -4.026889 -11.197355 -59.344681 7.159257 -13.982692 -7.150159 -2.875047 13.772708 -8.401491 -3.218192 0.347752 -34.211494 0.771758 -0.963038 -17.733385 2.621103 0.0 -1e-06 -0.0 -17.346386 -20.095139 -4.201771 21.757517 -1.638412 3.866453 1.3e-05 -6.338817 1.5e-05 -1.697564 -22.591728 -6.193947 -2e-06 -3e-06 -2e-06 28.866138 -75.069946 169.693253 37.048618 -39.475086 -12.860755 71.707092 -0.202475 -0.275697 13.605226 12.576447 -78.257225 22.182182 -20.375879 49.933014 -16.701832 -16.743511 28.476385 -3.2e-05 -12.690601 -7e-06 16.041084 -16.743464 2.400078 -0.105915 -1.513855 -4.275864 -5.039029 -5.612866 -2.953536 3.1e-05 -11.02056 1.2e-05 -6.111269 -15.895382 -3.840426 2e-06 2e-06 -2e-06 -10.283364 -5.680268 -4.341815 11.028316 -11.302445 -2.372614 -1.384247 -14.238615 -6.320075 -0.625415 -26.924341 -3.827519 -3.927358 -49.11681 -3.959013 -13.708516 -7.36345 -3.720916 18.141176 -14.052801 -3.242657 5e-05 -18.78734 1.4e-05 -0.429687 -8.456104 2.555517 4e-06 -0.0 -3e-06 -15.923519 -20.094454 -5.473537 30.419214 -7.190898 1.735926 2.2e-05 -8.162956 -5e-06 -1.861844 -22.861612 -6.167927 0.0 -4e-06 -1e-06 -177.975342 6.168467 -20.768793 5.052472 -0.070083 0.200198 -77.297768 -11.62712 -7.873647 -6.1036 1.732713 2.059864 -0.999999 0.0 0.0 -0.876495 -20.246759 -20.219328 9.702483 0.057054 0.465421 -71.358665 8.917171 -10.388668 -6.505962 0.586584 1.625354 -1.000002 1e-06 1e-06 
0.0 0.0 0.0 0.0 -0.0 0.0 12.846407 98.99601 -1.624299 95.046669 2.427419 82.71154 -4.638083 -5.460909 0.941178 -12.351242 -0.870314 1.272084 19.316917 -2.317383 -0.910637 19.978426 -5.402009 2.728787 -2.751549 -0.666101 0.927671 -21.174612 4.017806 -0.763791 6e-06 -0.0 0.0 0.008282 -0.020482 0.056443 -0.079647 0.073846 0.035032 -0.105301 -0.119411 0.075455 -141.626724 -65.339775 162.985596 32.495419 -29.206959 2.29862 92.175827 -0.130856 0.763065 -0.979188 8.208405 -70.477188 17.63661 -26.322641 52.411064 -19.466631 -14.395556 29.410341 9e-06 -8.774819 -5e-06 15.012392 -19.013332 6.242574 -0.609779 -1.795653 -3.88932 -4.807096 -11.046814 -2.937847 -2.1e-05 -20.976038 -8e-06 -5.019986 -25.033644 -4.031916 6e-06 1e-06 -2e-06 -10.634524 -5.686977 -3.565581 10.573243 -17.922935 -3.113896 -8e-06 -13.821221 -7e-06 -0.501787 -31.181604 -4.027053 -11.316287 -59.35815 7.293905 -13.982703 -7.150206 -2.875032 13.772705 -8.401477 -3.218233 0.347704 -34.211594 0.771638 -0.963038 -17.733427 2.621015 -1e-06 0.0 1e-06 -17.346418 -20.095226 -4.201767 21.757545 -1.638352 3.866433 -4e-06 -6.338829 -2e-06 -1.697599 -22.59182 -6.194048 -0.0 -3e-06 -3e-06 29.536293 -75.003349 169.071045 35.393635 -38.766426 -12.839911 71.104401 -0.176275 -0.213174 14.264897 13.071873 -79.012123 22.182058 -20.375822 49.93325 -16.701767 -16.743498 28.476477 1.2e-05 -12.69058 5e-06 15.85277 -16.831297 2.537887 -0.10592 -1.513855 -4.275876 -5.039039 -5.612871 -2.953552 -9e-06 -11.020517 -5e-06 -6.111299 -15.895358 -3.840481 0.0 2e-06 -3e-06 -10.283362 -5.680295 -4.341832 11.028264 -11.302377 -2.372634 -1.384281 -14.238569 -6.320123 -0.62544 -26.924189 -3.827637 -3.971491 -49.063255 -3.83296 -13.708514 -7.363485 -3.720928 18.141106 -14.052698 -3.242671 -1.1e-05 -18.787258 -1.8e-05 -0.429716 -8.456049 2.555496 1e-06 -2e-06 0.0 -15.923538 -20.094484 -5.47357 30.419157 -7.190773 1.735928 -5e-06 -8.162912 -1e-05 -1.861903 -22.861481 -6.167975 3e-06 -3e-06 -2e-06 -178.379196 6.297773 -21.004538 5.036852 -0.068421 0.179002 -77.311363 -11.59536 -7.759272 -6.150537 1.723428 2.057696 -0.999998 -2e-06 -0.0 -1.590353 -20.441668 -20.378027 9.981522 0.07041 0.459097 -71.413498 9.256859 -10.282984 -6.594355 0.580865 1.621342 -1.000002 -1e-06 -0.0 
0.0 0.0 0.0 0.0 -0.0 0.0 12.90537 98.990204 -1.74656 95.107574 2.116117 82.361046 -4.640685 -5.417544 0.913834 -12.349504 -0.841233 1.274245 19.316275 -2.150005 -0.880394 20.057644 -5.36489 2.801546 -2.780971 -0.701432 1.02683 -20.938515 3.960814 -0.617801 6e-06 -0.0 0.0 0.022097 -0.021391 0.085287 -0.066142 0.070358 0.066228 -0.099628 -0.116791 0.102389 -141.347015 -64.836975 162.826553 30.175957 -28.696474 0.425676 90.267799 -0.410549 0.634587 -1.248925 9.434533 -69.571938 17.636648 -26.322798 52.4114 -19.466721 -14.395631 29.410511 1e-06 -8.774855 -5e-06 14.988637 -18.928343 6.357253 -0.60978 -1.795659 -3.889338 -4.8071 -11.046831 -2.937864 1.4e-05 -20.976091 -9e-06 -5.019964 -25.033699 -4.031927 5e-06 2e-06 0.0 -10.634556 -5.686984 -3.565601 10.5733 -17.922989 -3.113917 6e-06 -13.821253 -3e-06 -0.501756 -31.181679 -4.027057 -11.533114 -59.565022 7.491818 -13.982742 -7.150214 -2.875054 13.772764 -8.401505 -3.218251 0.347749 -34.21167 0.771655 -0.96303 -17.733467 2.621046 -1e-06 -0.0 -1e-06 -17.346451 -20.095259 -4.201807 21.757612 -1.638381 3.866437 -1e-06 -6.338843 4e-06 -1.697574 -22.591862 -6.19407 -0.0 -4e-06 -1e-06 29.879992 -74.788902 168.813339 34.001762 -38.101078 -12.849657 69.982498 -0.299204 -0.213714 15.021546 13.329998 -79.358543 22.18214 -20.375959 49.933552 -16.701923 -16.743607 28.476713 -1.3e-05 -12.690668 1.1e-05 15.821606 -16.958572 2.641178 -0.105918 -1.513862 -4.2759 -5.039056 -5.612895 -2.953576 1.3e-05 -11.020589 -1.3e-05 -6.111309 -15.895471 -3.840524 1e-06 -2e-06 -1e-06 -10.283398 -5.680307 -4.341857 11.028344 -11.302451 -2.372663 -1.384255 -14.238666 -6.320177 -0.625383 -26.924444 -3.82766 -4.006839 -49.281982 -3.699318 -13.708561 -7.363501 -3.720957 18.141232 -14.052799 -3.242716 2.3e-05 -18.787382 -1.5e-05 -0.429713 -8.456116 2.555528 1e-06 2e-06 -1e-06 -15.923572 -20.094549 -5.473618 30.419327 -7.190853 1.735906 6e-06 -8.162969 -4e-06 -1.861877 -22.861662 -6.168009 1e-06 -4e-06 -1e-06 -178.78775 6.360716 -21.208427 5.027999 -0.062105 0.177653 -77.343994 -11.661222 -7.733538 -6.176638 1.704185 2.058466 -0.999998 -1e-06 1e-06 -2.317648 -20.577414 -20.49334 10.219433 0.083465 0.468365 -71.377441 9.64153 -10.196257 -6.673862 0.578166 1.615854 -1.000005 0.0 -0.0 
0.0 0.0 0.0 0.0 -0.0 0.0 12.932372 98.999001 -1.844692 95.126854 1.825494 82.01844 -4.615082 -5.368737 0.856994 -12.335686 -0.814567 1.23113 19.267731 -1.892995 -0.872863 20.072216 -5.25566 2.892441 -2.790691 -0.744772 1.130319 -20.672117 3.85375 -0.471603 6e-06 -0.0 -0.0 0.026586 -0.021228 0.134307 -0.048411 0.065971 0.117494 -0.084615 -0.111499 0.149376 -141.139465 -64.554108 162.706177 28.174095 -28.677155 -1.718724 86.885147 -0.870692 0.452676 -2.146349 10.668755 -68.87133 17.636557 -26.322767 52.411343 -19.466661 -14.39558 29.410467 -2e-06 -8.774807 3e-06 14.926972 -18.760561 6.550597 -0.609776 -1.795653 -3.889334 -4.807078 -11.046805 -2.937862 6e-06 -20.976023 -1.1e-05 -5.019939 -25.033596 -4.031901 5e-06 1e-06 2e-06 -10.634515 -5.68697 -3.565596 10.573253 -17.922947 -3.113913 2e-06 -13.821218 -2e-06 -0.501754 -31.181583 -4.027037 -11.802952 -59.925343 7.711671 -13.98269 -7.150198 -2.875052 13.772698 -8.401491 -3.218253 0.347727 -34.211578 0.771656 -0.963042 -17.733419 2.621034 0.0 -1e-06 1e-06 -17.346378 -20.095217 -4.201805 21.757507 -1.638369 3.866416 1e-06 -6.338825 -1e-06 -1.697563 -22.591789 -6.194037 1e-06 -2e-06 -2e-06 29.954393 -74.475288 168.835892 32.944378 -37.486526 -13.198674 68.457214 -0.519285 -0.191687 15.801173 13.443039 -79.63472 22.182121 -20.375927 49.933449 -16.701834 -16.743553 28.476591 -1.2e-05 -12.690617 1e-06 15.960392 -17.103846 2.694824 -0.105919 -1.513855 -4.275893 -5.039043 -5.612867 -2.953561 1.1e-05 -11.02052 -8e-06 -6.111284 -15.895348 -3.840502 -0.0 1e-06 2e-06 -10.283381 -5.680289 -4.341849 11.028308 -11.302402 -2.372643 -1.384263 -14.238583 -6.32014 -0.625396 -26.924238 -3.827633 -4.012837 -49.655106 -3.604653 -13.708535 -7.363475 -3.72095 18.141172 -14.052735 -3.242687 1.8e-05 -18.787275 -5e-06 -0.429711 -8.456057 2.555519 2e-06 -0.0 -2e-06 -15.923543 -20.094481 -5.473611 30.419239 -7.190828 1.735923 6e-06 -8.162921 1e-06 -1.861881 -22.861483 -6.167957 -0.0 -0.0 1e-06 -179.171341 6.362184 -21.315889 5.040326 -0.055493 0.188918 -77.358971 -11.821561 -7.793587 -6.181059 1.679191 2.062328 -0.999999 -0.0 1e-06 -2.993596 -20.65399 -20.596788 10.424753 0.093771 0.4878 -71.257607 10.020743 -10.145374 -6.730654 0.574279 1.61124 -1.000005 0.0 -1e-06 
0.0 0.0 0.0 0.0 -0.0 0.0 12.928221 99.015404 -1.915249 95.119781 1.567066 81.767563 -4.565609 -5.328084 0.771013 -12.311331 -0.799209 1.149545 19.184669 -1.578728 -0.886253 19.973452 -5.016634 2.958199 -2.767702 -0.749314 1.217678 -20.430876 3.728703 -0.324812 6e-06 -0.0 -0.0 0.020623 -0.020045 0.182439 -0.035152 0.062057 0.167336 -0.063924 -0.105608 0.195485 -140.936249 -64.604324 162.52507 26.738352 -29.192013 -3.8912 82.589211 -1.251616 0.31733 -3.214773 11.871779 -68.957306 17.636463 -26.322622 52.411037 -19.466516 -14.395555 29.41029 2.1e-05 -8.774786 8e-06 14.938725 -18.506142 6.72114 -0.609777 -1.795645 -3.889315 -4.807089 -11.04677 -2.937829 -5e-05 -20.97592 6e-06 -5.020006 -25.033484 -4.031884 5e-06 1e-06 0.0 -10.634493 -5.686965 -3.565567 10.573181 -17.922842 -3.113878 -3.5e-05 -13.821157 4e-06 -0.501847 -31.181412 -4.027029 -12.004813 -60.228786 7.903114 -13.982658 -7.15019 -2.875019 13.772649 -8.401421 -3.218233 0.347624 -34.211395 0.771678 -0.963074 -17.73333 2.621001 -2e-06 1e-06 -1e-06 -17.346376 -20.095158 -4.201741 21.757467 -1.638316 3.866401 -1.6e-05 -6.338799 3e-06 -1.697642 -22.591686 -6.193993 -2e-06 -5e-06 -2e-06 30.005432 -74.116676 168.858231 32.310619 -36.96574 -14.1326 66.727127 -0.684536 -0.148104 16.50935 13.435754 -79.955643 22.181936 -20.375704 49.933052 -16.70166 -16.74342 28.476337 1.7e-05 -12.690507 5e-06 16.171072 -17.281492 2.693487 -0.105921 -1.513847 -4.275856 -5.039016 -5.612842 -2.95354 -1.4e-05 -11.020443 -8e-06 -6.111267 -15.895244 -3.840464 2e-06 4e-06 0.0 -10.283316 -5.680271 -4.34181 11.028198 -11.302302 -2.372622 -1.384282 -14.238479 -6.320092 -0.625443 -26.923981 -3.827626 -4.002802 -49.952625 -3.584769 -13.708454 -7.363454 -3.720914 18.141003 -14.052608 -3.242655 -1.9e-05 -18.787128 -1.5e-05 -0.429717 -8.45599 2.55548 0.0 1e-06 -0.0 -15.923471 -20.094385 -5.473545 30.41901 -7.19072 1.735925 -7e-06 -8.162863 -1e-05 -1.8619 -22.861305 -6.167932 2e-06 -2e-06 -3e-06 -179.53154 6.320167 -21.338074 5.07165 -0.055041 0.201049 -77.347359 -12.017845 -7.871442 -6.126165 1.655483 2.068067 -0.999998 -1e-06 0.0 -3.594824 -20.678701 -20.626278 10.661721 0.107261 0.49265 -71.160187 10.287836 -10.131146 -6.747063 0.578435 1.613874 -0.999997 1e-06 -0.0 
0.0 0.0 0.0 0.0 -0.0 0.0 12.88671 99.04258 -1.96656 95.101265 1.315152 81.645393 -4.517788 -5.312454 0.668067 -12.27652 -0.797937 1.031579 19.065264 -1.222139 -0.952051 19.720846 -4.588549 2.980382 -2.741505 -0.728041 1.275996 -20.256947 3.58903 -0.213097 6e-06 -0.0 -0.0 0.005763 -0.016321 0.208002 -0.035021 0.061173 0.196645 -0.047405 -0.098503 0.216879 -140.635422 -64.952591 162.187515 25.892553 -30.157328 -6.14553 78.056641 -1.465675 0.248365 -4.141414 13.274724 -69.932388 17.636562 -26.322653 52.411205 -19.466646 -14.39555 29.410406 -3e-06 -8.7748 2e-06 15.105021 -18.224987 6.77585 -0.609777 -1.795653 -3.889327 -4.807076 -11.046795 -2.937863 1.5e-05 -20.975996 -2.4e-05 -5.019917 -25.033579 -4.031924 4e-06 -3e-06 1e-06 -10.634508 -5.686965 -3.565592 10.573245 -17.922916 -3.113914 8e-06 -13.821197 -1.2e-05 -0.501725 -31.181545 -4.027064 -12.064318 -60.351116 8.003635 -13.982679 -7.150193 -2.875052 13.772688 -8.401479 -3.218249 0.347753 -34.211529 0.771621 -0.963019 -17.733395 2.621019 -1e-06 -1e-06 0.0 -17.346373 -20.095194 -4.201803 21.7575 -1.638367 3.866426 2e-06 -6.338819 -4e-06 -1.697553 -22.591776 -6.194054 -2e-06 -1e-06 -0.0 30.127695 -73.760399 168.729645 32.150646 -36.526047 -15.731058 64.736008 -0.644916 -0.082768 17.14794 13.29102 -80.154106 22.182022 -20.375879 49.933315 -16.701777 -16.743483 28.476519 -1.4e-05 -12.69055 1.3e-05 16.351368 -17.498949 2.649236 -0.105919 -1.513852 -4.275878 -5.03902 -5.612857 -2.953558 9e-06 -11.020505 -9e-06 -6.111252 -15.895329 -3.840484 0.0 -3e-06 2e-06 -10.283335 -5.680272 -4.341837 11.028258 -11.302379 -2.37264 -1.384246 -14.238551 -6.320127 -0.62539 -26.924171 -3.82762 -4.038074 -50.067051 -3.612986 -13.708475 -7.363455 -3.720941 18.141085 -14.052706 -3.242679 1.3e-05 -18.787233 -5e-06 -0.429713 -8.456041 2.555509 1e-06 3e-06 -3e-06 -15.92347 -20.094431 -5.473591 30.419098 -7.190809 1.735903 5e-06 -8.16291 -2e-06 -1.861872 -22.861462 -6.167939 1e-06 -2e-06 -2e-06 -179.893921 6.244583 -21.296503 5.120329 -0.060924 0.205716 -77.351959 -12.205749 -7.958763 -6.026937 1.644 2.076726 -1.0 1e-06 1e-06 -4.17847 -20.672487 -20.598293 11.03987 0.115968 0.476389 -71.172035 10.350336 -10.151438 -6.76311 0.582315 1.620442 -1.000001 1e-06 0.0 
0.0 0.0 0.0 0.0 -0.0 0.0 12.793432 99.086205 -2.019986 95.126366 1.059693 81.65049 -4.474898 -5.35214 0.574514 -12.231412 -0.826262 0.862068 18.899084 -0.872201 -1.072938 19.292437 -3.986999 2.945935 -2.733007 -0.703818 1.271241 -20.191566 3.467763 -0.184907 6e-06 -0.0 -0.0 -0.010175 -0.01056 0.194264 -0.041352 0.066475 0.190443 -0.035155 -0.093637 0.195655 -140.080017 -65.550911 161.537628 25.537712 -31.514719 -8.71026 73.836555 -1.612021 0.218613 -4.785792 15.217986 -71.561386 17.636673 -26.322716 52.410973 -19.466667 -14.395585 29.410307 -1.5e-05 -8.774822 -7e-06 15.513015 -18.033165 6.658206 -0.609771 -1.795653 -3.889316 -4.807071 -11.046804 -2.937841 3.4e-05 -20.976046 1.8e-05 -5.019949 -25.033607 -4.031842 7e-06 2e-06 -1e-06 -10.634518 -5.686954 -3.565573 10.573289 -17.922976 -3.113891 2.2e-05 -13.821235 1.2e-05 -0.501747 -31.181618 -4.026973 -12.033376 -60.3321 8.031939 -13.982696 -7.150174 -2.875027 13.772731 -8.401518 -3.218237 0.347785 -34.21162 0.771679 -0.963013 -17.733442 2.621061 0.0 2e-06 -3e-06 -17.34639 -20.095186 -4.201754 21.757549 -1.638406 3.866422 1.2e-05 -6.338835 3e-06 -1.697551 -22.59182 -6.193999 -0.0 -4e-06 1e-06 30.367704 -73.499718 168.386307 32.482395 -36.194706 -18.176949 62.246746 -0.393794 0.042029 17.541443 13.060967 -80.451759 22.182175 -20.375856 49.933125 -16.70192 -16.743538 28.476494 -4.8e-05 -12.690625 0.0 16.4914 -17.731972 2.569824 -0.105913 -1.51386 -4.275874 -5.039031 -5.612873 -2.953548 4.3e-05 -11.02057 -1.1e-05 -6.111249 -15.895406 -3.840466 1e-06 -2e-06 1e-06 -10.283373 -5.680273 -4.341826 11.028344 -11.302463 -2.372645 -1.384221 -14.238632 -6.32012 -0.62534 -26.924383 -3.827588 -4.094878 -50.001751 -3.677576 -13.708527 -7.363454 -3.720925 18.141222 -14.052823 -3.242692 8e-05 -18.78735 -1.2e-05 -0.429675 -8.456098 2.555515 0.0 1e-06 1e-06 -15.923515 -20.094473 -5.47357 30.419258 -7.190925 1.735902 3.3e-05 -8.162954 -9e-06 -1.861798 -22.861595 -6.167962 0.0 -4e-06 -0.0 179.734802 6.190106 -21.250202 5.189488 -0.07237 0.20636 -77.37368 -12.359509 -8.094873 -5.995901 1.666389 2.087383 -0.999999 -0.0 -1e-06 -4.847234 -20.706329 -20.500156 11.703747 0.10952 0.447105 -71.316284 10.167593 -10.078297 -6.845793 0.556152 1.618327 -1.0 -1e-06 -1e-06 
0.0 0.0 0.0 0.0 -0.0 0.0 12.672523 99.101166 -2.096671 95.273552 0.830584 81.732132 -4.430695 -5.460995 0.511931 -12.19589 -0.881643 0.674046 18.711735 -0.632054 -1.213955 18.681654 -3.355271 2.866669 -2.729741 -0.676498 1.172652 -20.239672 3.345169 -0.296115 6e-06 -0.0 0.0 -0.023209 -0.008963 0.143261 -0.061924 0.072773 0.145669 -0.042241 -0.0974 0.13863 -139.644638 -66.222 160.907043 25.450142 -32.877136 -11.217628 69.773026 -1.611585 0.226297 -5.133132 17.573927 -73.409607 17.636709 -26.32287 52.411472 -19.466681 -14.39557 29.41048 -0.0 -8.774824 -1.5e-05 15.982182 -17.969767 6.459896 -0.609783 -1.795657 -3.889339 -4.807094 -11.046839 -2.937866 3e-06 -20.976093 6e-06 -5.019958 -25.033684 -4.031899 9e-06 1e-06 1e-06 -10.634554 -5.686988 -3.565614 10.573273 -17.923002 -3.113895 1e-06 -13.821261 8e-06 -0.501766 -31.181684 -4.027029 -11.859561 -60.179276 7.93841 -13.982737 -7.150218 -2.875076 13.772729 -8.401515 -3.218232 0.347724 -34.2117 0.771686 -0.963042 -17.733473 2.621054 2e-06 1e-06 -1e-06 -17.346441 -20.095272 -4.201821 21.757563 -1.638381 3.86646 4e-06 -6.338849 3e-06 -1.69757 -22.591877 -6.194042 -0.0 -3e-06 -3e-06 30.662182 -73.463501 167.888901 33.27599 -36.033096 -21.34276 58.974468 0.024597 0.149978 17.261497 13.042726 -81.163101 22.182249 -20.376171 49.93391 -16.701952 -16.743715 28.476912 3e-06 -12.690748 1.1e-05 16.622377 -17.920744 2.482505 -0.105922 -1.513863 -4.275922 -5.039091 -5.612915 -2.953591 -0.0 -11.020635 -2e-06 -6.111384 -15.89555 -3.84055 -1e-06 1e-06 -2e-06 -10.283444 -5.680328 -4.341881 11.028388 -11.30248 -2.372658 -1.384286 -14.238722 -6.320216 -0.625442 -26.92457 -3.827688 -4.053717 -49.848003 -3.787116 -13.708625 -7.36353 -3.720982 18.141315 -14.052838 -3.242711 -1.5e-05 -18.787477 2.1e-05 -0.429738 -8.456164 2.555569 1e-06 2e-06 -1e-06 -15.923659 -20.09462 -5.473645 30.419495 -7.19086 1.735933 -7e-06 -8.163013 1.8e-05 -1.861957 -22.861799 -6.168023 -1e-06 -6e-06 -1e-06 179.388397 6.233025 -21.296736 5.276473 -0.08355 0.225514 -77.40419 -12.394076 -8.299463 -6.031668 1.705483 2.094117 -0.999997 -1e-06 0.0 -5.698385 -20.897022 -20.128796 12.788377 0.099193 0.404195 -71.649307 9.751712 -9.875534 -6.90863 0.514403 1.610715 -1.000005 -3e-06 -1e-06 
0.0 0.0 0.0 0.0 -0.0 0.0 12.510546 99.068848 -2.192035 95.539742 0.681129 81.825462 -4.391801 -5.599199 0.479842 -12.180392 -0.950395 0.485507 18.548714 -0.551721 -1.324483 17.89329 -2.820191 2.767799 -2.719913 -0.685594 0.968562 -20.321581 3.198606 -0.503592 6e-06 0.0 -0.0 -0.030622 -0.010708 0.090582 -0.093339 0.07239 0.093102 -0.066608 -0.100485 0.085585 -140.032822 -66.788986 161.08812 25.435957 -33.762764 -13.370196 65.286011 -1.342083 0.299197 -5.409419 19.954966 -75.296402 17.636564 -26.322599 52.411064 -19.466555 -14.395527 29.410311 1.4e-05 -8.774799 -1e-05 16.315075 -17.919001 6.312352 -0.609778 -1.795646 -3.889316 -4.80709 -11.046777 -2.937849 -2.1e-05 -20.975952 -6e-06 -5.019978 -25.033539 -4.031916 5e-06 -1e-06 0.0 -10.634503 -5.686962 -3.565582 10.573209 -17.922871 -3.113882 -1.5e-05 -13.821173 -5e-06 -0.501801 -31.181498 -4.027045 -11.646933 -60.034393 7.849182 -13.982674 -7.150188 -2.875038 13.772667 -8.401443 -3.218225 0.347681 -34.211452 0.771652 -0.963051 -17.733366 2.62101 -0.0 0.0 -0.0 -17.346376 -20.095167 -4.201777 21.75749 -1.638341 3.866437 -7e-06 -6.338807 -2e-06 -1.697612 -22.591736 -6.194031 0.0 -6e-06 0.0 30.881916 -73.688553 167.347672 34.370083 -35.947987 -24.519215 54.621071 0.658485 0.253383 16.267958 13.301071 -81.975136 22.182074 -20.375864 49.933235 -16.701702 -16.743448 28.476429 5e-06 -12.690546 -9e-06 16.781279 -17.942884 2.431925 -0.105925 -1.513848 -4.275871 -5.039029 -5.612855 -2.95355 -3e-06 -11.020494 3e-06 -6.111282 -15.895315 -3.84048 -0.0 -0.0 -3e-06 -10.283341 -5.680274 -4.341839 11.028242 -11.302358 -2.372611 -1.384275 -14.238537 -6.320107 -0.625446 -26.924137 -3.827597 -3.92437 -49.71656 -3.899718 -13.708487 -7.363461 -3.720941 18.141064 -14.052682 -3.242636 -8e-06 -18.787226 1.1e-05 -0.429717 -8.45604 2.55551 1e-06 1e-06 3e-06 -15.923491 -20.094421 -5.473581 30.419077 -7.190783 1.735952 -2e-06 -8.162905 6e-06 -1.861906 -22.861444 -6.167923 -0.0 -0.0 -0.0 179.130585 6.354787 -21.526493 5.372843 -0.089054 0.231025 -77.484329 -12.140466 -8.535447 -6.020335 1.728842 2.096072 -0.999997 0.0 0.0 -6.632384 -21.244946 -19.53685 14.154882 0.090851 0.360262 -72.205124 9.23074 -9.700912 -6.829943 0.483481 1.607645 -0.999998 1e-06 0.0 
0.0 0.0 0.0 0.0 -0.0 0.0 12.284125 99.011055 -2.277028 95.886749 0.662466 81.928055 -4.3442 -5.733798 0.458091 -12.18711 -1.026057 0.31649 18.467987 -0.63373 -1.411823 16.974636 -2.464199 2.701445 -2.708236 -0.748557 0.640313 -20.371542 3.049899 -0.763155 6e-06 0.0 0.0 -0.038785 -0.012954 0.061903 -0.111949 0.069819 0.065543 -0.086402 -0.102011 0.055368 -141.441254 -67.118546 162.287216 25.503286 -33.981773 -15.207866 60.150261 -1.063348 0.410844 -5.835073 22.331287 -77.454361 17.63682 -26.322973 52.411671 -19.466785 -14.39565 29.410645 -1.1e-05 -8.774887 -1.9e-05 16.638752 -17.81489 6.182459 -0.609784 -1.795662 -3.889353 -4.80711 -11.04687 -2.937887 3.7e-05 -20.976185 5e-06 -5.019968 -25.033821 -4.031937 5e-06 -1e-06 2e-06 -10.634589 -5.686987 -3.565631 10.573359 -17.923067 -3.113911 2.3e-05 -13.821321 1.3e-05 -0.501733 -31.181866 -4.027034 -11.619301 -60.130249 7.900658 -13.982786 -7.150217 -2.875088 13.772818 -8.401557 -3.218246 0.34778 -34.211857 0.771701 -0.963039 -17.733576 2.621111 1e-06 -2e-06 1e-06 -17.346491 -20.095299 -4.201856 21.757679 -1.63842 3.866489 1.2e-05 -6.338874 1e-05 -1.697555 -22.591982 -6.194088 0.0 -5e-06 -2e-06 30.667219 -74.057877 167.244141 35.446003 -35.805099 -27.159698 49.447239 1.418551 0.336163 14.985577 13.723763 -82.647926 22.182278 -20.376125 49.933754 -16.701954 -16.743639 28.47681 -2.2e-05 -12.690707 -3e-06 16.955671 -17.861712 2.36502 -0.105924 -1.513863 -4.275911 -5.03907 -5.612902 -2.953589 2.2e-05 -11.020628 1e-06 -6.111325 -15.895518 -3.840534 -1e-06 1e-06 -0.0 -10.283422 -5.680308 -4.341882 11.028384 -11.302496 -2.37265 -1.384253 -14.238709 -6.320193 -0.625393 -26.924561 -3.827643 -3.766051 -49.507801 -3.966581 -13.708594 -7.363503 -3.720985 18.141294 -14.052861 -3.242699 3e-05 -18.787455 1.8e-05 -0.429716 -8.456156 2.555565 1e-06 -2e-06 -3e-06 -15.923601 -20.094576 -5.473651 30.419409 -7.190919 1.735938 1.2e-05 -8.163005 1.4e-05 -1.861889 -22.861765 -6.16799 1e-06 -2e-06 -2e-06 179.05246 6.535835 -21.950451 5.426057 -0.089833 0.231056 -77.63517 -11.63059 -8.754853 -5.977921 1.721795 2.088481 -0.999998 -0.0 0.0 -7.36711 -21.664656 -18.982967 15.440119 0.085943 0.319809 -72.933517 8.755786 -9.595942 -6.581933 0.468489 1.608438 -1.000001 -1e-06 -0.0 
0.0 0.0 0.0 0.0 -0.0 0.0 11.972234 98.97187 -2.335083 96.167084 0.728179 82.114471 -4.308521 -5.798718 0.412409 -12.199484 -1.076906 0.216014 18.492481 -0.789446 -1.552979 15.90755 -2.309327 2.670418 -2.688185 -0.848959 0.222562 -20.263174 2.85522 -1.005959 6e-06 -0.0 -1e-06 -0.055706 -0.01447 0.056971 -0.10111 0.071385 0.065719 -0.086577 -0.106023 0.045577 -143.564011 -67.16317 164.200836 25.825815 -33.687351 -16.642735 54.689335 -0.811519 0.498461 -6.6862 24.593565 -80.379234 17.636566 -26.322687 52.411118 -19.466509 -14.395566 29.410307 2.3e-05 -8.774807 -4e-06 16.989317 -17.66152 6.07399 -0.609779 -1.795645 -3.889316 -4.807106 -11.046774 -2.937834 -5.6e-05 -20.975941 2.3e-05 -5.020032 -25.03351 -4.031888 7e-06 -0.0 -3e-06 -10.634517 -5.686968 -3.56558 10.573198 -17.922861 -3.113859 -3.6e-05 -13.821169 1.3e-05 -0.501872 -31.181459 -4.027007 -11.740896 -60.422264 8.053084 -13.982691 -7.150193 -2.875031 13.772678 -8.401428 -3.218218 0.347617 -34.211445 0.771713 -0.963085 -17.733356 2.621028 -1e-06 2e-06 1e-06 -17.346415 -20.095167 -4.201755 21.757511 -1.638324 3.866432 -1.4e-05 -6.338806 1.1e-05 -1.697652 -22.591721 -6.194002 1e-06 -4e-06 -4e-06 29.814177 -74.375854 167.897766 36.191074 -35.635311 -28.942636 44.150238 2.129564 0.409662 13.79087 14.329834 -82.896774 22.18211 -20.375925 49.933346 -16.701685 -16.743483 28.476475 1.6e-05 -12.690562 -9e-06 17.144703 -17.758183 2.188239 -0.105928 -1.513847 -4.275872 -5.039039 -5.612854 -2.953557 -1.2e-05 -11.02049 8e-06 -6.111297 -15.895304 -3.840487 -0.0 0.0 -4e-06 -10.283359 -5.680279 -4.341841 11.028247 -11.30235 -2.372601 -1.384284 -14.238529 -6.320111 -0.625466 -26.924116 -3.827587 -3.731952 -49.194233 -3.930806 -13.708506 -7.363464 -3.720947 18.141073 -14.05267 -3.242634 -2.6e-05 -18.78722 2.6e-05 -0.429732 -8.456036 2.555525 -1e-06 -1e-06 -1e-06 -15.923526 -20.094431 -5.473579 30.419111 -7.190773 1.735966 -5e-06 -8.162905 1.4e-05 -1.861928 -22.861425 -6.167915 1e-06 -3e-06 -2e-06 179.110367 6.622916 -22.252996 5.450422 -0.08939 0.23094 -77.731308 -11.179442 -8.989746 -5.949833 1.701136 2.073617 -1.0 -0.0 0.0 -7.615114 -21.916054 -18.6999 16.153463 0.096576 0.291932 -73.579636 8.360214 -9.551694 -6.319504 0.475684 1.61163 -1.000001 -0.0 0.0 
0.0 0.0 0.0 0.0 -0.0 0.0 11.540305 99.003929 -2.359665 96.13961 0.764077 82.401947 -4.30347 -5.684384 0.368041 -12.215188 -1.094752 0.149292 18.550714 -0.845241 -1.69472 14.753006 -2.385901 2.668847 -2.662247 -0.939515 -0.225025 -19.951233 2.636253 -1.26318 6e-06 -0.0 -0.0 -0.080187 -0.015623 0.069993 -0.076982 0.075911 0.083995 -0.076416 -0.112131 0.054153 -145.91951 -66.976685 166.295883 26.383339 -33.290787 -17.395517 49.704533 -0.627678 0.554609 -7.770466 26.028564 -83.284622 17.636728 -26.322741 52.411312 -19.466599 -14.395555 29.410381 1e-05 -8.77483 -2.3e-05 17.242142 -17.547623 6.056535 -0.609782 -1.79565 -3.889327 -4.807105 -11.046797 -2.937862 -0.0 -20.976004 -7e-06 -5.019961 -25.033583 -4.031942 6e-06 -1e-06 3e-06 -10.634547 -5.686972 -3.565605 10.573259 -17.922916 -3.113875 -2e-06 -13.821198 4e-06 -0.501778 -31.181532 -4.027045 -11.853377 -60.764122 8.183053 -13.982729 -7.150201 -2.875065 13.772724 -8.401472 -3.218212 0.347717 -34.211525 0.771665 -0.963039 -17.733391 2.621043 -0.0 2e-06 -1e-06 -17.346441 -20.095201 -4.201818 21.757566 -1.638374 3.866481 0.0 -6.338816 4e-06 -1.697593 -22.591755 -6.194052 0.0 -4e-06 -2e-06 28.418659 -74.463661 169.298569 36.291969 -35.50943 -29.469131 39.349293 2.547523 0.501286 12.946019 15.02667 -82.472534 22.182241 -20.376036 49.933514 -16.701752 -16.743513 28.476561 3e-06 -12.690609 -2.3e-05 17.355904 -17.661427 1.973845 -0.105925 -1.513851 -4.275887 -5.039049 -5.612868 -2.95357 4e-06 -11.020535 1.2e-05 -6.1113 -15.89537 -3.840502 -0.0 0.0 -1e-06 -10.283387 -5.680283 -4.341863 11.028292 -11.302405 -2.372601 -1.384275 -14.238587 -6.320137 -0.625449 -26.924259 -3.827584 -3.804858 -49.20129 -3.896158 -13.708543 -7.363475 -3.720971 18.141148 -14.052748 -3.242625 -2e-06 -18.787317 3.8e-05 -0.429719 -8.456088 2.555545 0.0 -0.0 1e-06 -15.923558 -20.094484 -5.473619 30.41921 -7.190837 1.735986 -1e-06 -8.162951 2e-05 -1.86191 -22.861567 -6.16793 2e-06 -2e-06 2e-06 179.212814 6.314659 -22.379185 5.451446 -0.090018 0.244535 -77.653931 -10.845105 -9.316122 -5.945179 1.690406 2.064136 -1.0 0.0 -0.0 -7.25112 -21.600855 -18.734146 15.920784 0.10415 0.289911 -73.879379 7.913402 -9.534565 -6.173441 0.499715 1.615865 -1.000004 -2e-06 1e-06 
0.0 0.0 0.0 0.0 -0.0 0.0 10.986759 99.107361 -2.347538 95.778755 0.748397 82.789452 -4.315216 -5.428799 0.330191 -12.220296 -1.088837 0.098319 18.567408 -0.733921 -1.774577 13.753272 -2.62165 2.6349 -2.632737 -0.963455 -0.596767 -19.582764 2.399292 -1.600974 6e-06 0.0 0.0 -0.102911 -0.012239 0.101229 -0.059343 0.087318 0.118294 -0.069466 -0.116236 0.083084 -147.737534 -66.820816 167.857849 27.289415 -33.307362 -17.40332 46.153099 -0.69169 0.535212 -8.485969 26.318577 -84.942085 17.636374 -26.322458 52.410656 -19.466457 -14.395501 29.410099 1.2e-05 -8.774737 1.3e-05 17.357138 -17.557167 6.139896 -0.609768 -1.795638 -3.889293 -4.807058 -11.046729 -2.937808 -3.2e-05 -20.975832 2e-06 -5.019955 -25.033346 -4.031833 6e-06 -1e-06 -0.0 -10.634447 -5.686946 -3.565538 10.573145 -17.922787 -3.113875 -2.2e-05 -13.821091 -4e-06 -0.501813 -31.181242 -4.026989 -11.953743 -61.048416 8.30895 -13.982599 -7.150163 -2.874989 13.772589 -8.401402 -3.218226 0.347663 -34.211231 0.771644 -0.963041 -17.73324 2.620972 -0.0 -2e-06 -2e-06 -17.346294 -20.095087 -4.2017 21.757366 -1.638316 3.866359 -1.1e-05 -6.33877 -1e-06 -1.697604 -22.591566 -6.19395 -0.0 -4e-06 -3e-06 26.924019 -74.317558 170.949997 35.565117 -35.708366 -28.265007 35.82814 2.468694 0.53082 12.471831 15.443049 -81.391251 22.181997 -20.375784 49.933018 -16.701721 -16.743467 28.476366 -0.0 -12.690545 1e-05 17.594889 -17.672707 1.805517 -0.10592 -1.513852 -4.275862 -5.039019 -5.612857 -2.953533 1e-06 -11.020496 6e-06 -6.111275 -15.895308 -3.840444 -1e-06 -1e-06 -0.0 -10.28333 -5.680271 -4.341808 11.028238 -11.302364 -2.37262 -1.384269 -14.238538 -6.320084 -0.625447 -26.924139 -3.827574 -3.861971 -49.590488 -3.939688 -13.70847 -7.363454 -3.720906 18.141062 -14.052682 -3.24266 -6e-06 -18.787224 -0.0 -0.429713 -8.456036 2.555497 1e-06 -0.0 1e-06 -15.923483 -20.094416 -5.473529 30.419081 -7.190776 1.735915 -3e-06 -8.162905 -2e-06 -1.861897 -22.861448 -6.167925 3e-06 -4e-06 -3e-06 179.31044 5.566785 -22.351019 5.454082 -0.092018 0.2576 -77.39048 -10.546333 -9.707297 -5.970709 1.692703 2.064682 -0.999997 -0.0 -1e-06 -6.386606 -20.699329 -18.996862 14.862489 0.098848 0.305008 -73.822868 7.418123 -9.62467 -6.136399 0.539128 1.623548 -0.999996 -1e-06 -1e-06 
0.0 0.0 0.0 0.0 -0.0 0.0 10.315834 99.258575 -2.293416 95.1763 0.736371 83.387695 -4.308799 -5.123641 0.311882 -12.20465 -1.066516 0.052961 18.529373 -0.483095 -1.831881 13.081238 -2.860139 2.526047 -2.620345 -0.934164 -0.849017 -19.276518 2.130837 -2.042152 6e-06 0.0 -0.0 -0.115153 -0.004951 0.127684 -0.055341 0.103061 0.144701 -0.071761 -0.117068 0.110251 -148.913528 -66.822601 168.808365 28.534971 -33.87534 -16.529203 44.455692 -0.915466 0.44171 -8.833694 25.613808 -85.402016 17.636595 -26.322756 52.411263 -19.466808 -14.395643 29.410528 -1.7e-05 -8.774853 8e-06 17.346312 -17.68833 6.268602 -0.609772 -1.795659 -3.889337 -4.807082 -11.046858 -2.937866 4.8e-05 -20.976152 -3e-05 -5.019932 -25.033783 -4.031915 6e-06 -1e-06 -2e-06 -10.634542 -5.686983 -3.565591 10.573328 -17.92304 -3.113948 2.8e-05 -13.821295 -1.6e-05 -0.501692 -31.181812 -4.02707 -12.081355 -61.267426 8.465981 -13.982721 -7.150213 -2.875042 13.772774 -8.401545 -3.218276 0.347814 -34.211788 0.771606 -0.962999 -17.733534 2.62104 1e-06 0.0 -2e-06 -17.346418 -20.095266 -4.201787 21.757605 -1.638401 3.866407 1.2e-05 -6.338864 -5e-06 -1.697526 -22.591951 -6.194083 -0.0 -4e-06 -0.0 25.896904 -73.912781 172.266052 33.980534 -36.399666 -25.208872 34.351902 1.916626 0.452519 12.17374 15.366442 -79.321121 22.182045 -20.375816 49.933079 -16.701836 -16.7435 28.476442 -1.1e-05 -12.690577 1e-05 17.744595 -17.798521 1.764791 -0.105916 -1.513859 -4.275867 -5.039024 -5.612878 -2.95354 5e-06 -11.020553 -1e-06 -6.111282 -15.895392 -3.840451 -1e-06 -1e-06 2e-06 -10.28335 -5.68029 -4.341811 11.028279 -11.302421 -2.372642 -1.384264 -14.238615 -6.3201 -0.625432 -26.924299 -3.827599 -3.920503 -50.118385 -4.015302 -13.7085 -7.363473 -3.72091 18.141129 -14.052761 -3.242685 1.9e-05 -18.787312 -2.2e-05 -0.429701 -8.456079 2.555493 -1e-06 0.0 -2e-06 -15.923507 -20.094492 -5.473539 30.419159 -7.190829 1.735897 4e-06 -8.16294 -1.5e-05 -1.86186 -22.861559 -6.167982 1e-06 -2e-06 -3e-06 179.436783 4.488964 -22.139078 5.467971 -0.095049 0.252865 -77.004913 -10.135681 -10.118221 -6.011655 1.687943 2.064006 -1.000001 -0.0 0.0 -5.061957 -19.349283 -19.429758 13.181069 0.083449 0.322444 -73.568954 6.824262 -9.857125 -6.155318 0.5874 1.632096 -1.000002 -1e-06 0.0 
0.0 0.0 0.0 0.0 -0.0 0.0 9.541884 99.429741 -2.199759 94.396477 0.748579 84.2005 -4.290558 -4.811348 0.309775 -12.185315 -1.032354 0.014474 18.454386 -0.131542 -1.91029 12.77659 -2.981284 2.393505 -2.643651 -0.8919 -1.005354 -19.094322 1.867656 -2.586202 6e-06 -0.0 -0.0 -0.116898 0.003749 0.138736 -0.059132 0.116348 0.156151 -0.078987 -0.112722 0.121662 -149.512497 -66.973129 169.216141 29.952394 -34.902004 -14.769734 44.677017 -1.192058 0.307661 -8.702872 23.842014 -84.668236 17.636589 -26.322733 52.411129 -19.466652 -14.3956 29.410372 0.0 -8.774822 0.0 17.175541 -17.909624 6.462348 -0.609774 -1.795651 -3.889323 -4.807087 -11.04682 -2.937841 -2e-06 -20.976053 7e-06 -5.019979 -25.033649 -4.031875 6e-06 -1e-06 -3e-06 -10.634525 -5.68697 -3.565576 10.573263 -17.922958 -3.113899 -4e-06 -13.821235 6e-06 -0.501793 -31.181631 -4.027004 -12.265497 -61.472446 8.664647 -13.982702 -7.150201 -2.875029 13.772719 -8.401489 -3.218243 0.347704 -34.21162 0.771681 -0.963049 -17.73344 2.621037 -1e-06 1e-06 -2e-06 -17.346415 -20.095221 -4.201759 21.757555 -1.638367 3.866418 -2e-06 -6.338836 3e-06 -1.697598 -22.591835 -6.194011 0.0 -4e-06 -5e-06 25.513123 -73.271385 173.042435 31.629282 -37.636765 -20.60673 35.50946 1.145193 0.312291 11.952835 14.632048 -75.569992 22.182041 -20.375879 49.933228 -16.701811 -16.743546 28.476513 -4e-06 -12.690598 1.9e-05 17.625086 -17.94593 1.953006 -0.105914 -1.513849 -4.275877 -5.039035 -5.61287 -2.953545 3e-06 -11.020536 3e-06 -6.111289 -15.895369 -3.84046 -0.0 -0.0 -0.0 -10.283359 -5.680286 -4.341825 11.028284 -11.3024 -2.37264 -1.384261 -14.238587 -6.320108 -0.625431 -26.924252 -3.827597 -4.025956 -50.488941 -4.054777 -13.70851 -7.36347 -3.72092 18.14114 -14.052735 -3.242687 0.0 -18.787302 -0.0 -0.429715 -8.456076 2.555508 -0.0 0.0 0.0 -15.923522 -20.094477 -5.473555 30.419193 -7.190807 1.735895 -2e-06 -8.162935 -4e-06 -1.861902 -22.861538 -6.167946 0.0 -2e-06 0.0 179.594711 3.160702 -21.801498 5.495074 -0.093189 0.241079 -76.582535 -9.573484 -10.554589 -6.077123 1.68466 2.062183 -1.0 1e-06 -0.0 -3.405082 -17.642208 -19.915491 11.07217 0.058389 0.328834 -73.170685 6.066433 -10.150617 -6.213177 0.632203 1.638978 -1.000005 -1e-06 -0.0 
0.0 0.0 0.0 0.0 -0.0 0.0 8.686207 99.576225 -2.085944 93.530861 0.806064 85.165382 -4.265524 -4.504249 0.305104 -12.163164 -0.989739 -0.008539 18.343163 0.263216 -2.058386 12.793283 -3.011379 2.282474 -2.686952 -0.85534 -1.098324 -19.076038 1.668821 -3.177647 6e-06 0.0 0.0 -0.114445 0.009674 0.134783 -0.073584 0.121698 0.153982 -0.093969 -0.106154 0.116917 -149.644882 -67.22567 169.164124 31.409769 -36.261719 -12.18943 46.51049 -1.339792 0.193686 -7.824811 20.900513 -82.756813 17.636421 -26.322672 52.410854 -19.466511 -14.395613 29.410225 1.6e-05 -8.774794 2.1e-05 16.704191 -18.077969 6.771173 -0.60977 -1.79564 -3.889304 -4.80708 -11.046773 -2.9378 -5.7e-05 -20.975952 5e-05 -5.020063 -25.033518 -4.031795 3e-06 -2e-06 0.0 -10.634479 -5.686946 -3.565538 10.573193 -17.922861 -3.113862 -4e-05 -13.821172 2.8e-05 -0.501911 -31.181471 -4.026935 -12.354383 -61.678856 8.784016 -13.982649 -7.150171 -2.874988 13.772659 -8.401434 -3.218236 0.347597 -34.211464 0.771742 -0.963093 -17.73337 2.621024 -2e-06 3e-06 -3e-06 -17.346361 -20.095129 -4.201685 21.757477 -1.638322 3.866368 -1.7e-05 -6.33881 1.3e-05 -1.697668 -22.591743 -6.193935 1e-06 -4e-06 -1e-06 25.76807 -72.531883 173.203293 28.703072 -39.451397 -14.99404 39.434486 0.432862 0.170574 11.855144 13.190818 -69.299393 22.181988 -20.375879 49.933094 -16.701633 -16.74346 28.476362 3.3e-05 -12.690535 8e-06 17.211863 -18.006525 2.352784 -0.105922 -1.513846 -4.275861 -5.039031 -5.612868 -2.953532 -3.3e-05 -11.020519 2.8e-05 -6.111341 -15.895365 -3.840428 -1e-06 -0.0 1e-06 -10.283327 -5.680281 -4.341807 11.028203 -11.302356 -2.372594 -1.384313 -14.238561 -6.320075 -0.625561 -26.924175 -3.827561 -4.171587 -50.477036 -4.038588 -13.708467 -7.363473 -3.720907 18.141012 -14.052665 -3.242627 -6.8e-05 -18.787264 2.6e-05 -0.429747 -8.456059 2.555504 0.0 1e-06 0.0 -15.923502 -20.094448 -5.473508 30.419043 -7.190718 1.735944 -2.6e-05 -8.162927 6e-06 -1.861978 -22.86153 -6.167929 0.0 -3e-06 -2e-06 179.771378 1.691442 -21.443699 5.533799 -0.085616 0.231288 -76.177719 -8.896325 -11.032846 -6.113863 1.689131 2.059299 -0.999995 -1e-06 -0.0 -1.682468 -15.76559 -20.327414 8.963932 0.029737 0.326105 -72.75547 5.151251 -10.369187 -6.281283 0.661762 1.640974 -0.999999 1e-06 -0.0 
0.0 0.0 0.0 0.0 -0.0 0.0 7.791065 99.665031 -1.968546 92.708519 0.9171 86.139687 -4.241235 -4.223222 0.288534 -12.134344 -0.950591 -0.049648 18.196947 0.614712 -2.209898 12.99139 -3.018986 2.216398 -2.727043 -0.838889 -1.171971 -19.161232 1.571259 -3.755507 6e-06 0.0 0.0 -0.107601 0.014027 0.134255 -0.096805 0.120528 0.156543 -0.113841 -0.096589 0.114137 -149.621414 -67.491455 168.936066 32.818985 -37.685802 -8.896643 49.432606 -1.310371 0.095819 -6.009824 16.818642 -79.698532 17.636557 -26.322767 52.411079 -19.466705 -14.395725 29.410419 -1e-06 -8.77488 1.3e-05 15.958117 -18.119476 7.166294 -0.609766 -1.79565 -3.889322 -4.807099 -11.046821 -2.93783 2e-06 -20.976095 2.8e-05 -5.020041 -25.033716 -4.031856 7e-06 0.0 -1e-06 -10.634537 -5.686967 -3.56556 10.573318 -17.922972 -3.113907 -1e-06 -13.821259 2e-05 -0.501822 -31.181726 -4.026975 -12.316609 -61.988174 8.781988 -13.982724 -7.150188 -2.875004 13.772787 -8.401503 -3.218271 0.347714 -34.211712 0.771706 -0.963046 -17.733501 2.621061 1e-06 0.0 0.0 -17.346441 -20.0952 -4.201718 21.757648 -1.638378 3.866392 1e-06 -6.338847 8e-06 -1.697617 -22.59189 -6.194006 -0.0 -4e-06 -3e-06 26.519253 -71.831993 172.792877 25.57131 -41.744312 -8.661044 45.628792 -0.00861 0.055232 11.746428 10.931742 -60.148335 22.181944 -20.375811 49.93293 -16.701639 -16.743477 28.47629 1.3e-05 -12.690527 2.1e-05 16.731777 -17.87694 2.803862 -0.105919 -1.513839 -4.275851 -5.039011 -5.61284 -2.953516 -1.4e-05 -11.020466 2.2e-05 -6.111289 -15.895259 -3.840396 -1e-06 1e-06 -1e-06 -10.283316 -5.680257 -4.341791 11.028209 -11.302322 -2.372606 -1.38429 -14.238491 -6.320039 -0.62551 -26.924028 -3.827528 -4.336151 -50.221554 -3.902987 -13.708452 -7.363438 -3.720891 18.141016 -14.052632 -3.242637 -4.2e-05 -18.78718 3e-05 -0.429733 -8.456019 2.555494 -2e-06 -1e-06 2e-06 -15.923471 -20.09437 -5.473496 30.419033 -7.190731 1.735907 -1.7e-05 -8.162889 9e-06 -1.861959 -22.861393 -6.167878 0.0 -5e-06 -2e-06 179.965317 0.237489 -21.191986 5.569485 -0.074213 0.237292 -75.828491 -8.12704 -11.512019 -6.09621 1.694425 2.055139 -0.999995 0.0 1e-06 -0.22934 -13.991934 -20.550812 7.398688 0.00505 0.322017 -72.526138 4.197835 -10.447955 -6.293437 0.669876 1.637391 -1.0 -2e-06 -1e-06 
0.0 0.0 0.0 0.0 -0.0 0.0 6.901992 99.71685 -1.843296 91.990242 1.102934 86.966164 -4.228773 -3.968361 0.284849 -12.105534 -0.929691 -0.138594 18.057432 0.895171 -2.317853 13.194312 -3.041585 2.188017 -2.752783 -0.843594 -1.259678 -19.290079 1.577907 -4.234843 6e-06 0.0 1e-06 -0.098925 0.01809 0.14275 -0.123507 0.118881 0.171148 -0.13441 -0.087363 0.117505 -149.850098 -67.767151 168.964081 34.233139 -38.908356 -5.158064 52.759975 -1.256331 0.015703 -3.14169 11.490435 -75.560066 17.636837 -26.322927 52.411312 -19.46686 -14.395676 29.410505 -4e-05 -8.774888 -7e-06 15.167727 -18.161816 7.51204 -0.609773 -1.795665 -3.88934 -4.807077 -11.046875 -2.937862 8.5e-05 -20.976227 1.3e-05 -5.019925 -25.033827 -4.031852 7e-06 -1e-06 -1e-06 -10.634579 -5.686975 -3.565599 10.573404 -17.923126 -3.113922 5.9e-05 -13.821343 1.6e-05 -0.501669 -31.181904 -4.026965 -12.194354 -62.406204 8.683641 -13.982769 -7.150201 -2.875053 13.772837 -8.401604 -3.218259 0.347876 -34.211933 0.771679 -0.962984 -17.733601 2.621109 -1e-06 -1e-06 1e-06 -17.346458 -20.095284 -4.201802 21.757677 -1.638469 3.866444 2.8e-05 -6.338881 6e-06 -1.697498 -22.591995 -6.19403 -2e-06 -5e-06 1e-06 27.550623 -71.254883 171.943451 22.951483 -44.19202 -1.845459 52.816837 -0.188403 0.02738 11.297238 7.654004 -49.14312 22.182392 -20.376055 49.933495 -16.702044 -16.743752 28.476725 -5.4e-05 -12.690787 -6e-06 16.262644 -17.505758 3.1047 -0.105913 -1.513864 -4.275904 -5.039078 -5.612886 -2.953568 5.5e-05 -11.020614 1e-06 -6.111322 -15.895459 -3.840499 2e-06 1e-06 0.0 -10.283468 -5.680291 -4.341852 11.028468 -11.302509 -2.372656 -1.384235 -14.238683 -6.320159 -0.625339 -26.924496 -3.827571 -4.445272 -49.872917 -3.663438 -13.708652 -7.363479 -3.720951 18.141426 -14.052887 -3.242713 7.7e-05 -18.787428 2.4e-05 -0.429679 -8.456144 2.555562 2e-06 -0.0 -1e-06 -15.923668 -20.094542 -5.473601 30.419607 -7.190996 1.735925 3.3e-05 -8.162998 1.2e-05 -1.861859 -22.861717 -6.167953 -1e-06 -4e-06 -1e-06 -179.753876 -1.11651 -21.138533 5.554033 -0.053008 0.271625 -75.551437 -7.303443 -11.971257 -6.037202 1.672926 2.048489 -1.000002 -0.0 -1e-06 0.867614 -12.446894 -20.524752 6.50347 -0.008139 0.307578 -72.520981 3.315173 -10.375553 -6.223829 0.674382 1.633606 -1.000006 2e-06 0.0 
0.0 0.0 0.0 0.0 -0.0 0.0 6.063751 99.747124 -1.715833 91.397888 1.352682 87.522179 -4.244124 -3.762332 0.287007 -12.082276 -0.92689 -0.253662 17.955799 1.143511 -2.40889 13.273748 -3.101973 2.189975 -2.786186 -0.845901 -1.363392 -19.40885 1.689095 -4.433882 6e-06 -0.0 0.0 -0.098723 0.021826 0.16092 -0.143548 0.119535 0.201693 -0.148309 -0.080992 0.124732 -150.399918 -68.091789 169.342072 35.750175 -39.755116 -1.225374 55.834312 -1.171909 -0.02144 0.914166 4.599475 -70.398933 17.636768 -26.322823 52.411419 -19.466829 -14.395648 29.410553 -9e-06 -8.774896 -1.4e-05 14.707532 -18.476557 7.663541 -0.609781 -1.795666 -3.889348 -4.80711 -11.046886 -2.937881 4.1e-05 -20.976219 -2.1e-05 -5.019969 -25.033871 -4.031944 5e-06 -0.0 -1e-06 -10.634583 -5.687001 -3.565611 10.573367 -17.923082 -3.113937 3.1e-05 -13.821332 -8e-06 -0.501706 -31.181911 -4.027077 -12.205544 -62.858463 8.574772 -13.982782 -7.150233 -2.875068 13.772824 -8.401564 -3.218258 0.34781 -34.21191 0.771618 -0.963002 -17.733601 2.621058 0.0 -0.0 2e-06 -17.346498 -20.095324 -4.201821 21.757692 -1.63841 3.866465 1.2e-05 -6.338882 -7e-06 -1.697545 -22.592031 -6.194111 -1e-06 -5e-06 0.0 28.553165 -70.861092 170.914444 21.427439 -46.421417 4.726212 59.85355 -0.261229 0.193034 10.328672 3.222925 -37.661865 22.182236 -20.376003 49.933701 -16.701984 -16.74361 28.476795 -1.4e-05 -12.690695 -1e-06 15.775864 -17.052954 3.1975 -0.105923 -1.513869 -4.275912 -5.039066 -5.612916 -2.953589 1.6e-05 -11.020627 -2.2e-05 -6.111311 -15.895529 -3.840557 1e-06 2e-06 -1e-06 -10.283424 -5.680327 -4.341877 11.028369 -11.30249 -2.372669 -1.38425 -14.238717 -6.320215 -0.625352 -26.92454 -3.827721 -4.428 -49.502804 -3.431583 -13.708595 -7.363525 -3.720975 18.141275 -14.052852 -3.242725 3.7e-05 -18.787437 -3.2e-05 -0.429702 -8.456139 2.555529 0.0 2e-06 3e-06 -15.923616 -20.094624 -5.47365 30.419386 -7.190893 1.735925 1.3e-05 -8.16299 -1.1e-05 -1.861848 -22.861717 -6.168056 2e-06 -1e-06 2e-06 -179.361176 -2.299673 -21.250124 5.444566 -0.033226 0.334607 -75.292198 -6.560556 -12.435129 -5.972941 1.63217 2.045396 -0.999998 0.0 1e-06 1.682522 -11.151799 -20.229979 6.051555 -0.0077 0.278194 -72.646599 2.523293 -10.184498 -6.10764 0.674713 1.631667 -1.000001 -1e-06 -0.0 
0.0 0.0 0.0 0.0 -0.0 0.0 5.256115 99.757774 -1.600767 90.910973 1.622117 87.818474 -4.3048 -3.627646 0.281016 -12.066236 -0.933421 -0.344171 17.862785 1.434724 -2.580923 13.172912 -3.209262 2.12339 -2.833764 -0.857241 -1.312766 -19.471842 1.914449 -4.342216 6e-06 -0.0 0.0 -0.1145 0.021039 0.16755 -0.156613 0.117255 0.223383 -0.16175 -0.080353 0.118254 -151.005402 -68.521904 169.835312 37.611465 -40.316677 2.658276 58.455158 -0.831325 0.07496 6.370992 -4.478386 -63.921528 17.636923 -26.322979 52.411472 -19.466722 -14.395623 29.41049 -5e-06 -8.774893 -3.8e-05 14.8639 -19.016068 7.500938 -0.609786 -1.795657 -3.889341 -4.807114 -11.046869 -2.93787 2.3e-05 -20.976204 4.3e-05 -5.020009 -25.033838 -4.031894 7e-06 0.0 -2e-06 -10.634598 -5.686979 -3.56562 10.57335 -17.923077 -3.113867 1.1e-05 -13.821334 3.4e-05 -0.501798 -31.181904 -4.026974 -12.356659 -62.715912 8.398715 -13.982788 -7.150211 -2.87508 13.772818 -8.401565 -3.218211 0.347754 -34.21191 0.771754 -0.963047 -17.733614 2.621125 1e-06 2e-06 -2e-06 -17.3465 -20.095282 -4.201826 21.757685 -1.638429 3.866511 1.4e-05 -6.338881 1.2e-05 -1.697579 -22.592014 -6.194046 -1e-06 -4e-06 -0.0 29.536592 -70.73069 169.803726 21.195826 -48.465099 10.31304 66.692177 -0.170229 0.573196 8.994414 -2.611396 -26.54192 22.182301 -20.375917 49.933517 -16.701893 -16.743553 28.476637 -3e-06 -12.690675 -2.6e-05 15.624552 -16.855415 3.060343 -0.105926 -1.513864 -4.275895 -5.039073 -5.612895 -2.953582 1.3e-05 -11.020582 -1.8e-05 -6.111321 -15.895474 -3.840554 -2e-06 -3e-06 -2e-06 -10.283427 -5.680309 -4.341864 11.028349 -11.302449 -2.372639 -1.384272 -14.238658 -6.320186 -0.625385 -26.924423 -3.827682 -4.565365 -49.314857 -3.05572 -13.708598 -7.363503 -3.72097 18.141243 -14.052795 -3.242674 3.6e-05 -18.787369 -2.3e-05 -0.429698 -8.456108 2.555528 -1e-06 0.0 -2e-06 -15.923621 -20.094551 -5.473635 30.419357 -7.19088 1.735981 1.3e-05 -8.162966 -3e-06 -1.861866 -22.861654 -6.168032 0.0 -3e-06 0.0 -178.914871 -3.331015 -21.440624 5.261447 -0.026814 0.416259 -75.009155 -6.086927 -12.919874 -5.906312 1.599105 2.045716 -1.0 -1e-06 -1e-06 2.297227 -10.026976 -19.716196 5.829378 -0.00855 0.251084 -72.83007 1.805848 -9.878625 -5.93849 0.641906 1.625754 -1.000004 -0.0 -1e-06 
0.0 0.0 0.0 0.0 -0.0 0.0 4.47533 99.756836 -1.508858 90.540215 1.853447 87.816856 -4.360913 -3.530544 0.247093 -12.039156 -0.955161 -0.456381 17.661531 1.712639 -2.831185 12.819842 -3.33523 2.031181 -2.82995 -0.846515 -1.014609 -19.539351 2.275849 -4.024494 6e-06 0.0 0.0 -0.137593 0.003688 0.09606 -0.175742 0.111523 0.158138 -0.183805 -0.109109 0.043406 -151.081146 -69.263252 169.905426 40.104336 -40.910461 5.347188 60.188221 -0.487391 0.477482 13.297253 -14.960413 -57.392906 17.636732 -26.322823 52.411377 -19.46666 -14.395596 29.410446 1e-06 -8.774838 -1.4e-05 15.618299 -19.033251 6.847733 -0.609779 -1.795654 -3.889335 -4.807104 -11.046826 -2.937861 -2e-06 -20.976065 9e-06 -5.019986 -25.033646 -4.0319 6e-06 2e-06 -1e-06 -10.634562 -5.686979 -3.565603 10.573282 -17.922981 -3.113893 1e-06 -13.821242 6e-06 -0.501777 -31.181637 -4.027019 -12.071735 -61.149776 7.813621 -13.982751 -7.150214 -2.875063 13.772748 -8.401502 -3.218228 0.347722 -34.211643 0.771682 -0.963042 -17.733448 2.621052 0.0 0.0 0.0 -17.346468 -20.095255 -4.201806 21.757601 -1.638381 3.866464 2e-06 -6.33884 6e-06 -1.697595 -22.591837 -6.194038 -1e-06 -4e-06 -1e-06 30.602783 -71.142464 168.588669 22.486885 -50.410275 13.794799 73.038902 0.066736 0.947742 8.279051 -8.645533 -18.45882 22.182289 -20.375952 49.93346 -16.701822 -16.743565 28.476562 1.8e-05 -12.690672 -2.6e-05 15.754625 -16.958414 2.677723 -0.105926 -1.513861 -4.27589 -5.03908 -5.6129 -2.953565 -7e-06 -11.020585 5e-06 -6.111371 -15.895462 -3.840511 -0.0 -1e-06 2e-06 -10.283425 -5.680317 -4.341855 11.028329 -11.302433 -2.372618 -1.384308 -14.238656 -6.320152 -0.625485 -26.924389 -3.827625 -4.77038 -49.292187 -2.794549 -13.708599 -7.363516 -3.720955 18.141212 -14.052773 -3.242647 -1.4e-05 -18.787373 2e-06 -0.429719 -8.456107 2.555527 0.0 0.0 1e-06 -15.923638 -20.094566 -5.473599 30.419334 -7.190839 1.735999 -2e-06 -8.162968 2e-06 -1.86193 -22.861654 -6.168002 -0.0 -3e-06 -3e-06 -178.504593 -4.203769 -21.724173 5.110805 -0.029291 0.478779 -74.679161 -5.960861 -13.392519 -5.921456 1.586102 2.037573 -0.999995 0.0 -1e-06 2.672719 -9.072182 -19.025137 5.776907 -0.031283 0.223332 -73.096443 1.140891 -9.446527 -5.717947 0.573181 1.61675 -1.000004 0.0 -0.0 
0.0 0.0 0.0 0.0 -0.0 0.0 3.757924 99.777382 -1.449486 90.217163 2.095252 87.41713 -4.29581 -3.412716 0.155641 -11.9776 -1.009316 -0.641809 17.335928 1.883056 -3.111515 12.12013 -3.263666 2.044229 -2.736428 -0.744916 -0.372355 -19.624783 2.710216 -3.401176 6e-06 -0.0 0.0 -0.16118 -0.018505 0.011056 -0.181155 0.119066 0.065798 -0.199291 -0.160133 -0.030872 -150.543533 -70.462196 169.499405 43.103977 -41.770004 5.957275 59.952724 -0.248177 1.068616 19.830311 -24.574858 -52.378292 17.636511 -26.322573 52.410786 -19.466562 -14.395566 29.410187 5e-06 -8.774786 6e-06 16.312738 -18.54661 6.106207 -0.60977 -1.795647 -3.889309 -4.807075 -11.046773 -2.937815 -1.5e-05 -20.975945 1.1e-05 -5.019981 -25.033484 -4.031834 5e-06 0.0 -1e-06 -10.634496 -5.686954 -3.565549 10.57322 -17.92288 -3.113886 -8e-06 -13.821164 2e-06 -0.501801 -31.181433 -4.026987 -11.552856 -59.058514 7.06334 -13.982663 -7.150177 -2.874999 13.772673 -8.401453 -3.218237 0.347695 -34.211456 0.771657 -0.963035 -17.733353 2.621 -1e-06 1e-06 0.0 -17.346376 -20.095152 -4.201706 21.757484 -1.638348 3.866385 -4e-06 -6.338806 -0.0 -1.697606 -22.591709 -6.193972 1e-06 -3e-06 -4e-06 31.017126 -72.215508 167.779526 25.431372 -51.850262 14.361002 77.880043 0.233222 1.024658 8.755783 -13.711338 -14.162796 22.181992 -20.375942 49.933277 -16.70192 -16.743656 28.476656 -2.2e-05 -12.690662 4.9e-05 15.933938 -17.202066 2.262207 -0.105907 -1.51386 -4.275887 -5.039039 -5.612889 -2.953546 1.5e-05 -11.020584 -4e-06 -6.111302 -15.895451 -3.840462 -0.0 0.0 -2e-06 -10.283367 -5.680288 -4.341818 11.028337 -11.302448 -2.372671 -1.384247 -14.238654 -6.320133 -0.6254 -26.924416 -3.827619 -4.87967 -49.366352 -2.782241 -13.708527 -7.363473 -3.720908 18.141224 -14.052789 -3.242737 1.3e-05 -18.787376 -3e-06 -0.429714 -8.456116 2.555513 0.0 0.0 2e-06 -15.923538 -20.094505 -5.473536 30.419321 -7.190836 1.735831 1e-06 -8.16297 -6e-06 -1.861899 -22.861671 -6.167974 0.0 -3e-06 -0.0 -178.034958 -4.971231 -22.150545 5.052168 -0.031463 0.503647 -74.338348 -5.986502 -13.895227 -6.144866 1.597481 2.022344 -0.999999 1e-06 1e-06 2.884416 -8.246852 -18.010773 5.814448 -0.04525 0.191455 -73.286583 0.476436 -8.883435 -5.62402 0.500841 1.608587 -1.000003 -1e-06 -0.0 
0.0 0.0 0.0 0.0 -0.0 0.0 3.13325 99.793419 -1.431284 89.821457 2.434611 86.638878 -4.135202 -3.252327 -0.023291 -11.923542 -1.031149 -0.829932 17.095249 1.967376 -3.357766 11.16629 -2.872782 2.214271 -2.604785 -0.554407 0.54529 -19.488083 3.193597 -2.444583 6e-06 -0.0 0.0 -0.182153 -0.021902 -0.005518 -0.154392 0.132265 0.035448 -0.206376 -0.177584 -0.033227 -151.511414 -71.559143 170.646576 45.445045 -41.943893 5.648035 56.740128 -0.133676 1.374773 21.696596 -30.671051 -48.307625 17.636663 -26.322874 52.41161 -19.466848 -14.395686 29.410696 -1.3e-05 -8.774891 7e-06 16.256161 -18.135271 5.671144 -0.609779 -1.795665 -3.889357 -4.807104 -11.04687 -2.937891 4.3e-05 -20.976183 -3.9e-05 -5.019935 -25.033821 -4.031974 6e-06 0.0 -0.0 -10.634574 -5.686994 -3.565614 10.573355 -17.923056 -3.113956 2.3e-05 -13.821311 -1.4e-05 -0.501695 -31.181856 -4.027098 -11.190258 -57.604649 6.473235 -13.982766 -7.150225 -2.875074 13.772813 -8.401549 -3.218285 0.347794 -34.211842 0.771622 -0.963019 -17.733561 2.621057 -1e-06 -0.0 -0.0 -17.346474 -20.095308 -4.201841 21.757671 -1.638399 3.86644 9e-06 -6.338868 -2e-06 -1.697538 -22.591978 -6.194127 0.0 -4e-06 -0.0 29.676104 -73.2995 168.432693 29.744026 -51.588154 12.392375 79.789726 0.149287 0.778734 9.532769 -16.701141 -12.846892 22.182289 -20.37604 49.933777 -16.701979 -16.743652 28.476837 -7e-06 -12.690735 -8e-06 16.246946 -17.367823 2.05512 -0.105922 -1.513868 -4.275914 -5.039086 -5.612912 -2.953596 1.4e-05 -11.020631 -1.8e-05 -6.111352 -15.89555 -3.840577 1e-06 -1e-06 -2e-06 -10.283445 -5.680323 -4.341883 11.028394 -11.302488 -2.372663 -1.384267 -14.238717 -6.320228 -0.625374 -26.924553 -3.827712 -4.755125 -49.681236 -2.99983 -13.708622 -7.363522 -3.720982 18.141314 -14.052844 -3.242711 2.5e-05 -18.787453 -1.4e-05 -0.429711 -8.456152 2.555547 0.0 0.0 0.0 -15.923644 -20.094608 -5.473657 30.419468 -7.190895 1.735949 9e-06 -8.163001 2e-06 -1.861887 -22.861767 -6.168051 -0.0 -3e-06 -0.0 -177.420029 -5.778135 -22.775658 5.097782 -0.03517 0.534334 -74.118454 -6.012992 -14.5128 -6.299953 1.619851 2.016351 -1.000002 0.0 0.0 3.124949 -7.439237 -16.633074 5.791047 -0.018583 0.13508 -73.277817 -0.123607 -8.38302 -5.632041 0.478294 1.616432 -1.000005 0.0 -0.0 
0.0 0.0 0.0 0.0 -0.0 0.0 2.606442 99.747833 -1.493135 89.311264 2.928814 85.596344 -3.959167 -3.010904 -0.201495 -11.919012 -1.031994 -0.934074 17.168386 2.013775 -3.532561 10.435631 -2.068667 2.590034 -2.531848 -0.532339 1.225582 -18.997328 3.768865 -1.526198 7e-06 0.0 1e-06 -0.174126 -0.007768 0.035995 -0.067909 0.112525 0.071367 -0.145135 -0.127681 0.010337 -156.406204 -71.664146 175.362518 46.101158 -40.532726 5.166186 49.974968 -0.290021 1.209439 17.520712 -32.990475 -45.032459 17.636805 -26.322941 52.411671 -19.466906 -14.395717 29.410706 -7e-06 -8.77493 -6e-06 15.775396 -18.109507 5.533064 -0.609784 -1.795669 -3.889363 -4.807132 -11.046918 -2.937892 2.8e-05 -20.976288 -2.7e-05 -5.020004 -25.033974 -4.03197 7e-06 -1e-06 -1e-06 -10.634624 -5.687014 -3.565624 10.573404 -17.923141 -3.113955 2e-05 -13.821379 -9e-06 -0.501723 -31.182043 -4.02711 -11.166145 -57.10751 6.308592 -13.982834 -7.150254 -2.875082 13.772874 -8.401587 -3.218278 0.347789 -34.212044 0.771626 -0.963019 -17.733662 2.621059 -1e-06 0.0 0.0 -17.346558 -20.09539 -4.201844 21.757772 -1.638409 3.866472 9e-06 -6.338899 -4e-06 -1.697564 -22.592102 -6.194141 -2e-06 -5e-06 -1e-06 24.828873 -73.379105 172.615387 34.315414 -48.456451 9.3676 77.76226 -0.035293 0.375723 8.081011 -17.50935 -12.148727 22.182289 -20.375978 49.933681 -16.701946 -16.743612 28.476738 -9e-06 -12.690701 -1.6e-05 16.298559 -17.618387 2.24672 -0.105925 -1.513868 -4.275908 -5.039081 -5.6129 -2.953588 1.5e-05 -11.020596 -2e-05 -6.111332 -15.895483 -3.840562 2e-06 -2e-06 -1e-06 -10.283442 -5.68032 -4.341874 11.028377 -11.302461 -2.372656 -1.384265 -14.238668 -6.320198 -0.625372 -26.924423 -3.827687 -4.751166 -49.99464 -3.133968 -13.708616 -7.363518 -3.720977 18.141287 -14.052811 -3.242698 3e-05 -18.787384 -1.7e-05 -0.429702 -8.456113 2.555533 -1e-06 -0.0 -0.0 -15.923645 -20.094585 -5.473652 30.419418 -7.190885 1.735959 1.3e-05 -8.16297 0.0 -1.86187 -22.861647 -6.168025 0.0 -3e-06 -3e-06 -176.641113 -6.679314 -23.597317 5.205673 -0.029959 0.592329 -74.014511 -6.074886 -15.012684 -6.200691 1.616981 2.023432 -1.000004 2e-06 0.0 3.492532 -6.557977 -14.941423 5.675363 -0.012115 0.090665 -73.084007 -0.67156 -8.146127 -5.397053 0.495041 1.630003 -1.000007 -2e-06 -0.0 
0.0 0.0 0.0 0.0 -0.0 0.0 2.141311 99.672325 -1.641981 88.780533 3.695573 84.527359 -3.720939 -2.744496 -0.274847 -11.93194 -1.044535 -1.024915 17.668552 1.988117 -3.750355 10.001585 -0.799278 2.846192 -2.517769 -0.619079 1.954187 -18.585812 4.122892 -0.704928 6e-06 0.0 0.0 -0.163762 0.017871 0.13572 0.051042 0.102233 0.185936 -0.03837 -0.066066 0.090641 -163.720444 -70.587761 -177.823898 44.957592 -37.642155 3.629912 42.27095 -0.994613 0.610204 9.96839 -31.325792 -45.260876 17.636887 -26.322941 52.411648 -19.466909 -14.395672 29.410696 -1.1e-05 -8.774929 -1.9e-05 15.858248 -18.283957 5.36991 -0.609783 -1.795675 -3.88936 -4.807131 -11.046931 -2.937901 4.7e-05 -20.976322 -3e-05 -5.019971 -25.034008 -4.031988 8e-06 -0.0 -0.0 -10.63463 -5.68702 -3.565634 10.573405 -17.923166 -3.113947 3e-05 -13.821401 -8e-06 -0.501691 -31.182095 -4.027115 -11.314008 -57.781708 6.454021 -13.982838 -7.150264 -2.875087 13.772877 -8.401603 -3.218266 0.347824 -34.212109 0.771618 -0.963003 -17.733702 2.621076 1e-06 0.0 -2e-06 -17.346561 -20.095409 -4.201857 21.757772 -1.638423 3.866499 1.6e-05 -6.338912 -7e-06 -1.697547 -22.59215 -6.194157 1e-06 -4e-06 -4e-06 17.963339 -72.060692 178.891006 37.891132 -42.645504 7.977881 73.157013 -0.227744 -0.013968 4.81334 -17.401972 -11.50833 22.182323 -20.375925 49.933777 -16.701977 -16.743595 28.476789 -1.2e-05 -12.690712 -2.6e-05 16.458473 -17.908226 2.419321 -0.105926 -1.513871 -4.275912 -5.039084 -5.612905 -2.953601 2.5e-05 -11.020587 -3.9e-05 -6.111316 -15.895476 -3.840609 3e-06 -1e-06 0.0 -10.283448 -5.680322 -4.341893 11.028392 -11.302464 -2.372663 -1.384256 -14.238666 -6.320239 -0.625312 -26.924416 -3.827746 -4.98376 -50.108406 -3.04641 -13.708625 -7.363521 -3.720995 18.141306 -14.05281 -3.242709 5.5e-05 -18.787365 -4.3e-05 -0.42969 -8.4561 2.555534 1e-06 1e-06 0.0 -15.923644 -20.094593 -5.473694 30.419436 -7.190901 1.735975 2.1e-05 -8.162959 -5e-06 -1.861831 -22.861601 -6.16806 1e-06 -3e-06 -2e-06 -175.5457 -7.498446 -24.221344 5.234649 0.00416 0.589247 -73.928207 -6.224931 -15.218928 -5.892142 1.589144 2.034166 -0.999999 -0.0 -0.0 4.154366 -5.742826 -13.312087 5.509795 -0.024545 0.125108 -73.130264 -1.164142 -8.212002 -5.125317 0.558173 1.637256 -1.000002 0.0 0.0 
0.0 0.0 0.0 0.0 -0.0 0.0 1.71592 99.603615 -1.784645 88.155113 4.347027 83.544365 -3.495 -2.419017 -0.324027 -11.900143 -1.062469 -1.135042 18.202892 2.224073 -3.824226 9.951263 0.26292 2.915452 -2.562397 -0.60163 2.743243 -18.980064 4.430882 -0.195747 6e-06 -0.0 0.0 -0.181916 0.0455 0.241417 0.09326 0.108813 0.308081 -0.002082 -0.01875 0.17729 -167.156372 -69.651978 -174.502213 44.319691 -34.983955 -1.371054 36.972149 -1.766301 0.156617 3.402092 -26.269363 -46.684738 17.636723 -26.322741 52.411243 -19.466599 -14.395561 29.41036 1.3e-05 -8.774829 -2.3e-05 16.503035 -18.699972 5.510962 -0.609783 -1.795651 -3.889328 -4.807107 -11.046803 -2.93785 -1.4e-05 -20.976015 1.1e-05 -5.019992 -25.033594 -4.031918 5e-06 0.0 -0.0 -10.634551 -5.686975 -3.565599 10.573256 -17.92293 -3.113873 -8e-06 -13.821206 1e-05 -0.501808 -31.181541 -4.027024 -12.067244 -59.60638 7.316207 -13.982737 -7.150204 -2.875056 13.772727 -8.401479 -3.218213 0.347698 -34.211571 0.771687 -0.96305 -17.733412 2.621047 0.0 -0.0 -0.0 -17.346453 -20.095222 -4.201801 21.757574 -1.638366 3.866477 -2e-06 -6.338821 6e-06 -1.697613 -22.591763 -6.194031 -0.0 -5e-06 -2e-06 12.547243 -71.340134 -176.401154 40.064518 -37.391758 8.006241 68.661819 -0.319987 -0.058751 5.088006 -19.338182 -13.334663 22.182152 -20.375942 49.933323 -16.701777 -16.743507 28.476496 -1.4e-05 -12.690584 -4e-06 16.736811 -17.976198 2.503252 -0.105922 -1.513857 -4.275878 -5.039036 -5.612863 -2.953553 1.5e-05 -11.020531 1.2e-05 -6.111281 -15.895345 -3.840455 2e-06 -1e-06 1e-06 -10.283365 -5.680282 -4.341843 11.028284 -11.302406 -2.372611 -1.384259 -14.238568 -6.320103 -0.625434 -26.924215 -3.827549 -5.279919 -50.122646 -2.762725 -13.708516 -7.363468 -3.720944 18.141132 -14.052748 -3.242647 1.5e-05 -18.787287 2.8e-05 -0.42971 -8.456071 2.555529 -0.0 0.0 1e-06 -15.923522 -20.094467 -5.473586 30.41917 -7.190843 1.735941 8e-06 -8.162933 1.1e-05 -1.861885 -22.861507 -6.167907 1e-06 -2e-06 1e-06 -174.621078 -8.370592 -24.233149 5.303914 0.023636 0.59566 -74.122078 -6.804399 -15.497551 -5.70674 1.598354 2.050061 -0.999997 -0.0 -1e-06 4.745243 -4.942671 -12.264018 5.34486 0.015802 0.142323 -73.115952 -1.282724 -8.07507 -5.062425 0.622825 1.645584 -1.000003 1e-06 -0.0 
0.0 0.0 0.0 0.0 -0.0 0.0 1.378053 99.621124 -1.922428 87.797775 4.359152 82.854744 -3.407561 -2.087875 -0.245486 -11.862957 -1.052394 -1.20162 18.305038 2.460968 -3.585991 10.405548 1.055073 2.831643 -2.636223 -0.51456 3.030254 -19.7178 4.840433 -0.434075 6e-06 -1e-06 -0.0 -0.180837 0.059744 0.321849 0.096419 0.130365 0.408783 0.004296 -0.01429 0.235495 -167.038803 -68.957726 -174.414047 43.100155 -32.982861 -7.119861 38.359058 -2.05007 0.094941 -0.744156 -19.363932 -47.281734 17.636641 -26.322718 52.411129 -19.46681 -14.39563 29.410454 -1.9e-05 -8.774857 0.0 16.984316 -18.692324 5.587311 -0.609774 -1.795666 -3.889333 -4.807079 -11.046864 -2.937861 5.3e-05 -20.976166 -2.3e-05 -5.019938 -25.033779 -4.031898 6e-06 -1e-06 -1e-06 -10.634539 -5.686983 -3.565584 10.573337 -17.923058 -3.113941 3.5e-05 -13.821299 -1.2e-05 -0.501688 -31.181808 -4.027043 -12.23854 -60.544739 7.722768 -13.982725 -7.15021 -2.875034 13.772777 -8.401555 -3.218273 0.347828 -34.211815 0.771603 -0.962986 -17.733541 2.621037 -0.0 -0.0 1e-06 -17.346422 -20.09528 -4.201776 21.75761 -1.638408 3.866408 1.4e-05 -6.338863 -9e-06 -1.697526 -22.591944 -6.194067 0.0 -5e-06 -1e-06 10.017044 -71.683983 -174.645126 40.003864 -34.425812 7.814412 68.438316 -0.120954 -0.02342 8.011008 -21.434109 -17.968674 22.18218 -20.375916 49.933395 -16.701975 -16.743692 28.476677 -2.3e-05 -12.690722 1.2e-05 16.587313 -17.738165 2.555701 -0.105909 -1.513861 -4.275895 -5.03907 -5.612887 -2.953562 2.6e-05 -11.020585 -1.6e-05 -6.111331 -15.895451 -3.84051 5e-06 -2e-06 1e-06 -10.283419 -5.680299 -4.341836 11.028395 -11.302456 -2.372669 -1.384254 -14.238652 -6.320164 -0.625362 -26.924404 -3.827655 -5.53977 -50.112968 -2.338579 -13.708596 -7.363483 -3.72093 18.141319 -14.052807 -3.242735 4.4e-05 -18.787369 -1.9e-05 -0.429694 -8.456105 2.555521 2e-06 -0.0 1e-06 -15.92362 -20.094522 -5.473583 30.419481 -7.190889 1.73589 1.5e-05 -8.162962 -6e-06 -1.861882 -22.861635 -6.168003 0.0 -3e-06 0.0 -174.568588 -8.957211 -23.961674 5.48438 0.030897 0.597578 -74.211082 -7.372563 -15.818771 -5.794803 1.579842 2.052581 -0.999997 -0.0 0.0 4.618298 -4.448403 -12.18199 5.41077 0.052722 0.158695 -73.184036 -0.947032 -7.735574 -5.164608 0.694116 1.661046 -0.999999 1e-06 0.0 
0.0 0.0 0.0 0.0 -0.0 0.0 1.080481 99.676804 -2.014727 87.703621 3.824236 82.660172 -3.371326 -1.861872 -0.196012 -11.74584 -0.986864 -1.191315 17.863256 2.710894 -3.361102 11.410722 1.851082 2.734944 -2.686162 -0.477269 2.987463 -20.600979 5.242824 -0.724467 6e-06 0.0 0.0 -0.157484 0.050257 0.304535 0.10181 0.117041 0.400417 0.015648 -0.021352 0.209454 -163.282074 -68.367989 -178.080811 40.562382 -31.529585 -10.127208 47.910782 -2.261754 0.114787 -0.947577 -9.936746 -48.913242 17.636488 -26.322592 52.411129 -19.466726 -14.395533 29.410442 -1.2e-05 -8.774796 1e-05 17.411953 -18.494133 5.414107 -0.609773 -1.795661 -3.889325 -4.807065 -11.046822 -2.937874 3.3e-05 -20.976046 -6.5e-05 -5.019875 -25.033651 -4.031953 6e-06 -0.0 -1e-06 -10.634492 -5.686977 -3.565587 10.573252 -17.922955 -3.113948 2.2e-05 -13.821221 -3.5e-05 -0.501654 -31.181604 -4.027127 -11.796512 -60.224968 7.548956 -13.982661 -7.150203 -2.875044 13.772682 -8.401502 -3.21827 0.3478 -34.211597 0.77154 -0.962987 -17.733427 2.620983 0.0 -0.0 -0.0 -17.346342 -20.095226 -4.201798 21.757481 -1.638366 3.866399 6e-06 -6.338829 -1.7e-05 -1.69751 -22.591822 -6.1941 -1e-06 -4e-06 -1e-06 10.775813 -72.444611 -176.043198 37.90918 -32.734234 7.114512 73.831032 0.463933 0.031897 12.677846 -22.868986 -27.181921 22.181963 -20.375769 49.932968 -16.701761 -16.743498 28.476366 -3.8e-05 -12.690532 1.9e-05 16.117317 -17.489689 2.573382 -0.10591 -1.513847 -4.27586 -5.039001 -5.612821 -2.953531 3.3e-05 -11.020448 -3e-06 -6.111206 -15.895196 -3.840434 2e-06 -0.0 1e-06 -10.283317 -5.680238 -4.341803 11.028265 -11.302347 -2.372637 -1.384221 -14.238461 -6.320066 -0.625351 -26.923973 -3.827538 -5.195572 -49.753315 -2.476986 -13.708455 -7.363412 -3.720902 18.141096 -14.052675 -3.242683 4.7e-05 -18.787134 7e-06 -0.429692 -8.455992 2.5555 -0.0 -0.0 -0.0 -15.923433 -20.094334 -5.473536 30.419092 -7.19083 1.735861 1.8e-05 -8.162866 3e-06 -1.861842 -22.86129 -6.167856 -0.0 -3e-06 -1e-06 -175.259186 -9.323257 -23.665007 5.664319 0.018547 0.568741 -74.244362 -7.594187 -15.833168 -6.081056 1.567887 2.045509 -0.999999 1e-06 0.0 3.91165 -4.151715 -12.454593 5.598535 0.067245 0.165647 -73.269394 -0.660028 -7.39997 -5.367132 0.68892 1.66573 -1.000006 1e-06 0.0 
0.0 0.0 0.0 0.0 -0.0 0.0 0.811219 99.711212 -2.032504 87.642067 3.187848 82.975082 -3.353879 -1.687601 -0.191955 -11.63485 -0.913058 -1.235333 17.357134 3.078664 -3.095626 12.589633 2.65115 2.678635 -2.714027 -0.535082 2.982807 -21.246941 5.501494 -1.012679 6e-06 1e-06 -1e-06 -0.117842 0.02693 0.219964 0.049719 0.076334 0.30067 -0.028482 -0.026207 0.141618 -158.636032 -67.94809 177.025131 37.645405 -29.861994 -9.530499 61.852383 -2.364006 -0.218337 0.904034 -3.352226 -48.246403 17.636728 -26.322744 52.41124 -19.466717 -14.395596 29.410416 -1.9e-05 -8.774839 -1.5e-05 17.496872 -18.201529 5.267009 -0.609778 -1.795656 -3.88933 -4.807073 -11.046809 -2.937867 6.3e-05 -20.976053 -9e-06 -5.019893 -25.033617 -4.031896 6e-06 -0.0 0.0 -10.634545 -5.686961 -3.565599 10.573323 -17.922979 -3.113903 4e-05 -13.821233 6e-06 -0.501689 -31.18162 -4.027 -11.166452 -59.308731 7.10877 -13.982727 -7.150183 -2.875058 13.772759 -8.401525 -3.218239 0.34784 -34.21162 0.771644 -0.962988 -17.733438 2.621069 -1e-06 0.0 -0.0 -17.346409 -20.095201 -4.201812 21.757578 -1.638424 3.866446 1.9e-05 -6.338837 3e-06 -1.69751 -22.591803 -6.194036 -1e-06 -3e-06 -5e-06 13.777161 -72.555603 -179.198929 34.816254 -31.08205 5.999172 83.27372 0.974426 -0.042225 16.389969 -22.995539 -36.452477 22.182146 -20.375984 49.933498 -16.701881 -16.743586 28.476662 -2.4e-05 -12.690639 1.2e-05 15.668582 -17.300852 2.582217 -0.105918 -1.51386 -4.275895 -5.039045 -5.612873 -2.953571 2.2e-05 -11.020564 -2e-06 -6.111284 -15.895418 -3.840504 -1e-06 -0.0 1e-06 -10.283384 -5.680287 -4.341855 11.028333 -11.302432 -2.372647 -1.384245 -14.238617 -6.320154 -0.625382 -26.92433 -3.827615 -4.749177 -49.328011 -2.758551 -13.708543 -7.363479 -3.720956 18.141211 -14.05278 -3.242694 2.9e-05 -18.787344 1.2e-05 -0.429709 -8.456102 2.555536 0.0 1e-06 1e-06 -15.923541 -20.094498 -5.473616 30.419283 -7.190868 1.735908 9e-06 -8.162955 9e-06 -1.861878 -22.861595 -6.16795 -0.0 -3e-06 -1e-06 -176.044556 -9.721936 -23.264452 5.715658 0.019742 0.531278 -74.095673 -7.309506 -15.595955 -6.430203 1.573765 2.032901 -0.999996 -1e-06 0.0 3.258502 -3.780739 -12.6674 5.714122 0.046026 0.159159 -73.312477 -0.56232 -7.229251 -5.489078 0.64393 1.655065 -1.000001 0.0 1e-06 
0.0 0.0 0.0 0.0 -0.0 0.0 0.518492 99.700874 -1.985637 87.490181 2.700584 83.608772 -3.336117 -1.519219 -0.223447 -11.600766 -0.894328 -1.342922 17.004404 3.617343 -2.803009 13.668512 3.364419 2.618345 -2.718081 -0.560238 3.122769 -21.435307 5.595541 -1.268048 7e-06 -0.0 0.0 -0.084773 0.001293 0.116158 -0.013076 0.034229 0.179349 -0.092704 -0.033272 0.057368 -154.348877 -68.24662 172.506042 35.720219 -27.671204 -7.138413 75.570023 -1.867164 -0.532347 2.256083 -0.41747 -44.193401 17.636635 -26.322691 52.411072 -19.466631 -14.395572 29.410316 -5e-06 -8.774816 -7e-06 17.259377 -17.692169 5.162726 -0.609775 -1.795652 -3.88932 -4.807083 -11.046797 -2.937841 1.1e-05 -20.976015 9e-06 -5.019961 -25.033588 -4.031876 6e-06 0.0 1e-06 -10.634523 -5.68696 -3.565581 10.573265 -17.922934 -3.113887 1e-05 -13.821205 8e-06 -0.501769 -31.181545 -4.026989 -10.675833 -58.32093 6.679786 -13.982697 -7.150186 -2.875037 13.772714 -8.401489 -3.218229 0.347746 -34.211555 0.771671 -0.963025 -17.733404 2.621043 -0.0 -0.0 -1e-06 -17.346394 -20.095186 -4.20177 21.757536 -1.638382 3.866428 5e-06 -6.338824 3e-06 -1.697575 -22.59178 -6.194006 -0.0 -6e-06 -1e-06 17.085939 -72.323936 177.680222 32.23613 -29.632212 4.782816 93.867271 1.515006 -0.10155 18.821878 -22.375561 -40.615929 22.182203 -20.37591 49.933533 -16.701893 -16.743563 28.476679 3e-06 -12.690677 -1.7e-05 15.3546 -17.166534 2.700621 -0.105924 -1.51386 -4.275897 -5.03907 -5.612902 -2.953582 3e-06 -11.020589 -2e-05 -6.111337 -15.895494 -3.84056 1e-06 0.0 -1e-06 -10.283406 -5.680312 -4.341861 11.028336 -11.302441 -2.372647 -1.384276 -14.238667 -6.320198 -0.625394 -26.924429 -3.827711 -4.609844 -48.997482 -2.927748 -13.708571 -7.36351 -3.720963 18.14122 -14.052783 -3.242689 1.6e-05 -18.787373 -2.9e-05 -0.429708 -8.456111 2.555525 -0.0 0.0 0.0 -15.923595 -20.094559 -5.473626 30.419327 -7.190847 1.735958 4e-06 -8.162962 -6e-06 -1.861878 -22.861647 -6.168049 0.0 -4e-06 -0.0 -176.650055 -10.222839 -22.782755 5.702312 0.011991 0.544933 -73.734032 -6.83599 -15.288931 -6.55684 1.585889 2.024338 -0.999995 -1e-06 0.0 2.912995 -3.25429 -12.730971 5.684803 -0.014157 0.116019 -73.316742 -0.764893 -7.262302 -5.49663 0.611567 1.643094 -1.000001 1e-06 -0.0 
0.0 0.0 0.0 0.0 -0.0 0.0 0.227411 99.690407 -1.909853 87.322723 2.423963 84.300606 -3.268694 -1.334247 -0.279837 -11.617987 -0.87683 -1.384594 16.757908 4.168454 -2.523222 14.606333 3.928414 2.518909 -2.69592 -0.543968 3.344628 -21.582247 5.649357 -1.417468 6e-06 -0.0 -0.0 -0.066111 -0.015091 0.04448 -0.055923 0.012212 0.093669 -0.139701 -0.0425 0.000849 -150.108551 -69.13208 168.246307 34.881527 -24.99272 -4.95968 87.018547 -1.296662 -0.64102 2.593558 0.951104 -37.385098 17.636818 -26.32284 52.411598 -19.46677 -14.395652 29.41061 1.2e-05 -8.774907 -2.2e-05 16.724491 -17.282459 5.271826 -0.609787 -1.795663 -3.88935 -4.807141 -11.046869 -2.937891 3e-06 -20.976154 -2.7e-05 -5.019996 -25.033806 -4.032017 6e-06 -0.0 -1e-06 -10.634617 -5.687006 -3.565626 10.573348 -17.923031 -3.113923 4e-06 -13.821297 -1.1e-05 -0.501744 -31.181829 -4.027134 -10.722014 -57.894398 6.689981 -13.982818 -7.150245 -2.875081 13.772831 -8.401527 -3.21825 0.347747 -34.2118 0.771632 -0.963035 -17.733538 2.62105 0.0 2e-06 -0.0 -17.346556 -20.095327 -4.201847 21.757738 -1.63838 3.866503 1e-06 -6.338865 -2e-06 -1.697601 -22.591953 -6.194141 0.0 -4e-06 -2e-06 19.904783 -72.401978 175.030731 30.611494 -29.22611 3.762462 103.826668 2.028045 -0.293354 20.894894 -22.288595 -40.402241 22.182211 -20.376032 49.933613 -16.701864 -16.743549 28.476679 -1.4e-05 -12.690632 -7e-06 15.129904 -17.120073 2.961613 -0.105924 -1.513858 -4.2759 -5.039052 -5.612887 -2.95358 1.6e-05 -11.020576 -4e-06 -6.111288 -15.89544 -3.840522 0.0 -0.0 0.0 -10.283395 -5.680296 -4.341872 11.028323 -11.302446 -2.372634 -1.384253 -14.238643 -6.32017 -0.625393 -26.924383 -3.827637 -4.644551 -48.980579 -3.002221 -13.708554 -7.363495 -3.720975 18.141199 -14.052796 -3.242676 2.4e-05 -18.787367 7e-06 -0.429711 -8.456107 2.555539 -0.0 0.0 0.0 -15.923562 -20.094532 -5.473638 30.41927 -7.190872 1.735943 9e-06 -8.162963 9e-06 -1.861872 -22.861616 -6.167969 1e-06 -3e-06 -1e-06 -177.013901 -10.695375 -22.28982 5.657143 0.006342 0.595436 -73.449211 -6.408024 -15.090381 -6.475903 1.586157 2.019941 -0.999997 -0.0 -1e-06 2.825804 -2.757331 -12.685383 5.600797 -0.071327 0.055026 -73.32238 -1.087878 -7.288892 -5.423429 0.598184 1.639683 -1.000002 0.0 -0.0 
0.0 0.0 0.0 0.0 -0.0 0.0 -0.047786 99.70433 -1.805712 87.213257 2.322017 84.86895 -3.163816 -1.160378 -0.374564 -11.627275 -0.825001 -1.300163 16.578714 4.584955 -2.309915 15.373533 4.357743 2.432486 -2.660433 -0.537073 3.477498 -21.958105 5.675032 -1.438129 6e-06 -0.0 1e-06 -0.055319 -0.021942 0.017764 -0.076607 0.012415 0.05358 -0.169339 -0.055148 -0.012748 -145.958466 -70.061409 164.136215 34.508835 -22.80632 -3.93042 95.266273 -0.886285 -0.610654 2.023719 1.630409 -30.635441 17.636478 -26.322807 52.411182 -19.466745 -14.395667 29.41048 -2e-05 -8.774825 2.5e-05 16.130228 -17.145109 5.586378 -0.609766 -1.795656 -3.889331 -4.807063 -11.046824 -2.937842 3.4e-05 -20.976103 8e-06 -5.019951 -25.033691 -4.031834 7e-06 -0.0 -0.0 -10.634503 -5.686963 -3.565571 10.5733 -17.923004 -3.11393 1.8e-05 -13.821262 9e-06 -0.501746 -31.181702 -4.026975 -11.135064 -58.083313 7.0322 -13.982678 -7.150185 -2.875021 13.772738 -8.401526 -3.218283 0.347766 -34.21172 0.771672 -0.963029 -17.733496 2.621053 1e-06 -1e-06 0.0 -17.346361 -20.095215 -4.201749 21.75754 -1.638394 3.866362 8e-06 -6.338844 4e-06 -1.697544 -22.591862 -6.194 0.0 -4e-06 -2e-06 22.286709 -72.81852 172.76532 29.846001 -30.325245 3.0037 111.632973 2.353547 -0.453052 22.54829 -23.046366 -37.623562 22.182068 -20.375759 49.93306 -16.701849 -16.7435 28.47644 -2e-05 -12.690584 4e-06 14.952056 -17.089975 3.13798 -0.105913 -1.513861 -4.27587 -5.03903 -5.612875 -2.953543 1.8e-05 -11.02054 -1.2e-05 -6.111267 -15.895369 -3.840465 -0.0 -0.0 -0.0 -10.283359 -5.680287 -4.341814 11.028296 -11.302417 -2.372644 -1.38425 -14.238597 -6.320111 -0.625385 -26.924261 -3.827614 -4.641472 -48.887833 -3.099642 -13.70851 -7.363472 -3.720912 18.141151 -14.052763 -3.242693 3.7e-05 -18.787287 -2.9e-05 -0.429692 -8.456061 2.555493 -0.0 -0.0 -2e-06 -15.923521 -20.094486 -5.473549 30.419193 -7.190845 1.735901 1.6e-05 -8.162927 -1.8e-05 -1.861841 -22.861507 -6.167972 1e-06 -3e-06 -0.0 -177.142563 -11.04603 -21.944246 5.58011 0.008548 0.641718 -73.244423 -6.082168 -14.980099 -6.358672 1.580569 2.024023 -1.0 -1e-06 -0.0 2.932628 -2.384807 -12.664566 5.486192 -0.095591 -0.011604 -73.328728 -1.376355 -7.162868 -5.355383 0.584026 1.636464 -1.000003 1e-06 0.0 
0.0 0.0 0.0 0.0 -0.0 0.0 -0.33949 99.732246 -1.685234 87.166023 2.320219 85.266785 -3.063785 -0.996526 -0.471276 -11.617656 -0.764069 -1.173866 16.460455 4.855924 -2.189474 15.990476 4.682914 2.449976 -2.621484 -0.528885 3.428885 -22.426121 5.717509 -1.315018 5e-06 -0.0 1e-06 -0.050056 -0.021513 0.01951 -0.077312 0.022311 0.049052 -0.173814 -0.063407 -0.004883 -142.410736 -70.708771 160.599609 34.00082 -22.131363 -4.195091 100.252831 -0.496885 -0.511372 1.154477 1.86124 -26.700722 17.636549 -26.322842 52.411419 -19.466719 -14.395753 29.410549 -4e-06 -8.774876 1.6e-05 15.737808 -17.176811 5.864905 -0.609771 -1.795653 -3.889342 -4.807104 -11.046806 -2.937849 1.2e-05 -20.976038 1.1e-05 -5.02 -25.033607 -4.031885 7e-06 0.0 -0.0 -10.634562 -5.686973 -3.565582 10.573333 -17.922947 -3.113925 -0.0 -13.821224 1.6e-05 -0.501802 -31.181593 -4.026994 -11.50531 -58.334885 7.336745 -13.982758 -7.150196 -2.875028 13.7728 -8.401488 -3.218282 0.347717 -34.21159 0.771703 -0.963057 -17.733425 2.621064 1e-06 0.0 -1e-06 -17.346476 -20.095215 -4.201766 21.757662 -1.638375 3.866395 -0.0 -6.33883 1.1e-05 -1.697602 -22.591799 -6.194013 -0.0 -3e-06 -3e-06 24.339619 -73.246193 170.798782 29.465317 -32.602795 2.492474 116.568314 2.263833 -0.469877 22.819414 -24.064985 -33.693581 22.182236 -20.376022 49.933674 -16.701918 -16.743731 28.476786 1e-05 -12.690756 9e-06 14.763548 -16.986229 3.152629 -0.10592 -1.51386 -4.275908 -5.039095 -5.612899 -2.953577 -7e-06 -11.020587 -5e-06 -6.111393 -15.895479 -3.840546 0.0 -0.0 0.0 -10.283454 -5.680319 -4.341857 11.028388 -11.302432 -2.372659 -1.384294 -14.238654 -6.320195 -0.625425 -26.924398 -3.827684 -4.532027 -48.72023 -3.253017 -13.708637 -7.363519 -3.720951 18.141312 -14.052768 -3.24271 -1.6e-05 -18.78738 5e-06 -0.42973 -8.456114 2.555542 1e-06 -0.0 1e-06 -15.923692 -20.09457 -5.473608 30.419516 -7.190828 1.735939 -6e-06 -8.162972 1e-05 -1.861961 -22.861664 -6.168013 -1e-06 0.0 -1e-06 -177.140732 -11.30448 -21.759996 5.533516 0.018783 0.674852 -73.044594 -5.881257 -14.977914 -6.262301 1.583244 2.037527 -1.000001 -0.0 1e-06 3.148295 -2.107422 -12.633874 5.365373 -0.098521 -0.057718 -73.374863 -1.712873 -6.97716 -5.326845 0.577597 1.632501 -1.000004 1e-06 0.0 
0.0 0.0 0.0 0.0 -0.0 0.0 -0.651037 99.758926 -1.531842 87.141533 2.380767 85.531357 -3.000328 -0.824213 -0.514271 -11.610532 -0.733258 -1.08275 16.451723 5.047019 -2.129933 16.482719 4.925435 2.54025 -2.588938 -0.530991 3.343673 -22.918474 5.760626 -1.202261 7e-06 1e-06 -0.0 -0.039877 -0.014436 0.043741 -0.061662 0.038501 0.073301 -0.151442 -0.065505 0.019796 -139.716278 -70.988617 157.986588 33.139767 -22.841938 -5.342174 103.111603 -0.157825 -0.425797 0.278914 2.30919 -25.535147 17.636641 -26.322664 52.41114 -19.466631 -14.39555 29.410372 4e-06 -8.774819 -8e-06 15.622714 -17.274208 5.981646 -0.60978 -1.795651 -3.889324 -4.807091 -11.046809 -2.937855 -1e-06 -20.976038 -1.3e-05 -5.01996 -25.033653 -4.031924 6e-06 -0.0 -0.0 -10.634522 -5.686975 -3.565593 10.573251 -17.922939 -3.113898 0.0 -13.821222 -7e-06 -0.501756 -31.181618 -4.027063 -11.682342 -58.510071 7.412505 -13.982696 -7.1502 -2.87505 13.772705 -8.401485 -3.218233 0.34773 -34.21159 0.771638 -0.963031 -17.733435 2.621024 1e-06 -2e-06 2e-06 -17.346397 -20.095207 -4.201791 21.757532 -1.638365 3.866441 -1e-06 -6.338827 -3e-06 -1.697581 -22.591814 -6.194051 -0.0 -4e-06 -2e-06 26.173159 -73.467178 169.087448 29.161268 -35.54805 2.09968 119.134644 1.783486 -0.435066 22.004601 -24.963438 -28.853237 22.182096 -20.375868 49.933224 -16.701754 -16.743433 28.47644 -1.1e-05 -12.69054 -1e-05 14.697416 -16.91555 3.060147 -0.105922 -1.513854 -4.27587 -5.03902 -5.612861 -2.953553 1.3e-05 -11.020516 -1e-06 -6.111248 -15.895339 -3.840474 -0.0 -0.0 -1e-06 -10.28334 -5.680272 -4.341837 11.028253 -11.302387 -2.372614 -1.384254 -14.238561 -6.320108 -0.625415 -26.924194 -3.827591 -4.457196 -48.699062 -3.354825 -13.708477 -7.363458 -3.720942 18.141075 -14.052726 -3.242646 2.1e-05 -18.787252 1e-06 -0.429702 -8.456049 2.555511 -0.0 -1e-06 -2e-06 -15.923476 -20.094442 -5.473586 30.419077 -7.190829 1.735939 1e-05 -8.162921 1e-06 -1.861855 -22.861485 -6.167936 1e-06 -2e-06 -1e-06 -177.036957 -11.542688 -21.693848 5.5291 0.030882 0.676885 -72.864479 -5.637957 -15.074972 -6.162765 1.587232 2.054682 -1.000001 -0.0 0.0 3.422874 -1.850186 -12.517631 5.291469 -0.093285 -0.073537 -73.486435 -2.142954 -6.767419 -5.305274 0.583043 1.632372 -1.000005 -1e-06 0.0 
0.0 0.0 0.0 0.0 -0.0 0.0 -0.972154 99.774818 -1.351477 87.128532 2.464137 85.702812 -2.971184 -0.656951 -0.513381 -11.609743 -0.729071 -1.061633 16.529316 5.199206 -2.121938 16.842152 5.109635 2.684882 -2.580675 -0.576667 3.27715 -23.398853 5.794502 -1.158667 6e-06 -1e-06 -0.0 -0.035435 -0.009953 0.070583 -0.049108 0.056351 0.10173 -0.129486 -0.074873 0.045675 -137.800079 -70.912865 156.28688 32.003056 -24.631081 -6.896195 104.713867 0.09741 -0.385911 -0.596167 3.449401 -26.722719 17.636608 -26.322981 52.411556 -19.466837 -14.395777 29.410666 -1.1e-05 -8.774902 2.1e-05 15.760687 -17.387962 5.919112 -0.609773 -1.795662 -3.889353 -4.807105 -11.046873 -2.937859 2.6e-05 -20.976185 1.2e-05 -5.020007 -25.0338 -4.031878 6e-06 1e-06 -0.0 -10.634579 -5.686998 -3.565593 10.573376 -17.923075 -3.113944 1.1e-05 -13.821321 1.5e-05 -0.501774 -31.181864 -4.027006 -11.586181 -58.487888 7.224512 -13.98278 -7.150223 -2.875038 13.772839 -8.401553 -3.218296 0.347748 -34.211868 0.7717 -0.963048 -17.73357 2.621079 -0.0 1e-06 1e-06 -17.346497 -20.095314 -4.201775 21.757711 -1.638398 3.866401 5e-06 -6.338875 8e-06 -1.697583 -22.59199 -6.19404 -0.0 -4e-06 -1e-06 27.827728 -73.470222 167.581161 28.807846 -38.605972 2.005021 120.14814 1.116851 -0.404755 20.68494 -25.629829 -23.735455 22.182247 -20.375992 49.933479 -16.701963 -16.743706 28.476694 -5e-06 -12.690748 8e-06 14.772255 -16.91515 2.896961 -0.105915 -1.513862 -4.275899 -5.039086 -5.612911 -2.953563 6e-06 -11.020626 -1e-06 -6.111374 -15.895517 -3.840497 0.0 0.0 -1e-06 -10.283447 -5.680319 -4.341839 11.028402 -11.30248 -2.372658 -1.384287 -14.238706 -6.320163 -0.625437 -26.924517 -3.827632 -4.466349 -48.785679 -3.388616 -13.708628 -7.363517 -3.720932 18.141325 -14.052828 -3.242713 6e-06 -18.787437 -3e-06 -0.42971 -8.45614 2.55553 -1e-06 -1e-06 1e-06 -15.923676 -20.094603 -5.473571 30.419512 -7.190873 1.735922 4e-06 -8.162997 -5e-06 -1.861919 -22.86175 -6.168019 -0.0 -3e-06 -1e-06 -176.861572 -11.774956 -21.730545 5.530033 0.038176 0.655442 -72.732468 -5.298037 -15.237632 -6.07784 1.591541 2.068359 -1.000003 1e-06 0.0 3.710308 -1.603644 -12.342538 5.264291 -0.082223 -0.076629 -73.622192 -2.588932 -6.565542 -5.264006 0.606755 1.641029 -0.999998 -0.0 -0.0 
0.0 0.0 0.0 0.0 -0.0 0.0 -1.295351 99.781761 -1.150521 87.116913 2.502351 85.743515 -2.965724 -0.493637 -0.493774 -11.611487 -0.732394 -1.119853 16.618544 5.35033 -2.138969 17.107693 5.19906 2.86743 -2.580451 -0.617786 3.223135 -23.809792 5.797251 -1.075401 6e-06 -1e-06 0.0 -0.044007 -0.009896 0.071736 -0.044239 0.073183 0.101309 -0.114843 -0.092242 0.048831 -136.287537 -70.548851 155.103592 30.732464 -27.456078 -8.447905 105.538704 0.28558 -0.367712 -1.853971 5.299744 -30.559855 17.636475 -26.322451 52.410652 -19.466541 -14.395464 29.410116 -4e-06 -8.774738 3e-06 16.00423 -17.487242 5.732662 -0.609769 -1.795648 -3.889297 -4.807043 -11.04675 -2.937825 1.4e-05 -20.975908 -1.8e-05 -5.019901 -25.03344 -4.031844 6e-06 -0.0 -0.0 -10.634448 -5.686939 -3.565553 10.573183 -17.92285 -3.113889 1e-05 -13.821136 -1.5e-05 -0.50173 -31.181364 -4.027009 -11.219144 -58.221256 6.838271 -13.982603 -7.150157 -2.87501 13.772612 -8.40145 -3.218226 0.347759 -34.211361 0.771598 -0.962996 -17.733307 2.620976 -0.0 0.0 0.0 -17.346277 -20.095108 -4.201735 21.757374 -1.638355 3.866378 4e-06 -6.338793 -8e-06 -1.697542 -22.591652 -6.193981 0.0 -4e-06 -2e-06 29.373167 -73.393318 166.236526 28.422657 -41.274364 2.363027 120.220551 0.492483 -0.360002 19.199314 -26.066929 -19.721478 22.181959 -20.375751 49.932964 -16.701756 -16.743528 28.476376 0.0 -12.690574 2.5e-05 15.003775 -16.942125 2.698904 -0.10591 -1.513849 -4.275858 -5.039021 -5.612852 -2.953526 1e-06 -11.020488 3e-06 -6.111291 -15.895295 -3.840427 0.0 0.0 0.0 -10.283333 -5.680267 -4.341794 11.028263 -11.30236 -2.372635 -1.384269 -14.238536 -6.320076 -0.625446 -26.924129 -3.827577 -4.475512 -48.906853 -3.392242 -13.708474 -7.36345 -3.720894 18.141102 -14.052679 -3.242686 -5e-06 -18.787222 -3e-06 -0.429714 -8.456033 2.555492 0.0 -1e-06 -2e-06 -15.923491 -20.094408 -5.473512 30.419153 -7.190774 1.73588 -4e-06 -8.1629 -6e-06 -1.861917 -22.861437 -6.167929 1e-06 -4e-06 -1e-06 -176.660995 -11.981336 -21.867369 5.478437 0.043269 0.630153 -72.586769 -5.047819 -15.373151 -6.010584 1.596854 2.077372 -0.999996 0.0 -0.0 3.916842 -1.38779 -12.149371 5.276969 -0.060169 -0.065298 -73.752457 -2.92978 -6.384061 -5.221496 0.613872 1.65017 -0.999998 1e-06 0.0 
0.0 0.0 0.0 0.0 -0.0 0.0 -1.628073 99.78476 -0.936974 87.109795 2.516017 85.647636 -2.94605 -0.32172 -0.472317 -11.607719 -0.724988 -1.22059 16.708578 5.49156 -2.187632 17.324602 5.17355 3.037647 -2.591566 -0.649913 3.219588 -24.196527 5.764959 -0.915296 6e-06 -0.0 0.0 -0.059437 -0.011614 0.056294 -0.040504 0.085331 0.081803 -0.102807 -0.108262 0.037627 -134.746689 -70.067398 154.041901 29.44566 -31.279234 -9.671705 105.675568 0.350505 -0.267111 -4.136896 7.546725 -37.698181 17.636801 -26.322828 52.411469 -19.466738 -14.395664 29.410507 -8e-06 -8.77489 -2e-05 16.072542 -17.530224 5.561209 -0.609782 -1.795658 -3.889343 -4.807117 -11.046829 -2.937873 3.4e-05 -20.976084 -8e-06 -5.019961 -25.03368 -4.031948 6e-06 0.0 -1e-06 -10.634598 -5.686984 -3.565609 10.573351 -17.922995 -3.113909 2.1e-05 -13.821247 3e-06 -0.501732 -31.181648 -4.027045 -10.600746 -57.740959 6.302635 -13.9828 -7.15021 -2.875067 13.77282 -8.401519 -3.218242 0.347786 -34.21167 0.771662 -0.963017 -17.733463 2.621069 0.0 0.0 0.0 -17.346519 -20.095259 -4.201825 21.7577 -1.638411 3.866478 1.1e-05 -6.33884 4e-06 -1.697569 -22.591839 -6.194068 0.0 -5e-06 -2e-06 30.936348 -73.408424 164.931976 27.89028 -43.441944 3.171787 119.708984 -0.047775 -0.235712 17.672678 -26.564245 -17.111835 22.182285 -20.376074 49.933651 -16.70187 -16.743639 28.476698 -1e-06 -12.6907 -1.1e-05 15.274795 -16.975798 2.521202 -0.105923 -1.513855 -4.275903 -5.03908 -5.612895 -2.953576 5e-06 -11.02058 7e-06 -6.11135 -15.895449 -3.840518 -0.0 0.0 -2e-06 -10.283436 -5.680314 -4.341867 11.028361 -11.302447 -2.37263 -1.384282 -14.238649 -6.320165 -0.625436 -26.924389 -3.827621 -4.417576 -49.038563 -3.424203 -13.70861 -7.363505 -3.720963 18.141264 -14.052792 -3.242669 -2e-06 -18.787376 2.1e-05 -0.429719 -8.456111 2.555546 1e-06 0.0 -0.0 -15.923644 -20.094564 -5.473617 30.419409 -7.190863 1.735966 2e-06 -8.162977 1.7e-05 -1.861928 -22.86166 -6.167975 -0.0 -3e-06 -3e-06 -176.424103 -12.14033 -22.082043 5.376377 0.052152 0.619623 -72.40242 -4.950896 -15.48626 -5.974412 1.601265 2.083554 -1.000001 0.0 0.0 4.07164 -1.219143 -11.993076 5.29175 -0.034388 -0.032412 -73.911011 -3.072311 -6.21608 -5.183037 0.589056 1.650738 -1.000006 2e-06 -0.0 
0.0 0.0 0.0 0.0 -0.0 0.0 -1.893254 99.772331 -0.705406 87.098045 2.528433 85.465782 -2.890692 -0.121811 -0.454171 -11.602056 -0.685779 -1.296477 16.798288 5.590667 -2.253078 17.527752 5.072587 3.157035 -2.594004 -0.671574 3.312697 -24.597105 5.682758 -0.732435 6e-06 -2e-06 0.0 -0.071396 -0.012592 0.053253 -0.05633 0.088143 0.068338 -0.113884 -0.113144 0.044985 -133.033432 -69.638748 152.886978 28.04347 -35.61393 -10.252973 105.090912 0.12402 -0.080573 -7.360703 9.354371 -46.543514 17.636772 -26.323042 52.411819 -19.466906 -14.395792 29.410791 -1.2e-05 -8.774946 1e-06 16.054277 -17.520966 5.452595 -0.60978 -1.795666 -3.889368 -4.80713 -11.046894 -2.937889 4.5e-05 -20.976246 -8e-06 -5.019995 -25.033903 -4.03196 6e-06 -1e-06 1e-06 -10.634629 -5.687002 -3.565627 10.573426 -17.923109 -3.113953 2.5e-05 -13.821356 8e-06 -0.501728 -31.181973 -4.02707 -10.032019 -57.585701 5.888907 -13.982841 -7.150236 -2.875076 13.7729 -8.401578 -3.218291 0.34779 -34.211994 0.771679 -0.963036 -17.733646 2.621102 -1e-06 1e-06 0.0 -17.346569 -20.095345 -4.201839 21.757805 -1.638424 3.866462 1e-05 -6.338893 6e-06 -1.697567 -22.592073 -6.194114 -0.0 -6e-06 -3e-06 32.621189 -73.567497 163.537109 27.009901 -45.052696 4.664193 118.895744 -0.373378 -0.085705 16.014399 -27.297762 -15.749819 22.182333 -20.376125 49.933781 -16.701891 -16.743671 28.476761 8e-06 -12.69073 -1.7e-05 15.44637 -16.955177 2.415809 -0.105925 -1.513858 -4.275912 -5.039093 -5.612902 -2.953583 -1e-06 -11.020601 6e-06 -6.111376 -15.89549 -3.840537 -0.0 0.0 -0.0 -10.283458 -5.680323 -4.341877 11.028379 -11.302458 -2.372632 -1.384295 -14.238677 -6.320183 -0.625451 -26.924448 -3.82764 -4.338706 -49.180557 -3.439531 -13.708641 -7.363524 -3.720977 18.141293 -14.052806 -3.242668 -1e-05 -18.787409 2.6e-05 -0.429723 -8.456129 2.555557 -0.0 2e-06 -1e-06 -15.923681 -20.094597 -5.473633 30.41946 -7.190866 1.735979 -4e-06 -8.162988 1.7e-05 -1.861943 -22.861698 -6.167987 -1e-06 -4e-06 -2e-06 -176.162292 -12.275815 -22.318209 5.257543 0.056372 0.61177 -72.255089 -4.93045 -15.621427 -5.971024 1.588273 2.082164 -0.999999 1e-06 0.0 4.219068 -1.070742 -11.834591 5.285058 -0.014682 0.001447 -74.122261 -3.052397 -6.051241 -5.15802 0.55183 1.642974 -1.000002 0.0 1e-06 
0.0 0.0 0.0 0.0 -0.0 0.0 -2.115155 99.739914 -0.486092 87.054276 2.526686 85.270393 -2.823862 0.109223 -0.453387 -11.604031 -0.615586 -1.304816 16.913603 5.6751 -2.335985 17.716272 4.945716 3.212543 -2.568714 -0.687471 3.484841 -25.032482 5.576282 -0.52859 6e-06 -1e-06 0.0 -0.075755 -0.014225 0.067711 -0.081996 0.087389 0.069584 -0.139016 -0.115288 0.071984 -131.119095 -69.312874 151.498337 26.295485 -39.984699 -9.998237 103.811401 -0.344089 0.145325 -11.069818 9.927779 -54.139015 17.636625 -26.322664 52.411053 -19.466599 -14.395563 29.410313 -7e-06 -8.774795 -6e-06 16.222826 -17.601824 5.432235 -0.609775 -1.795647 -3.889317 -4.807065 -11.046764 -2.937845 2.5e-05 -20.97595 3e-06 -5.019921 -25.033487 -4.031872 6e-06 3e-06 1e-06 -10.634507 -5.686944 -3.56558 10.573251 -17.922897 -3.113886 1.3e-05 -13.821166 1.2e-05 -0.501756 -31.181437 -4.026983 -9.863564 -58.167259 5.836032 -13.982679 -7.150167 -2.87504 13.772691 -8.401475 -3.218228 0.347759 -34.21143 0.771669 -0.963022 -17.733337 2.621043 1e-06 -0.0 -0.0 -17.346363 -20.095144 -4.201782 21.7575 -1.638386 3.866424 9e-06 -6.338804 5e-06 -1.697553 -22.591696 -6.193995 0.0 -5e-06 -1e-06 34.518196 -73.81015 161.886261 25.769354 -46.133469 6.889152 117.867371 -0.474413 -0.015397 14.089973 -28.399803 -14.750487 22.182089 -20.3759 49.933273 -16.701771 -16.743462 28.476479 -1.8e-05 -12.690549 -0.0 15.479608 -16.854277 2.379654 -0.10592 -1.513855 -4.275877 -5.03902 -5.612855 -2.953554 1.7e-05 -11.020515 1e-06 -6.111249 -15.895334 -3.840469 -0.0 -0.0 0.0 -10.28334 -5.680271 -4.34184 11.028263 -11.302392 -2.372621 -1.384245 -14.238564 -6.320113 -0.6254 -26.924208 -3.827586 -4.312183 -49.24332 -3.372347 -13.708479 -7.363451 -3.720945 18.14109 -14.05273 -3.242658 2.5e-05 -18.787254 4e-06 -0.429706 -8.456052 2.555515 -0.0 -0.0 0.0 -15.923473 -20.094433 -5.473595 30.419098 -7.190836 1.735922 1e-05 -8.162921 6e-06 -1.861862 -22.861481 -6.167922 -0.0 -2e-06 -2e-06 -175.903763 -12.435489 -22.562574 5.105051 0.050913 0.609048 -72.187935 -4.928741 -15.829392 -5.950783 1.570031 2.075323 -0.999999 -0.0 -1e-06 4.349402 -0.888125 -11.569832 5.268142 -0.007391 0.036133 -74.336906 -3.032601 -5.881394 -5.127738 0.529072 1.633874 -1.000002 0.0 -1e-06 
0.0 0.0 0.0 0.0 -0.0 0.0 -2.330893 99.702728 -0.314119 86.965935 2.506627 85.115982 -2.735764 0.361961 -0.48187 -11.613968 -0.538579 -1.281177 17.080578 5.795489 -2.427581 17.887703 4.816636 3.234562 -2.506163 -0.699114 3.685032 -25.549837 5.399348 -0.306252 6e-06 -0.0 -0.0 -0.075333 -0.014154 0.095877 -0.085793 0.099795 0.091986 -0.147105 -0.127058 0.105204 -128.800568 -69.200073 149.655136 24.139488 -44.513115 -9.227642 101.902901 -1.160306 0.300037 -15.939589 9.253703 -59.880207 17.636671 -26.322493 52.410419 -19.466503 -14.395529 29.409962 -1.3e-05 -8.774779 -1.9e-05 16.331392 -17.835888 5.621331 -0.609767 -1.79564 -3.889283 -4.807047 -11.046725 -2.937797 4e-05 -20.975874 4.2e-05 -5.019938 -25.033363 -4.031761 8e-06 3e-06 1e-06 -10.634482 -5.686914 -3.565534 10.573243 -17.922848 -3.113836 2.2e-05 -13.821123 2.8e-05 -0.501781 -31.181293 -4.02687 -10.183628 -59.119244 6.159662 -13.982647 -7.150126 -2.874995 13.772675 -8.401461 -3.218191 0.347778 -34.211315 0.771703 -0.963002 -17.733282 2.621043 -0.0 -0.0 -1e-06 -17.346331 -20.095043 -4.201691 21.75746 -1.638406 3.866401 1.4e-05 -6.338785 7e-06 -1.697562 -22.591599 -6.19389 -3e-06 -6e-06 0.0 36.735756 -74.116798 159.867981 24.440771 -46.749985 9.439179 116.521812 -0.482017 -0.057385 11.400093 -30.41946 -13.555239 22.181997 -20.375837 49.933159 -16.701691 -16.74333 28.476381 -1.4e-05 -12.690458 -8e-06 15.394205 -16.710308 2.417686 -0.105924 -1.513852 -4.275864 -5.038992 -5.612843 -2.953555 1.5e-05 -11.020487 -5e-06 -6.111195 -15.895293 -3.840467 1e-06 0.0 -0.0 -10.283287 -5.680258 -4.34184 11.028188 -11.302361 -2.372604 -1.384234 -14.238521 -6.320097 -0.625398 -26.924103 -3.827586 -4.340921 -49.138634 -3.233963 -13.708408 -7.363437 -3.720951 18.140968 -14.052694 -3.242634 2.6e-05 -18.787197 -3e-06 -0.429703 -8.456022 2.5555 0.0 -2e-06 -2e-06 -15.923377 -20.094385 -5.473598 30.418886 -7.190807 1.735924 9e-06 -8.162898 -1e-06 -1.861824 -22.861423 -6.167916 -0.0 -4e-06 -2e-06 -175.659683 -12.644542 -22.798746 4.896426 0.047681 0.618089 -72.070175 -4.947351 -16.127905 -5.834903 1.547061 2.074125 -0.999995 -1e-06 -0.0 4.439458 -0.652519 -11.138968 5.253646 -0.018703 0.084377 -74.472397 -3.129436 -5.728185 -5.064211 0.523476 1.628962 -1.0 0.0 -0.0 
0.0 0.0 0.0 0.0 -0.0 0.0 -2.562716 99.688011 -0.218971 86.864761 2.448174 85.052544 -2.630972 0.626333 -0.539064 -11.621831 -0.490051 -1.32198 17.275114 5.969926 -2.524162 18.138439 4.665086 3.210904 -2.421453 -0.659942 3.897297 -26.132908 5.162518 -0.003307 6e-06 -2e-06 0.0 -0.07956 -0.003296 0.139103 -0.053584 0.125925 0.141523 -0.12318 -0.131418 0.142764 -126.008034 -69.35128 147.305115 21.790602 -48.774071 -7.930387 99.905434 -1.799506 0.379646 -21.960691 7.611663 -63.393726 17.636568 -26.322598 52.410828 -19.466566 -14.395565 29.410213 4e-06 -8.774802 2e-06 16.162054 -17.979422 5.98173 -0.609772 -1.795647 -3.889307 -4.80708 -11.046777 -2.937824 -1.1e-05 -20.975964 1.4e-05 -5.019983 -25.033527 -4.031855 4e-06 1e-06 -2e-06 -10.634498 -5.686953 -3.565556 10.57323 -17.922888 -3.113878 -7e-06 -13.821176 7e-06 -0.501797 -31.181477 -4.026996 -10.772123 -59.900513 6.647373 -13.982671 -7.150176 -2.875012 13.772682 -8.401458 -3.218229 0.347699 -34.211472 0.771666 -0.963036 -17.73336 2.62101 0.0 2e-06 -3e-06 -17.346378 -20.09514 -4.20172 21.757505 -1.638357 3.866402 -3e-06 -6.338809 1e-06 -1.697608 -22.591724 -6.193985 0.0 -2e-06 0.0 39.488197 -74.483368 157.233887 23.574209 -47.040527 11.555576 115.145241 -0.515466 0.002524 8.062603 -32.945782 -12.181483 22.182009 -20.375767 49.933128 -16.701637 -16.743334 28.476318 -1.1e-05 -12.690452 -1.5e-05 15.360056 -16.507397 2.579637 -0.105925 -1.513847 -4.275858 -5.038996 -5.612822 -2.953551 1.3e-05 -11.020416 -9e-06 -6.11119 -15.895167 -3.840478 -1e-06 -0.0 0.0 -10.283298 -5.680248 -4.341835 11.028186 -11.302316 -2.3726 -1.38424 -14.23844 -6.32009 -0.625382 -26.92391 -3.827585 -4.633893 -49.218193 -2.872813 -13.708421 -7.363425 -3.720947 18.140966 -14.052627 -3.242623 2.4e-05 -18.787085 2e-06 -0.429702 -8.455962 2.555498 0.0 1e-06 -1e-06 -15.923396 -20.094341 -5.473601 30.41889 -7.190782 1.735945 1.1e-05 -8.162848 7e-06 -1.86184 -22.861221 -6.167878 -1e-06 -4e-06 -1e-06 -175.501068 -12.895926 -23.05658 4.665085 0.05858 0.638921 -71.809998 -4.959185 -16.49369 -5.675904 1.527694 2.081883 -0.999994 0.0 0.0 4.427467 -0.385084 -10.599352 5.280097 -0.039482 0.108964 -74.450928 -3.399925 -5.654133 -4.985251 0.572846 1.644495 -1.000001 2e-06 0.0 
0.0 0.0 0.0 0.0 -0.0 0.0 -2.846635 99.701363 -0.203265 86.773788 2.350912 85.000023 -2.541688 0.896164 -0.562848 -11.613153 -0.474576 -1.44686 17.502975 6.161889 -2.575552 18.572309 4.597159 3.13428 -2.347407 -0.592363 4.006541 -26.627121 5.013387 0.373194 6e-06 0.0 -0.0 -0.082772 0.012534 0.181968 -0.001963 0.149281 0.202592 -0.068782 -0.124621 0.168089 -123.325882 -69.413734 145.186081 19.283407 -51.818287 -6.363882 98.793297 -2.107697 0.584279 -26.401211 5.905937 -65.191483 17.636677 -26.322798 52.411335 -19.466778 -14.395658 29.410536 -5e-06 -8.774874 -3e-06 16.210636 -17.776495 6.104883 -0.609777 -1.79566 -3.889341 -4.807103 -11.046859 -2.937867 2.1e-05 -20.976156 -1e-05 -5.019979 -25.033789 -4.031923 1e-05 2e-06 -1e-06 -10.634563 -5.686985 -3.565599 10.573326 -17.923033 -3.113923 1.6e-05 -13.821299 -1e-06 -0.501743 -31.181818 -4.027052 -10.974287 -60.127678 6.845258 -13.982752 -7.150216 -2.875051 13.772795 -8.401536 -3.218267 0.347769 -34.211811 0.771648 -0.963021 -17.733545 2.621054 -2e-06 -3e-06 -1e-06 -17.346462 -20.095272 -4.201798 21.757652 -1.638395 3.866436 7e-06 -6.338862 -1e-06 -1.697564 -22.591951 -6.194079 -0.0 -2e-06 -2e-06 42.640099 -74.871819 154.228592 23.390814 -47.316608 12.491748 114.428474 -0.721103 0.217148 6.166852 -34.455494 -11.887347 22.182112 -20.3759 49.933437 -16.701838 -16.743494 28.47661 -1.2e-05 -12.690594 -1e-06 15.495473 -16.27129 2.674703 -0.105923 -1.513857 -4.275887 -5.039037 -5.612877 -2.953573 1.3e-05 -11.020553 -1.5e-05 -6.111269 -15.89541 -3.840521 -0.0 0.0 0.0 -10.283363 -5.680292 -4.341856 11.028287 -11.302417 -2.37264 -1.384248 -14.238616 -6.320166 -0.625378 -26.92432 -3.827662 -5.142422 -49.56451 -2.374171 -13.708511 -7.363482 -3.720961 18.141136 -14.052756 -3.242682 2.5e-05 -18.787319 -1.6e-05 -0.429706 -8.456085 2.555517 0.0 0.0 0.0 -15.923512 -20.0945 -5.473621 30.419176 -7.190838 1.735926 9e-06 -8.162943 -3e-06 -1.861853 -22.861572 -6.167989 -1e-06 -2e-06 -1e-06 -175.459625 -13.177477 -23.518036 4.500481 0.068775 0.705064 -71.504128 -4.91435 -16.912428 -5.52837 1.523734 2.084091 -0.999997 -1e-06 0.0 4.282956 -0.112942 -10.125089 5.399291 -0.046563 0.093365 -74.355179 -3.698535 -5.553041 -4.839816 0.613639 1.661425 -1.000004 1e-06 -0.0 
0.0 0.0 0.0 0.0 -0.0 0.0 -3.166765 99.715309 -0.262101 86.638458 2.303338 84.818054 -2.417249 1.167248 -0.610955 -11.549329 -0.416497 -1.536804 17.719515 6.3148 -2.595154 19.524841 4.690796 3.077118 -2.335918 -0.537978 4.145347 -26.867556 4.967626 0.675408 5e-06 -1e-06 1e-06 -0.094564 0.01757 0.167451 0.00288 0.170939 0.197094 -0.055817 -0.137541 0.144438 -121.727295 -69.186096 144.118866 16.608669 -52.983608 -5.052337 99.680885 -2.119763 0.651229 -26.571714 4.7522 -65.44902 17.636772 -26.322914 52.411804 -19.466892 -14.395667 29.410774 1e-06 -8.774914 -1e-05 16.396717 -17.815443 5.996201 -0.609786 -1.795673 -3.889368 -4.807137 -11.046924 -2.937911 1.7e-05 -20.976278 -5.2e-05 -5.019971 -25.033972 -4.032035 7e-06 -1e-06 2e-06 -10.634618 -5.687032 -3.565637 10.573364 -17.923119 -3.113963 1.2e-05 -13.821367 -2.3e-05 -0.501685 -31.182007 -4.027182 -11.044291 -60.286877 6.899906 -13.982824 -7.150274 -2.875092 13.772844 -8.40157 -3.218281 0.347782 -34.211998 0.771585 -0.963018 -17.733646 2.621042 -0.0 -1e-06 0.0 -17.346561 -20.095417 -4.201869 21.757736 -1.638384 3.866492 4e-06 -6.338893 -8e-06 -1.697561 -22.592089 -6.194185 -0.0 -4e-06 -1e-06 44.90134 -75.165283 152.201614 23.631872 -47.583549 11.80237 115.07563 -0.961016 0.38052 7.282256 -34.139473 -17.026964 22.182295 -20.376028 49.933598 -16.702024 -16.743744 28.476782 -1.7e-05 -12.690779 6e-06 15.635596 -16.444355 2.745792 -0.105914 -1.513865 -4.275909 -5.039092 -5.612915 -2.953573 1.8e-05 -11.020634 -6e-06 -6.111369 -15.895526 -3.840521 0.0 -0.0 -0.0 -10.283467 -5.680325 -4.341851 11.028438 -11.302503 -2.37267 -1.384272 -14.238729 -6.320186 -0.625395 -26.924574 -3.827653 -5.319518 -49.72068 -2.292377 -13.708655 -7.36352 -3.720944 18.141384 -14.052863 -3.242729 2.7e-05 -18.787462 -4e-06 -0.429703 -8.456149 2.555541 0.0 -1e-06 -0.0 -15.923695 -20.094618 -5.473596 30.419582 -7.190913 1.735919 9e-06 -8.163007 -1e-06 -1.861899 -22.861771 -6.168027 -0.0 -2e-06 -1e-06 -175.465424 -13.531334 -24.049273 4.559603 0.060467 0.752267 -71.18203 -4.90489 -17.122459 -5.484953 1.527567 2.09409 -1.000001 -1e-06 0.0 4.14108 0.219511 -9.693274 5.530841 -0.043571 0.067352 -74.375854 -3.796724 -5.345062 -4.658082 0.612642 1.673168 -1.000007 1e-06 0.0 
0.0 0.0 0.0 0.0 -0.0 0.0 -3.489681 99.691452 -0.344749 86.463196 2.267303 84.61084 -2.325997 1.434942 -0.651808 -11.547903 -0.357024 -1.682738 18.017138 6.535004 -2.604033 20.879166 4.843555 3.048925 -2.389803 -0.574952 4.196481 -26.678305 4.941096 0.76654 6e-06 -2e-06 0.0 -0.097655 0.002805 0.074976 -0.03682 0.157518 0.096681 -0.100543 -0.153306 0.061079 -121.788841 -68.815216 144.565353 14.35745 -52.393551 -4.364066 101.280685 -1.706016 0.418156 -24.155766 3.819913 -64.765121 17.636726 -26.322969 52.411785 -19.466805 -14.395654 29.410719 1.3e-05 -8.774896 -1.1e-05 16.332003 -18.047855 5.938482 -0.609788 -1.795666 -3.889361 -4.807136 -11.046904 -2.937892 -2e-05 -20.976229 -1.2e-05 -5.02002 -25.033909 -4.031988 7e-06 1e-06 0.0 -10.634604 -5.687026 -3.565635 10.573325 -17.923086 -3.113932 -1.1e-05 -13.821347 -4e-06 -0.501768 -31.181948 -4.027122 -11.025098 -60.233204 6.807371 -13.982805 -7.15027 -2.875089 13.772808 -8.401541 -3.218262 0.347695 -34.211948 0.771655 -0.963064 -17.733616 2.621055 -0.0 0.0 -1e-06 -17.346542 -20.095388 -4.201845 21.757702 -1.638362 3.866482 -6e-06 -6.338886 0.0 -1.697608 -22.592045 -6.194136 2e-06 -3e-06 -2e-06 45.632221 -75.108032 151.722305 23.79266 -47.358166 10.073914 116.632133 -1.115664 0.588763 9.695784 -32.083038 -26.119963 22.182236 -20.375992 49.933582 -16.702026 -16.743692 28.476791 -9e-06 -12.690747 1.2e-05 15.630453 -16.675112 2.735317 -0.105915 -1.51387 -4.275908 -5.039084 -5.61293 -2.953577 8e-06 -11.020658 -1.5e-05 -6.111365 -15.895594 -3.840532 0.0 0.0 -0.0 -10.283446 -5.680332 -4.341853 11.028404 -11.302508 -2.372676 -1.384272 -14.23876 -6.320202 -0.625398 -26.924641 -3.827703 -5.138098 -49.690887 -2.55081 -13.708626 -7.363528 -3.720947 18.141331 -14.052872 -3.242739 2e-05 -18.787497 -3e-05 -0.429709 -8.456169 2.555525 0.0 -2e-06 -0.0 -15.923664 -20.094645 -5.4736 30.419508 -7.190888 1.735909 7e-06 -8.163016 -1.4e-05 -1.86189 -22.861824 -6.168076 -1e-06 -3e-06 -1e-06 -175.579224 -13.960078 -24.438553 4.827131 0.044218 0.7826 -70.989098 -4.790426 -16.944912 -5.597177 1.539297 2.100949 -1.000001 -1e-06 0.0 4.028757 0.609287 -9.455909 5.638909 -0.029581 0.031186 -74.464417 -3.743873 -5.04892 -4.608293 0.607024 1.680345 -1.000002 1e-06 0.0 
0.0 0.0 0.0 0.0 -0.0 0.0 -3.792424 99.62915 -0.453127 86.265045 2.212162 84.567955 -2.338333 1.660475 -0.701605 -11.615509 -0.330314 -1.913529 18.354031 6.884313 -2.611811 22.52047 5.063688 2.990851 -2.460011 -0.620154 4.223272 -26.253677 4.798618 0.794982 6e-06 -2e-06 0.0 -0.071627 -0.006806 -0.009977 -0.067375 0.135983 -0.000634 -0.146147 -0.14984 -0.010737 -122.862274 -68.629883 145.922913 13.386552 -50.623219 -4.595064 101.916977 -0.941067 0.063281 -20.711645 3.360115 -64.756073 17.636541 -26.322571 52.410767 -19.466518 -14.395537 29.410149 -7e-06 -8.774773 -0.0 16.223522 -18.25341 5.888372 -0.609772 -1.795642 -3.889299 -4.807054 -11.046737 -2.937819 1.2e-05 -20.975887 2.7e-05 -5.019941 -25.033401 -4.031812 1e-05 -1e-06 0.0 -10.634476 -5.68693 -3.565554 10.573216 -17.922846 -3.113868 6e-06 -13.82113 2.1e-05 -0.501787 -31.18133 -4.026927 -10.750385 -59.760105 6.573525 -13.982637 -7.150147 -2.875011 13.772654 -8.401446 -3.218218 0.347727 -34.211353 0.771694 -0.963032 -17.733311 2.621035 -0.0 -2e-06 1e-06 -17.346319 -20.095076 -4.201728 21.757435 -1.638375 3.866392 5e-06 -6.338789 8e-06 -1.697572 -22.591621 -6.193936 -2e-06 -5e-06 -1e-06 45.57935 -74.697502 152.076294 23.824188 -46.75235 7.917162 118.097618 -0.918354 0.702576 11.293507 -28.136791 -35.065872 22.181995 -20.375774 49.93306 -16.701675 -16.743429 28.476353 0.0 -12.690514 2e-06 15.564919 -16.74279 2.685479 -0.105922 -1.513846 -4.275858 -5.039014 -5.612837 -2.953539 2e-06 -11.020461 2e-06 -6.111256 -15.895252 -3.840456 -0.0 -0.0 0.0 -10.283316 -5.680258 -4.341817 11.028218 -11.302332 -2.37261 -1.384262 -14.238487 -6.320084 -0.625432 -26.924023 -3.827572 -4.871734 -49.592545 -2.801053 -13.708448 -7.363438 -3.720924 18.141022 -14.052647 -3.242642 -2e-06 -18.787149 7e-06 -0.429712 -8.456 2.555499 1e-06 -0.0 0.0 -15.923446 -20.094372 -5.473559 30.419012 -7.19077 1.735925 -1e-06 -8.162879 5e-06 -1.861892 -22.861351 -6.167897 -1e-06 -1e-06 -1e-06 -175.865524 -14.451456 -24.627455 5.314081 0.041466 0.768937 -70.980812 -4.570164 -16.560261 -5.697794 1.564315 2.10333 -0.999994 0.0 1e-06 3.944119 1.034369 -9.429528 5.678921 -0.010599 0.009844 -74.528091 -3.660263 -4.878564 -4.67395 0.615553 1.682694 -1.0 1e-06 -0.0 
0.0 0.0 0.0 0.0 -0.0 0.0 -4.073208 99.58316 -0.581596 86.070244 2.162796 84.716965 -2.414854 1.860637 -0.781753 -11.699838 -0.334609 -2.152099 18.631451 7.337855 -2.732897 24.233238 5.273672 2.884416 -2.531611 -0.608176 4.203974 -25.627613 4.627123 0.896862 6e-06 1e-06 0.0 -0.032728 -0.005107 -0.046206 -0.069267 0.119136 -0.043833 -0.166512 -0.128064 -0.039684 -123.784309 -68.922821 147.101395 14.060121 -48.62487 -5.876209 100.685379 -0.234364 -0.165547 -17.677174 3.293806 -65.601524 17.636572 -26.322784 52.411491 -19.466633 -14.39557 29.410532 7e-06 -8.774811 1e-06 16.108311 -18.233332 5.870281 -0.609783 -1.79565 -3.889336 -4.807094 -11.046801 -2.937878 -1.3e-05 -20.975996 -1.8e-05 -5.019949 -25.033592 -4.031957 5e-06 1e-06 1e-06 -10.634527 -5.686975 -3.565612 10.573236 -17.922915 -3.113909 -9e-06 -13.821197 -2e-06 -0.501757 -31.181541 -4.027079 -10.455812 -59.203773 6.374733 -13.982702 -7.150202 -2.875071 13.772693 -8.401469 -3.218246 0.347703 -34.211521 0.771658 -0.963059 -17.733395 2.621035 -2e-06 2e-06 -3e-06 -17.346405 -20.095213 -4.201828 21.757521 -1.638355 3.866446 -4e-06 -6.33882 5e-06 -1.697573 -22.591759 -6.194076 -1e-06 -4e-06 -1e-06 45.453884 -74.179771 152.501862 23.863329 -46.13689 5.537479 118.600571 -0.367045 0.673893 11.479863 -23.643597 -42.171768 22.182089 -20.375875 49.933224 -16.701824 -16.743563 28.476511 -7e-06 -12.690618 1.2e-05 15.410095 -16.72271 2.788916 -0.105916 -1.513856 -4.275878 -5.03904 -5.612867 -2.953547 1.1e-05 -11.020536 -0.0 -6.111297 -15.895373 -3.840464 -2e-06 0.0 -1e-06 -10.283368 -5.680282 -4.341825 11.028306 -11.302403 -2.372638 -1.384264 -14.238593 -6.320115 -0.625416 -26.924271 -3.827596 -4.747551 -49.887718 -2.880022 -13.708524 -7.363468 -3.720924 18.141167 -14.052739 -3.242683 1.1e-05 -18.787294 1e-06 -0.42971 -8.456072 2.555511 -0.0 0.0 0.0 -15.923539 -20.094467 -5.473562 30.419241 -7.190827 1.735904 4e-06 -8.162937 -3e-06 -1.861893 -22.861542 -6.167954 -2e-06 -3e-06 -2e-06 -176.276291 -14.974447 -24.707066 5.927391 0.062328 0.708991 -71.141617 -4.23961 -16.186951 -5.658822 1.574856 2.102746 -0.999999 0.0 1e-06 3.892223 1.443655 -9.706661 5.622333 -0.001292 0.006522 -74.558418 -3.435914 -4.807107 -4.714319 0.626693 1.680304 -1.000002 0.0 0.0 
0.0 0.0 0.0 0.0 -0.0 0.0 -4.3213 99.554451 -0.734156 85.912476 2.14704 85.025887 -2.505935 2.046591 -0.860672 -11.756026 -0.368062 -2.364545 18.787441 7.795653 -2.983317 25.696569 5.451021 2.811396 -2.592683 -0.571525 4.134126 -24.821623 4.509465 1.039883 6e-06 1e-06 -0.0 -0.002824 0.001805 -0.031648 -0.063154 0.110054 -0.030548 -0.178283 -0.103551 -0.024009 -124.560181 -69.573364 147.926041 15.841807 -46.708504 -7.487946 97.548798 0.181135 -0.300119 -15.494964 3.524838 -66.522392 17.636631 -26.322748 52.411434 -19.46665 -14.395574 29.410511 1e-05 -8.774831 -9e-06 16.014124 -18.101143 5.89244 -0.609783 -1.795655 -3.88934 -4.807105 -11.046818 -2.937872 -1.1e-05 -20.97604 -1.9e-05 -5.019969 -25.033657 -4.031963 7e-06 4e-06 1e-06 -10.634541 -5.686983 -3.565611 10.573255 -17.922941 -3.113907 -7e-06 -13.821222 -8e-06 -0.501765 -31.18162 -4.02709 -10.352717 -58.955139 6.261931 -13.98272 -7.150215 -2.875069 13.772716 -8.40148 -3.218244 0.347708 -34.21159 0.771647 -0.96305 -17.733431 2.621032 1e-06 3e-06 -2e-06 -17.34643 -20.095238 -4.201827 21.757561 -1.638354 3.866459 -4e-06 -6.33883 -1e-06 -1.697588 -22.591814 -6.194088 -3e-06 -7e-06 -3e-06 44.993446 -73.5923 153.296631 24.039801 -45.607021 2.821096 117.714417 0.21166 0.514697 10.371288 -18.871559 -48.32972 22.182001 -20.375841 49.933189 -16.701891 -16.743603 28.476562 -3.1e-05 -12.690621 3.3e-05 15.163456 -16.711617 2.945666 -0.105908 -1.513854 -4.275877 -5.03903 -5.612864 -2.953544 2.1e-05 -11.02054 -9e-06 -6.111274 -15.895373 -3.840463 0.0 0.0 -0.0 -10.283359 -5.680275 -4.341814 11.028317 -11.302409 -2.372666 -1.384237 -14.238591 -6.320116 -0.625377 -26.924259 -3.827607 -4.607179 -50.453274 -2.969331 -13.708514 -7.363457 -3.720909 18.141193 -14.052753 -3.242725 2.9e-05 -18.787294 -1.2e-05 -0.429703 -8.456068 2.555502 1e-06 -0.0 0.0 -15.923515 -20.094452 -5.473551 30.419266 -7.190838 1.73585 6e-06 -8.162933 -7e-06 -1.86187 -22.861536 -6.167954 -0.0 -2e-06 -0.0 -176.762466 -15.482048 -24.780525 6.607325 0.093428 0.643706 -71.348045 -3.758758 -15.894801 -5.563231 1.558208 2.102099 -0.999997 0.0 0.0 3.872578 1.795845 -10.153693 5.526258 0.006106 0.011034 -74.590805 -3.221576 -4.761959 -4.732171 0.632967 1.676554 -1.000002 1e-06 -0.0 
0.0 0.0 0.0 0.0 -0.0 0.0 -4.55145 99.544525 -0.900555 85.785408 2.17345 85.500931 -2.609014 2.204662 -0.952634 -11.771506 -0.408644 -2.551775 18.820448 8.193273 -3.305166 26.636587 5.617177 2.780215 -2.634595 -0.535841 4.081211 -23.916645 4.49411 1.178103 6e-06 -1e-06 1e-06 0.010748 0.006222 0.022035 -0.054304 0.103864 0.026331 -0.178447 -0.087467 0.026408 -125.536896 -70.315002 148.708344 18.317959 -44.973629 -9.033255 93.058273 0.268501 -0.379242 -14.135036 4.132391 -67.296181 17.636497 -26.322664 52.411156 -19.466583 -14.39555 29.410364 2e-06 -8.774784 4e-06 15.983003 -17.978113 5.956421 -0.609774 -1.795647 -3.889319 -4.807073 -11.046776 -2.93785 0.0 -20.975952 -1.2e-05 -5.019932 -25.03352 -4.031894 5e-06 2e-06 -2e-06 -10.634492 -5.68696 -3.565584 10.573215 -17.92288 -3.113897 -3e-06 -13.821172 -2e-06 -0.501764 -31.18145 -4.027023 -10.465923 -58.985603 6.284966 -13.982661 -7.150181 -2.875037 13.772667 -8.401455 -3.218243 0.347714 -34.211456 0.771651 -0.963042 -17.733355 2.621023 -0.0 1e-06 -3e-06 -17.34635 -20.095167 -4.201783 21.757469 -1.638353 3.866409 -1e-06 -6.338807 2e-06 -1.697569 -22.591722 -6.194017 -1e-06 -4e-06 -5e-06 43.77969 -72.835716 154.875214 24.568338 -44.98243 -0.135246 115.373688 0.570636 0.344124 7.86914 -13.702248 -54.095608 22.181885 -20.375708 49.933075 -16.70178 -16.743502 28.476461 1e-06 -12.690553 3.3e-05 14.882263 -16.69644 3.060627 -0.105913 -1.513856 -4.275865 -5.039018 -5.612857 -2.953538 -2e-06 -11.020487 -1.4e-05 -6.111261 -15.895298 -3.840455 0.0 -1e-06 3e-06 -10.283322 -5.680278 -4.341806 11.02824 -11.302347 -2.372656 -1.384255 -14.238533 -6.32011 -0.625398 -26.924109 -3.827641 -4.417958 -50.716774 -3.128944 -13.708462 -7.363467 -3.720901 18.141064 -14.052659 -3.242708 -1e-06 -18.787191 -3.1e-05 -0.429713 -8.456015 2.555476 -1e-06 0.0 0.0 -15.923478 -20.094435 -5.473542 30.419102 -7.190743 1.735859 -7e-06 -8.162881 -1.5e-05 -1.861879 -22.861387 -6.16796 -2e-06 -3e-06 -1e-06 -177.272018 -15.967628 -24.790266 7.260724 0.119212 0.591564 -71.511833 -3.174862 -15.656836 -5.494039 1.533026 2.10403 -0.999999 -1e-06 -0.0 3.902491 2.121801 -10.68923 5.413808 0.010109 0.015866 -74.617607 -3.170086 -4.638299 -4.779753 0.639862 1.674196 -1.000002 -0.0 -0.0 
0.0 0.0 0.0 0.0 -0.0 0.0 -4.79433 99.554214 -1.065502 85.682228 2.218279 86.034912 -2.728746 2.318489 -1.066046 -11.773006 -0.446078 -2.720921 18.755285 8.484432 -3.581569 26.924723 5.824752 2.750287 -2.63828 -0.481541 4.097802 -22.993589 4.636309 1.310609 6e-06 -0.0 0.0 0.003369 0.006233 0.081221 -0.042949 0.098667 0.090199 -0.163545 -0.082388 0.081066 -126.876472 -70.950317 149.736359 20.903982 -43.600857 -10.349396 88.383659 0.060944 -0.432596 -13.436518 5.130956 -67.838806 17.636763 -26.322866 52.411541 -19.466799 -14.395657 29.410601 -4e-06 -8.774895 -1.3e-05 16.004692 -17.847744 6.037777 -0.609783 -1.795664 -3.889349 -4.807118 -11.046875 -2.937882 2.6e-05 -20.976175 -2.3e-05 -5.01997 -25.033813 -4.031966 7e-06 1e-06 2e-06 -10.634597 -5.687004 -3.565617 10.573349 -17.923058 -3.113929 1.8e-05 -13.821305 -9e-06 -0.501713 -31.181816 -4.027092 -10.659957 -59.079914 6.434717 -13.982794 -7.150241 -2.875072 13.772819 -8.401546 -3.218257 0.347777 -34.211849 0.771641 -0.963026 -17.733561 2.621064 0.0 -1e-06 -1e-06 -17.346518 -20.095331 -4.201832 21.757698 -1.638395 3.866474 8e-06 -6.338866 -2e-06 -1.697563 -22.591953 -6.19411 0.0 -4e-06 -4e-06 42.08839 -71.997833 156.869064 25.677097 -44.266808 -3.141307 111.888321 0.499642 0.199576 4.796972 -9.221805 -58.817989 22.182232 -20.376099 49.933674 -16.701996 -16.743683 28.476803 -3.9e-05 -12.69071 1.6e-05 14.850453 -16.707949 3.002669 -0.105917 -1.513863 -4.27591 -5.039061 -5.6129 -2.953577 3.4e-05 -11.020619 -4e-06 -6.1113 -15.895492 -3.84051 3e-06 -3e-06 1e-06 -10.283422 -5.680306 -4.341867 11.028396 -11.302492 -2.372663 -1.384234 -14.238688 -6.320178 -0.625362 -26.924492 -3.827624 -4.158755 -50.377686 -3.460917 -13.708593 -7.363497 -3.720963 18.14131 -14.052862 -3.242721 4.7e-05 -18.787439 1.2e-05 -0.429704 -8.456145 2.555551 -0.0 -1e-06 1e-06 -15.923604 -20.094572 -5.473623 30.419434 -7.190922 1.735894 1.6e-05 -8.162993 8e-06 -1.86187 -22.861721 -6.167975 -1e-06 -1e-06 -1e-06 -177.685608 -16.374966 -24.693731 7.677653 0.134518 0.572772 -71.554428 -2.650829 -15.454643 -5.45416 1.506614 2.105277 -0.999999 -1e-06 1e-06 3.945981 2.443425 -11.165689 5.310642 0.005903 0.000626 -74.599205 -3.367987 -4.426271 -4.812596 0.65155 1.67328 -1.000005 -1e-06 -0.0 
0.0 0.0 0.0 0.0 -0.0 0.0 -5.034883 99.56282 -1.202181 85.664139 2.270973 86.519272 -2.870162 2.351971 -1.171156 -11.798335 -0.478882 -2.853229 18.638067 8.605036 -3.76497 26.654873 6.136997 2.6979 -2.614924 -0.40441 4.172205 -22.153938 4.944196 1.410149 6e-06 0.0 0.0 -0.023559 0.007318 0.112724 -0.040541 0.107449 0.125604 -0.14965 -0.090204 0.108778 -128.487396 -71.492905 151.083511 23.175531 -42.654312 -11.376108 84.422241 -0.355144 -0.470292 -13.028714 6.331216 -67.85704 17.636707 -26.322966 52.4118 -19.46677 -14.395633 29.410713 2e-06 -8.774874 -8e-06 16.058878 -17.719986 6.118121 -0.609785 -1.795664 -3.889358 -4.80712 -11.046872 -2.937899 5e-06 -20.976166 -1.9e-05 -5.019963 -25.033804 -4.031991 9e-06 2e-06 -0.0 -10.634583 -5.687007 -3.565638 10.573313 -17.923038 -3.113925 0.0 -13.821302 -2e-06 -0.501738 -31.181816 -4.027101 -10.825418 -59.213009 6.627724 -13.982773 -7.150245 -2.875093 13.772779 -8.40153 -3.218258 0.347726 -34.211834 0.771666 -0.963059 -17.733561 2.621073 -2e-06 1e-06 0.0 -17.346491 -20.095335 -4.201864 21.757648 -1.638376 3.866483 -1e-06 -6.338866 5e-06 -1.69757 -22.591957 -6.194123 0.0 -4e-06 -1e-06 40.343792 -71.277748 158.752762 27.345919 -43.57423 -5.882761 107.567673 0.132839 0.110551 2.402135 -6.156554 -61.798378 22.182177 -20.375963 49.933506 -16.701906 -16.743582 28.476664 -1.1e-05 -12.690654 1e-06 14.987926 -16.744404 2.80112 -0.105918 -1.513862 -4.275898 -5.039056 -5.612893 -2.953573 1.4e-05 -11.020589 -8e-06 -6.111305 -15.89546 -3.840522 -3e-06 -1e-06 1e-06 -10.283401 -5.680307 -4.341855 11.028338 -11.302451 -2.372651 -1.384257 -14.238653 -6.320167 -0.625394 -26.924391 -3.82765 -3.848996 -49.659454 -3.900276 -13.708563 -7.363501 -3.720958 18.141226 -14.052796 -3.242698 2.4e-05 -18.787369 -1.2e-05 -0.429706 -8.456105 2.555522 2e-06 0.0 -2e-06 -15.923577 -20.094551 -5.473615 30.419317 -7.190863 1.735922 1.1e-05 -8.162963 -3e-06 -1.861872 -22.861626 -6.168001 -3e-06 -3e-06 -1e-06 -177.936035 -16.586929 -24.494925 7.767787 0.136335 0.588149 -71.418373 -2.30026 -15.254553 -5.449231 1.482763 2.105768 -1.000005 1e-06 1e-06 3.968981 2.664185 -11.499226 5.278782 0.00612 -0.012549 -74.607483 -3.744025 -4.19493 -4.829644 0.661465 1.674537 -1.000002 -1e-06 0.0 
0.0 0.0 0.0 0.0 -0.0 0.0 -5.221303 99.549622 -1.292309 85.711815 2.349355 86.917854 -3.013633 2.352215 -1.244534 -11.831786 -0.498156 -2.919067 18.468111 8.545543 -3.856598 26.058882 6.471149 2.627667 -2.582419 -0.321311 4.289577 -21.538694 5.320466 1.435138 6e-06 -0.0 0.0 -0.053499 0.009166 0.108778 -0.048258 0.124408 0.124463 -0.145588 -0.104871 0.102102 -130.092407 -71.84108 152.499008 24.798109 -42.099003 -11.749794 81.776413 -0.675695 -0.49478 -12.58738 7.317285 -67.448212 17.636484 -26.32262 52.410782 -19.466482 -14.395563 29.410149 1.4e-05 -8.774781 7e-06 16.090921 -17.644207 6.178028 -0.609771 -1.795641 -3.8893 -4.807076 -11.046758 -2.9378 -4.1e-05 -20.975916 4.8e-05 -5.020027 -25.033457 -4.031798 6e-06 2e-06 3e-06 -10.634479 -5.686946 -3.565544 10.573183 -17.922844 -3.113852 -2.9e-05 -13.821147 2.1e-05 -0.501876 -31.181391 -4.026943 -10.935367 -59.356113 6.768957 -13.982642 -7.150167 -2.874996 13.772638 -8.401423 -3.218218 0.347624 -34.211372 0.771726 -0.963074 -17.733316 2.621014 -3e-06 -3e-06 -1e-06 -17.346354 -20.095119 -4.201695 21.757446 -1.638329 3.866386 -1.2e-05 -6.338798 9e-06 -1.697648 -22.591675 -6.193929 -2e-06 -6e-06 3e-06 38.894043 -70.931496 160.175781 29.201857 -43.039974 -8.080012 102.937614 -0.289581 0.088391 1.241858 -4.319979 -63.363674 22.182022 -20.375656 49.932949 -16.701674 -16.74342 28.47629 3.2e-05 -12.690544 -1.3e-05 15.100438 -16.806297 2.625743 -0.105923 -1.513851 -4.275854 -5.039035 -5.61286 -2.953534 -2.3e-05 -11.020488 -4e-06 -6.111316 -15.895329 -3.840468 1e-06 -2e-06 3e-06 -10.28334 -5.680286 -4.341806 11.028214 -11.302328 -2.372612 -1.384302 -14.238531 -6.320088 -0.625477 -26.924103 -3.827624 -3.634484 -49.086723 -4.201374 -13.708483 -7.363472 -3.720909 18.141037 -14.05264 -3.242644 -2.7e-05 -18.787201 -2.8e-05 -0.429716 -8.456019 2.555476 2e-06 -0.0 -2e-06 -15.923519 -20.094431 -5.473532 30.419071 -7.190728 1.735961 -1.1e-05 -8.162889 -1.5e-05 -1.861911 -22.861418 -6.167988 0.0 -3e-06 -1e-06 -178.028931 -16.639837 -24.242556 7.659704 0.129438 0.611742 -71.202599 -2.071814 -15.047118 -5.442987 1.471535 2.107236 -0.999997 -0.0 -1e-06 4.006561 2.767604 -11.69121 5.318971 0.00918 -0.016184 -74.697426 -4.155363 -4.073249 -4.839176 0.663608 1.677643 -0.999997 0.0 0.0 
0.0 0.0 0.0 0.0 -0.0 0.0 -5.325317 99.526924 -1.357226 85.773613 2.461018 87.295578 -3.150624 2.351999 -1.279206 -11.860171 -0.502501 -2.921283 18.285614 8.369868 -3.856249 25.273073 6.732533 2.528692 -2.557891 -0.260435 4.422682 -21.12006 5.70564 1.350986 6e-06 -0.0 0.0 -0.076237 0.007945 0.081385 -0.060649 0.136836 0.100041 -0.150697 -0.12068 0.071651 -131.628769 -71.930748 153.865768 25.88443 -41.719723 -11.55459 80.344498 -0.857413 -0.524286 -11.985306 8.100987 -67.010956 17.636684 -26.322718 52.4114 -19.466736 -14.395576 29.410501 -7e-06 -8.774838 -1.3e-05 16.121307 -17.618341 6.179401 -0.609778 -1.795662 -3.889339 -4.807091 -11.046831 -2.93789 4.3e-05 -20.976076 -4.4e-05 -5.019901 -25.033672 -4.031966 8e-06 2e-06 -0.0 -10.634552 -5.686985 -3.565614 10.573305 -17.922981 -3.11393 2.7e-05 -13.821239 -2.1e-05 -0.501672 -31.181631 -4.027097 -11.010772 -59.424778 6.881908 -13.982739 -7.150214 -2.875071 13.772749 -8.401515 -3.218254 0.34781 -34.211636 0.771586 -0.962996 -17.733438 2.621023 -2e-06 2e-06 3e-06 -17.346439 -20.095264 -4.20184 21.757586 -1.638394 3.866458 1e-05 -6.338837 -7e-06 -1.697521 -22.591833 -6.194098 -2e-06 -7e-06 -1e-06 37.63554 -70.902397 161.364578 30.917818 -42.500969 -9.888492 98.365692 -0.644472 0.088376 0.949084 -3.009055 -64.507553 22.182144 -20.376059 49.933727 -16.701965 -16.74366 28.476835 -2.7e-05 -12.690683 2.5e-05 15.198113 -16.877924 2.53762 -0.105917 -1.513863 -4.275912 -5.039058 -5.612894 -2.953585 2.4e-05 -11.020596 -1.3e-05 -6.11129 -15.895471 -3.840537 -2e-06 -2e-06 1e-06 -10.283405 -5.680305 -4.341866 11.028372 -11.302466 -2.372676 -1.384236 -14.238668 -6.320193 -0.625352 -26.92444 -3.827663 -3.569462 -48.885975 -4.292985 -13.708575 -7.363497 -3.720966 18.141272 -14.052821 -3.242732 3.4e-05 -18.787401 -3e-06 -0.429715 -8.456122 2.555544 -0.0 -3e-06 -0.0 -15.923577 -20.094557 -5.473638 30.419382 -7.190878 1.735878 7e-06 -8.162974 5e-06 -1.861874 -22.861664 -6.167991 1e-06 -3e-06 -0.0 -178.027191 -16.617922 -23.918682 7.478284 0.113659 0.630318 -71.017715 -1.903208 -14.845901 -5.438998 1.47938 2.108907 -1.000001 -2e-06 1e-06 4.08154 2.813621 -11.878829 5.38919 0.004712 -0.020194 -74.823547 -4.498567 -4.029921 -4.835766 0.659784 1.680267 -1.000006 1e-06 0.0 
0.0 0.0 0.0 0.0 -0.0 0.0 -5.335419 99.495193 -1.414334 85.823174 2.614119 87.740852 -3.271653 2.356608 -1.272157 -11.889371 -0.496702 -2.879626 18.111685 8.132374 -3.78638 24.391645 6.861192 2.42703 -2.542766 -0.212608 4.499165 -20.873205 6.039593 1.15048 6e-06 2e-06 -0.0 -0.086744 0.002548 0.05766 -0.075245 0.140407 0.077293 -0.160991 -0.13568 0.046634 -133.074814 -71.796791 155.129486 26.629961 -41.395733 -10.984757 79.803833 -0.953886 -0.556703 -11.281777 8.861704 -66.801331 17.636621 -26.322739 52.411247 -19.466696 -14.395555 29.41044 -1.2e-05 -8.774809 -2e-06 16.117464 -17.620062 6.143178 -0.609778 -1.795657 -3.88933 -4.807074 -11.046828 -2.937868 2.7e-05 -20.976076 -1.1e-05 -5.019912 -25.033672 -4.031897 7e-06 1e-06 0.0 -10.634521 -5.686977 -3.565598 10.573266 -17.922985 -3.113912 1.8e-05 -13.821247 -8e-06 -0.501714 -31.181665 -4.027041 -11.029869 -59.384453 6.949086 -13.9827 -7.150205 -2.875052 13.772711 -8.401513 -3.218245 0.34777 -34.211674 0.771638 -0.963016 -17.733469 2.621041 -2e-06 -1e-06 2e-06 -17.346392 -20.095242 -4.201799 21.757521 -1.638384 3.866428 8e-06 -6.338841 1e-06 -1.697532 -22.591852 -6.194044 -1e-06 -5e-06 -3e-06 36.526798 -71.069191 162.452133 32.469929 -41.838615 -11.618291 93.861969 -0.887775 0.099327 1.076025 -1.718988 -65.938828 22.1821 -20.376045 49.93367 -16.701933 -16.743637 28.476807 -2e-05 -12.690663 3e-05 15.343245 -16.975071 2.508379 -0.105918 -1.513862 -4.275912 -5.039051 -5.612894 -2.95358 1.5e-05 -11.020593 -1.1e-05 -6.111292 -15.895469 -3.840522 1e-06 -0.0 -2e-06 -10.28339 -5.680307 -4.341868 11.028341 -11.302459 -2.372667 -1.384243 -14.238671 -6.320182 -0.625378 -26.924446 -3.827662 -3.595833 -48.946548 -4.273443 -13.708551 -7.363497 -3.720962 18.141226 -14.052804 -3.242731 1.6e-05 -18.787395 1e-06 -0.429724 -8.456121 2.555538 1e-06 -2e-06 -1e-06 -15.923558 -20.094551 -5.473624 30.419321 -7.190853 1.735873 0.0 -8.162979 6e-06 -1.861885 -22.861702 -6.167989 -2e-06 -3e-06 -0.0 -177.985046 -16.578268 -23.534861 7.28612 0.098193 0.639745 -70.877518 -1.749472 -14.684656 -5.443927 1.492883 2.107782 -0.999998 -2e-06 0.0 4.215588 2.846893 -12.165968 5.454486 -0.002042 -0.029609 -74.950684 -4.764524 -4.023185 -4.830177 0.65237 1.681287 -1.000005 -0.0 1e-06 
0.0 0.0 0.0 0.0 -0.0 0.0 -5.260796 99.467667 -1.47747 85.869232 2.798338 88.277283 -3.363195 2.347694 -1.236956 -11.912734 -0.492497 -2.811133 17.954475 7.86747 -3.672302 23.536491 6.807615 2.355535 -2.535069 -0.163988 4.496728 -20.735399 6.229899 0.850707 6e-06 1e-06 -0.0 -0.085392 -0.004137 0.048752 -0.089512 0.137237 0.068094 -0.171475 -0.146389 0.037546 -134.371857 -71.492523 156.235519 27.088501 -41.080475 -10.208457 79.927002 -0.970893 -0.584189 -10.652782 9.597256 -66.902237 17.636665 -26.322748 52.411415 -19.466778 -14.39563 29.410557 -1.1e-05 -8.774862 -4e-06 16.090927 -17.612724 6.092744 -0.609778 -1.795661 -3.889342 -4.807094 -11.046834 -2.93788 4.5e-05 -20.976101 -3.8e-05 -5.019919 -25.033712 -4.031959 7e-06 0.0 -0.0 -10.634558 -5.68698 -3.565609 10.573325 -17.922995 -3.11394 2.7e-05 -13.821249 -1.4e-05 -0.501678 -31.181671 -4.027078 -10.982669 -59.256454 6.977771 -13.982745 -7.150209 -2.875066 13.77278 -8.401525 -3.218267 0.347813 -34.211689 0.771602 -0.963001 -17.733475 2.621036 -2e-06 -2e-06 -1e-06 -17.346441 -20.095255 -4.201829 21.757624 -1.638399 3.86644 1.1e-05 -6.338842 -5e-06 -1.697538 -22.591869 -6.194096 0.0 -6e-06 -1e-06 35.509987 -71.317398 163.477005 33.732555 -41.01239 -13.294828 89.646477 -1.074288 0.100831 1.366263 -0.3494 -67.550774 22.182114 -20.375988 49.933487 -16.701887 -16.743557 28.476664 -2.8e-05 -12.690616 1.1e-05 15.54812 -17.087608 2.483957 -0.105917 -1.513859 -4.275894 -5.039037 -5.612881 -2.953574 2.4e-05 -11.020576 -7e-06 -6.111274 -15.895433 -3.840501 -2e-06 -4e-06 -1e-06 -10.283373 -5.680288 -4.341855 11.02832 -11.302447 -2.372654 -1.384236 -14.238641 -6.320156 -0.625374 -26.924383 -3.827636 -3.650044 -49.12204 -4.242927 -13.708525 -7.363475 -3.720955 18.141188 -14.052797 -3.242707 3.3e-05 -18.787359 -1e-06 -0.429705 -8.456105 2.555528 -1e-06 0.0 1e-06 -15.923517 -20.094501 -5.473616 30.419245 -7.19087 1.735895 1e-05 -8.162961 3e-06 -1.861858 -22.861622 -6.167969 -1e-06 -6e-06 -0.0 -177.932037 -16.511139 -23.084394 7.076874 0.089992 0.630724 -70.757553 -1.557942 -14.585726 -5.442302 1.506255 2.105661 -1.000001 -1e-06 -0.0 4.390326 2.854654 -12.541033 5.505603 -0.006307 -0.049333 -75.045761 -4.993107 -4.041126 -4.82862 0.645767 1.680747 -1.0 1e-06 0.0 
0.0 0.0 0.0 0.0 -0.0 0.0 -5.148318 99.453094 -1.550384 85.91507 2.986481 88.880142 -3.422122 2.312772 -1.192163 -11.926329 -0.496118 -2.722005 17.806002 7.596675 -3.534501 22.762255 6.57633 2.318139 -2.532747 -0.155571 4.407691 -20.647026 6.292173 0.486647 5e-06 -1e-06 0.0 -0.076741 -0.008822 0.051787 -0.097554 0.131346 0.071716 -0.174475 -0.150357 0.03949 -135.514923 -71.083298 157.191635 27.373997 -40.746479 -9.477036 80.401581 -0.981421 -0.627619 -10.217375 10.314837 -67.194435 17.636539 -26.32279 52.41143 -19.466658 -14.395583 29.410511 1e-06 -8.774806 4e-06 16.052206 -17.595774 6.05876 -0.609779 -1.795655 -3.88934 -4.807086 -11.046814 -2.937866 -0.0 -20.976038 -9e-06 -5.01994 -25.033621 -4.03191 7e-06 4e-06 -1e-06 -10.634521 -5.686977 -3.565601 10.573243 -17.922945 -3.113911 -4e-06 -13.821221 0.0 -0.501758 -31.181583 -4.027043 -10.954955 -59.108524 7.032515 -13.982695 -7.150208 -2.875059 13.772699 -8.401484 -3.218253 0.347714 -34.211582 0.771657 -0.963049 -17.733419 2.621035 -1e-06 -1e-06 1e-06 -17.346392 -20.095234 -4.201811 21.757515 -1.638359 3.866424 -2e-06 -6.33883 3e-06 -1.697568 -22.591806 -6.194047 -2e-06 -3e-06 2e-06 34.466961 -71.55954 164.499832 34.592796 -40.058361 -14.752417 85.940788 -1.227405 0.093743 1.725872 0.96728 -69.044037 22.182083 -20.375864 49.933411 -16.701809 -16.743567 28.476583 8e-06 -12.690635 2e-06 15.751232 -17.192663 2.446129 -0.105921 -1.513855 -4.275889 -5.039054 -5.612872 -2.953563 -5e-06 -11.020515 -1.4e-05 -6.111322 -15.895362 -3.840516 -0.0 2e-06 -1e-06 -10.283381 -5.680296 -4.341843 11.028298 -11.302373 -2.372645 -1.384281 -14.238571 -6.320147 -0.625421 -26.924192 -3.82766 -3.732821 -49.252888 -4.221773 -13.708542 -7.363487 -3.720943 18.141163 -14.052694 -3.242687 -1.2e-05 -18.787247 -1.1e-05 -0.429722 -8.456041 2.555511 1e-06 -0.0 -2e-06 -15.923563 -20.094484 -5.473595 30.419262 -7.190786 1.735928 -6e-06 -8.162921 1e-06 -1.861923 -22.86149 -6.167979 -1e-06 -5e-06 -1e-06 -177.907837 -16.420956 -22.601862 6.887153 0.089425 0.60827 -70.67247 -1.332044 -14.522987 -5.440207 1.518122 2.104623 -1.000001 -1e-06 1e-06 4.567873 2.838435 -12.9839 5.547439 -0.012787 -0.06612 -75.091156 -5.213919 -4.091603 -4.835397 0.641282 1.677934 -1.000001 -0.0 0.0 
0.0 0.0 0.0 0.0 -0.0 0.0 -5.02389 99.444168 -1.62139 85.986328 3.165667 89.523697 -3.457484 2.237959 -1.139725 -11.932084 -0.508266 -2.622606 17.66802 7.312673 -3.388961 22.086893 6.185689 2.321827 -2.539428 -0.191571 4.245058 -20.594597 6.247682 0.077615 6e-06 -2e-06 0.0 -0.067806 -0.012081 0.067914 -0.100671 0.125619 0.089221 -0.170389 -0.151665 0.054113 -136.566498 -70.638702 158.039322 27.523582 -40.447514 -8.886121 81.013535 -1.023958 -0.67064 -10.003344 10.980194 -67.498512 17.63674 -26.322678 52.410877 -19.466652 -14.395631 29.410234 -4e-06 -8.774855 -1.3e-05 16.022726 -17.59734 6.047714 -0.609774 -1.795651 -3.88931 -4.807095 -11.046808 -2.937827 1.5e-05 -20.976051 2.7e-05 -5.02001 -25.03363 -4.031852 7e-06 2e-06 -0.0 -10.63455 -5.686955 -3.565559 10.573312 -17.922964 -3.113874 1.2e-05 -13.821231 1.3e-05 -0.501795 -31.181618 -4.026972 -10.973835 -59.033298 7.131084 -13.982736 -7.150181 -2.875015 13.772773 -8.401505 -3.218225 0.347761 -34.211636 0.771682 -0.963014 -17.733452 2.62105 -2e-06 -0.0 1e-06 -17.346451 -20.095184 -4.201728 21.75762 -1.638399 3.866433 8e-06 -6.338834 5e-06 -1.697599 -22.591822 -6.193983 1e-06 -4e-06 -3e-06 33.465321 -71.743858 165.446045 35.023903 -39.10181 -15.864946 82.980148 -1.34398 0.102337 2.154774 2.138033 -70.361313 22.182131 -20.375835 49.933075 -16.701759 -16.743464 28.476366 -6e-06 -12.690565 -1.4e-05 15.850251 -17.257051 2.42381 -0.10592 -1.513853 -4.275864 -5.03903 -5.612861 -2.953535 1e-05 -11.020512 6e-06 -6.111279 -15.895326 -3.840446 2e-06 2e-06 -1e-06 -10.283355 -5.680275 -4.34182 11.028268 -11.302392 -2.372609 -1.384268 -14.238565 -6.320085 -0.625437 -26.924191 -3.827562 -3.810921 -49.280979 -4.208814 -13.708504 -7.363461 -3.720921 18.141102 -14.052726 -3.242644 1.5e-05 -18.787252 2e-06 -0.429703 -8.45604 2.555499 1e-06 1e-06 -2e-06 -15.923512 -20.09445 -5.473551 30.41914 -7.190829 1.735945 8e-06 -8.162915 -4e-06 -1.861877 -22.861469 -6.167935 3e-06 -3e-06 -3e-06 -177.920395 -16.279379 -22.120268 6.734837 0.094721 0.58867 -70.62281 -1.106232 -14.459514 -5.454851 1.525216 2.104858 -1.0 1e-06 -0.0 4.736367 2.773959 -13.425191 5.582675 -0.02083 -0.076036 -75.096657 -5.47013 -4.20389 -4.865142 0.639562 1.674962 -1.000002 -0.0 -0.0 
0.0 0.0 0.0 0.0 -0.0 0.0 -4.874052 99.442543 -1.677152 86.094696 3.312077 90.189613 -3.487584 2.121017 -1.079374 -11.932528 -0.526375 -2.511194 17.546732 7.003883 -3.242335 21.493776 5.646222 2.339161 -2.545397 -0.247638 4.019997 -20.592051 6.112907 -0.337425 6e-06 -1e-06 0.0 -0.061519 -0.014868 0.100132 -0.099624 0.121991 0.122817 -0.160206 -0.154158 0.085006 -137.519653 -70.201576 158.788025 27.597826 -40.198074 -8.462673 81.639076 -1.077604 -0.696359 -9.938866 11.595384 -67.80304 17.636547 -26.322676 52.411205 -19.466648 -14.39557 29.410416 -3e-06 -8.774803 2e-06 16.029814 -17.626909 6.050132 -0.609776 -1.795653 -3.88933 -4.807079 -11.046793 -2.937857 1.7e-05 -20.975992 -1.9e-05 -5.01992 -25.033575 -4.031909 6e-06 -1e-06 1e-06 -10.634512 -5.686966 -3.56559 10.573247 -17.922918 -3.113909 6e-06 -13.821197 -8e-06 -0.501731 -31.181528 -4.027042 -11.053143 -59.052723 7.273615 -13.982679 -7.150193 -2.875047 13.772696 -8.401479 -3.21825 0.347757 -34.211521 0.771637 -0.963022 -17.733391 2.621031 -4e-06 -4e-06 3e-06 -17.346376 -20.095194 -4.201793 21.757505 -1.638366 3.866416 2e-06 -6.338817 -4e-06 -1.697555 -22.591757 -6.194043 0.0 -4e-06 0.0 32.65884 -71.86557 166.161316 35.074593 -38.306862 -16.630562 80.873886 -1.430907 0.124499 2.608387 3.128387 -71.475182 22.182035 -20.375788 49.933277 -16.701773 -16.743511 28.476505 4e-06 -12.690595 3e-06 15.804402 -17.270447 2.433183 -0.10592 -1.513853 -4.275877 -5.039039 -5.612861 -2.953555 -2e-06 -11.020492 -1.6e-05 -6.111293 -15.895326 -3.840502 -0.0 3e-06 -2e-06 -10.283357 -5.680285 -4.341831 11.028271 -11.302357 -2.372636 -1.384269 -14.238548 -6.320135 -0.625404 -26.92415 -3.827646 -3.863975 -49.232533 -4.195603 -13.708508 -7.363473 -3.720938 18.141115 -14.052674 -3.242679 2e-06 -18.787214 -1.7e-05 -0.429711 -8.456031 2.555503 -0.0 -3e-06 1e-06 -15.923524 -20.094448 -5.473587 30.419174 -7.190775 1.735924 -3e-06 -8.162898 -5e-06 -1.861902 -22.861429 -6.167974 -0.0 -3e-06 -2e-06 -177.985352 -16.08 -21.660128 6.623402 0.099422 0.582588 -70.605484 -0.883789 -14.372904 -5.468745 1.532296 2.106914 -0.999997 0.0 0.0 4.877826 2.647659 -13.844174 5.605801 -0.028853 -0.083503 -75.067642 -5.753585 -4.372618 -4.916585 0.6444 1.674534 -0.999997 1e-06 0.0 
0.0 0.0 0.0 0.0 -0.0 0.0 -4.683014 99.461456 -1.717562 86.251228 3.409765 90.86084 -3.526518 1.957789 -1.012761 -11.933835 -0.532524 -2.365241 17.446804 6.64337 -3.098533 20.964886 4.958176 2.328459 -2.557174 -0.331414 3.7072 -20.617233 5.8991 -0.756829 6e-06 1e-06 -0.0 -0.05916 -0.018876 0.132114 -0.093247 0.116759 0.156717 -0.143594 -0.157465 0.114673 -138.388489 -69.775543 159.485596 27.663546 -39.98143 -8.255055 82.250854 -1.119315 -0.671891 -9.920336 12.240302 -68.154305 17.636604 -26.322678 52.411072 -19.466642 -14.395582 29.410355 3e-06 -8.774826 -3e-06 16.044952 -17.667131 6.059832 -0.609777 -1.795652 -3.889321 -4.807092 -11.046816 -2.937846 -8e-06 -20.976051 2e-06 -5.019991 -25.033665 -4.031893 6e-06 -1e-06 1e-06 -10.634521 -5.686973 -3.565578 10.573253 -17.922945 -3.113893 -5e-06 -13.821228 2e-06 -0.501786 -31.181627 -4.027032 -11.159433 -59.091232 7.432869 -13.982697 -7.150201 -2.875035 13.772715 -8.401486 -3.218235 0.347711 -34.211636 0.771659 -0.963041 -17.733461 2.621031 -1e-06 -3e-06 -0.0 -17.346409 -20.095213 -4.201761 21.757549 -1.638363 3.86643 -1e-06 -6.338835 0.0 -1.69759 -22.591846 -6.194037 -1e-06 -3e-06 -1e-06 32.213329 -71.923683 166.480133 34.818619 -37.748207 -17.029955 79.615349 -1.468972 0.141322 3.021178 4.095315 -72.370811 22.182074 -20.375898 49.933403 -16.701811 -16.743528 28.476599 5e-06 -12.690601 1e-05 15.662142 -17.22121 2.470546 -0.105921 -1.513856 -4.275887 -5.039044 -5.61288 -2.953561 -3e-06 -11.020545 -1.3e-05 -6.111307 -15.895411 -3.840509 3e-06 0.0 -2e-06 -10.283364 -5.680296 -4.341846 11.028279 -11.302398 -2.37264 -1.384269 -14.238607 -6.320152 -0.625428 -26.92429 -3.827652 -3.888105 -49.136089 -4.185719 -13.708519 -7.363487 -3.720944 18.141132 -14.052732 -3.242683 -1e-05 -18.787315 -1.1e-05 -0.429723 -8.456083 2.555513 -1e-06 2e-06 -1e-06 -15.923532 -20.094498 -5.473596 30.419189 -7.190797 1.735919 -7e-06 -8.162944 -2e-06 -1.861907 -22.861591 -6.16799 1e-06 -1e-06 -2e-06 -178.1091 -15.808932 -21.209005 6.530725 0.099002 0.593298 -70.600716 -0.684162 -14.254417 -5.49087 1.533208 2.105467 -0.999998 -1e-06 -0.0 4.996123 2.453927 -14.238237 5.602026 -0.034384 -0.10095 -75.020447 -6.042532 -4.59513 -4.976584 0.657776 1.679369 -0.999999 1e-06 1e-06 
0.0 0.0 0.0 0.0 -0.0 0.0 -4.44502 99.49984 -1.744604 86.444321 3.466169 91.529427 -3.566651 1.75262 -0.943591 -11.931649 -0.514281 -2.175665 17.345594 6.224806 -2.98202 20.517956 4.071513 2.301896 -2.57379 -0.43701 3.256449 -20.696507 5.579072 -1.148083 6e-06 2e-06 -0.0 -0.058306 -0.022963 0.141747 -0.09041 0.10909 0.1655 -0.130433 -0.158633 0.123956 -139.06311 -69.318062 160.005219 27.715567 -39.918388 -8.324175 82.973022 -1.129815 -0.600697 -9.821969 13.136683 -68.496918 17.636425 -26.322603 52.411129 -19.466499 -14.395488 29.410307 1.6e-05 -8.774746 5e-06 16.040377 -17.685925 6.067743 -0.609776 -1.795645 -3.889322 -4.807071 -11.046754 -2.937843 -3.7e-05 -20.975874 -1.2e-05 -5.019941 -25.033419 -4.031896 5e-06 -2e-06 -1e-06 -10.634469 -5.68696 -3.565586 10.573149 -17.922813 -3.113883 -2.2e-05 -13.821115 -7e-06 -0.501786 -31.181299 -4.027044 -11.251637 -59.127048 7.527672 -13.982629 -7.150186 -2.875041 13.7726 -8.401414 -3.218232 0.347655 -34.211296 0.771645 -0.963057 -17.733259 2.620989 -1e-06 1e-06 1e-06 -17.346321 -20.095148 -4.201786 21.757389 -1.638317 3.866401 -1.1e-05 -6.338784 0.0 -1.697598 -22.591616 -6.194006 -0.0 -6e-06 0.0 32.214596 -71.991951 166.364349 34.393749 -37.496555 -17.102098 79.142616 -1.398841 0.178587 3.405234 5.235573 -73.008156 22.181952 -20.375841 49.933445 -16.701744 -16.743536 28.476601 2.3e-05 -12.690584 2.5e-05 15.48157 -17.162437 2.531491 -0.105921 -1.513851 -4.275886 -5.039041 -5.612864 -2.953561 -2.1e-05 -11.020479 -1.5e-05 -6.111313 -15.895321 -3.84052 -1e-06 -2e-06 2e-06 -10.283354 -5.680293 -4.341836 11.028246 -11.30233 -2.372649 -1.384284 -14.238542 -6.320152 -0.62544 -26.924122 -3.827682 -3.96298 -48.98893 -4.135198 -13.708502 -7.363483 -3.720936 18.141083 -14.052636 -3.242692 -3.7e-05 -18.787205 -1.4e-05 -0.429738 -8.456029 2.555505 4e-06 -0.0 -1e-06 -15.923528 -20.094456 -5.473594 30.419153 -7.190711 1.735901 -2.2e-05 -8.162893 2e-06 -1.861951 -22.861422 -6.167971 -1e-06 -7e-06 -1e-06 -178.251434 -15.471092 -20.739246 6.396808 0.094464 0.602172 -70.585953 -0.537278 -14.106564 -5.522897 1.534191 2.101655 -0.999997 1e-06 0.0 5.11006 2.20877 -14.627854 5.570478 -0.037334 -0.127626 -74.980499 -6.302605 -4.900639 -5.026238 0.672171 1.688612 -0.999999 0.0 0.0 
0.0 0.0 0.0 0.0 -0.0 0.0 -4.185799 99.539505 -1.765054 86.633728 3.496276 92.176125 -3.575382 1.52432 -0.878317 -11.920542 -0.477867 -1.973219 17.224474 5.779387 -2.908661 20.165518 2.970344 2.269861 -2.595689 -0.546819 2.743596 -20.753502 5.088294 -1.490655 6e-06 -0.0 0.0 -0.05348 -0.025517 0.112131 -0.085603 0.100628 0.133979 -0.119293 -0.155636 0.094786 -139.363266 -68.809067 160.119705 27.729412 -40.094677 -8.682144 83.974556 -1.128652 -0.504377 -9.527776 14.417541 -69.030098 17.636665 -26.322943 52.411785 -19.466822 -14.395672 29.410744 -4e-06 -8.774883 -0.0 16.076416 -17.656082 6.060308 -0.609783 -1.795664 -3.889363 -4.807113 -11.046878 -2.9379 2.1e-05 -20.976191 -2.6e-05 -5.019962 -25.033844 -4.031975 1.1e-05 -1e-06 -2e-06 -10.634581 -5.687004 -3.565631 10.573339 -17.923056 -3.113949 1e-05 -13.821315 -6e-06 -0.501717 -31.181864 -4.027102 -11.359472 -59.188793 7.566697 -13.982777 -7.150241 -2.875087 13.772803 -8.401543 -3.218281 0.34775 -34.211864 0.771648 -0.963045 -17.73357 2.621065 1e-06 -0.0 -2e-06 -17.346489 -20.095335 -4.201859 21.757669 -1.638386 3.866462 3e-06 -6.338872 -1e-06 -1.697566 -22.591991 -6.194128 -2e-06 -4e-06 -0.0 32.633091 -72.14521 165.873047 33.94553 -37.611454 -17.027376 79.297806 -1.266756 0.225949 3.777651 6.598298 -73.241142 22.182104 -20.376034 49.933685 -16.70192 -16.743595 28.476778 -1.8e-05 -12.690634 2.3e-05 15.375118 -17.15023 2.587123 -0.105918 -1.513862 -4.275908 -5.039045 -5.612891 -2.953581 1.9e-05 -11.02058 -1.1e-05 -6.111268 -15.895449 -3.840524 0.0 -2e-06 0.0 -10.283388 -5.680306 -4.341869 11.028328 -11.302452 -2.372668 -1.384234 -14.238656 -6.320183 -0.625362 -26.9244 -3.827666 -4.069551 -48.859341 -4.04898 -13.708545 -7.363497 -3.72097 18.141199 -14.052793 -3.242725 2.4e-05 -18.787359 -9e-06 -0.429715 -8.456103 2.55553 2e-06 -1e-06 0.0 -15.923552 -20.094549 -5.473642 30.419275 -7.190851 1.735881 4e-06 -8.162964 2e-06 -1.861868 -22.861624 -6.167984 -0.0 -2e-06 -3e-06 -178.382126 -15.121848 -20.276085 6.231361 0.087284 0.613436 -70.534721 -0.424799 -13.980919 -5.603526 1.554616 2.097693 -1.000003 1e-06 1e-06 5.214655 1.959129 -14.970793 5.535496 -0.03491 -0.164403 -74.988762 -6.552302 -5.23572 -5.065653 0.66683 1.692711 -1.000003 1e-06 1e-06 
0.0 0.0 0.0 0.0 -0.0 0.0 -3.961236 99.555641 -1.777834 86.792526 3.532648 92.755348 -3.530035 1.291542 -0.811166 -11.89835 -0.450623 -1.796634 17.083738 5.339672 -2.845904 19.94956 1.740452 2.233549 -2.624642 -0.631122 2.248168 -20.761238 4.443941 -1.738009 6e-06 1e-06 -0.0 -0.039411 -0.025671 0.061015 -0.076152 0.091854 0.081113 -0.108624 -0.147033 0.044698 -139.420593 -68.314018 159.96463 27.683702 -40.441113 -9.067726 85.085167 -1.092508 -0.406436 -9.097944 15.929507 -70.079178 17.636614 -26.322704 52.411083 -19.466627 -14.395585 29.410351 -1.1e-05 -8.774813 -4e-06 16.143719 -17.613331 6.067101 -0.609774 -1.795648 -3.889319 -4.807066 -11.046781 -2.937846 3.1e-05 -20.975996 1.4e-05 -5.019934 -25.033558 -4.031857 7e-06 -2e-06 2e-06 -10.634509 -5.686947 -3.565584 10.573268 -17.922922 -3.113886 1.6e-05 -13.821197 1.2e-05 -0.501751 -31.181532 -4.026972 -11.445053 -59.268372 7.563105 -13.982679 -7.150169 -2.875039 13.77271 -8.401489 -3.218234 0.347757 -34.211536 0.771691 -0.96303 -17.733402 2.62106 2e-06 -1e-06 0.0 -17.346363 -20.09515 -4.201777 21.757513 -1.638392 3.866414 8e-06 -6.338819 8e-06 -1.697556 -22.591764 -6.19399 0.0 -3e-06 -3e-06 33.247242 -72.337875 165.216751 33.626686 -37.960495 -16.849848 79.621582 -1.127558 0.255719 4.130425 7.899635 -73.057846 22.182089 -20.375872 49.933178 -16.701794 -16.74349 28.476467 -2e-05 -12.690574 -1e-06 15.342415 -17.186756 2.638483 -0.105918 -1.513853 -4.275876 -5.039022 -5.612855 -2.953549 2e-05 -11.020515 0.0 -6.111252 -15.895328 -3.840469 2e-06 0.0 -1e-06 -10.283345 -5.680266 -4.341828 11.028279 -11.302395 -2.372628 -1.384242 -14.238562 -6.320108 -0.625393 -26.924204 -3.827586 -4.138556 -48.736626 -3.94822 -13.708489 -7.363449 -3.720933 18.141121 -14.052732 -3.242667 3.1e-05 -18.787254 7e-06 -0.429703 -8.45605 2.555515 2e-06 0.0 -0.0 -15.923481 -20.094427 -5.473575 30.41914 -7.190844 1.735914 1.3e-05 -8.162917 3e-06 -1.861856 -22.861485 -6.167923 -3e-06 -1e-06 -2e-06 -178.473099 -14.809899 -19.830122 6.071295 0.077425 0.619093 -70.430359 -0.340332 -13.902872 -5.705744 1.586864 2.09449 -0.999996 -1e-06 -0.0 5.313582 1.730322 -15.282146 5.52892 -0.028255 -0.197449 -75.042305 -6.737231 -5.522922 -5.098393 0.645773 1.689893 -1.0 1e-06 0.0 
0.0 0.0 0.0 0.0 -0.0 0.0 -3.800406 99.544075 -1.775981 86.923622 3.58281 93.247452 -3.455262 1.062854 -0.726961 -11.879177 -0.4487 -1.639879 16.951151 4.917357 -2.777079 19.859989 0.499509 2.197928 -2.662449 -0.684301 1.813693 -20.700567 3.721939 -1.870919 6e-06 -0.0 0.0 -0.023489 -0.024337 0.028645 -0.070778 0.084331 0.047895 -0.103322 -0.136644 0.012822 -139.500183 -67.968002 159.841965 27.651701 -40.785343 -9.245699 85.934822 -1.007036 -0.313543 -8.798723 17.222216 -71.574661 17.636789 -26.323107 52.411934 -19.46689 -14.395725 29.410809 -1.5e-05 -8.774916 -4e-06 16.197079 -17.619059 6.100411 -0.609782 -1.795666 -3.889371 -4.807114 -11.046904 -2.9379 4.3e-05 -20.976257 -2e-06 -5.019963 -25.033894 -4.031946 9e-06 -1e-06 2e-06 -10.634613 -5.687006 -3.565644 10.573399 -17.923132 -3.113943 2.2e-05 -13.821368 1.1e-05 -0.501723 -31.181993 -4.027064 -11.458276 -59.353565 7.506364 -13.982816 -7.150242 -2.875095 13.772862 -8.401588 -3.218275 0.347785 -34.212009 0.771692 -0.963042 -17.733648 2.62111 1e-06 0.0 -1e-06 -17.346527 -20.095371 -4.20187 21.757744 -1.63842 3.866476 1.1e-05 -6.338897 8e-06 -1.697554 -22.592079 -6.194116 -0.0 -3e-06 -1e-06 33.686684 -72.504028 164.731125 33.51347 -38.366817 -16.475872 79.65995 -0.982299 0.252885 4.434297 8.817123 -72.599785 22.182295 -20.376225 49.933914 -16.702045 -16.743723 28.476934 -3.4e-05 -12.69075 1e-05 15.298285 -17.189709 2.712441 -0.105917 -1.513867 -4.27593 -5.039077 -5.612917 -2.953594 3e-05 -11.020659 -1e-06 -6.111326 -15.895563 -3.840535 3e-06 -0.0 -3e-06 -10.283445 -5.68032 -4.341891 11.028425 -11.302534 -2.372671 -1.38424 -14.238744 -6.320206 -0.625365 -26.924612 -3.827647 -4.171224 -48.668438 -3.835392 -13.708628 -7.363516 -3.720984 18.141361 -14.05291 -3.242733 4.1e-05 -18.787502 1.9e-05 -0.429711 -8.456177 2.555565 2e-06 0.0 -0.0 -15.923634 -20.094633 -5.47366 30.419504 -7.190949 1.735904 1.3e-05 -8.163028 1.3e-05 -1.861879 -22.861818 -6.168 2e-06 -5e-06 -2e-06 -178.521515 -14.541167 -19.445194 5.929956 0.068028 0.60905 -70.33094 -0.255482 -13.864334 -5.760458 1.60677 2.090211 -0.999998 1e-06 0.0 5.401031 1.530776 -15.578082 5.558872 -0.027898 -0.205954 -75.11322 -6.862097 -5.753672 -5.120169 0.633495 1.686538 -1.000006 1e-06 0.0 
0.0 0.0 0.0 0.0 -0.0 0.0 -3.658059 99.526405 -1.769642 87.034073 3.635473 93.649368 -3.383481 0.825308 -0.63761 -11.860998 -0.459037 -1.476706 16.83292 4.511692 -2.712915 19.864771 -0.72441 2.185206 -2.697998 -0.712094 1.37887 -20.580418 2.961354 -1.907113 6e-06 -0.0 -0.0 -0.009511 -0.020785 0.012709 -0.064181 0.077409 0.033605 -0.097378 -0.122377 -0.004884 -139.680161 -67.785408 159.810104 27.700222 -41.069862 -9.149163 86.329033 -0.910186 -0.250408 -8.79275 18.225128 -73.330109 17.636763 -26.322874 52.411453 -19.46685 -14.39566 29.410587 -2.9e-05 -8.774876 -1.1e-05 16.205746 -17.632835 6.167489 -0.609776 -1.795665 -3.889348 -4.807082 -11.046865 -2.937888 7.7e-05 -20.976183 -1.6e-05 -5.019901 -25.033779 -4.031915 8e-06 3e-06 -1e-06 -10.63457 -5.68698 -3.565613 10.573383 -17.92309 -3.113938 5e-05 -13.821318 -1e-06 -0.501654 -31.18186 -4.02704 -11.455464 -59.495758 7.469173 -13.982762 -7.150206 -2.875067 13.772819 -8.401579 -3.218265 0.347867 -34.211853 0.77163 -0.962986 -17.733562 2.621081 -1e-06 2e-06 0.0 -17.346451 -20.095285 -4.201836 21.75766 -1.638444 3.866453 2.3e-05 -6.338871 -3e-06 -1.697497 -22.591974 -6.194082 0.0 -3e-06 -1e-06 33.839951 -72.626602 164.477737 33.647903 -38.766109 -15.944942 79.276543 -0.952744 0.215566 4.76268 9.298142 -71.859215 22.182261 -20.376106 49.933643 -16.701988 -16.743628 28.476772 -3.9e-05 -12.690688 5e-06 15.221712 -17.135553 2.809528 -0.105917 -1.513866 -4.275908 -5.039057 -5.612904 -2.953581 3.6e-05 -11.020631 -4e-06 -6.111289 -15.895509 -3.84051 -0.0 -2e-06 1e-06 -10.283413 -5.680304 -4.341871 11.028383 -11.302514 -2.372656 -1.384233 -14.238708 -6.320179 -0.625361 -26.924541 -3.827631 -4.192982 -48.653461 -3.702732 -13.708585 -7.363495 -3.720973 18.141294 -14.052888 -3.242707 5.4e-05 -18.787457 8e-06 -0.429698 -8.456153 2.555549 2e-06 2e-06 -2e-06 -15.923577 -20.094582 -5.473637 30.419388 -7.190948 1.73591 2.2e-05 -8.163005 4e-06 -1.861843 -22.861759 -6.167988 -2e-06 -1e-06 -0.0 -178.53418 -14.297399 -19.102829 5.798537 0.063881 0.581548 -70.270752 -0.218548 -13.84439 -5.748547 1.613715 2.086517 -1.0 -0.0 0.0 5.468521 1.351873 -15.845736 5.615575 -0.036132 -0.20234 -75.176323 -6.936581 -5.960958 -5.146165 0.639638 1.684077 -1.000004 0.0 -0.0 
0.0 0.0 0.0 0.0 -0.0 0.0 -3.522472 99.518982 -1.768212 87.127007 3.673545 93.949852 -3.331015 0.580281 -0.565869 -11.838968 -0.466763 -1.300697 16.733784 4.136958 -2.642161 19.92716 -1.90078 2.203461 -2.721439 -0.73289 0.934162 -20.416576 2.221262 -1.863667 6e-06 0.0 0.0 -0.003344 -0.015347 0.007216 -0.051211 0.072107 0.033408 -0.084607 -0.105949 -0.015735 -139.965775 -67.701065 159.899811 27.90134 -41.284077 -8.911615 86.263046 -0.911375 -0.233003 -9.101114 19.002333 -75.309349 17.636723 -26.3228 52.41119 -19.466721 -14.395664 29.410412 -2e-06 -8.774874 -7e-06 16.177198 -17.633886 6.273708 -0.609776 -1.795657 -3.88933 -4.807107 -11.046841 -2.937847 1.1e-05 -20.976109 1.3e-05 -5.020009 -25.033709 -4.031889 6e-06 1e-06 -1e-06 -10.63457 -5.686979 -3.565581 10.573328 -17.92301 -3.113902 8e-06 -13.82127 1e-05 -0.50178 -31.181723 -4.027016 -11.484974 -59.73135 7.508839 -13.982763 -7.150208 -2.875033 13.772795 -8.401522 -3.218247 0.347748 -34.211727 0.771676 -0.96303 -17.733498 2.621055 1e-06 -0.0 -0.0 -17.346485 -20.095257 -4.201762 21.757662 -1.638393 3.866436 5e-06 -6.33885 3e-06 -1.697595 -22.591896 -6.194029 -0.0 -3e-06 -1e-06 33.640644 -72.721581 164.497528 33.996525 -39.084625 -15.240019 78.5 -1.042962 0.166375 5.113734 9.350827 -70.915337 22.182276 -20.375965 49.933407 -16.701941 -16.74361 28.476624 -2.1e-05 -12.690705 -1.5e-05 15.073524 -17.021566 2.909566 -0.105918 -1.513863 -4.27589 -5.039069 -5.612899 -2.953568 2.4e-05 -11.020617 -1e-06 -6.111327 -15.895507 -3.840509 3e-06 -1e-06 0.0 -10.283421 -5.680303 -4.341846 11.028379 -11.302485 -2.372641 -1.384262 -14.23869 -6.320158 -0.625392 -26.924498 -3.827624 -4.155148 -48.658741 -3.608002 -13.708591 -7.363495 -3.720944 18.141283 -14.052847 -3.242687 3.9e-05 -18.787426 -3e-06 -0.429695 -8.456141 2.555534 3e-06 -1e-06 1e-06 -15.923613 -20.094557 -5.473588 30.419413 -7.190912 1.735948 1.9e-05 -8.162992 -3e-06 -1.861866 -22.861727 -6.16801 2e-06 -7e-06 1e-06 -178.52005 -14.072846 -18.814774 5.657454 0.067014 0.558296 -70.236214 -0.252149 -13.850591 -5.711531 1.61418 2.085884 -1.000002 0.0 0.0 5.506116 1.173248 -16.064857 5.678205 -0.043104 -0.195975 -75.212708 -6.916441 -6.14141 -5.178117 0.657992 1.682751 -1.0 1e-06 0.0 
0.0 0.0 0.0 0.0 -0.0 0.0 -3.370662 99.527481 -1.785401 87.189865 3.69327 94.156349 -3.283146 0.340926 -0.5067 -11.812951 -0.459981 -1.13048 16.639914 3.772816 -2.542733 20.031956 -3.036334 2.249481 -2.737028 -0.743369 0.497821 -20.279457 1.513243 -1.726827 6e-06 -0.0 -0.0 -0.00562 -0.009474 0.006155 -0.038769 0.068297 0.039453 -0.073071 -0.090131 -0.024003 -140.31691 -67.67997 160.090424 28.273357 -41.468086 -8.641594 86.005821 -1.017966 -0.265556 -9.677264 19.666935 -77.366035 17.636574 -26.322603 52.410995 -19.46661 -14.395578 29.410295 1.6e-05 -8.774822 1e-06 16.099663 -17.614916 6.406149 -0.609776 -1.795653 -3.889316 -4.807105 -11.046804 -2.937837 -3.2e-05 -20.975996 -1e-05 -5.02001 -25.03359 -4.031914 6e-06 1e-06 1e-06 -10.634529 -5.686979 -3.565566 10.573234 -17.922905 -3.113895 -1.6e-05 -13.821195 -1.4e-05 -0.501801 -31.181532 -4.027068 -11.543816 -60.012844 7.623879 -13.982709 -7.150206 -2.875017 13.772706 -8.401457 -3.218237 0.347688 -34.211529 0.771627 -0.963035 -17.733391 2.620986 -2e-06 -2e-06 -0.0 -17.346436 -20.095213 -4.201742 21.757555 -1.638334 3.866419 -9e-06 -6.338818 -7e-06 -1.697623 -22.591774 -6.194039 2e-06 -5e-06 -3e-06 33.254677 -72.812637 164.6418 34.590591 -39.344425 -14.461396 77.479187 -1.228504 0.145458 5.421007 9.15969 -70.008354 22.182047 -20.375832 49.933296 -16.701767 -16.743513 28.476521 2e-05 -12.690596 4e-06 14.969138 -16.880743 2.975841 -0.105922 -1.513855 -4.275878 -5.039045 -5.612878 -2.953556 -1.8e-05 -11.020527 -6e-06 -6.111318 -15.895389 -3.840495 2e-06 1e-06 -0.0 -10.283366 -5.680302 -4.341832 11.02826 -11.302376 -2.372633 -1.384291 -14.238588 -6.320137 -0.625454 -26.924234 -3.827653 -4.09629 -48.654045 -3.59327 -13.708518 -7.363495 -3.720932 18.141106 -14.052697 -3.242676 -2.5e-05 -18.787279 -1.9e-05 -0.429728 -8.456057 2.555503 1e-06 0.0 1e-06 -15.92355 -20.094501 -5.473569 30.41917 -7.190755 1.73593 -1.4e-05 -8.162921 -6e-06 -1.861921 -22.861513 -6.167992 -2e-06 -2e-06 -1e-06 -178.501343 -13.87797 -18.588911 5.519548 0.073063 0.552362 -70.208282 -0.377524 -13.863426 -5.69102 1.599429 2.085584 -0.999998 -0.0 -1e-06 5.517097 1.002024 -16.26333 5.73654 -0.045228 -0.185599 -75.216164 -6.778048 -6.297667 -5.218059 0.688237 1.686854 -1.0 2e-06 0.0 
0.0 0.0 0.0 0.0 -0.0 0.0 -3.178952 99.547676 -1.827568 87.219635 3.681046 94.293327 -3.236377 0.13463 -0.442289 -11.78264 -0.438634 -0.979115 16.527529 3.420683 -2.446363 20.168427 -4.086102 2.280352 -2.737594 -0.744708 0.170208 -20.199369 0.918772 -1.549811 6e-06 0.0 0.0 -0.012659 -0.005108 0.014979 -0.033335 0.068336 0.05352 -0.066668 -0.081395 -0.021094 -140.60994 -67.678177 160.256943 28.711151 -41.665779 -8.28325 85.972115 -1.134546 -0.304664 -10.106846 20.321409 -79.020752 17.636492 -26.322458 52.410671 -19.466442 -14.395531 29.410099 2.3e-05 -8.774781 -5e-06 15.969378 -17.576401 6.528394 -0.609774 -1.79564 -3.889295 -4.807089 -11.046738 -2.937811 -4.8e-05 -20.975864 2.2e-05 -5.020017 -25.033413 -4.031868 4e-06 -2e-06 3e-06 -10.63448 -5.686944 -3.565542 10.573174 -17.922792 -3.113855 -3e-05 -13.82111 6e-06 -0.501858 -31.18132 -4.026997 -11.60286 -60.261387 7.748095 -13.982646 -7.150166 -2.874995 13.772642 -8.401401 -3.21821 0.347641 -34.211296 0.771676 -0.963059 -17.733288 2.620998 -2e-06 1e-06 1e-06 -17.346359 -20.095087 -4.201705 21.757458 -1.638319 3.866402 -1.3e-05 -6.338782 2e-06 -1.697654 -22.591627 -6.193965 1e-06 -2e-06 -3e-06 32.936913 -72.955032 164.728912 35.416065 -39.584671 -13.73754 76.530411 -1.401436 0.202229 5.636348 9.000676 -69.437622 22.181959 -20.375616 49.932671 -16.701572 -16.743357 28.476101 1.3e-05 -12.690468 -1.4e-05 15.000883 -16.760555 2.951412 -0.105919 -1.51384 -4.275829 -5.039004 -5.612823 -2.953511 -9e-06 -11.020416 1e-05 -6.111259 -15.895189 -3.840411 2e-06 1e-06 2e-06 -10.283295 -5.680245 -4.341782 11.028173 -11.302285 -2.372584 -1.384287 -14.238439 -6.320026 -0.625482 -26.923916 -3.827536 -4.043936 -48.616432 -3.677392 -13.708424 -7.36342 -3.720884 18.140957 -14.052587 -3.242602 -1.8e-05 -18.787088 2e-06 -0.429709 -8.455974 2.555474 3e-06 -0.0 -2e-06 -15.923433 -20.094311 -5.473495 30.41893 -7.190724 1.735953 -4e-06 -8.162846 -6e-06 -1.861903 -22.861267 -6.167892 -0.0 -2e-06 -1e-06 -178.512634 -13.720013 -18.470394 5.387481 0.078431 0.572195 -70.163399 -0.5484 -13.850935 -5.695774 1.567613 2.083929 -0.999996 -0.0 -0.0 5.482471 0.8494 -16.457029 5.801644 -0.038799 -0.178673 -75.212593 -6.58525 -6.409891 -5.247546 0.723118 1.696117 -0.999999 -1e-06 0.0 
0.0 0.0 0.0 0.0 -0.0 0.0 -2.955534 99.575233 -1.887815 87.22538 3.627024 94.363655 -3.202279 -0.031031 -0.376113 -11.745268 -0.405033 -0.823826 16.400705 3.087132 -2.385084 20.312269 -5.028206 2.302303 -2.73529 -0.753334 -0.021221 -20.143385 0.446449 -1.368989 6e-06 0.0 -0.0 -0.017958 -0.003135 0.021244 -0.037944 0.07277 0.062403 -0.064526 -0.082413 -0.018864 -140.692001 -67.673828 160.236374 29.177958 -41.861088 -7.848686 86.4832 -1.188756 -0.309829 -10.03899 20.923115 -79.969246 17.636459 -26.32255 52.411011 -19.466469 -14.395476 29.410229 3e-06 -8.774733 1e-06 15.806265 -17.541691 6.624103 -0.609776 -1.795641 -3.88931 -4.807052 -11.046716 -2.937839 -5e-06 -20.975809 -5e-06 -5.019894 -25.03331 -4.031872 5e-06 -2e-06 -1e-06 -10.63446 -5.686937 -3.565579 10.573157 -17.922783 -3.113872 -4e-06 -13.82108 2e-06 -0.501763 -31.181196 -4.026986 -11.670612 -60.423229 7.821638 -13.982616 -7.150156 -2.875037 13.772595 -8.401408 -3.218218 0.347702 -34.211197 0.771656 -0.963039 -17.733215 2.621008 -1e-06 1e-06 -1e-06 -17.346294 -20.095079 -4.201782 21.757362 -1.638341 3.866404 -1e-06 -6.338768 2e-06 -1.697563 -22.591532 -6.19397 1e-06 -3e-06 -3e-06 32.759075 -73.192322 164.684784 36.39278 -39.856216 -13.029717 75.906807 -1.427875 0.304674 5.78495 9.024267 -69.3078 22.181955 -20.375788 49.933289 -16.701754 -16.743471 28.476521 -5e-06 -12.690536 1.9e-05 15.133498 -16.691116 2.86208 -0.105921 -1.513853 -4.275875 -5.039019 -5.612852 -2.953557 1e-06 -11.020472 -2e-05 -6.111248 -15.895285 -3.840507 -0.0 -2e-06 1e-06 -10.28333 -5.680279 -4.341835 11.028233 -11.30234 -2.372645 -1.38425 -14.238514 -6.320135 -0.625375 -26.924072 -3.827656 -4.081369 -48.591331 -3.727919 -13.70847 -7.363462 -3.720933 18.14106 -14.052655 -3.242688 -0.0 -18.787188 -1.6e-05 -0.429715 -8.456018 2.555497 2e-06 3e-06 1e-06 -15.923471 -20.094419 -5.473593 30.419071 -7.190757 1.735898 -1e-06 -8.162885 -5e-06 -1.861881 -22.86138 -6.167954 3e-06 -3e-06 -1e-06 -178.581482 -13.59136 -18.440134 5.288524 0.078085 0.610165 -70.132027 -0.735545 -13.809545 -5.708597 1.534522 2.079478 -0.999998 -2e-06 -0.0 5.393786 0.709432 -16.70252 5.868602 -0.033194 -0.176703 -75.200317 -6.313139 -6.482892 -5.222731 0.739874 1.704475 -0.999999 -1e-06 0.0 
0.0 0.0 0.0 0.0 -0.0 0.0 -2.723071 99.595749 -1.943178 87.212074 3.549447 94.347771 -3.173447 -0.163485 -0.308753 -11.691497 -0.375919 -0.677162 16.261436 2.791276 -2.343705 20.456564 -5.91702 2.33509 -2.735453 -0.74025 -0.094727 -20.027216 0.063711 -1.100719 6e-06 -1e-06 0.0 -0.018793 -0.006464 -0.008484 -0.058701 0.076258 0.030384 -0.073129 -0.093533 -0.048004 -140.528915 -67.611343 159.948212 29.630846 -42.027283 -7.356512 87.757446 -1.175702 -0.24429 -9.163588 21.535936 -80.54911 17.636591 -26.322622 52.410954 -19.466553 -14.395576 29.410263 1.7e-05 -8.774817 -5e-06 15.712132 -17.549137 6.684487 -0.609778 -1.795647 -3.889316 -4.807101 -11.046782 -2.937827 -3.8e-05 -20.975964 1.7e-05 -5.020023 -25.033537 -4.03189 6e-06 -2e-06 0.0 -10.634521 -5.686964 -3.565569 10.573225 -17.922878 -3.113873 -2.3e-05 -13.821173 7e-06 -0.501841 -31.181471 -4.027017 -11.696296 -60.537395 7.748908 -13.982696 -7.150191 -2.875022 13.772696 -8.401445 -3.218223 0.347662 -34.211472 0.771679 -0.963058 -17.733362 2.621017 0.0 -3e-06 -1e-06 -17.346416 -20.095171 -4.201742 21.757532 -1.638338 3.866424 -1e-05 -6.338806 6e-06 -1.697642 -22.591715 -6.193997 -1e-06 0.0 -3e-06 32.507652 -73.540146 164.720749 37.452778 -40.140507 -12.260645 75.620964 -1.250768 0.429549 5.995668 9.243519 -69.490089 22.182074 -20.375813 49.933079 -16.701714 -16.743467 28.476374 1e-06 -12.690565 -4e-06 15.321189 -16.697939 2.703613 -0.105921 -1.513849 -4.275862 -5.039029 -5.612852 -2.953541 2e-06 -11.020492 6e-06 -6.111291 -15.895304 -3.840461 1e-06 -2e-06 2e-06 -10.283345 -5.680268 -4.341816 11.028255 -11.302359 -2.372609 -1.384279 -14.238533 -6.320091 -0.625456 -26.924133 -3.827568 -4.119374 -48.645546 -3.75548 -13.708487 -7.363453 -3.720921 18.141083 -14.052684 -3.242637 -4e-06 -18.787222 1.3e-05 -0.429713 -8.456038 2.555508 4e-06 0.0 -1e-06 -15.9235 -20.094416 -5.473548 30.419119 -7.190793 1.735947 3e-06 -8.162906 1e-06 -1.861905 -22.861439 -6.167917 -1e-06 -2e-06 -0.0 -178.682175 -13.479591 -18.462189 5.252492 0.072386 0.65374 -70.13356 -0.932321 -13.733805 -5.767261 1.518669 2.071593 -0.999995 1e-06 0.0 5.287078 0.579621 -16.993282 5.911017 -0.029179 -0.183686 -75.173912 -5.967799 -6.527366 -5.183087 0.716305 1.699901 -1.000001 1e-06 0.0 
0.0 0.0 0.0 0.0 -0.0 0.0 -2.497146 99.586807 -1.956416 87.177658 3.481574 94.241028 -3.150842 -0.266344 -0.241409 -11.646561 -0.367435 -0.562348 16.140285 2.556034 -2.257022 20.653036 -6.771521 2.376621 -2.738127 -0.679445 -0.065216 -19.788509 -0.266565 -0.715104 6e-06 1e-06 1e-06 -0.012045 -0.014495 -0.059545 -0.090966 0.073926 -0.029217 -0.094535 -0.108152 -0.091859 -140.426529 -67.392616 159.644989 29.907204 -42.079948 -6.491682 89.53701 -0.929029 -0.141845 -7.372805 22.272821 -81.317139 17.636648 -26.322811 52.411476 -19.466749 -14.395656 29.41057 4e-06 -8.774872 -2e-06 15.752689 -17.626547 6.766168 -0.60978 -1.79566 -3.889348 -4.807116 -11.046851 -2.937873 3e-06 -20.976114 -2.1e-05 -5.01999 -25.033733 -4.031957 6e-06 2e-06 -0.0 -10.634571 -5.686994 -3.565606 10.573315 -17.922998 -3.113929 2e-06 -13.821266 -9e-06 -0.501756 -31.181709 -4.027085 -11.680276 -60.642757 7.613078 -13.982764 -7.150227 -2.875056 13.772787 -8.401511 -3.218267 0.347737 -34.211731 0.771637 -0.963035 -17.733498 2.621039 -1e-06 -2e-06 -0.0 -17.346485 -20.095289 -4.201812 21.757652 -1.638371 3.866446 -0.0 -6.338849 -0.0 -1.69759 -22.591892 -6.194088 0.0 -6e-06 -0.0 32.004547 -73.869614 165.049957 38.500519 -40.198856 -11.110314 75.351273 -0.801838 0.566888 6.611405 9.534546 -69.684906 22.182154 -20.376076 49.933701 -16.701933 -16.743608 28.476784 -3e-05 -12.690646 1.8e-05 15.481303 -16.7495 2.537247 -0.105918 -1.513862 -4.275912 -5.039049 -5.612894 -2.953583 2.2e-05 -11.020587 -1e-05 -6.111277 -15.895449 -3.840525 0.0 -1e-06 -2e-06 -10.283397 -5.680305 -4.341872 11.028338 -11.302466 -2.372659 -1.384236 -14.238658 -6.320181 -0.625371 -26.924421 -3.827642 -4.135644 -48.81773 -3.725213 -13.708558 -7.363497 -3.720973 18.141228 -14.052818 -3.242718 3e-05 -18.787384 4e-06 -0.429712 -8.456113 2.555539 0.0 -3e-06 1e-06 -15.923562 -20.094559 -5.47364 30.41931 -7.190882 1.735893 7e-06 -8.162971 7e-06 -1.861861 -22.861645 -6.167971 -6e-06 -4e-06 0.0 -178.756851 -13.382785 -18.497494 5.279107 0.062157 0.677626 -70.200272 -1.101845 -13.633381 -5.887179 1.522076 2.060587 -0.999997 0.0 0.0 5.212564 0.473557 -17.209621 5.906974 -0.017093 -0.192211 -75.137054 -5.624184 -6.536478 -5.181468 0.679068 1.685296 -1.000004 2e-06 2e-06 
0.0 0.0 0.0 0.0 -0.0 0.0 -2.261316 99.561386 -1.9308 87.130997 3.451781 94.051315 -3.135791 -0.345023 -0.177204 -11.637561 -0.363732 -0.454976 16.0471 2.391327 -2.091261 20.930056 -7.624748 2.413548 -2.736015 -0.601964 0.004921 -19.442545 -0.574085 -0.219961 6e-06 1e-06 -0.0 -0.000116 -0.022241 -0.112235 -0.119494 0.064938 -0.092196 -0.117014 -0.115067 -0.134999 -140.728714 -67.011093 159.712753 30.017664 -41.965981 -5.368096 91.252602 -0.481375 -0.031902 -5.174701 22.858582 -82.395264 17.636517 -26.322723 52.411274 -19.466644 -14.395596 29.410458 -3e-06 -8.774815 7e-06 15.836297 -17.716362 6.852098 -0.609776 -1.79565 -3.889327 -4.807078 -11.046797 -2.937855 4e-06 -20.976019 -3e-06 -5.01995 -25.033607 -4.031892 6e-06 -0.0 -0.0 -10.634508 -5.686964 -3.56559 10.573248 -17.922922 -3.11391 1e-06 -13.821206 2e-06 -0.501761 -31.18157 -4.027024 -11.624005 -60.590637 7.537529 -13.982681 -7.15019 -2.875041 13.772697 -8.401478 -3.218256 0.347723 -34.211559 0.771662 -0.963042 -17.733418 2.621037 1e-06 0.0 -1e-06 -17.346376 -20.095184 -4.201791 21.757517 -1.638365 3.86641 -0.0 -6.338827 6e-06 -1.697569 -22.591801 -6.194029 -1e-06 -1e-05 -1e-06 31.188648 -74.025093 165.719009 39.427956 -39.790295 -9.350224 74.74868 -0.198658 0.670594 7.506224 9.604903 -69.700714 22.182009 -20.375839 49.933372 -16.701799 -16.74353 28.476593 7e-06 -12.690601 1.6e-05 15.531873 -16.692432 2.474956 -0.10592 -1.513856 -4.275884 -5.039041 -5.612868 -2.95356 -5e-06 -11.020513 -1.8e-05 -6.1113 -15.895365 -3.840522 -0.0 0.0 1e-06 -10.283357 -5.680293 -4.341838 11.028273 -11.302367 -2.372649 -1.384269 -14.23857 -6.320157 -0.625397 -26.924202 -3.827679 -4.191065 -49.155434 -3.658491 -13.708507 -7.36348 -3.72094 18.141119 -14.052692 -3.242701 -7e-06 -18.787252 -1.8e-05 -0.429721 -8.456047 2.555505 2e-06 2e-06 0.0 -15.923521 -20.094467 -5.473594 30.41918 -7.190765 1.735906 -9e-06 -8.16291 -1e-06 -1.861905 -22.86149 -6.167984 -1e-06 0.0 -2e-06 -178.751053 -13.2853 -18.559681 5.336336 0.056118 0.662863 -70.433693 -1.266406 -13.520148 -5.980809 1.522843 2.046963 -0.999996 -1e-06 -0.0 5.200956 0.37595 -17.353745 5.84091 -0.010505 -0.186806 -75.046585 -5.25113 -6.567579 -5.200975 0.653176 1.671542 -0.999998 1e-06 -0.0 
0.0 0.0 0.0 0.0 -0.0 0.0 -1.988163 99.529465 -1.880786 87.090462 3.500915 93.791832 -3.13593 -0.417585 -0.131849 -11.659563 -0.351939 -0.3512 16.016392 2.311184 -1.873151 21.279406 -8.502264 2.432373 -2.704655 -0.539925 0.100461 -18.966902 -0.898355 0.32703 6e-06 1e-06 -1e-06 0.012403 -0.024882 -0.134765 -0.120034 0.060596 -0.119842 -0.122231 -0.115593 -0.152264 -141.432724 -66.523872 160.222504 30.044682 -41.715088 -4.519487 92.2976 -0.166055 0.049051 -3.427907 23.173639 -83.588737 17.636654 -26.322626 52.410904 -19.466574 -14.395553 29.410238 0.0 -8.774807 -1.2e-05 15.916171 -17.82954 6.965439 -0.609776 -1.795647 -3.889309 -4.807077 -11.046775 -2.937834 8e-06 -20.975973 2e-05 -5.019967 -25.033527 -4.031862 6e-06 0.0 -1e-06 -10.634509 -5.686948 -3.565571 10.573248 -17.922899 -3.113871 5e-06 -13.821177 1.4e-05 -0.501787 -31.181473 -4.026972 -11.615903 -60.528912 7.629978 -13.98268 -7.150169 -2.875031 13.772695 -8.401472 -3.218215 0.347733 -34.211487 0.771688 -0.963033 -17.733383 2.621047 0.0 1e-06 -1e-06 -17.346376 -20.095146 -4.201756 21.757509 -1.638383 3.866432 5e-06 -6.338814 6e-06 -1.697582 -22.591742 -6.193985 -1e-06 -4e-06 -4e-06 30.002693 -73.977852 166.835358 40.256588 -38.900215 -7.360714 73.480476 0.263752 0.688251 8.373617 9.1684 -69.209686 22.182148 -20.375786 49.932972 -16.701677 -16.743429 28.476269 5e-06 -12.690545 -3.1e-05 15.533798 -16.549932 2.49569 -0.105924 -1.513849 -4.275854 -5.039027 -5.61284 -2.953533 5e-06 -11.020471 1.2e-05 -6.111281 -15.895256 -3.840449 -1e-06 -3e-06 -0.0 -10.283347 -5.680262 -4.341815 11.028248 -11.302351 -2.372589 -1.384282 -14.238505 -6.32007 -0.625462 -26.924057 -3.827549 -4.171214 -49.530025 -3.698837 -13.708493 -7.363444 -3.720922 18.141073 -14.052675 -3.24261 3e-06 -18.787189 1.5e-05 -0.429702 -8.456022 2.555501 3e-06 0.0 -0.0 -15.923507 -20.094393 -5.473542 30.419094 -7.190808 1.735985 4e-06 -8.162896 2e-06 -1.861896 -22.861385 -6.167912 -5e-06 -2e-06 -1e-06 -178.593185 -13.184997 -18.666307 5.383925 0.063436 0.638716 -70.763222 -1.46836 -13.418806 -5.953242 1.493946 2.03507 -0.999995 -0.0 -0.0 5.315516 0.268167 -17.384695 5.725541 -0.008389 -0.15354 -74.911415 -4.894472 -6.59465 -5.217929 0.665374 1.666514 -1.000001 1e-06 1e-06 
0.0 0.0 0.0 0.0 -0.0 0.0 -1.709283 99.517151 -1.814833 87.098488 3.618533 93.486366 -3.169776 -0.497241 -0.1063 -11.712261 -0.335275 -0.268622 16.07091 2.251963 -1.675596 21.670227 -9.298145 2.436237 -2.682914 -0.521448 0.282462 -18.374905 -1.267421 0.909583 6e-06 -1e-06 -0.0 0.015791 -0.016812 -0.111052 -0.092353 0.071249 -0.096037 -0.107961 -0.109261 -0.128211 -142.060684 -66.125023 160.716873 30.200617 -41.459438 -4.254389 92.256355 -0.040632 0.005444 -2.889437 23.119898 -84.339172 17.636549 -26.322622 52.411163 -19.466581 -14.395568 29.410368 1.8e-05 -8.774815 0.0 15.917397 -17.937819 7.132721 -0.609779 -1.795649 -3.889324 -4.807099 -11.046782 -2.937849 -2.6e-05 -20.975952 -1.4e-05 -5.019983 -25.033541 -4.031932 4e-06 -2e-06 0.0 -10.63452 -5.686969 -3.565585 10.573223 -17.922869 -3.113896 -2e-05 -13.821166 -5e-06 -0.5018 -31.181459 -4.027065 -11.768115 -60.644314 7.982455 -13.982696 -7.150198 -2.875039 13.772693 -8.401444 -3.218237 0.34768 -34.21146 0.771644 -0.96305 -17.733366 2.621007 2e-06 -1e-06 -1e-06 -17.346409 -20.095182 -4.201782 21.757524 -1.638338 3.86643 -9e-06 -6.338809 0.0 -1.697616 -22.59173 -6.194043 -0.0 -3e-06 -2e-06 28.629835 -73.844376 168.134491 40.912342 -37.660538 -5.047581 71.898865 0.637582 0.649614 8.7457 8.420626 -67.362793 22.181917 -20.37569 49.933125 -16.701748 -16.743443 28.476437 1.3e-05 -12.690526 1.7e-05 15.62757 -16.367411 2.550074 -0.105919 -1.513856 -4.275867 -5.039019 -5.612862 -2.953547 -1.1e-05 -11.020486 -2.2e-05 -6.111271 -15.895324 -3.840487 2e-06 2e-06 -3e-06 -10.283325 -5.680288 -4.341817 11.028219 -11.302344 -2.372648 -1.384269 -14.238542 -6.320121 -0.625415 -26.924122 -3.827675 -4.152631 -49.68763 -3.803112 -13.708462 -7.363472 -3.72092 18.141033 -14.052652 -3.242692 -5e-06 -18.787191 -4.8e-05 -0.429713 -8.456015 2.55547 -3e-06 -0.0 1e-06 -15.923476 -20.09444 -5.473559 30.419054 -7.190729 1.735891 -1e-05 -8.162885 -1.7e-05 -1.861884 -22.861395 -6.167991 -1e-06 -2e-06 -1e-06 -178.312866 -13.043584 -18.720421 5.40976 0.079079 0.614903 -71.033691 -1.759884 -13.35288 -5.845065 1.440478 2.030719 -0.999997 -0.0 0.0 5.511665 0.093551 -17.256609 5.621559 -0.019554 -0.102365 -74.732407 -4.623523 -6.671749 -5.273504 0.706175 1.670153 -1.000003 -0.0 1e-06 
0.0 0.0 0.0 0.0 -0.0 0.0 -1.40589 99.550095 -1.747317 87.157677 3.727137 93.254631 -3.258982 -0.562261 -0.062152 -11.748685 -0.320983 -0.219638 16.118305 2.140946 -1.55697 22.107487 -9.986301 2.469029 -2.686629 -0.537674 0.473863 -17.858742 -1.645046 1.478092 6e-06 0.0 0.0 0.016389 -0.009066 -0.056341 -0.072121 0.083856 -0.038034 -0.091245 -0.106273 -0.077905 -142.2733 -66.081039 160.753906 30.656376 -41.421761 -4.489824 91.220123 0.06847 -0.014495 -3.556667 22.765657 -83.987679 17.6367 -26.322741 52.411098 -19.46669 -14.395633 29.410393 -2e-06 -8.774865 -9e-06 15.75019 -17.903675 7.328511 -0.609776 -1.795654 -3.889322 -4.807096 -11.046826 -2.937845 1.7e-05 -20.976099 1.8e-05 -5.019998 -25.033705 -4.031882 5e-06 -2e-06 0.0 -10.634545 -5.686967 -3.565582 10.573311 -17.922993 -3.113891 9e-06 -13.821262 1.4e-05 -0.501781 -31.181726 -4.026996 -11.924589 -60.793903 8.333782 -13.982728 -7.150194 -2.875035 13.772768 -8.401513 -3.218238 0.347741 -34.2117 0.771698 -0.963038 -17.733496 2.621068 4e-06 -1e-06 -0.0 -17.346439 -20.095219 -4.201766 21.757618 -1.638393 3.866443 5e-06 -6.338848 7e-06 -1.697592 -22.59189 -6.194027 -2e-06 -3e-06 -1e-06 27.951975 -73.849289 168.691742 41.107079 -36.449757 -2.842861 71.414925 0.755797 0.586951 8.834868 7.912033 -62.645233 22.182194 -20.375904 49.933254 -16.701782 -16.7435 28.476479 -3e-06 -12.690607 -1.6e-05 15.71335 -15.973863 2.578005 -0.105923 -1.513854 -4.275874 -5.039042 -5.612866 -2.953557 1.2e-05 -11.020535 2e-06 -6.111293 -15.895377 -3.840491 0.0 -2e-06 1e-06 -10.283375 -5.680279 -4.341839 11.028296 -11.302406 -2.372611 -1.384268 -14.238593 -6.320124 -0.625427 -26.924278 -3.827592 -4.272374 -49.460724 -3.700446 -13.708527 -7.363463 -3.720942 18.141148 -14.052746 -3.242644 1.6e-05 -18.787298 1.5e-05 -0.429709 -8.456079 2.555527 1e-06 0.0 1e-06 -15.923538 -20.094458 -5.473583 30.419207 -7.190846 1.735968 8e-06 -8.16294 3e-06 -1.861885 -22.861549 -6.167947 -5e-06 0.0 -0.0 -178.054855 -12.833584 -18.70166 5.410707 0.088433 0.612128 -71.186821 -2.042767 -13.426676 -5.810155 1.39124 2.026662 -0.999996 -0.0 -0.0 5.688943 -0.14891 -17.004402 5.58896 -0.026122 -0.095254 -74.578285 -4.484424 -6.812958 -5.334422 0.743509 1.679702 -0.999998 0.0 -0.0 
0.0 0.0 0.0 0.0 -0.0 0.0 -1.082414 99.581573 -1.71579 87.265594 3.750468 93.232254 -3.360979 -0.643387 -0.062057 -11.726305 -0.306022 -0.189385 16.045748 1.988706 -1.651095 22.550594 -10.570354 2.554508 -2.652634 -0.571737 0.725195 -17.594465 -2.063953 2.006523 6e-06 -0.0 -1e-06 0.002799 -0.012236 -0.003334 -0.081258 0.097367 0.018343 -0.089685 -0.127163 -0.030383 -141.841599 -66.524025 160.222763 31.427179 -41.657043 -5.43306 89.901436 0.012733 -0.009751 -4.487117 22.456734 -81.809227 17.636658 -26.322775 52.411213 -19.466726 -14.395613 29.41045 -9e-06 -8.774847 -2e-06 15.684143 -17.773268 7.274695 -0.609775 -1.795657 -3.88933 -4.807086 -11.046837 -2.937856 2.5e-05 -20.97612 5e-06 -5.019961 -25.03373 -4.031886 4e-06 -5e-06 1e-06 -10.634537 -5.686975 -3.56559 10.573301 -17.92301 -3.113911 1.3e-05 -13.821278 6e-06 -0.501749 -31.181753 -4.027022 -11.774389 -60.766159 8.211488 -13.982718 -7.150201 -2.875044 13.772753 -8.401527 -3.218249 0.347764 -34.211754 0.771661 -0.963024 -17.733517 2.621055 1e-06 1e-06 -1e-06 -17.346418 -20.095242 -4.201785 21.757587 -1.638393 3.86643 8e-06 -6.338855 4e-06 -1.697564 -22.591904 -6.194042 -1e-06 -7e-06 -1e-06 28.645147 -74.132545 167.910126 40.820312 -35.400246 -1.333128 72.932922 0.741112 0.469914 9.100607 7.907484 -54.817467 22.182169 -20.375954 49.933434 -16.701799 -16.743534 28.47658 1e-06 -12.690619 -5e-06 15.444488 -15.689706 2.655326 -0.105924 -1.513856 -4.275884 -5.03905 -5.612875 -2.953566 5e-06 -11.020543 1e-06 -6.11131 -15.895394 -3.840502 -1e-06 -0.0 -2e-06 -10.283381 -5.680289 -4.34185 11.028297 -11.302406 -2.372628 -1.38427 -14.238602 -6.320148 -0.625426 -26.924278 -3.82763 -4.469846 -49.001274 -3.303261 -13.708537 -7.363482 -3.720954 18.141153 -14.052735 -3.242664 -3e-06 -18.787302 9e-06 -0.429719 -8.456075 2.555526 0.0 -0.0 -1e-06 -15.923553 -20.09449 -5.473603 30.419228 -7.190824 1.73595 -0.0 -8.16294 9e-06 -1.861913 -22.861547 -6.167956 -0.0 -3e-06 -1e-06 -177.963715 -12.552983 -18.646112 5.408841 0.087328 0.632262 -71.265381 -2.321223 -13.524452 -5.766326 1.385279 2.033926 -1.000002 0.0 -0.0 5.75596 -0.440843 -16.790346 5.66318 -0.013929 -0.121365 -74.567917 -4.490779 -6.948403 -5.342088 0.728399 1.686521 -1.000001 0.0 0.0 
0.0 0.0 0.0 0.0 -0.0 0.0 -0.769471 99.580551 -1.681063 87.411072 3.71108 93.351715 -3.456435 -0.741793 -0.058617 -11.724153 -0.320639 -0.204689 15.954411 1.859101 -1.851221 22.968531 -11.125275 2.681494 -2.624745 -0.608044 1.026454 -17.347336 -2.499568 2.432468 5e-06 1e-06 -0.0 -0.012269 -0.021656 0.004897 -0.115565 0.099474 0.019954 -0.115401 -0.148819 -0.016274 -141.547989 -66.88031 159.824341 31.979765 -41.465122 -6.147186 88.654678 -0.059533 -0.010971 -5.133436 22.072783 -78.240532 17.636631 -26.322737 52.411171 -19.466694 -14.395591 29.410398 -2e-06 -8.774829 -3e-06 15.787841 -17.593874 6.992388 -0.609776 -1.795657 -3.889327 -4.807089 -11.046832 -2.937853 8e-06 -20.97608 -6e-06 -5.019968 -25.03368 -4.031898 5e-06 -1e-06 1e-06 -10.634536 -5.686979 -3.565583 10.573278 -17.922983 -3.113908 7e-06 -13.821246 -6e-06 -0.501754 -31.181654 -4.027038 -11.41392 -60.329895 7.806699 -13.982716 -7.150208 -2.87504 13.772731 -8.401508 -3.218245 0.347749 -34.211658 0.771636 -0.963019 -17.733456 2.621022 1e-06 -1e-06 -1e-06 -17.346424 -20.095249 -4.201771 21.757568 -1.638375 3.866426 4e-06 -6.338843 -2e-06 -1.697574 -22.591864 -6.194043 0.0 -6e-06 -1e-06 30.115547 -74.232147 166.422211 40.141182 -34.017708 -0.213893 75.638451 0.754023 0.337739 9.293854 8.287075 -44.386467 22.182192 -20.375914 49.933304 -16.701811 -16.743534 28.476505 0.0 -12.690628 -1.5e-05 15.112491 -15.779351 2.825631 -0.105921 -1.513854 -4.27588 -5.039052 -5.612884 -2.953556 5e-06 -11.020559 5e-06 -6.111318 -15.895416 -3.840479 0.0 0.0 0.0 -10.283387 -5.680295 -4.341836 11.028307 -11.302422 -2.372619 -1.384281 -14.238627 -6.320126 -0.625451 -26.924349 -3.827602 -4.780906 -48.723923 -2.744515 -13.708545 -7.363484 -3.720939 18.141174 -14.052766 -3.242658 4e-06 -18.787344 6e-06 -0.42971 -8.456097 2.555521 -0.0 -1e-06 0.0 -15.923565 -20.094505 -5.473576 30.419245 -7.190838 1.735954 2e-06 -8.162953 0.0 -1.861895 -22.861612 -6.167973 -1e-06 -2e-06 -1e-06 -177.985764 -12.230647 -18.381374 5.401706 0.073533 0.651344 -71.259529 -2.664694 -13.559959 -5.787449 1.421052 2.04479 -0.999996 1e-06 1e-06 5.766886 -0.744448 -16.725983 5.749016 0.00147 -0.134122 -74.71373 -4.564211 -6.975256 -5.336593 0.671287 1.681357 -1.000004 1e-06 1e-06 
0.0 0.0 0.0 0.0 -0.0 0.0 -0.463225 99.550659 -1.595212 87.591248 3.657482 93.491249 -3.544085 -0.840036 -0.034136 -11.778022 -0.347871 -0.226233 15.869207 1.753103 -2.023457 23.378222 -11.734726 2.822374 -2.600087 -0.622337 1.273224 -16.940069 -2.964622 2.792806 6e-06 2e-06 0.0 -0.010262 -0.035817 -0.006573 -0.145009 0.082528 -0.00979 -0.153145 -0.159838 -0.009358 -141.879868 -66.865662 160.039963 32.064777 -40.47757 -6.053671 87.232025 -0.012746 -0.040189 -5.541556 21.520529 -74.31768 17.636637 -26.322699 52.411018 -19.466656 -14.395534 29.410311 -1.8e-05 -8.77479 -6e-06 15.924649 -17.349957 6.774488 -0.609773 -1.795653 -3.889318 -4.807054 -11.046799 -2.93785 4.4e-05 -20.97604 8e-06 -5.019901 -25.033596 -4.031842 8e-06 1e-06 -2e-06 -10.634502 -5.686953 -3.565582 10.573268 -17.92297 -3.113889 3.2e-05 -13.821223 4e-06 -0.501713 -31.181589 -4.026963 -11.079844 -59.706017 7.567018 -13.982671 -7.150176 -2.875042 13.772696 -8.401516 -3.21823 0.347804 -34.21162 0.771657 -0.963008 -17.73344 2.621054 4e-06 0.0 -2e-06 -17.346348 -20.095182 -4.201778 21.757479 -1.638406 3.866415 1.6e-05 -6.338832 1e-06 -1.697513 -22.591808 -6.193995 0.0 -7e-06 -3e-06 31.805832 -74.015854 164.759781 39.346199 -32.210785 0.937802 78.501961 0.857683 0.209437 8.914514 9.129667 -32.768276 22.182169 -20.375845 49.933201 -16.701767 -16.743488 28.476416 -9e-06 -12.690582 -1.7e-05 14.983941 -16.024466 3.01701 -0.105921 -1.513854 -4.275871 -5.039035 -5.612852 -2.953549 1.5e-05 -11.020491 -0.0 -6.111269 -15.895287 -3.840468 -0.0 -0.0 1e-06 -10.28337 -5.680272 -4.341834 11.028284 -11.302376 -2.372613 -1.384261 -14.238538 -6.3201 -0.625406 -26.92412 -3.827574 -5.132609 -48.912045 -2.23287 -13.708523 -7.363461 -3.720937 18.14113 -14.052711 -3.242644 2.4e-05 -18.787214 7e-06 -0.429697 -8.456029 2.555511 0.0 1e-06 0.0 -15.923532 -20.094437 -5.473581 30.419174 -7.190836 1.735954 1.1e-05 -8.162904 5e-06 -1.861869 -22.861404 -6.167916 -0.0 -4e-06 -1e-06 -178.006668 -11.867811 -17.945036 5.374509 0.043106 0.6224 -71.293503 -3.030761 -13.574503 -5.82808 1.44585 2.047144 -0.999997 -0.0 -0.0 5.792757 -1.063064 -16.666658 5.790848 0.004516 -0.115918 -74.904503 -4.645809 -7.068592 -5.380633 0.617328 1.669945 -1.000003 1e-06 -0.0 
0.0 0.0 0.0 0.0 -0.0 0.0 -0.142261 99.532356 -1.451628 87.780617 3.701545 93.5634 -3.614023 -0.937293 -0.00424 -11.848383 -0.367349 -0.212102 15.829127 1.704206 -2.181206 23.842834 -12.417089 2.938519 -2.594856 -0.623346 1.442863 -16.394114 -3.41289 3.06912 5e-06 3e-06 0.0 -0.000212 -0.049371 -0.008819 -0.159733 0.054647 -0.028092 -0.186376 -0.158189 0.005197 -142.52887 -66.664864 160.607697 31.852297 -39.115589 -5.65331 85.295967 -0.003057 -0.066448 -6.273396 20.824322 -71.237854 17.636568 -26.32263 52.411076 -19.466623 -14.395587 29.410341 6e-06 -8.774829 -2e-06 16.042767 -17.096945 6.657748 -0.609775 -1.79565 -3.889319 -4.807093 -11.046793 -2.937845 -5e-06 -20.976 -1e-05 -5.01998 -25.033598 -4.031908 7e-06 1e-06 -0.0 -10.63452 -5.686967 -3.565578 10.573253 -17.922913 -3.1139 -5e-06 -13.821205 -6e-06 -0.501779 -31.181572 -4.027049 -10.9054 -59.311356 7.51752 -13.982696 -7.150194 -2.875027 13.772713 -8.401467 -3.218242 0.347719 -34.211544 0.771638 -0.963033 -17.733408 2.621017 3e-06 1e-06 -1e-06 -17.346407 -20.095184 -4.201763 21.757547 -1.638356 3.866421 -3e-06 -6.338821 -2e-06 -1.697598 -22.591789 -6.194036 -3e-06 -4e-06 2e-06 33.292015 -73.689194 163.290573 38.714558 -30.409519 1.958602 80.855293 0.817926 0.086279 7.823698 10.104631 -21.603979 22.182039 -20.375843 49.933159 -16.701811 -16.743505 28.476475 -1.3e-05 -12.69058 8e-06 14.982388 -16.194754 3.178322 -0.105916 -1.513854 -4.275873 -5.039025 -5.612864 -2.953547 1.3e-05 -11.020527 -5e-06 -6.111272 -15.89536 -3.840469 0.0 1e-06 0.0 -10.283344 -5.680276 -4.341823 11.028279 -11.302401 -2.372636 -1.384253 -14.238587 -6.32011 -0.625407 -26.924259 -3.827602 -5.310777 -49.2309 -1.977435 -13.70849 -7.363461 -3.720921 18.141127 -14.052736 -3.242683 2.2e-05 -18.787285 -9e-06 -0.429702 -8.456064 2.555502 1e-06 0.0 1e-06 -15.923493 -20.09445 -5.473559 30.419163 -7.190831 1.735898 8e-06 -8.16293 -7e-06 -1.861866 -22.861515 -6.167956 0.0 -4e-06 -0.0 -177.820251 -11.50225 -17.527575 5.281276 0.022288 0.559747 -71.46933 -3.326366 -13.661647 -5.847349 1.442024 2.043705 -1.0 -0.0 1e-06 5.980825 -1.363242 -16.55792 5.759073 -0.010368 -0.088922 -75.055923 -4.681044 -7.218251 -5.40488 0.615316 1.662569 -0.999999 -1e-06 1e-06 
0.0 0.0 0.0 0.0 -0.0 0.0 0.16012 99.540062 -1.288886 87.950722 3.854911 93.579422 -3.669006 -1.031936 -0.00902 -11.893657 -0.387308 -0.186593 15.848923 1.693911 -2.307609 24.320015 -12.989063 3.012268 -2.621141 -0.62625 1.555008 -15.898762 -3.858021 3.209224 6e-06 0.0 1e-06 0.00332 -0.055747 0.005745 -0.153462 0.034558 -0.018783 -0.204424 -0.149874 0.026196 -143.192703 -66.494965 161.280228 31.434031 -37.744648 -5.388026 82.814323 -0.211498 -0.188544 -7.636716 19.893572 -69.465851 17.636446 -26.322649 52.411125 -19.466566 -14.395534 29.410351 8e-06 -8.77477 1.2e-05 16.112997 -16.995306 6.539283 -0.609776 -1.795649 -3.889319 -4.807076 -11.046783 -2.937842 -2.9e-05 -20.975962 -4e-06 -5.019954 -25.033524 -4.031883 6e-06 0.0 -2e-06 -10.634487 -5.686967 -3.565579 10.573189 -17.92288 -3.113893 -1.7e-05 -13.821176 -5e-06 -0.501782 -31.18148 -4.02703 -10.872489 -59.222862 7.534766 -13.98265 -7.150195 -2.875035 13.772638 -8.401445 -3.218241 0.347676 -34.21146 0.771652 -0.96305 -17.733355 2.621003 -1e-06 -1e-06 1e-06 -17.346354 -20.095181 -4.201767 21.757439 -1.638329 3.866395 -7e-06 -6.338807 2e-06 -1.697585 -22.591732 -6.194013 2e-06 -6e-06 -0.0 34.57029 -73.394806 161.964325 38.332714 -29.085562 2.885734 82.568672 0.757739 0.017767 6.426543 10.605948 -12.538573 22.18195 -20.375978 49.933235 -16.701786 -16.743547 28.476543 -1.7e-05 -12.690566 3.7e-05 14.927541 -16.310341 3.250144 -0.105913 -1.513848 -4.275878 -5.039012 -5.612858 -2.953543 1.1e-05 -11.020528 1.3e-05 -6.111267 -15.895353 -3.840436 1e-06 -4e-06 -1e-06 -10.283322 -5.680264 -4.34182 11.028263 -11.302396 -2.372635 -1.384246 -14.238579 -6.320094 -0.625446 -26.924248 -3.827553 -5.294436 -49.226444 -2.006786 -13.70846 -7.363446 -3.720919 18.141096 -14.052728 -3.242687 -3e-06 -18.787285 3e-05 -0.429729 -8.456073 2.55552 0.0 -1e-06 -1e-06 -15.92345 -20.094423 -5.473545 30.419115 -7.190805 1.735856 -5e-06 -8.162936 8e-06 -1.861917 -22.861534 -6.167894 -0.0 -3e-06 1e-06 -177.450714 -11.199512 -17.180279 5.1689 0.018556 0.515123 -71.693474 -3.543555 -13.777036 -5.880753 1.433461 2.042875 -0.999998 -0.0 1e-06 6.34513 -1.597191 -16.360209 5.637188 -0.021904 -0.071448 -75.157936 -4.746947 -7.306889 -5.381715 0.655027 1.665211 -0.999999 1e-06 0.0 
0.0 0.0 0.0 0.0 -0.0 0.0 0.427486 99.583458 -1.135344 88.058121 4.006863 93.554512 -3.707848 -1.100862 -0.016556 -11.903758 -0.419853 -0.232129 15.839705 1.690335 -2.380357 24.750238 -13.338849 3.046727 -2.662836 -0.609264 1.552094 -15.64468 -4.258845 3.331511 6e-06 -1e-06 1e-06 -0.007967 -0.056835 0.028038 -0.133034 0.025702 0.007886 -0.211511 -0.142018 0.043477 -143.529266 -66.474274 161.654816 30.785883 -36.675327 -5.250534 80.075722 -0.534445 -0.341559 -9.220713 18.688602 -69.231117 17.636866 -26.323057 52.411777 -19.466957 -14.395764 29.410788 -3.2e-05 -8.774945 -1e-05 16.075449 -17.02438 6.439111 -0.609779 -1.79567 -3.889366 -4.807108 -11.046908 -2.937904 8.9e-05 -20.976299 -6e-06 -5.019941 -25.033949 -4.031947 6e-06 -1e-06 0.0 -10.634624 -5.686993 -3.565636 10.573458 -17.923168 -3.113955 5.3e-05 -13.821391 1.1e-05 -0.501668 -31.182051 -4.027045 -10.820848 -59.226376 7.491482 -13.982834 -7.150226 -2.87509 13.772909 -8.40162 -3.218285 0.347872 -34.212063 0.771673 -0.963001 -17.733675 2.621127 -1e-06 -1e-06 -2e-06 -17.346537 -20.095352 -4.201863 21.757797 -1.638465 3.866475 2.4e-05 -6.338906 5e-06 -1.697513 -22.592123 -6.19412 -1e-06 -4e-06 1e-06 35.927692 -73.318459 160.533661 38.168865 -28.446726 3.362495 84.13562 0.643224 0.097862 5.172606 10.586355 -6.530367 22.18235 -20.375971 49.933846 -16.701996 -16.743675 28.476862 3.3e-05 -12.690785 -2.1e-05 14.900413 -16.378786 3.147485 -0.105928 -1.513873 -4.275921 -5.039122 -5.612947 -2.953598 -2.1e-05 -11.020659 -2.7e-05 -6.111433 -15.895626 -3.840604 2e-06 -1e-06 -0.0 -10.283487 -5.68037 -4.341884 11.028399 -11.302488 -2.372667 -1.38432 -14.23877 -6.320252 -0.625431 -26.924622 -3.82779 -5.157585 -49.140018 -2.17616 -13.708682 -7.363586 -3.720977 18.141335 -14.052832 -3.242712 -1.6e-05 -18.787489 -5.3e-05 -0.429723 -8.456161 2.555528 -3e-06 0.0 1e-06 -15.923755 -20.094725 -5.473655 30.419569 -7.190841 1.735993 -1e-05 -8.163013 -1.4e-05 -1.861931 -22.861832 -6.168153 1e-06 -3e-06 -3e-06 -177.086777 -11.012169 -16.961618 5.084918 0.020938 0.502611 -71.886284 -3.729314 -13.838565 -5.944706 1.439787 2.047466 -0.999999 -1e-06 1e-06 6.711804 -1.734585 -16.131632 5.496673 -0.020835 -0.076489 -75.153595 -4.850034 -7.306206 -5.385162 0.708598 1.678213 -1.000002 -0.0 -0.0 
0.0 0.0 0.0 0.0 -0.0 0.0 0.64457 99.649254 -1.038063 88.100525 4.040133 93.508392 -3.744559 -1.144276 -0.027044 -11.901277 -0.447693 -0.277091 15.756531 1.657296 -2.477401 25.03718 -13.424685 3.033824 -2.675958 -0.56786 1.441788 -15.589286 -4.57171 3.521304 5e-06 1e-06 0.0 -0.028371 -0.058319 0.030775 -0.102979 0.023393 0.021251 -0.201922 -0.141896 0.03297 -143.258224 -66.695007 161.494171 30.099842 -36.174061 -5.353733 77.737885 -0.748676 -0.459395 -10.494565 17.443085 -69.930481 17.636555 -26.322672 52.41119 -19.466616 -14.395559 29.410402 6e-06 -8.774809 -1e-06 16.028551 -17.036343 6.339685 -0.609778 -1.795651 -3.889324 -4.807086 -11.046795 -2.937857 -7e-06 -20.975998 -1.4e-05 -5.019953 -25.033581 -4.031915 6e-06 -0.0 -0.0 -10.634513 -5.686969 -3.565588 10.57323 -17.922909 -3.113902 -8e-06 -13.821194 -4e-06 -0.501772 -31.181532 -4.027053 -10.707302 -59.265114 7.339889 -13.982685 -7.150198 -2.875046 13.772686 -8.401465 -3.218239 0.347706 -34.211529 0.77165 -0.963046 -17.7334 2.621023 -2e-06 -0.0 1e-06 -17.346388 -20.0952 -4.201788 21.757505 -1.638352 3.866425 -4e-06 -6.338817 -0.0 -1.697584 -22.591757 -6.194035 0.0 -5e-06 -2e-06 37.484146 -73.566879 158.918045 38.112617 -28.390539 3.112072 86.035339 0.546301 0.175304 3.936548 10.209841 -2.992079 22.182026 -20.375916 49.933338 -16.701792 -16.743532 28.476547 -1.3e-05 -12.690569 2.2e-05 15.135248 -16.507927 2.942961 -0.105916 -1.513853 -4.275882 -5.039026 -5.612859 -2.953555 1e-05 -11.020504 0.0 -6.111257 -15.895319 -3.840472 3e-06 -3e-06 0.0 -10.283348 -5.680278 -4.341833 11.028276 -11.302385 -2.37264 -1.384247 -14.238546 -6.320121 -0.625402 -26.924147 -3.827603 -5.168273 -49.269138 -2.219996 -13.708494 -7.36346 -3.720936 18.141117 -14.052714 -3.242691 1.2e-05 -18.787239 5e-06 -0.429715 -8.456039 2.555513 -0.0 1e-06 2e-06 -15.923495 -20.09445 -5.473579 30.419153 -7.190807 1.735886 2e-06 -8.162913 5e-06 -1.861891 -22.861446 -6.167921 1e-06 -3e-06 -1e-06 -176.915314 -10.935494 -16.879539 5.067376 0.020254 0.506523 -72.022568 -3.935298 -13.865115 -5.974232 1.489421 2.062679 -0.999996 0.0 -0.0 6.881409 -1.81466 -15.892377 5.457119 -0.012991 -0.079076 -75.079765 -4.922625 -7.268212 -5.407385 0.725466 1.691918 -1.000002 -0.0 -0.0 
0.0 0.0 0.0 0.0 -0.0 0.0 0.830572 99.699196 -0.972333 88.099281 4.002592 93.412537 -3.774199 -1.154967 -0.020626 -11.896696 -0.486088 -0.30648 15.670478 1.607957 -2.534831 25.100653 -13.306472 3.027093 -2.631874 -0.51351 1.348778 -15.473447 -4.797089 3.73875 5e-06 1e-06 -1e-06 -0.036101 -0.068012 -0.004487 -0.089907 0.012878 -0.00938 -0.196395 -0.15043 -0.010004 -142.723297 -66.849785 161.093948 29.498655 -35.880672 -5.715793 76.327042 -0.963247 -0.542224 -11.119302 16.428751 -70.571205 17.636574 -26.322592 52.410809 -19.466551 -14.395544 29.410194 1e-06 -8.774793 -4e-06 16.100471 -17.005442 6.222026 -0.609772 -1.795643 -3.889304 -4.807071 -11.046768 -2.937825 -5e-06 -20.975952 1.9e-05 -5.019965 -25.033501 -4.031846 6e-06 -2e-06 -2e-06 -10.634488 -5.686942 -3.565559 10.573221 -17.922878 -3.113872 -4e-06 -13.821169 1e-05 -0.501802 -31.18145 -4.026976 -10.657968 -59.353779 7.19488 -13.982653 -7.150167 -2.875017 13.772674 -8.401461 -3.218223 0.347709 -34.211475 0.771684 -0.963037 -17.733366 2.621026 -3e-06 -1e-06 2e-06 -17.346344 -20.095125 -4.201735 21.757477 -1.638364 3.866406 0.0 -6.338809 2e-06 -1.697594 -22.59173 -6.193977 0.0 -4e-06 1e-06 38.75415 -73.877968 157.550369 37.918987 -28.438641 2.563408 87.958488 0.549806 0.014169 2.651594 9.605275 -1.420226 22.18211 -20.375679 49.932961 -16.701727 -16.743364 28.476286 -1.3e-05 -12.690521 -3.1e-05 15.56885 -16.700623 2.739769 -0.105924 -1.51385 -4.27585 -5.039015 -5.612844 -2.953549 1.9e-05 -11.020472 -1.5e-05 -6.111236 -15.895273 -3.840485 1e-06 0.0 -1e-06 -10.283327 -5.680263 -4.341821 11.028235 -11.302358 -2.372604 -1.384251 -14.238511 -6.3201 -0.625377 -26.924074 -3.827606 -5.211515 -49.418472 -2.231872 -13.708468 -7.363442 -3.72093 18.14105 -14.052679 -3.242634 4.3e-05 -18.787169 -2.3e-05 -0.429683 -8.456008 2.555489 -1e-06 -0.0 1e-06 -15.923459 -20.094385 -5.473575 30.419029 -7.190826 1.735968 2.1e-05 -8.16288 -9e-06 -1.861819 -22.861357 -6.167941 -2e-06 -2e-06 -1e-06 -176.858139 -10.929764 -16.907024 5.082837 0.016234 0.495949 -72.028038 -4.011106 -13.896825 -5.950039 1.54833 2.084332 -0.999995 0.0 0.0 6.897246 -1.853693 -15.688442 5.493858 -0.018752 -0.062334 -75.084877 -4.832854 -7.21632 -5.437221 0.723451 1.700466 -0.999999 1e-06 -0.0 
